month,year,data_status,alcoholic_beer_total_proxy_kl,regular_beer_excluding_low_calorie_proxy_kl,low_calorie_light_beer_proxy_kl,nonalcoholic_beer_proxy_kl,nonalcoholic_beer_market_value_proxy_million_krw,cass_fresh_proxy_kl,cass_light_proxy_kl,cass_0_0_or_all_zero_proxy_kl,alcoholic_total_annual_anchor_kl,low_calorie_share_assumption,cass_fresh_share_assumption,cass_light_share_assumption,cass_zero_share_of_na_assumption,monthly_weight_total_beer,monthly_weight_low_calorie,monthly_weight_nonalc,hs2203_import_kg_actual,hs2203_export_kg_actual,google_trends_beer,google_trends_imported_beer,google_trends_nonalc_beer,google_trends_cass_beer,google_trends_cass_light,google_trends_cass_zero_terms,generation_formula_note,seoul_avg_temp_c,seoul_avg_max_temp_c,seoul_precipitation_mm,seoul_hot_days_30c,seoul_rain_days,days_in_month,weekend_days,public_holiday_count_kr_approx,is_summer_peak_jun_aug,is_kbo_regular_season,weather__year,month_num,quarter,weather__days_in_month,month_sin_annual,month_cos_annual,is_winter_dec_feb,is_spring_mar_may,is_summer_jun_aug,is_autumn_sep_nov,is_summer_peak_jul_aug,is_year_end_nov_dec,is_school_vacation_approx_jan_feb_jul_aug,weather__seoul_avg_temp_c,weather__seoul_avg_max_temp_c,seoul_avg_min_temp_c,seoul_month_max_temp_c,seoul_month_min_temp_c,seoul_avg_apparent_temp_c,seoul_avg_max_apparent_temp_c,seoul_avg_min_apparent_temp_c,seoul_month_max_apparent_temp_c,weather__seoul_precipitation_mm,seoul_rain_mm,seoul_snowfall_cm,seoul_precipitation_hours,seoul_wet_days_0_1mm,seoul_rain_days_1mm,seoul_heavy_rain_days_30mm,seoul_very_heavy_rain_days_80mm,seoul_dry_days_lt1mm,weather__seoul_hot_days_30c,seoul_heatwave_warning_days_33c,seoul_tropical_nights_25c,seoul_freezing_days_min_lt0c,seoul_ice_days_max_lt0c,seoul_cold_wave_days_min_le_minus12c,seoul_apparent_heat_days_32c,seoul_cooling_degree_days_18c,seoul_heating_degree_days_18c,seoul_cooling_degree_days_26c,seoul_wind_speed_mean_kmh_daily,seoul_wind_speed_max_kmh_daily,seoul_wind_gust_max_kmh,seoul_shortwave_radiation_mj_m2_sum,seoul_shortwave_radiation_mj_m2_daily_mean,seoul_daylight_hours_sum,seoul_sunshine_hours_sum,seoul_relative_humidity_mean_pct,seoul_relative_humidity_min_pct,seoul_relative_humidity_max_pct,seoul_hourly_temp_p95_c,seoul_hourly_apparent_temp_p95_c,seoul_hourly_wind_speed_mean_kmh,seoul_hourly_wind_speed_p95_kmh,seoul_air_no2_ppm,seoul_air_o3_ppm,seoul_air_co_ppm,seoul_air_so2_ppm,seoul_pm10_ug_m3,seoul_pm25_ug_m3,seoul_pm10_month_avg_bad_flag_gt80,seoul_pm25_month_avg_bad_flag_gt35,air_quality_station_nm,air_quality_missing_flag,data_source_weather,data_source_air_quality,events__year,events__days_in_month,events__weekend_days,public_holiday_count_kr,public_holiday_weekday_count_kr,nonworking_days_weekend_or_holiday,longest_consecutive_nonwork_days,long_weekend_3plus_days_in_month,holiday_names_kr,events__is_summer_peak_jun_aug,is_vacation_peak_jul_aug,kbo_regular_games,kbo_regular_game_days,events__is_kbo_regular_season,kbo_postseason_games,kbo_postseason_game_days,is_kbo_postseason,sports_major_event_days,is_sports_major_event_month,olympics_days,fifa_world_cup_days,asian_games_days,sports_major_event_names,regional_festival_count_planned,regional_festival_days_est,regional_festival_offline_or_hybrid_count,regional_festival_offline_or_hybrid_days_est,regional_festival_vague_date_count,beer_festival_count_keyword,beer_festival_days_est_keyword,beer_festival_offline_or_hybrid_count_keyword,events_data_source_note,news_beer_general_count,news_cass_ob_count,news_nonalc_count,news_weather_demand_count,news_festival_beer_count,news_regulation_health_price_count,news_beer_general_positive_keyword_count,news_beer_general_negative_keyword_count,news_cass_ob_positive_keyword_count,news_cass_ob_negative_keyword_count,news_nonalc_positive_keyword_count,news_nonalc_negative_keyword_count,news_weather_demand_positive_keyword_count,news_weather_demand_negative_keyword_count,news_festival_beer_positive_keyword_count,news_festival_beer_negative_keyword_count,news_regulation_health_price_positive_keyword_count,news_regulation_health_price_negative_keyword_count,news_health_trend_title_count,news_price_regulation_title_count,news_weather_title_count,news_event_title_count,news_total_index,news_sentiment_balance_proxy,news_data_source_note,korea_cpi_generated_index_2020_01_100,korea_cpi_generated_yoy_pct,korea_annual_cpi_inflation_anchor_pct,imported_beer_unit_value_usd_per_kg,imported_beer_unit_value_yoy_pct,google_trends_inflation_m物가,google_trends_dining_price,google_trends_beer_price,google_trends_alcohol_price,google_trends_consumer_sentiment,price_pressure_search_index,ob_major_price_increase_event_dummy,months_since_ob_price_event_cap6,economic_price_data_source_note
2020-01,2020,official_annual_disaggregated,139020.5,137885.3,1135.2,63.1,252.3,56998.4,1135.2,12.6,1735600.0,0.024,0.41,0.024,0.2,0.080099,0.027252,0.009009,20988337.9,9005071.14,64.0,1.0,0.0,53.0,0.0,0.0,Annual beer market anchored to e-Nara/NTS+Comtrade apparent market; monthly split = normalized blend of HS2203 import kg and Google Trends beer. Low-cal and nonalc segments are generated from observed market anchors and Google Trends seasonality.,-0.16,4.84,63.9,0,7,31,8,4,0,0,2020,1,1,31,0.5,0.866,1,0,0,0,0,0,1,-0.1581,4.8419,-3.8323,10.2,-7.6,-4.1968,0.4194,-7.9097,5.9,63.9,63.3,0.42,67.0,7,4,1,0,27,0,0,0,28,1,0,0,0.0,562.9,0.0,8.629,29.8,59.4,264.55,8.5339,306.6015,218.3008,68.8401,24,99,6.6,3.185,8.6247,18.8,0.032,0.014,0.7,0.004,42.0,34.0,0,0,중구,0,Open-Meteo Historical Weather API; Seoul City Hall coordinates; ERA5/ECMWF reanalysis/model archive,Seoul Open Data MonthlyAverageAirQuality API; station=중구; sample-key one-station query,2020,31,8,5,3,11,4,4,2020-01-01 신정연휴; 2020-01-24 설날 전날; 2020-01-25 설날; 2020-01-26 설날 다음날; 2020-01-27 설날 대체 휴일,0,0,0,0,0,0,0,0,0,0,0,0,0,none,24,260,22,244,2,0,0,0,KR holidays from python-holidays/KR observed rules; KBO official Schedule.asmx; MCST regional festival ZIP/XLSX files; global sports event dates hand-coded from official event calendars.,86,20,4,16,0,39,15,5,5,1,0,0,5,1,0,0,3,1,6,22,0,0,165,20,Google News RSS cache generated by prior collection; monthly article counts by query category; deduplicated within category-month-title-link; keyword sentiment is simple title keyword count proxy.,100.0,,0.5,0.8233,,41.0,0.0,5.0,2.0,0.0,48.0,0,,Comtrade HS2203 import unit value actual; Google Trends price/economy search actual; CPI index generated from annual Korea CPI inflation anchors; OB price event dummy manually coded from public price-increase reporting.
2020-02,2020,official_annual_disaggregated,138382.0,130253.5,8128.5,630.6,2522.5,56736.6,8128.5,126.1,1735600.0,0.024,0.41,0.024,0.2,0.079732,0.195141,0.09009,21754888.82,12251106.52,63.0,1.0,1.0,47.0,22.0,0.0,Annual beer market anchored to e-Nara/NTS+Comtrade apparent market; monthly split = normalized blend of HS2203 import kg and Google Trends beer. Low-cal and nonalc segments are generated from observed market anchors and Google Trends seasonality.,0.8,6.0,60.0,0,9,29,9,0,0,0,2020,2,1,29,0.866,0.5,1,0,0,0,0,0,1,0.8034,5.9966,-3.3621,14.3,-11.9,-3.1621,2.0931,-7.4172,12.5,60.0,55.5,3.15,74.0,9,8,0,0,21,0,0,0,22,3,0,0,0.0,498.7,0.0,9.5966,32.4,67.3,323.85,11.1672,313.2692,223.6002,68.8218,13,100,9.5,6.55,9.5948,20.375,0.029,0.018,0.6,0.003,40.0,32.0,0,0,중구,0,Open-Meteo Historical Weather API; Seoul City Hall coordinates; ERA5/ECMWF reanalysis/model archive,Seoul Open Data MonthlyAverageAirQuality API; station=중구; sample-key one-station query,2020,29,9,0,0,9,2,0,none,0,0,0,0,0,0,0,0,0,0,0,0,0,none,16,108,9,85,1,0,0,0,KR holidays from python-holidays/KR observed rules; KBO official Schedule.asmx; MCST regional festival ZIP/XLSX files; global sports event dates hand-coded from official event calendars.,61,15,4,8,0,43,7,2,3,0,1,1,0,0,0,0,6,2,10,4,2,2,131,12,Google News RSS cache generated by prior collection; monthly article counts by query category; deduplicated within category-month-title-link; keyword sentiment is simple title keyword count proxy.,100.042,,0.5,0.7972,,36.0,0.0,3.0,1.0,1.0,40.0,0,,Comtrade HS2203 import unit value actual; Google Trends price/economy search actual; CPI index generated from annual Korea CPI inflation anchors; OB price event dummy manually coded from public price-increase reporting.
2020-03,2020,official_annual_disaggregated,130673.2,129624.2,1049.0,630.6,2522.5,53576.0,1049.0,126.1,1735600.0,0.024,0.41,0.024,0.2,0.07529,0.025183,0.09009,21142447.72,12389492.06,59.0,1.0,1.0,37.0,0.0,0.0,Annual beer market anchored to e-Nara/NTS+Comtrade apparent market; monthly split = normalized blend of HS2203 import kg and Google Trends beer. Low-cal and nonalc segments are generated from observed market anchors and Google Trends seasonality.,5.45,11.31,17.6,0,8,31,9,0,0,0,2020,3,1,31,1.0,0.0,0,1,0,0,0,0,0,5.4548,11.3065,-0.0774,19.5,-5.4,1.671,7.9129,-4.2452,18.1,17.6,17.5,0.07,47.0,8,5,0,0,26,0,0,0,15,0,0,0,0.0,388.9,0.0,11.2581,38.9,77.8,526.38,16.98,371.2898,304.4086,63.4503,21,99,14.4,12.0,11.2587,23.17,0.025,0.025,0.5,0.003,41.0,28.0,0,0,중구,0,Open-Meteo Historical Weather API; Seoul City Hall coordinates; ERA5/ECMWF reanalysis/model archive,Seoul Open Data MonthlyAverageAirQuality API; station=중구; sample-key one-station query,2020,31,9,1,0,9,2,0,2020-03-01 삼일절,0,0,0,0,0,0,0,0,0,0,0,0,0,none,32,99,2,5,9,0,0,0,KR holidays from python-holidays/KR observed rules; KBO official Schedule.asmx; MCST regional festival ZIP/XLSX files; global sports event dates hand-coded from official event calendars.,54,19,5,10,0,41,5,1,3,0,1,0,2,0,0,0,1,2,4,1,0,0,129,9,Google News RSS cache generated by prior collection; monthly article counts by query category; deduplicated within category-month-title-link; keyword sentiment is simple title keyword count proxy.,100.083,,0.5,0.7912,,36.0,0.0,3.0,1.0,2.0,40.0,0,,Comtrade HS2203 import unit value actual; Google Trends price/economy search actual; CPI index generated from annual Korea CPI inflation anchors; OB price event dummy manually coded from public price-increase reporting.
2020-04,2020,official_annual_disaggregated,128159.9,127145.4,1014.5,630.6,2522.5,52545.6,1014.5,126.1,1735600.0,0.024,0.41,0.024,0.2,0.073842,0.024356,0.09009,21793328.71,6565307.18,57.0,1.0,1.0,49.0,0.0,0.0,Annual beer market anchored to e-Nara/NTS+Comtrade apparent market; monthly split = normalized blend of HS2203 import kg and Google Trends beer. Low-cal and nonalc segments are generated from observed market anchors and Google Trends seasonality.,9.61,15.51,24.4,0,6,30,8,2,0,1,2020,4,2,30,0.866,-0.5,0,1,0,0,0,0,0,9.6133,15.51,4.2033,23.4,-1.4,6.0333,11.6533,0.81,20.4,24.4,24.4,0.0,31.0,6,3,0,0,27,0,0,0,1,0,0,0,0.0,251.6,0.0,12.7667,38.2,74.2,595.86,19.862,395.5437,319.3783,58.0653,12,100,17.905,14.2,12.7649,26.2,0.02,0.031,0.4,0.003,39.0,23.0,0,0,중구,0,Open-Meteo Historical Weather API; Seoul City Hall coordinates; ERA5/ECMWF reanalysis/model archive,Seoul Open Data MonthlyAverageAirQuality API; station=중구; sample-key one-station query,2020,30,8,2,2,10,2,0,2020-04-15 국회의원 선거일; 2020-04-30 부처님오신날,0,0,0,0,0,0,0,0,0,0,0,0,0,none,130,480,4,36,58,0,0,0,KR holidays from python-holidays/KR observed rules; KBO official Schedule.asmx; MCST regional festival ZIP/XLSX files; global sports event dates hand-coded from official event calendars.,81,31,10,26,0,44,18,4,7,5,2,0,13,0,0,0,11,5,11,1,2,9,192,37,Google News RSS cache generated by prior collection; monthly article counts by query category; deduplicated within category-month-title-link; keyword sentiment is simple title keyword count proxy.,100.125,,0.5,0.761,,30.0,0.0,3.0,1.0,1.0,34.0,0,,Comtrade HS2203 import unit value actual; Google Trends price/economy search actual; CPI index generated from annual Korea CPI inflation anchors; OB price event dummy manually coded from public price-increase reporting.
2020-05,2020,official_annual_disaggregated,165546.5,164204.5,1342.0,630.6,2522.5,67874.1,1342.0,126.1,1735600.0,0.024,0.41,0.024,0.2,0.095383,0.032218,0.09009,25251702.63,5743731.66,76.0,1.0,1.0,56.0,0.0,0.0,Annual beer market anchored to e-Nara/NTS+Comtrade apparent market; monthly split = normalized blend of HS2203 import kg and Google Trends beer. Low-cal and nonalc segments are generated from observed market anchors and Google Trends seasonality.,16.52,21.98,114.5,0,18,31,10,2,0,1,2020,5,2,31,0.5,-0.866,0,1,0,0,0,0,0,16.5194,21.9806,12.1935,27.5,8.1,15.6548,21.3806,11.0871,28.7,114.5,114.5,0.0,122.0,18,11,1,0,20,0,0,0,0,0,0,0,10.2,56.1,0.0,9.6968,28.8,54.7,558.9,18.029,440.2879,261.1382,72.8172,13,99,24.5,23.785,9.7027,21.1,0.021,0.029,0.4,0.003,32.0,19.0,0,0,중구,0,Open-Meteo Historical Weather API; Seoul City Hall coordinates; ERA5/ECMWF reanalysis/model archive,Seoul Open Data MonthlyAverageAirQuality API; station=중구; sample-key one-station query,2020,31,10,1,1,11,2,0,2020-05-05 어린이날,0,0,117,24,1,0,0,0,0,0,0,0,0,none,163,666,11,86,44,1,2,0,KR holidays from python-holidays/KR observed rules; KBO official Schedule.asmx; MCST regional festival ZIP/XLSX files; global sports event dates hand-coded from official event calendars.,88,22,3,35,0,48,20,3,5,1,1,0,12,1,0,0,8,9,4,4,13,5,196,32,Google News RSS cache generated by prior collection; monthly article counts by query category; deduplicated within category-month-title-link; keyword sentiment is simple title keyword count proxy.,100.166,,0.5,0.7784,,36.0,0.0,4.0,1.0,1.0,41.0,0,,Comtrade HS2203 import unit value actual; Google Trends price/economy search actual; CPI index generated from annual Korea CPI inflation anchors; OB price event dummy manually coded from public price-increase reporting.
2020-06,2020,official_annual_disaggregated,174357.1,167605.1,6752.0,630.6,2522.5,71486.4,6752.0,126.1,1735600.0,0.024,0.41,0.024,0.2,0.100459,0.162095,0.09009,31539269.94,10151927.3,76.0,1.0,1.0,68.0,17.0,0.0,Annual beer market anchored to e-Nara/NTS+Comtrade apparent market; monthly split = normalized blend of HS2203 import kg and Google Trends beer. Low-cal and nonalc segments are generated from observed market anchors and Google Trends seasonality.,22.22,27.33,139.8,7,17,30,8,0,1,1,2020,6,2,30,0.0,-1.0,0,0,1,0,0,0,0,22.2167,27.3267,18.1733,34.2,12.2,23.5033,28.9933,19.5933,36.0,139.8,139.8,0.0,117.0,17,10,2,0,20,7,1,0,0,0,0,7,128.6,2.1,1.0,9.06,32.1,59.4,592.13,19.7377,441.4187,274.6741,73.6306,31,99,29.4,31.1,9.0585,20.405,0.021,0.037,0.4,0.003,33.0,22.0,0,0,중구,0,Open-Meteo Historical Weather API; Seoul City Hall coordinates; ERA5/ECMWF reanalysis/model archive,Seoul Open Data MonthlyAverageAirQuality API; station=중구; sample-key one-station query,2020,30,8,1,0,8,2,0,2020-06-06 현충일,1,0,121,25,1,0,0,0,0,0,0,0,0,none,52,201,5,23,20,0,0,0,KR holidays from python-holidays/KR observed rules; KBO official Schedule.asmx; MCST regional festival ZIP/XLSX files; global sports event dates hand-coded from official event calendars.,172,34,16,42,0,37,37,8,6,4,5,0,17,6,0,0,8,2,38,3,23,11,301,53,Google News RSS cache generated by prior collection; monthly article counts by query category; deduplicated within category-month-title-link; keyword sentiment is simple title keyword count proxy.,100.208,,0.5,0.7904,,39.0,0.0,4.0,2.0,2.0,45.0,0,,Comtrade HS2203 import unit value actual; Google Trends price/economy search actual; CPI index generated from annual Korea CPI inflation anchors; OB price event dummy manually coded from public price-increase reporting.
2020-07,2020,official_annual_disaggregated,179598.9,178170.7,1428.2,630.6,2522.5,73635.6,1428.2,126.1,1735600.0,0.024,0.41,0.024,0.2,0.103479,0.034287,0.09009,29168920.95,13583492.01,81.0,1.0,1.0,53.0,0.0,0.0,Annual beer market anchored to e-Nara/NTS+Comtrade apparent market; monthly split = normalized blend of HS2203 import kg and Google Trends beer. Low-cal and nonalc segments are generated from observed market anchors and Google Trends seasonality.,22.65,26.29,330.5,1,26,31,8,0,1,1,2020,7,3,31,-0.5,-0.866,0,0,1,0,1,0,1,22.6484,26.2871,19.571,30.5,16.7,24.9,28.9935,21.3,33.3,330.5,330.5,0.0,288.0,26,21,3,1,10,1,0,0,0,0,0,3,144.1,0.0,0.0,9.6742,38.5,79.6,463.28,14.9445,448.1755,214.2685,82.7406,47,100,27.6,30.485,9.6669,22.785,0.017,0.031,0.4,0.003,20.0,15.0,0,0,중구,0,Open-Meteo Historical Weather API; Seoul City Hall coordinates; ERA5/ECMWF reanalysis/model archive,Seoul Open Data MonthlyAverageAirQuality API; station=중구; sample-key one-station query,2020,31,8,0,0,8,2,0,none,1,1,116,27,1,0,0,0,0,0,0,0,0,none,72,182,5,33,39,6,13,0,KR holidays from python-holidays/KR observed rules; KBO official Schedule.asmx; MCST regional festival ZIP/XLSX files; global sports event dates hand-coded from official event calendars.,153,52,14,49,0,41,31,8,15,3,6,1,12,7,0,0,5,8,28,13,13,11,309,42,Google News RSS cache generated by prior collection; monthly article counts by query category; deduplicated within category-month-title-link; keyword sentiment is simple title keyword count proxy.,100.25,,0.5,0.8226,,35.0,0.0,5.0,1.0,1.0,41.0,0,,Comtrade HS2203 import unit value actual; Google Trends price/economy search actual; CPI index generated from annual Korea CPI inflation anchors; OB price event dummy manually coded from public price-increase reporting.
2020-08,2020,official_annual_disaggregated,161547.8,160240.3,1307.5,630.6,2522.5,66234.6,1307.5,126.1,1735600.0,0.024,0.41,0.024,0.2,0.093079,0.03139,0.09009,24842510.54,7543874.85,74.0,1.0,1.0,67.0,0.0,0.0,Annual beer market anchored to e-Nara/NTS+Comtrade apparent market; monthly split = normalized blend of HS2203 import kg and Google Trends beer. Low-cal and nonalc segments are generated from observed market anchors and Google Trends seasonality.,25.36,28.38,548.0,6,28,31,10,1,1,1,2020,8,3,31,-0.866,-0.5,0,0,1,0,1,0,1,25.3613,28.3839,23.1387,32.2,20.9,29.4839,32.9419,26.8258,36.7,548.0,548.0,0.0,375.0,28,21,7,1,10,6,0,2,0,0,0,19,228.2,0.0,6.5,11.0161,39.3,86.8,408.82,13.1877,420.6193,217.5629,88.7715,58,100,29.4,34.3,11.0187,24.155,0.017,0.019,0.4,0.003,23.0,18.0,0,0,중구,0,Open-Meteo Historical Weather API; Seoul City Hall coordinates; ERA5/ECMWF reanalysis/model archive,Seoul Open Data MonthlyAverageAirQuality API; station=중구; sample-key one-station query,2020,31,10,2,1,11,3,3,2020-08-15 광복절; 2020-08-17 임시공휴일,1,1,119,27,1,0,0,0,0,0,0,0,0,none,92,195,12,28,56,3,7,0,KR holidays from python-holidays/KR observed rules; KBO official Schedule.asmx; MCST regional festival ZIP/XLSX files; global sports event dates hand-coded from official event calendars.,98,29,6,48,0,48,22,4,7,2,0,0,10,7,0,0,5,5,16,8,22,9,229,26,Google News RSS cache generated by prior collection; monthly article counts by query category; deduplicated within category-month-title-link; keyword sentiment is simple title keyword count proxy.,100.291,,0.5,0.8298,,38.0,0.0,4.0,2.0,1.0,44.0,0,,Comtrade HS2203 import unit value actual; Google Trends price/economy search actual; CPI index generated from annual Korea CPI inflation anchors; OB price event dummy manually coded from public price-increase reporting.
2020-09,2020,official_annual_disaggregated,129222.1,128207.6,1014.5,630.6,2522.5,52981.1,1014.5,126.1,1735600.0,0.024,0.41,0.024,0.2,0.074454,0.024356,0.09009,22551368.1,8662842.41,57.0,1.0,1.0,47.0,0.0,0.0,Annual beer market anchored to e-Nara/NTS+Comtrade apparent market; monthly split = normalized blend of HS2203 import kg and Google Trends beer. Low-cal and nonalc segments are generated from observed market anchors and Google Trends seasonality.,19.57,23.47,215.6,0,17,30,8,1,0,1,2020,9,3,30,-1.0,-0.0,0,0,0,1,0,0,0,19.5667,23.4667,16.1567,28.0,10.9,20.12,24.17,16.1833,32.3,215.6,215.6,0.0,176.0,17,13,3,0,17,0,0,0,0,0,0,1,52.9,5.9,0.0,10.55,39.3,77.8,434.23,14.4743,372.4405,252.2482,79.2403,44,100,24.6,26.805,10.5514,26.11,0.019,0.03,0.4,0.002,21.0,13.0,0,0,중구,0,Open-Meteo Historical Weather API; Seoul City Hall coordinates; ERA5/ECMWF reanalysis/model archive,Seoul Open Data MonthlyAverageAirQuality API; station=중구; sample-key one-station query,2020,30,8,1,1,9,5,1,2020-09-30 추석 전날,0,0,128,27,1,0,0,0,0,0,0,0,0,none,139,369,19,88,85,2,4,0,KR holidays from python-holidays/KR observed rules; KBO official Schedule.asmx; MCST regional festival ZIP/XLSX files; global sports event dates hand-coded from official event calendars.,85,21,6,35,0,36,13,1,4,0,2,0,5,4,0,0,7,4,10,4,4,0,183,22,Google News RSS cache generated by prior collection; monthly article counts by query category; deduplicated within category-month-title-link; keyword sentiment is simple title keyword count proxy.,100.333,,0.5,0.8223,,35.0,0.0,3.0,1.0,1.0,39.0,0,,Comtrade HS2203 import unit value actual; Google Trends price/economy search actual; CPI index generated from annual Korea CPI inflation anchors; OB price event dummy manually coded from public price-increase reporting.
2020-10,2020,official_annual_disaggregated,125017.7,114397.3,10620.4,630.6,2522.5,51257.3,10620.4,126.1,1735600.0,0.024,0.41,0.024,0.2,0.072031,0.254966,0.09009,17106514.29,6663978.94,59.0,1.0,1.0,45.0,30.0,0.0,Annual beer market anchored to e-Nara/NTS+Comtrade apparent market; monthly split = normalized blend of HS2203 import kg and Google Trends beer. Low-cal and nonalc segments are generated from observed market anchors and Google Trends seasonality.,12.57,17.83,11.7,0,7,31,9,4,0,0,2020,10,4,31,-0.866,0.5,0,0,0,1,0,0,0,12.5742,17.829,7.7161,22.5,2.3,10.571,15.6258,5.3613,23.1,11.7,11.7,0.0,23.0,7,3,0,0,28,0,0,0,0,0,0,0,0.4,168.6,0.0,8.8226,29.3,52.9,419.96,13.5471,347.6118,278.7901,68.1922,26,100,19.9,19.2,8.8347,19.1,0.025,0.024,0.5,0.003,40.0,19.0,0,0,중구,0,Open-Meteo Historical Weather API; Seoul City Hall coordinates; ERA5/ECMWF reanalysis/model archive,Seoul Open Data MonthlyAverageAirQuality API; station=중구; sample-key one-station query,2020,31,9,4,3,12,5,7,2020-10-01 추석; 2020-10-02 추석 다음날; 2020-10-03 개천절; 2020-10-09 한글날,0,0,119,27,1,0,0,0,0,0,0,0,0,none,277,786,35,115,137,1,1,0,KR holidays from python-holidays/KR observed rules; KBO official Schedule.asmx; MCST regional festival ZIP/XLSX files; global sports event dates hand-coded from official event calendars.,92,26,12,12,0,46,23,1,12,0,6,0,3,0,0,0,6,0,32,5,0,5,188,49,Google News RSS cache generated by prior collection; monthly article counts by query category; deduplicated within category-month-title-link; keyword sentiment is simple title keyword count proxy.,100.375,,0.5,0.8712,,35.0,0.0,3.0,1.0,1.0,39.0,0,,Comtrade HS2203 import unit value actual; Google Trends price/economy search actual; CPI index generated from annual Korea CPI inflation anchors; OB price event dummy manually coded from public price-increase reporting.
2020-11,2020,official_annual_disaggregated,139650.3,132767.8,6882.5,630.6,2522.5,57256.6,6882.5,126.1,1735600.0,0.024,0.41,0.024,0.2,0.080462,0.165228,0.09009,20215568.47,10764054.02,65.0,1.0,1.0,66.0,18.0,0.0,Annual beer market anchored to e-Nara/NTS+Comtrade apparent market; monthly split = normalized blend of HS2203 import kg and Google Trends beer. Low-cal and nonalc segments are generated from observed market anchors and Google Trends seasonality.,6.24,11.1,66.1,0,9,30,9,0,0,0,2020,11,4,30,-0.5,0.866,0,0,0,1,0,1,0,6.2367,11.0967,1.72,19.1,-5.3,3.0367,7.8267,-1.72,19.0,66.1,66.1,0.0,72.0,9,6,1,0,24,0,0,0,12,0,0,0,0.0,352.9,0.0,9.8067,32.3,73.8,279.78,9.326,304.8136,219.1748,69.6042,20,100,16.4,14.605,9.8103,20.6,0.03,0.015,0.5,0.003,50.0,26.0,0,0,중구,0,Open-Meteo Historical Weather API; Seoul City Hall coordinates; ERA5/ECMWF reanalysis/model archive,Seoul Open Data MonthlyAverageAirQuality API; station=중구; sample-key one-station query,2020,30,9,0,0,9,2,0,none,0,0,0,0,0,13,13,1,0,0,0,0,0,none,48,97,8,35,24,0,0,0,KR holidays from python-holidays/KR observed rules; KBO official Schedule.asmx; MCST regional festival ZIP/XLSX files; global sports event dates hand-coded from official event calendars.,132,38,17,32,0,47,26,6,5,0,1,0,13,0,0,0,11,3,59,11,3,2,266,47,Google News RSS cache generated by prior collection; monthly article counts by query category; deduplicated within category-month-title-link; keyword sentiment is simple title keyword count proxy.,100.416,,0.5,0.863,,32.0,0.0,4.0,2.0,2.0,38.0,0,,Comtrade HS2203 import unit value actual; Google Trends price/economy search actual; CPI index generated from annual Korea CPI inflation anchors; OB price event dummy manually coded from public price-increase reporting.
2020-12,2020,official_annual_disaggregated,124423.9,123443.8,980.0,630.6,2522.5,51013.8,980.0,126.1,1735600.0,0.024,0.41,0.024,0.2,0.071689,0.023528,0.09009,21571595.29,6010666.38,55.0,1.0,1.0,50.0,0.0,17.0,Annual beer market anchored to e-Nara/NTS+Comtrade apparent market; monthly split = normalized blend of HS2203 import kg and Google Trends beer. Low-cal and nonalc segments are generated from observed market anchors and Google Trends seasonality.,-2.17,2.5,2.7,0,4,31,8,1,0,0,2020,12,4,31,-0.0,1.0,1,0,0,0,0,1,0,-2.1677,2.5032,-5.8613,9.2,-13.2,-6.6258,-2.3645,-10.4613,5.5,2.7,0.5,1.54,17.0,4,1,0,0,30,0,0,0,29,7,2,0,0.0,625.2,0.0,9.5452,26.3,50.4,269.7,8.7,298.1424,244.3602,60.5282,15,100,5.6,1.97,9.5378,20.985,0.034,0.015,0.6,0.003,50.0,30.0,0,0,중구,0,Open-Meteo Historical Weather API; Seoul City Hall coordinates; ERA5/ECMWF reanalysis/model archive,Seoul Open Data MonthlyAverageAirQuality API; station=중구; sample-key one-station query,2020,31,8,1,1,9,3,3,2020-12-25 기독탄신일,0,0,0,0,0,0,0,0,0,0,0,0,0,none,41,142,32,133,21,0,0,0,KR holidays from python-holidays/KR observed rules; KBO official Schedule.asmx; MCST regional festival ZIP/XLSX files; global sports event dates hand-coded from official event calendars.,88,30,14,12,0,42,18,2,8,0,1,0,1,1,0,0,6,3,33,1,2,5,186,28,Google News RSS cache generated by prior collection; monthly article counts by query category; deduplicated within category-month-title-link; keyword sentiment is simple title keyword count proxy.,100.458,,0.5,0.8731,,31.0,0.0,3.0,2.0,0.0,36.0,0,,Comtrade HS2203 import unit value actual; Google Trends price/economy search actual; CPI index generated from annual Korea CPI inflation anchors; OB price event dummy manually coded from public price-increase reporting.
2021-01,2021,official_annual_disaggregated,128949.6,127404.2,1545.4,691.7,2766.7,54158.8,1545.4,193.7,1700900.0,0.025,0.42,0.025,0.28,0.075813,0.036342,0.066667,21434381.15,5468137.9,51.0,1.0,1.0,46.0,0.0,0.0,Annual beer market anchored to e-Nara/NTS+Comtrade apparent market; monthly split = normalized blend of HS2203 import kg and Google Trends beer. Low-cal and nonalc segments are generated from observed market anchors and Google Trends seasonality.,-3.87,1.35,16.7,0,11,31,10,1,0,0,2021,1,1,31,0.5,0.866,1,0,0,0,0,0,1,-3.871,1.3452,-7.929,11.1,-18.8,-8.6742,-3.7129,-12.8871,8.2,16.7,11.3,3.78,42.0,11,5,0,0,26,0,0,0,28,14,4,0,0.0,678.0,0.0,10.871,38.4,72.4,286.09,9.2287,307.1121,231.3497,54.707,8,99,6.785,2.6,10.8716,22.44,0.032,0.015,0.6,0.003,44.0,22.0,0,0,중구,0,Open-Meteo Historical Weather API; Seoul City Hall coordinates; ERA5/ECMWF reanalysis/model archive,Seoul Open Data MonthlyAverageAirQuality API; station=중구; sample-key one-station query,2021,31,10,1,1,11,3,3,2021-01-01 신정연휴,0,0,0,0,0,0,0,0,0,0,0,0,0,none,13,118,11,105,3,0,0,0,KR holidays from python-holidays/KR observed rules; KBO official Schedule.asmx; MCST regional festival ZIP/XLSX files; global sports event dates hand-coded from official event calendars.,109,37,17,15,0,46,32,3,15,1,4,0,3,0,0,0,7,8,59,10,2,1,224,49,Google News RSS cache generated by prior collection; monthly article counts by query category; deduplicated within category-month-title-link; keyword sentiment is simple title keyword count proxy.,100.665,0.665,2.5,0.8251,0.215,38.0,0.0,3.0,2.0,0.0,43.0,0,,Comtrade HS2203 import unit value actual; Google Trends price/economy search actual; CPI index generated from annual Korea CPI inflation anchors; OB price event dummy manually coded from public price-increase reporting.
2021-02,2021,official_annual_disaggregated,132715.8,131024.3,1691.5,691.7,2766.7,55740.6,1691.5,193.7,1700900.0,0.025,0.42,0.025,0.28,0.078027,0.03978,0.066667,17769890.82,5173943.68,56.0,1.0,1.0,57.0,0.0,0.0,Annual beer market anchored to e-Nara/NTS+Comtrade apparent market; monthly split = normalized blend of HS2203 import kg and Google Trends beer. Low-cal and nonalc segments are generated from observed market anchors and Google Trends seasonality.,0.48,6.5,11.6,0,5,28,8,3,0,0,2021,2,1,28,0.866,0.5,1,0,0,0,0,0,1,0.4821,6.5,-4.6679,16.0,-11.1,-4.0286,1.7643,-9.4893,12.5,11.6,6.0,3.92,25.0,5,4,0,0,24,0,0,0,25,5,0,0,0.0,490.5,0.0,12.2,33.4,64.1,356.39,12.7282,302.7129,237.1851,61.7887,20,100,11.045,7.445,12.2054,23.29,0.032,0.022,0.6,0.003,55.0,29.0,0,0,중구,0,Open-Meteo Historical Weather API; Seoul City Hall coordinates; ERA5/ECMWF reanalysis/model archive,Seoul Open Data MonthlyAverageAirQuality API; station=중구; sample-key one-station query,2021,28,8,3,2,10,4,6,2021-02-11 설날 전날; 2021-02-12 설날; 2021-02-13 설날 다음날,0,0,0,0,0,0,0,0,0,0,0,0,0,none,11,59,9,51,3,0,0,0,KR holidays from python-holidays/KR observed rules; KBO official Schedule.asmx; MCST regional festival ZIP/XLSX files; global sports event dates hand-coded from official event calendars.,108,29,13,5,0,45,11,2,5,1,4,1,0,0,0,0,5,3,25,5,2,0,200,18,Google News RSS cache generated by prior collection; monthly article counts by query category; deduplicated within category-month-title-link; keyword sentiment is simple title keyword count proxy.,100.873,0.831,2.5,0.8656,8.58,36.0,0.0,3.0,3.0,0.0,42.0,0,,Comtrade HS2203 import unit value actual; Google Trends price/economy search actual; CPI index generated from annual Korea CPI inflation anchors; OB price event dummy manually coded from public price-increase reporting.
2021-03,2021,official_annual_disaggregated,125258.7,123654.9,1603.8,691.7,2766.7,52608.7,1603.8,193.7,1700900.0,0.025,0.42,0.025,0.28,0.073643,0.037717,0.066667,16592288.47,9847246.65,53.0,1.0,1.0,43.0,0.0,0.0,Annual beer market anchored to e-Nara/NTS+Comtrade apparent market; monthly split = normalized blend of HS2203 import kg and Google Trends beer. Low-cal and nonalc segments are generated from observed market anchors and Google Trends seasonality.,6.72,12.76,94.7,0,10,31,8,1,0,0,2021,3,1,31,1.0,0.0,0,1,0,0,0,0,0,6.7226,12.7613,1.671,19.2,-4.7,3.5774,9.6871,-1.771,17.5,94.7,89.9,3.36,69.0,10,5,1,0,26,0,0,0,9,0,0,0,0.0,349.6,0.0,9.7645,31.0,60.5,466.27,15.041,370.9854,261.2331,71.8992,28,100,14.6,12.17,9.7645,20.885,0.035,0.025,0.5,0.003,80.0,33.0,0,0,중구,0,Open-Meteo Historical Weather API; Seoul City Hall coordinates; ERA5/ECMWF reanalysis/model archive,Seoul Open Data MonthlyAverageAirQuality API; station=중구; sample-key one-station query,2021,31,8,1,1,9,3,1,2021-03-01 삼일절,0,0,0,0,0,0,0,0,0,0,0,0,0,none,34,102,32,100,20,0,0,0,KR holidays from python-holidays/KR observed rules; KBO official Schedule.asmx; MCST regional festival ZIP/XLSX files; global sports event dates hand-coded from official event calendars.,145,63,14,6,0,27,37,10,20,5,1,0,2,0,0,0,1,8,16,22,0,1,255,38,Google News RSS cache generated by prior collection; monthly article counts by query category; deduplicated within category-month-title-link; keyword sentiment is simple title keyword count proxy.,101.08,0.996,2.5,0.8535,7.87,38.0,0.0,3.0,2.0,1.0,43.0,0,,Comtrade HS2203 import unit value actual; Google Trends price/economy search actual; CPI index generated from annual Korea CPI inflation anchors; OB price event dummy manually coded from public price-increase reporting.
2021-04,2021,official_annual_disaggregated,140784.0,139034.0,1750.0,691.7,2766.7,59129.3,1750.0,193.7,1700900.0,0.025,0.42,0.025,0.28,0.08277,0.041155,0.066667,20566675.07,8126147.48,58.0,1.0,1.0,65.0,0.0,0.0,Annual beer market anchored to e-Nara/NTS+Comtrade apparent market; monthly split = normalized blend of HS2203 import kg and Google Trends beer. Low-cal and nonalc segments are generated from observed market anchors and Google Trends seasonality.,11.94,17.43,91.0,0,12,30,8,0,0,1,2021,4,2,30,0.866,-0.5,0,1,0,0,0,0,0,11.94,17.4333,6.92,24.6,1.9,9.3767,15.4233,4.0667,25.3,91.0,91.0,0.0,73.0,12,9,1,0,21,0,0,0,0,0,0,0,0.0,181.8,0.0,10.8033,26.7,52.2,544.91,18.1637,395.2668,279.0556,64.625,27,99,19.8,17.605,10.801,20.405,0.025,0.037,0.4,0.003,47.0,20.0,0,0,중구,0,Open-Meteo Historical Weather API; Seoul City Hall coordinates; ERA5/ECMWF reanalysis/model archive,Seoul Open Data MonthlyAverageAirQuality API; station=중구; sample-key one-station query,2021,30,8,0,0,8,2,0,none,0,0,116,24,1,0,0,0,0,0,0,0,0,none,118,328,117,325,66,0,0,0,KR holidays from python-holidays/KR observed rules; KBO official Schedule.asmx; MCST regional festival ZIP/XLSX files; global sports event dates hand-coded from official event calendars.,155,48,20,30,0,48,33,6,8,4,8,0,8,1,0,0,4,8,42,19,4,3,301,42,Google News RSS cache generated by prior collection; monthly article counts by query category; deduplicated within category-month-title-link; keyword sentiment is simple title keyword count proxy.,101.289,1.162,2.5,0.8805,15.702,39.0,0.0,4.0,2.0,1.0,45.0,0,,Comtrade HS2203 import unit value actual; Google Trends price/economy search actual; CPI index generated from annual Korea CPI inflation anchors; OB price event dummy manually coded from public price-increase reporting.
2021-05,2021,official_annual_disaggregated,156799.1,145096.2,11703.0,1383.3,5533.3,65855.6,11703.0,387.3,1700900.0,0.025,0.42,0.025,0.28,0.092186,0.275219,0.133333,21192576.27,7803481.92,66.0,1.0,2.0,67.0,18.0,0.0,Annual beer market anchored to e-Nara/NTS+Comtrade apparent market; monthly split = normalized blend of HS2203 import kg and Google Trends beer. Low-cal and nonalc segments are generated from observed market anchors and Google Trends seasonality.,15.23,20.35,215.5,0,18,31,10,2,0,1,2021,5,2,31,0.5,-0.866,0,1,0,0,0,0,0,15.229,20.3452,10.7258,27.5,5.8,14.3,19.9548,9.3742,30.1,215.5,215.5,0.0,173.0,18,18,2,0,13,0,0,0,0,0,0,0,7.4,93.3,0.0,10.2258,31.1,64.4,572.07,18.4539,440.0857,267.5216,77.0242,35,100,23.085,23.87,10.221,23.785,0.022,0.034,0.4,0.003,68.0,21.0,0,0,중구,0,Open-Meteo Historical Weather API; Seoul City Hall coordinates; ERA5/ECMWF reanalysis/model archive,Seoul Open Data MonthlyAverageAirQuality API; station=중구; sample-key one-station query,2021,31,10,2,2,12,2,0,2021-05-05 어린이날; 2021-05-19 부처님오신날,0,0,113,25,1,0,0,0,0,0,0,0,0,none,151,520,147,508,73,0,0,0,KR holidays from python-holidays/KR observed rules; KBO official Schedule.asmx; MCST regional festival ZIP/XLSX files; global sports event dates hand-coded from official event calendars.,151,34,14,35,0,40,29,9,9,5,3,0,16,0,0,0,10,7,11,4,3,10,274,46,Google News RSS cache generated by prior collection; monthly article counts by query category; deduplicated within category-month-title-link; keyword sentiment is simple title keyword count proxy.,101.497,1.329,2.5,0.869,11.64,41.0,0.0,4.0,2.0,1.0,47.0,0,,Comtrade HS2203 import unit value actual; Google Trends price/economy search actual; CPI index generated from annual Korea CPI inflation anchors; OB price event dummy manually coded from public price-increase reporting.
2021-06,2021,official_annual_disaggregated,163035.8,149160.9,13874.8,1383.3,5533.3,68475.0,13874.8,387.3,1700900.0,0.025,0.42,0.025,0.28,0.095853,0.326294,0.133333,25244001.45,9977512.5,66.0,0.0,2.0,63.0,22.0,0.0,Annual beer market anchored to e-Nara/NTS+Comtrade apparent market; monthly split = normalized blend of HS2203 import kg and Google Trends beer. Low-cal and nonalc segments are generated from observed market anchors and Google Trends seasonality.,21.05,25.32,78.2,0,24,30,8,0,1,1,2021,6,2,30,0.0,-1.0,0,0,1,0,0,0,0,21.0533,25.3167,17.51,29.3,12.1,22.7767,27.9967,18.6067,33.7,78.2,78.2,0.0,128.0,24,10,0,0,20,0,0,0,0,0,0,2,92.9,1.3,0.0,8.35,31.4,68.0,581.81,19.3937,441.3821,276.7808,81.55,48,100,26.5,29.405,8.3515,18.505,0.022,0.039,0.4,0.004,36.0,22.0,0,0,중구,0,Open-Meteo Historical Weather API; Seoul City Hall coordinates; ERA5/ECMWF reanalysis/model archive,Seoul Open Data MonthlyAverageAirQuality API; station=중구; sample-key one-station query,2021,30,8,1,0,8,2,0,2021-06-06 현충일,1,0,123,26,1,0,0,0,0,0,0,0,0,none,65,274,64,273,37,0,0,0,KR holidays from python-holidays/KR observed rules; KBO official Schedule.asmx; MCST regional festival ZIP/XLSX files; global sports event dates hand-coded from official event calendars.,185,40,14,27,0,37,48,1,13,2,0,0,9,0,0,0,1,3,15,0,9,11,303,65,Google News RSS cache generated by prior collection; monthly article counts by query category; deduplicated within category-month-title-link; keyword sentiment is simple title keyword count proxy.,101.706,1.495,2.5,0.8978,13.584,50.0,0.0,4.0,2.0,1.0,56.0,0,,Comtrade HS2203 import unit value actual; Google Trends price/economy search actual; CPI index generated from annual Korea CPI inflation anchors; OB price event dummy manually coded from public price-increase reporting.
2021-07,2021,official_annual_disaggregated,163480.5,161525.9,1954.7,691.7,2766.7,68661.8,1954.7,193.7,1700900.0,0.025,0.42,0.025,0.28,0.096114,0.045968,0.066667,26755136.19,5869876.25,65.0,1.0,1.0,70.0,0.0,17.0,Annual beer market anchored to e-Nara/NTS+Comtrade apparent market; monthly split = normalized blend of HS2203 import kg and Google Trends beer. Low-cal and nonalc segments are generated from observed market anchors and Google Trends seasonality.,26.44,30.55,130.0,18,22,31,9,0,1,1,2021,7,3,31,-0.5,-0.866,0,0,1,0,1,0,1,26.4419,30.5548,23.0581,35.0,18.9,30.5323,35.0677,26.7581,39.6,130.0,130.0,0.0,163.0,22,15,1,0,16,18,8,6,0,0,0,25,261.7,0.0,40.3,7.6516,28.4,59.8,609.77,19.67,448.3394,312.8127,78.7231,41,100,32.8,37.5,7.6441,15.585,0.022,0.034,0.4,0.004,28.0,17.0,0,0,중구,0,Open-Meteo Historical Weather API; Seoul City Hall coordinates; ERA5/ECMWF reanalysis/model archive,Seoul Open Data MonthlyAverageAirQuality API; station=중구; sample-key one-station query,2021,31,9,0,0,9,2,0,none,1,1,33,10,1,0,0,0,9,1,9,0,0,Tokyo 2020 Summer Olympics (held 2021),78,273,77,272,50,3,3,3,KR holidays from python-holidays/KR observed rules; KBO official Schedule.asmx; MCST regional festival ZIP/XLSX files; global sports event dates hand-coded from official event calendars.,169,31,13,40,0,33,33,3,7,1,1,0,9,5,0,0,3,4,28,13,27,15,286,40,Google News RSS cache generated by prior collection; monthly article counts by query category; deduplicated within category-month-title-link; keyword sentiment is simple title keyword count proxy.,101.916,1.662,2.5,0.877,6.612,37.0,0.0,3.0,2.0,1.0,42.0,0,,Comtrade HS2203 import unit value actual; Google Trends price/economy search actual; CPI index generated from annual Korea CPI inflation anchors; OB price event dummy manually coded from public price-increase reporting.
2021-08,2021,official_annual_disaggregated,148806.7,146998.2,1808.5,1383.3,5533.3,62498.8,1808.5,387.3,1700900.0,0.025,0.42,0.025,0.28,0.087487,0.04253,0.133333,23333913.41,12307243.3,60.0,1.0,2.0,66.0,0.0,0.0,Annual beer market anchored to e-Nara/NTS+Comtrade apparent market; monthly split = normalized blend of HS2203 import kg and Google Trends beer. Low-cal and nonalc segments are generated from observed market anchors and Google Trends seasonality.,24.75,28.4,284.6,11,24,31,9,1,1,1,2021,8,3,31,-0.866,-0.5,0,0,1,0,1,0,1,24.7452,28.4,21.5,31.5,18.5,27.6774,31.7032,24.0806,37.0,284.6,284.6,0.0,202.0,24,17,5,0,14,11,0,0,0,0,0,16,209.1,0.0,4.0,9.0774,41.3,78.5,468.17,15.1023,420.8732,254.2319,78.7204,42,99,29.9,33.585,9.0753,17.755,0.019,0.031,0.4,0.003,23.0,14.0,0,0,중구,0,Open-Meteo Historical Weather API; Seoul City Hall coordinates; ERA5/ECMWF reanalysis/model archive,Seoul Open Data MonthlyAverageAirQuality API; station=중구; sample-key one-station query,2021,31,9,2,1,10,3,3,2021-08-15 광복절; 2021-08-16 광복절 대체 휴일,1,1,81,20,1,0,0,0,8,1,8,0,0,Tokyo 2020 Summer Olympics (held 2021),121,345,119,341,79,3,3,3,KR holidays from python-holidays/KR observed rules; KBO official Schedule.asmx; MCST regional festival ZIP/XLSX files; global sports event dates hand-coded from official event calendars.,164,9,19,46,0,40,36,4,3,1,3,1,7,11,0,0,6,2,20,3,19,5,278,36,Google News RSS cache generated by prior collection; monthly article counts by query category; deduplicated within category-month-title-link; keyword sentiment is simple title keyword count proxy.,102.126,1.829,2.5,0.8482,2.219,36.0,0.0,3.0,2.0,1.0,41.0,0,,Comtrade HS2203 import unit value actual; Google Trends price/economy search actual; CPI index generated from annual Korea CPI inflation anchors; OB price event dummy manually coded from public price-increase reporting.
2021-09,2021,official_annual_disaggregated,130147.9,128544.0,1603.8,691.7,2766.7,54662.1,1603.8,193.7,1700900.0,0.025,0.42,0.025,0.28,0.076517,0.037717,0.066667,19768365.97,8448416.0,53.0,1.0,1.0,23.0,0.0,0.0,Annual beer market anchored to e-Nara/NTS+Comtrade apparent market; monthly split = normalized blend of HS2203 import kg and Google Trends beer. Low-cal and nonalc segments are generated from observed market anchors and Google Trends seasonality.,21.11,25.17,176.8,0,13,30,8,3,0,1,2021,9,3,30,-1.0,-0.0,0,0,0,1,0,0,0,21.1133,25.17,17.5833,28.4,14.4,22.1667,26.76,18.24,30.5,176.8,176.8,0.0,120.0,13,8,2,0,22,0,0,0,0,0,0,0,93.4,0.0,0.0,10.4033,27.1,60.1,450.44,15.0147,372.7374,254.195,78.3375,47,100,26.105,28.1,10.3994,19.805,0.018,0.029,0.4,0.003,13.0,7.0,0,0,중구,0,Open-Meteo Historical Weather API; Seoul City Hall coordinates; ERA5/ECMWF reanalysis/model archive,Seoul Open Data MonthlyAverageAirQuality API; station=중구; sample-key one-station query,2021,30,8,3,3,11,5,5,2021-09-20 추석 전날; 2021-09-21 추석; 2021-09-22 추석 다음날,0,0,132,26,1,0,0,0,0,0,0,0,0,none,171,507,168,499,111,4,7,4,KR holidays from python-holidays/KR observed rules; KBO official Schedule.asmx; MCST regional festival ZIP/XLSX files; global sports event dates hand-coded from official event calendars.,104,21,12,12,0,31,27,3,6,1,2,0,2,0,0,0,6,7,9,15,0,2,180,32,Google News RSS cache generated by prior collection; monthly article counts by query category; deduplicated within category-month-title-link; keyword sentiment is simple title keyword count proxy.,102.336,1.996,2.5,0.8671,5.448,39.0,0.0,2.0,2.0,1.0,43.0,0,,Comtrade HS2203 import unit value actual; Google Trends price/economy search actual; CPI index generated from annual Korea CPI inflation anchors; OB price event dummy manually coded from public price-increase reporting.
2021-10,2021,official_annual_disaggregated,133768.7,132135.6,1633.1,691.7,2766.7,56182.8,1633.1,193.7,1700900.0,0.025,0.42,0.025,0.28,0.078646,0.038405,0.066667,20898293.77,7119437.15,54.0,1.0,1.0,46.0,0.0,0.0,Annual beer market anchored to e-Nara/NTS+Comtrade apparent market; monthly split = normalized blend of HS2203 import kg and Google Trends beer. Low-cal and nonalc segments are generated from observed market anchors and Google Trends seasonality.,14.01,18.72,67.7,0,18,31,10,3,0,0,2021,10,4,31,-0.866,0.5,0,0,0,1,0,0,0,14.0065,18.7161,10.1097,26.7,0.4,13.0839,18.2516,8.6484,28.2,67.7,67.7,0.0,134.0,18,14,0,0,17,0,0,0,0,0,0,0,19.6,143.4,0.0,9.0161,28.7,52.9,359.36,11.5923,347.885,236.3714,77.0457,36,100,22.8,24.785,9.0116,19.47,0.026,0.02,0.4,0.003,27.0,13.0,0,0,중구,0,Open-Meteo Historical Weather API; Seoul City Hall coordinates; ERA5/ECMWF reanalysis/model archive,Seoul Open Data MonthlyAverageAirQuality API; station=중구; sample-key one-station query,2021,31,10,4,2,12,3,6,2021-10-03 개천절; 2021-10-04 개천절 대체 휴일; 2021-10-09 한글날; 2021-10-11 한글날 대체 휴일,0,0,122,28,1,0,0,0,0,0,0,0,0,none,297,885,290,862,177,2,2,2,KR holidays from python-holidays/KR observed rules; KBO official Schedule.asmx; MCST regional festival ZIP/XLSX files; global sports event dates hand-coded from official event calendars.,100,30,10,17,0,42,25,0,12,1,2,0,2,2,0,0,4,4,23,6,6,21,199,38,Google News RSS cache generated by prior collection; monthly article counts by query category; deduplicated within category-month-title-link; keyword sentiment is simple title keyword count proxy.,102.547,2.164,2.5,0.8736,0.282,45.0,0.0,3.0,1.0,1.0,49.0,0,,Comtrade HS2203 import unit value actual; Google Trends price/economy search actual; CPI index generated from annual Korea CPI inflation anchors; OB price event dummy manually coded from public price-increase reporting.
2021-11,2021,official_annual_disaggregated,136667.4,135034.4,1633.1,691.7,2766.7,57400.3,1633.1,193.7,1700900.0,0.025,0.42,0.025,0.28,0.08035,0.038405,0.066667,22781373.84,9025449.54,54.0,0.0,1.0,41.0,0.0,0.0,Annual beer market anchored to e-Nara/NTS+Comtrade apparent market; monthly split = normalized blend of HS2203 import kg and Google Trends beer. Low-cal and nonalc segments are generated from observed market anchors and Google Trends seasonality.,6.16,11.4,59.5,0,11,30,8,0,0,0,2021,11,4,30,-0.5,0.866,0,0,0,1,0,1,0,6.16,11.4033,1.6333,19.1,-4.7,3.1867,8.3433,-1.6233,17.3,59.5,59.5,0.0,65.0,11,7,0,0,23,0,0,0,11,0,0,0,0.0,355.2,0.0,8.9433,28.4,58.3,278.61,9.287,305.0328,228.7763,75.975,26,100,14.705,12.4,8.9425,20.405,0.035,0.017,0.6,0.004,46.0,27.0,0,0,중구,0,Open-Meteo Historical Weather API; Seoul City Hall coordinates; ERA5/ECMWF reanalysis/model archive,Seoul Open Data MonthlyAverageAirQuality API; station=중구; sample-key one-station query,2021,30,8,0,0,8,2,0,none,0,0,0,0,0,11,11,1,0,0,0,0,0,none,62,176,62,176,36,0,0,0,KR holidays from python-holidays/KR observed rules; KBO official Schedule.asmx; MCST regional festival ZIP/XLSX files; global sports event dates hand-coded from official event calendars.,107,31,10,19,0,36,7,4,4,1,0,0,5,0,0,0,1,6,16,8,3,7,203,6,Google News RSS cache generated by prior collection; monthly article counts by query category; deduplicated within category-month-title-link; keyword sentiment is simple title keyword count proxy.,102.758,2.332,2.5,0.8504,-1.461,51.0,0.0,3.0,2.0,2.0,56.0,0,,Comtrade HS2203 import unit value actual; Google Trends price/economy search actual; CPI index generated from annual Korea CPI inflation anchors; OB price event dummy manually coded from public price-increase reporting.
2021-12,2021,official_annual_disaggregated,140485.7,138764.9,1720.8,691.7,2766.7,59004.0,1720.8,193.7,1700900.0,0.025,0.42,0.025,0.28,0.082595,0.040468,0.066667,21595117.44,6809325.4,57.0,1.0,1.0,44.0,0.0,0.0,Annual beer market anchored to e-Nara/NTS+Comtrade apparent market; monthly split = normalized blend of HS2203 import kg and Google Trends beer. Low-cal and nonalc segments are generated from observed market anchors and Google Trends seasonality.,-1.26,3.84,11.1,0,9,31,8,0,0,0,2021,12,4,31,-0.0,1.0,1,0,0,0,0,1,0,-1.2581,3.8419,-5.4258,10.6,-15.5,-5.5548,-0.3419,-9.9581,8.0,11.1,5.4,3.99,37.0,9,4,0,0,27,0,0,0,27,7,3,0,0.0,597.0,0.0,10.1355,31.6,59.8,251.6,8.1161,298.1764,216.5935,66.1048,21,100,7.4,4.685,10.1317,21.885,0.034,0.013,0.6,0.004,39.0,25.0,0,0,중구,0,Open-Meteo Historical Weather API; Seoul City Hall coordinates; ERA5/ECMWF reanalysis/model archive,Seoul Open Data MonthlyAverageAirQuality API; station=중구; sample-key one-station query,2021,31,8,1,0,8,2,0,2021-12-25 기독탄신일,0,0,0,0,0,0,0,0,0,0,0,0,0,none,42,132,40,129,19,0,0,0,KR holidays from python-holidays/KR observed rules; KBO official Schedule.asmx; MCST regional festival ZIP/XLSX files; global sports event dates hand-coded from official event calendars.,107,19,21,8,0,46,21,4,3,0,5,0,2,0,0,0,6,3,24,4,1,1,201,30,Google News RSS cache generated by prior collection; monthly article counts by query category; deduplicated within category-month-title-link; keyword sentiment is simple title keyword count proxy.,102.97,2.5,2.5,0.8638,-1.071,56.0,0.0,3.0,3.0,1.0,62.0,0,,Comtrade HS2203 import unit value actual; Google Trends price/economy search actual; CPI index generated from annual Korea CPI inflation anchors; OB price event dummy manually coded from public price-increase reporting.
2022-01,2022,official_annual_disaggregated,143088.3,141826.4,1261.9,590.9,2363.6,60812.5,1261.9,200.9,1824200.0,0.027,0.425,0.027,0.34,0.078439,0.025621,0.045455,22326000.91,8641243.3,70.0,1.0,1.0,56.0,0.0,0.0,Annual beer market anchored to e-Nara/NTS+Comtrade apparent market; monthly split = normalized blend of HS2203 import kg and Google Trends beer. Low-cal and nonalc segments are generated from observed market anchors and Google Trends seasonality.,-3.47,1.65,5.6,0,9,31,10,1,0,0,2022,1,1,31,0.5,0.866,1,0,0,0,0,0,1,-3.4742,1.6516,-7.129,7.5,-10.6,-8.1226,-3.1516,-11.7097,4.0,5.6,0.5,3.64,26.0,9,2,0,0,29,0,0,0,31,10,0,0,0.0,665.7,0.0,9.0645,30.4,56.5,305.95,9.8694,306.9277,250.4056,54.2944,19,97,3.3,-0.715,9.0531,18.3,0.035,0.015,0.6,0.004,44.0,32.0,0,0,중구,0,Open-Meteo Historical Weather API; Seoul City Hall coordinates; ERA5/ECMWF reanalysis/model archive,Seoul Open Data MonthlyAverageAirQuality API; station=중구; sample-key one-station query,2022,31,10,2,1,11,5,3,2022-01-01 신정연휴; 2022-01-31 설날 전날,0,0,0,0,0,0,0,0,0,0,0,0,0,none,13,218,9,168,1,0,0,0,KR holidays from python-holidays/KR observed rules; KBO official Schedule.asmx; MCST regional festival ZIP/XLSX files; global sports event dates hand-coded from official event calendars.,149,19,9,6,0,44,25,22,6,0,1,0,0,0,0,0,5,15,18,31,1,3,227,0,Google News RSS cache generated by prior collection; monthly article counts by query category; deduplicated within category-month-title-link; keyword sentiment is simple title keyword count proxy.,103.397,2.714,5.1,0.8197,-0.655,73.0,0.0,4.0,3.0,1.0,80.0,0,,Comtrade HS2203 import unit value actual; Google Trends price/economy search actual; CPI index generated from annual Korea CPI inflation anchors; OB price event dummy manually coded from public price-increase reporting.
2022-02,2022,official_annual_disaggregated,127798.0,126641.4,1156.6,590.9,2363.6,54314.1,1156.6,200.9,1824200.0,0.027,0.425,0.027,0.34,0.070057,0.023482,0.045455,18131190.2,7778782.3,64.0,0.0,1.0,51.0,0.0,0.0,Annual beer market anchored to e-Nara/NTS+Comtrade apparent market; monthly split = normalized blend of HS2203 import kg and Google Trends beer. Low-cal and nonalc segments are generated from observed market anchors and Google Trends seasonality.,-2.57,2.89,3.7,0,4,28,8,2,0,0,2022,2,1,28,0.866,0.5,1,0,0,0,0,0,1,-2.5714,2.8893,-6.5179,9.2,-10.4,-7.4,-2.6179,-11.4464,6.0,3.7,1.9,1.26,11.0,4,2,0,0,26,0,0,0,28,9,0,0,0.0,576.0,0.0,11.3,33.0,63.0,381.27,13.6168,302.4707,265.5199,56.1384,15,100,6.945,2.245,11.3054,23.19,0.026,0.028,0.5,0.003,38.0,27.0,0,0,중구,0,Open-Meteo Historical Weather API; Seoul City Hall coordinates; ERA5/ECMWF reanalysis/model archive,Seoul Open Data MonthlyAverageAirQuality API; station=중구; sample-key one-station query,2022,28,8,2,2,10,5,2,2022-02-01 설날; 2022-02-02 설날 다음날,0,0,0,0,0,0,0,0,17,1,17,0,0,Beijing 2022 Winter Olympics,17,143,16,142,8,0,0,0,KR holidays from python-holidays/KR observed rules; KBO official Schedule.asmx; MCST regional festival ZIP/XLSX files; global sports event dates hand-coded from official event calendars.,128,21,7,14,0,38,25,3,3,0,0,0,1,0,0,0,2,14,10,20,0,4,208,14,Google News RSS cache generated by prior collection; monthly article counts by query category; deduplicated within category-month-title-link; keyword sentiment is simple title keyword count proxy.,103.827,2.929,5.1,0.8651,-0.064,73.0,0.0,4.0,2.0,0.0,79.0,0,,Comtrade HS2203 import unit value actual; Google Trends price/economy search actual; CPI index generated from annual Korea CPI inflation anchors; OB price event dummy manually coded from public price-increase reporting.
2022-03,2022,official_annual_disaggregated,129267.5,128251.4,1016.1,1181.8,4727.3,54938.7,1016.1,401.8,1824200.0,0.027,0.425,0.027,0.34,0.070863,0.02063,0.090909,29016902.99,7560283.1,56.0,0.0,2.0,58.0,0.0,0.0,Annual beer market anchored to e-Nara/NTS+Comtrade apparent market; monthly split = normalized blend of HS2203 import kg and Google Trends beer. Low-cal and nonalc segments are generated from observed market anchors and Google Trends seasonality.,5.22,11.39,81.1,0,13,31,8,2,0,0,2022,3,1,31,1.0,0.0,0,1,0,0,0,0,0,5.2194,11.3903,-0.071,19.0,-5.7,1.7742,8.0387,-3.829,16.1,81.1,70.9,7.14,77.0,13,10,0,0,21,0,0,0,17,0,0,0,0.0,396.2,0.0,10.3,32.1,64.8,438.77,14.1539,370.667,239.058,69.9032,20,99,13.4,11.285,10.3007,21.755,0.029,0.03,0.5,0.004,35.0,21.0,0,0,중구,0,Open-Meteo Historical Weather API; Seoul City Hall coordinates; ERA5/ECMWF reanalysis/model archive,Seoul Open Data MonthlyAverageAirQuality API; station=중구; sample-key one-station query,2022,31,8,2,2,10,2,0,2022-03-01 삼일절; 2022-03-09 대통령 선거일,0,0,0,0,0,0,0,0,0,0,0,0,0,none,33,128,32,127,23,0,0,0,KR holidays from python-holidays/KR observed rules; KBO official Schedule.asmx; MCST regional festival ZIP/XLSX files; global sports event dates hand-coded from official event calendars.,132,38,18,22,0,43,25,15,7,4,2,0,6,1,0,0,6,21,13,42,0,1,253,5,Google News RSS cache generated by prior collection; monthly article counts by query category; deduplicated within category-month-title-link; keyword sentiment is simple title keyword count proxy.,104.258,3.144,5.1,0.8242,-3.434,72.0,0.0,5.0,2.0,1.0,79.0,0,,Comtrade HS2203 import unit value actual; Google Trends price/economy search actual; CPI index generated from annual Korea CPI inflation anchors; OB price event dummy manually coded from public price-increase reporting.
2022-04,2022,official_annual_disaggregated,141194.8,139792.4,1402.4,590.9,2363.6,60007.8,1402.4,200.9,1824200.0,0.027,0.425,0.027,0.34,0.077401,0.028474,0.045455,11120640.11,6798992.3,78.0,1.0,1.0,71.0,0.0,18.0,Annual beer market anchored to e-Nara/NTS+Comtrade apparent market; monthly split = normalized blend of HS2203 import kg and Google Trends beer. Low-cal and nonalc segments are generated from observed market anchors and Google Trends seasonality.,12.03,18.4,29.4,0,10,30,9,0,0,1,2022,4,2,30,0.866,-0.5,0,1,0,0,0,0,0,12.03,18.3967,6.77,27.0,-0.4,9.6333,16.3067,4.09,26.0,29.4,29.4,0.0,43.0,10,4,0,0,26,0,0,0,1,0,0,0,2.7,181.8,0.0,10.2567,29.8,58.7,591.46,19.7153,395.0046,295.2099,65.3375,20,100,21.5,20.5,10.2599,21.1,0.023,0.044,0.4,0.004,38.0,22.0,0,0,중구,0,Open-Meteo Historical Weather API; Seoul City Hall coordinates; ERA5/ECMWF reanalysis/model archive,Seoul Open Data MonthlyAverageAirQuality API; station=중구; sample-key one-station query,2022,30,9,0,0,9,2,0,none,0,0,123,25,1,0,0,0,0,0,0,0,0,none,121,420,120,419,73,0,0,0,KR holidays from python-holidays/KR observed rules; KBO official Schedule.asmx; MCST regional festival ZIP/XLSX files; global sports event dates hand-coded from official event calendars.,124,37,10,18,0,41,28,12,13,0,2,1,5,1,0,0,1,16,25,21,5,14,230,19,Google News RSS cache generated by prior collection; monthly article counts by query category; deduplicated within category-month-title-link; keyword sentiment is simple title keyword count proxy.,104.691,3.359,5.1,0.9017,2.417,97.0,0.0,5.0,3.0,1.0,105.0,0,,Comtrade HS2203 import unit value actual; Google Trends price/economy search actual; CPI index generated from annual Korea CPI inflation anchors; OB price event dummy manually coded from public price-increase reporting.
2022-05,2022,official_annual_disaggregated,148871.3,141287.1,7584.2,1181.8,4727.3,63270.3,7584.2,401.8,1824200.0,0.027,0.425,0.027,0.34,0.081609,0.153983,0.090909,15686093.58,7238656.5,79.0,0.0,2.0,58.0,19.0,0.0,Annual beer market anchored to e-Nara/NTS+Comtrade apparent market; monthly split = normalized blend of HS2203 import kg and Google Trends beer. Low-cal and nonalc segments are generated from observed market anchors and Google Trends seasonality.,17.03,23.34,17.9,0,10,31,9,2,0,1,2022,5,2,31,0.5,-0.866,0,1,0,0,0,0,0,17.029,23.3387,11.3742,28.4,4.7,15.3613,21.629,9.9871,28.8,17.9,17.9,0.0,35.0,10,3,0,0,28,0,0,0,0,0,0,0,13.9,44.0,0.0,11.1065,30.1,56.5,713.85,23.0274,439.8766,354.3022,60.418,17,99,24.585,23.94,11.1038,23.57,0.017,0.05,0.4,0.003,28.0,18.0,0,0,중구,0,Open-Meteo Historical Weather API; Seoul City Hall coordinates; ERA5/ECMWF reanalysis/model archive,Seoul Open Data MonthlyAverageAirQuality API; station=중구; sample-key one-station query,2022,31,9,2,1,10,2,0,2022-05-05 어린이날; 2022-05-08 부처님오신날,0,0,129,26,1,0,0,0,0,0,0,0,0,none,124,455,123,453,61,0,0,0,KR holidays from python-holidays/KR observed rules; KBO official Schedule.asmx; MCST regional festival ZIP/XLSX files; global sports event dates hand-coded from official event calendars.,212,51,12,34,0,36,68,4,27,0,3,0,15,0,0,0,4,4,34,9,10,31,345,109,Google News RSS cache generated by prior collection; monthly article counts by query category; deduplicated within category-month-title-link; keyword sentiment is simple title keyword count proxy.,105.126,3.575,5.1,0.9239,6.315,95.0,0.0,6.0,3.0,1.0,104.0,0,,Comtrade HS2203 import unit value actual; Google Trends price/economy search actual; CPI index generated from annual Korea CPI inflation anchors; OB price event dummy manually coded from public price-increase reporting.
2022-06,2022,official_annual_disaggregated,159488.0,152450.7,7037.3,1772.7,7090.9,67782.4,7037.3,602.7,1824200.0,0.027,0.425,0.027,0.34,0.087429,0.142879,0.136364,16357205.55,10357767.88,85.0,0.0,3.0,67.0,17.0,15.0,Annual beer market anchored to e-Nara/NTS+Comtrade apparent market; monthly split = normalized blend of HS2203 import kg and Google Trends beer. Low-cal and nonalc segments are generated from observed market anchors and Google Trends seasonality.,21.88,26.64,334.3,3,21,30,8,2,1,1,2022,6,2,30,0.0,-1.0,0,0,1,0,0,0,0,21.8767,26.64,17.8867,33.0,12.3,22.8667,28.04,18.5533,36.5,334.3,334.3,0.0,213.0,21,17,3,2,13,3,1,0,0,0,0,4,117.1,0.8,0.0,11.83,37.0,65.9,515.08,17.1693,441.3522,224.2273,75.2569,23,100,28.3,30.3,11.834,25.105,0.016,0.034,0.3,0.003,18.0,12.0,0,0,중구,0,Open-Meteo Historical Weather API; Seoul City Hall coordinates; ERA5/ECMWF reanalysis/model archive,Seoul Open Data MonthlyAverageAirQuality API; station=중구; sample-key one-station query,2022,30,8,2,2,10,3,3,2022-06-01 지방선거일; 2022-06-06 현충일,1,0,117,26,1,0,0,0,0,0,0,0,0,none,59,203,59,203,37,1,1,1,KR holidays from python-holidays/KR observed rules; KBO official Schedule.asmx; MCST regional festival ZIP/XLSX files; global sports event dates hand-coded from official event calendars.,189,66,20,40,0,36,29,1,27,1,1,0,8,0,0,0,4,2,58,4,7,39,351,65,Google News RSS cache generated by prior collection; monthly article counts by query category; deduplicated within category-month-title-link; keyword sentiment is simple title keyword count proxy.,105.563,3.792,5.1,0.8498,-5.344,100.0,0.0,5.0,3.0,2.0,108.0,0,,Comtrade HS2203 import unit value actual; Google Trends price/economy search actual; CPI index generated from annual Korea CPI inflation anchors; OB price event dummy manually coded from public price-increase reporting.
2022-07,2022,official_annual_disaggregated,173834.1,172185.8,1648.3,1772.7,7090.9,73879.5,1648.3,602.7,1824200.0,0.027,0.425,0.027,0.34,0.095293,0.033466,0.136364,18617946.6,10677945.98,92.0,1.0,3.0,92.0,0.0,29.0,Annual beer market anchored to e-Nara/NTS+Comtrade apparent market; monthly split = normalized blend of HS2203 import kg and Google Trends beer. Low-cal and nonalc segments are generated from observed market anchors and Google Trends seasonality.,25.62,29.25,220.8,12,27,31,10,0,1,1,2022,7,3,31,-0.5,-0.866,0,0,1,0,1,0,1,25.6226,29.2548,22.5806,33.5,19.7,29.7129,33.9097,26.1323,39.3,220.8,220.8,0.0,222.0,27,19,2,0,12,12,1,3,0,0,0,22,236.3,0.0,13.7,8.5161,26.7,53.3,573.93,18.5139,448.4923,281.3693,83.418,56,100,30.6,35.9,8.5134,16.755,0.018,0.039,0.4,0.003,23.0,18.0,0,0,중구,0,Open-Meteo Historical Weather API; Seoul City Hall coordinates; ERA5/ECMWF reanalysis/model archive,Seoul Open Data MonthlyAverageAirQuality API; station=중구; sample-key one-station query,2022,31,10,0,0,10,2,0,none,1,1,95,21,1,0,0,0,0,0,0,0,0,none,63,256,62,255,46,2,2,2,KR holidays from python-holidays/KR observed rules; KBO official Schedule.asmx; MCST regional festival ZIP/XLSX files; global sports event dates hand-coded from official event calendars.,218,60,26,48,0,46,60,2,36,4,4,0,8,10,0,0,6,3,54,18,35,66,398,95,Google News RSS cache generated by prior collection; monthly article counts by query category; deduplicated within category-month-title-link; keyword sentiment is simple title keyword count proxy.,106.001,4.009,5.1,0.8455,-3.591,95.0,0.0,5.0,2.0,1.0,102.0,0,,Comtrade HS2203 import unit value actual; Google Trends price/economy search actual; CPI index generated from annual Korea CPI inflation anchors; OB price event dummy manually coded from public price-increase reporting.
2022-08,2022,official_annual_disaggregated,192539.4,181977.2,10562.2,1181.8,4727.3,81829.2,10562.2,401.8,1824200.0,0.027,0.425,0.027,0.34,0.105547,0.214446,0.090909,22943014.15,12716748.8,100.0,1.0,2.0,75.0,27.0,21.0,Annual beer market anchored to e-Nara/NTS+Comtrade apparent market; monthly split = normalized blend of HS2203 import kg and Google Trends beer. Low-cal and nonalc segments are generated from observed market anchors and Google Trends seasonality.,24.05,27.28,464.1,6,27,31,8,1,1,1,2022,8,3,31,-0.866,-0.5,0,0,1,0,1,0,1,24.0484,27.2774,21.3065,31.6,13.2,27.4742,31.1839,24.1419,37.3,464.1,464.1,0.0,301.0,27,24,4,1,7,6,0,4,0,0,0,16,187.5,0.0,7.5,9.6903,38.1,69.5,466.28,15.0413,421.1214,230.829,85.8333,49,100,29.185,34.3,9.6897,20.07,0.018,0.032,0.3,0.003,19.0,13.0,0,0,중구,0,Open-Meteo Historical Weather API; Seoul City Hall coordinates; ERA5/ECMWF reanalysis/model archive,Seoul Open Data MonthlyAverageAirQuality API; station=중구; sample-key one-station query,2022,31,8,1,1,9,3,3,2022-08-15 광복절,1,1,109,25,1,0,0,0,0,0,0,0,0,none,97,335,97,335,67,2,2,2,KR holidays from python-holidays/KR observed rules; KBO official Schedule.asmx; MCST regional festival ZIP/XLSX files; global sports event dates hand-coded from official event calendars.,190,50,13,45,0,43,67,1,42,0,3,1,11,1,0,0,13,2,18,4,7,77,341,131,Google News RSS cache generated by prior collection; monthly article counts by query category; deduplicated within category-month-title-link; keyword sentiment is simple title keyword count proxy.,106.442,4.226,5.1,0.8539,0.675,81.0,0.0,5.0,3.0,1.0,89.0,0,,Comtrade HS2203 import unit value actual; Google Trends price/economy search actual; CPI index generated from annual Korea CPI inflation anchors; OB price event dummy manually coded from public price-increase reporting.
2022-09,2022,official_annual_disaggregated,176468.8,174873.1,1595.6,1772.7,7090.9,74999.2,1595.6,602.7,1824200.0,0.027,0.425,0.027,0.34,0.096738,0.032396,0.136364,24271014.0,9489726.55,89.0,0.0,3.0,73.0,0.0,0.0,Annual beer market anchored to e-Nara/NTS+Comtrade apparent market; monthly split = normalized blend of HS2203 import kg and Google Trends beer. Low-cal and nonalc segments are generated from observed market anchors and Google Trends seasonality.,20.37,25.33,245.9,1,11,30,8,3,0,1,2022,9,3,30,-1.0,-0.0,0,0,0,1,0,0,0,20.37,25.3333,16.0967,31.4,10.2,21.2,26.6333,16.2233,35.1,245.9,245.9,0.0,89.0,11,8,3,1,22,1,0,0,0,0,0,2,79.2,8.1,0.0,9.55,32.1,58.3,494.59,16.4863,373.0247,263.0367,76.4306,38,100,27.0,29.5,9.5456,21.005,0.02,0.033,0.4,0.002,20.0,11.0,0,0,중구,0,Open-Meteo Historical Weather API; Seoul City Hall coordinates; ERA5/ECMWF reanalysis/model archive,Seoul Open Data MonthlyAverageAirQuality API; station=중구; sample-key one-station query,2022,30,8,4,2,10,4,4,2022-09-09 추석 전날; 2022-09-10 추석; 2022-09-11 추석 다음날; 2022-09-12 추석 대체 휴일,0,0,119,26,1,0,0,0,0,0,0,0,0,none,122,385,122,385,76,1,2,1,KR holidays from python-holidays/KR observed rules; KBO official Schedule.asmx; MCST regional festival ZIP/XLSX files; global sports event dates hand-coded from official event calendars.,178,77,11,21,0,31,68,2,49,1,4,1,4,2,0,0,3,1,25,12,2,63,318,121,Google News RSS cache generated by prior collection; monthly article counts by query category; deduplicated within category-month-title-link; keyword sentiment is simple title keyword count proxy.,106.884,4.444,5.1,0.8362,-3.563,93.0,0.0,5.0,3.0,2.0,101.0,0,,Comtrade HS2203 import unit value actual; Google Trends price/economy search actual; CPI index generated from annual Korea CPI inflation anchors; OB price event dummy manually coded from public price-increase reporting.
2022-10,2022,official_annual_disaggregated,162156.0,153796.6,8359.4,590.9,2363.6,68916.3,8359.4,200.9,1824200.0,0.027,0.425,0.027,0.34,0.088892,0.169723,0.045455,17146568.99,6334109.8,86.0,1.0,1.0,73.0,21.0,0.0,Annual beer market anchored to e-Nara/NTS+Comtrade apparent market; monthly split = normalized blend of HS2203 import kg and Google Trends beer. Low-cal and nonalc segments are generated from observed market anchors and Google Trends seasonality.,12.32,17.25,195.3,0,9,31,10,3,0,0,2022,10,4,31,-0.866,0.5,0,0,0,1,0,0,0,12.3161,17.2484,8.0419,24.9,2.9,10.6839,16.0323,5.9677,25.3,195.3,195.3,0.0,90.0,9,6,2,1,25,0,0,0,0,0,0,0,3.4,179.6,0.0,8.9194,28.2,59.0,395.92,12.7716,348.165,262.7788,75.9207,36,100,20.285,20.285,8.9128,18.67,0.023,0.024,0.4,0.002,23.0,14.0,0,0,중구,0,Open-Meteo Historical Weather API; Seoul City Hall coordinates; ERA5/ECMWF reanalysis/model archive,Seoul Open Data MonthlyAverageAirQuality API; station=중구; sample-key one-station query,2022,31,10,3,2,12,3,6,2022-10-03 개천절; 2022-10-09 한글날; 2022-10-10 한글날 대체 휴일,0,0,28,10,1,10,10,1,0,0,0,0,0,none,305,856,304,851,210,2,2,2,KR holidays from python-holidays/KR observed rules; KBO official Schedule.asmx; MCST regional festival ZIP/XLSX files; global sports event dates hand-coded from official event calendars.,138,65,14,14,0,44,30,1,31,0,4,0,4,0,0,0,4,5,28,1,2,47,275,67,Google News RSS cache generated by prior collection; monthly article counts by query category; deduplicated within category-month-title-link; keyword sentiment is simple title keyword count proxy.,107.328,4.662,5.1,0.8183,-6.339,86.0,0.0,5.0,2.0,2.0,93.0,0,,Comtrade HS2203 import unit value actual; Google Trends price/economy search actual; CPI index generated from annual Korea CPI inflation anchors; OB price event dummy manually coded from public price-increase reporting.
2022-11,2022,official_annual_disaggregated,123202.8,121835.5,1367.3,1181.8,4727.3,52361.2,1367.3,401.8,1824200.0,0.027,0.425,0.027,0.34,0.067538,0.027761,0.090909,0.0,7647869.8,76.0,0.0,2.0,99.0,0.0,15.0,Annual beer market anchored to e-Nara/NTS+Comtrade apparent market; monthly split = normalized blend of HS2203 import kg and Google Trends beer. Low-cal and nonalc segments are generated from observed market anchors and Google Trends seasonality.,7.79,13.6,59.4,0,12,30,8,0,0,0,2022,11,4,30,-0.5,0.866,0,0,0,1,0,1,0,7.79,13.5967,2.85,22.2,-8.9,4.99,10.8067,-0.4933,20.4,59.4,59.3,0.07,57.0,12,6,0,0,24,0,0,0,6,1,0,0,0.0,306.3,0.0,8.99,27.9,51.5,288.34,9.6113,305.2456,222.9201,72.1958,28,100,15.605,13.6,8.9951,19.915,0.031,0.019,0.5,0.003,37.0,24.0,0,0,중구,0,Open-Meteo Historical Weather API; Seoul City Hall coordinates; ERA5/ECMWF reanalysis/model archive,Seoul Open Data MonthlyAverageAirQuality API; station=중구; sample-key one-station query,2022,30,8,0,0,8,2,0,none,0,0,0,0,0,6,6,1,11,1,0,11,0,FIFA World Cup Qatar 2022,55,224,55,224,36,0,0,0,KR holidays from python-holidays/KR observed rules; KBO official Schedule.asmx; MCST regional festival ZIP/XLSX files; global sports event dates hand-coded from official event calendars.,147,49,24,25,0,38,29,4,10,1,2,0,6,0,0,0,3,4,23,11,0,83,283,41,Google News RSS cache generated by prior collection; monthly article counts by query category; deduplicated within category-month-title-link; keyword sentiment is simple title keyword count proxy.,107.773,4.881,5.1,,,84.0,0.0,6.0,2.0,1.0,92.0,0,,Comtrade HS2203 import unit value actual; Google Trends price/economy search actual; CPI index generated from annual Korea CPI inflation anchors; OB price event dummy manually coded from public price-increase reporting.
2022-12,2022,official_annual_disaggregated,146291.1,140029.1,6262.0,590.9,2363.6,62173.7,6262.0,200.9,1824200.0,0.027,0.425,0.027,0.34,0.080195,0.127139,0.045455,14962996.06,7222062.81,78.0,0.0,1.0,62.0,15.0,16.0,Annual beer market anchored to e-Nara/NTS+Comtrade apparent market; monthly split = normalized blend of HS2203 import kg and Google Trends beer. Low-cal and nonalc segments are generated from observed market anchors and Google Trends seasonality.,-4.65,0.08,11.3,0,9,31,9,0,0,0,2022,12,4,31,-0.0,1.0,1,0,0,0,0,1,0,-4.6484,0.0806,-8.4097,7.8,-17.5,-9.2871,-4.6742,-13.3,4.6,11.3,3.9,5.18,33.0,9,4,0,0,27,0,0,0,31,16,6,0,0.0,702.1,0.0,8.9194,29.6,56.2,267.58,8.6316,298.2057,231.1174,56.3495,15,97,3.67,-0.4,8.9138,21.685,0.028,0.02,0.5,0.003,36.0,21.0,0,0,중구,0,Open-Meteo Historical Weather API; Seoul City Hall coordinates; ERA5/ECMWF reanalysis/model archive,Seoul Open Data MonthlyAverageAirQuality API; station=중구; sample-key one-station query,2022,31,9,1,0,9,2,0,2022-12-25 기독탄신일,0,0,0,0,0,0,0,0,18,1,0,18,0,FIFA World Cup Qatar 2022,35,141,35,141,16,0,0,0,KR holidays from python-holidays/KR observed rules; KBO official Schedule.asmx; MCST regional festival ZIP/XLSX files; global sports event dates hand-coded from official event calendars.,115,31,16,19,0,35,36,1,7,0,1,0,7,1,0,0,2,0,13,1,3,23,216,51,Google News RSS cache generated by prior collection; monthly article counts by query category; deduplicated within category-month-title-link; keyword sentiment is simple title keyword count proxy.,108.221,5.1,5.1,0.8779,1.637,87.0,0.0,5.0,2.0,1.0,94.0,0,,Comtrade HS2203 import unit value actual; Google Trends price/economy search actual; CPI index generated from annual Korea CPI inflation anchors; OB price event dummy manually coded from public price-increase reporting.
2023-01,2023,official_annual_disaggregated,162335.8,155848.6,6487.3,1073.3,4293.3,68668.1,6487.3,375.7,1822000.0,0.03,0.423,0.03,0.35,0.089098,0.118684,0.066667,19923548.22,8932706.58,82.0,0.0,1.0,39.0,19.0,0.0,Annual beer market anchored to e-Nara/NTS+Comtrade apparent market; monthly split = normalized blend of HS2203 import kg and Google Trends beer. Low-cal and nonalc segments are generated from observed market anchors and Google Trends seasonality.,-3.5,1.85,36.3,0,11,31,9,3,0,0,2023,1,1,31,0.5,0.866,1,0,0,0,0,0,1,-3.5,1.8548,-7.7968,11.1,-18.5,-8.1065,-2.9387,-12.6097,9.0,36.3,23.7,8.82,69.0,11,6,0,0,25,0,0,0,29,10,5,0,0.0,666.5,0.0,9.8903,29.8,58.3,295.8,9.5419,306.7666,231.4201,60.414,19,100,5.2,2.0,9.8915,22.1,0.038,0.018,0.7,0.004,67.0,48.0,0,1,중구,0,Open-Meteo Historical Weather API; Seoul City Hall coordinates; ERA5/ECMWF reanalysis/model archive,Seoul Open Data MonthlyAverageAirQuality API; station=중구; sample-key one-station query,2023,31,9,5,2,11,4,4,2023-01-01 신정연휴; 2023-01-21 설날 전날; 2023-01-22 설날; 2023-01-23 설날 다음날; 2023-01-24 설날 대체 휴일,0,0,0,0,0,0,0,0,0,0,0,0,0,none,24,142,24,142,2,0,0,0,KR holidays from python-holidays/KR observed rules; KBO official Schedule.asmx; MCST regional festival ZIP/XLSX files; global sports event dates hand-coded from official event calendars.,99,22,14,17,0,44,23,5,4,1,3,1,1,2,0,0,4,9,34,22,4,5,196,17,Google News RSS cache generated by prior collection; monthly article counts by query category; deduplicated within category-month-title-link; keyword sentiment is simple title keyword count proxy.,108.541,4.974,3.6,0.8494,3.631,92.0,0.0,4.0,3.0,1.0,99.0,0,,Comtrade HS2203 import unit value actual; Google Trends price/economy search actual; CPI index generated from annual Korea CPI inflation anchors; OB price event dummy manually coded from public price-increase reporting.
2023-02,2023,official_annual_disaggregated,144610.4,143508.6,1101.8,1073.3,4293.3,61170.2,1101.8,375.7,1822000.0,0.03,0.423,0.03,0.35,0.079369,0.020158,0.066667,19027101.18,10822595.16,72.0,1.0,1.0,60.0,0.0,0.0,Annual beer market anchored to e-Nara/NTS+Comtrade apparent market; monthly split = normalized blend of HS2203 import kg and Google Trends beer. Low-cal and nonalc segments are generated from observed market anchors and Google Trends seasonality.,0.07,5.77,2.6,0,4,28,8,0,0,0,2023,2,1,28,0.866,0.5,1,0,0,0,0,0,1,0.0679,5.7679,-4.425,9.4,-7.0,-4.0643,1.3786,-8.6357,5.8,2.6,2.4,0.14,14.0,4,1,0,0,27,0,0,0,27,0,0,0,0.0,502.1,0.0,8.8607,26.2,50.0,353.64,12.63,302.2185,242.8487,64.1637,18,100,6.945,3.1,8.8494,19.145,0.028,0.03,0.5,0.003,40.0,31.0,0,0,중구,0,Open-Meteo Historical Weather API; Seoul City Hall coordinates; ERA5/ECMWF reanalysis/model archive,Seoul Open Data MonthlyAverageAirQuality API; station=중구; sample-key one-station query,2023,28,8,0,0,8,2,0,none,0,0,0,0,0,0,0,0,0,0,0,0,0,none,20,76,19,72,3,0,0,0,KR holidays from python-holidays/KR observed rules; KBO official Schedule.asmx; MCST regional festival ZIP/XLSX files; global sports event dates hand-coded from official event calendars.,167,29,12,25,0,39,38,8,14,0,3,0,3,2,0,0,3,14,24,41,3,4,272,37,Google News RSS cache generated by prior collection; monthly article counts by query category; deduplicated within category-month-title-link; keyword sentiment is simple title keyword count proxy.,108.861,4.849,3.6,0.8844,2.23,92.0,0.0,4.0,3.0,1.0,99.0,0,,Comtrade HS2203 import unit value actual; Google Trends price/economy search actual; CPI index generated from annual Korea CPI inflation anchors; OB price event dummy manually coded from public price-increase reporting.
2023-03,2023,official_annual_disaggregated,158941.9,150604.8,8337.1,1073.3,4293.3,67232.4,8337.1,375.7,1822000.0,0.03,0.423,0.03,0.35,0.087235,0.152527,0.066667,24744989.05,8330436.2,76.0,1.0,1.0,61.0,26.0,16.0,Annual beer market anchored to e-Nara/NTS+Comtrade apparent market; monthly split = normalized blend of HS2203 import kg and Google Trends beer. Low-cal and nonalc segments are generated from observed market anchors and Google Trends seasonality.,7.18,14.05,18.1,0,8,31,8,1,0,0,2023,3,1,31,1.0,0.0,0,1,0,0,0,0,0,7.1774,14.0548,1.2452,22.0,-4.8,3.7839,10.8097,-2.6516,21.0,18.1,18.1,0.0,37.0,8,3,0,0,28,0,0,0,13,0,0,0,0.0,335.5,0.0,9.6806,30.9,55.8,508.98,16.4187,370.3592,287.7939,60.789,16,100,17.74,15.085,9.6763,19.9,0.028,0.038,0.5,0.003,61.0,31.0,0,0,중구,0,Open-Meteo Historical Weather API; Seoul City Hall coordinates; ERA5/ECMWF reanalysis/model archive,Seoul Open Data MonthlyAverageAirQuality API; station=중구; sample-key one-station query,2023,31,8,1,1,9,2,0,2023-03-01 삼일절,0,0,0,0,0,0,0,0,0,0,0,0,0,none,50,166,50,166,15,0,0,0,KR holidays from python-holidays/KR observed rules; KBO official Schedule.asmx; MCST regional festival ZIP/XLSX files; global sports event dates hand-coded from official event calendars.,235,57,21,16,0,48,66,19,28,3,4,0,5,0,0,0,0,14,22,56,0,16,377,67,Google News RSS cache generated by prior collection; monthly article counts by query category; deduplicated within category-month-title-link; keyword sentiment is simple title keyword count proxy.,109.182,4.723,3.6,0.9103,10.456,84.0,0.0,5.0,3.0,2.0,92.0,0,,Comtrade HS2203 import unit value actual; Google Trends price/economy search actual; CPI index generated from annual Korea CPI inflation anchors; OB price event dummy manually coded from public price-increase reporting.
2023-04,2023,official_annual_disaggregated,171827.5,165789.9,6037.6,1073.3,4293.3,72683.0,6037.6,375.7,1822000.0,0.03,0.423,0.03,0.35,0.094307,0.110457,0.066667,18392836.03,9103243.23,89.0,1.0,1.0,91.0,17.0,19.0,Annual beer market anchored to e-Nara/NTS+Comtrade apparent market; monthly split = normalized blend of HS2203 import kg and Google Trends beer. Low-cal and nonalc segments are generated from observed market anchors and Google Trends seasonality.,11.92,17.67,103.7,0,15,30,10,0,0,1,2023,4,2,30,0.866,-0.5,0,1,0,0,0,0,0,11.92,17.6667,6.5833,26.5,0.7,9.1233,14.98,3.6733,25.9,103.7,103.7,0.0,99.0,15,11,1,0,19,0,0,0,0,0,0,0,0.0,182.4,0.0,11.3267,38.2,71.6,489.35,16.3117,394.7265,234.8315,63.7917,14,100,20.21,17.81,11.3308,23.005,0.022,0.036,0.4,0.003,56.0,20.0,0,0,중구,0,Open-Meteo Historical Weather API; Seoul City Hall coordinates; ERA5/ECMWF reanalysis/model archive,Seoul Open Data MonthlyAverageAirQuality API; station=중구; sample-key one-station query,2023,30,10,0,0,10,2,0,none,0,0,120,26,1,0,0,0,0,0,0,0,0,none,156,570,156,570,63,0,0,0,KR holidays from python-holidays/KR observed rules; KBO official Schedule.asmx; MCST regional festival ZIP/XLSX files; global sports event dates hand-coded from official event calendars.,323,94,12,36,0,45,73,21,34,7,1,0,6,1,0,0,2,15,11,50,6,35,510,72,Google News RSS cache generated by prior collection; monthly article counts by query category; deduplicated within category-month-title-link; keyword sentiment is simple title keyword count proxy.,109.505,4.598,3.6,0.9364,3.842,78.0,1.0,6.0,2.0,1.0,87.0,0,,Comtrade HS2203 import unit value actual; Google Trends price/economy search actual; CPI index generated from annual Korea CPI inflation anchors; OB price event dummy manually coded from public price-increase reporting.
2023-05,2023,official_annual_disaggregated,163140.9,161860.0,1280.8,1073.3,4293.3,69008.6,1280.8,375.7,1822000.0,0.03,0.423,0.03,0.35,0.089539,0.023433,0.066667,18074904.14,9354828.9,84.0,1.0,1.0,68.0,0.0,13.0,Annual beer market anchored to e-Nara/NTS+Comtrade apparent market; monthly split = normalized blend of HS2203 import kg and Google Trends beer. Low-cal and nonalc segments are generated from observed market anchors and Google Trends seasonality.,17.27,22.9,166.8,0,9,31,8,3,0,1,2023,5,2,31,0.5,-0.866,0,1,0,0,0,0,0,17.2742,22.9,12.1806,27.9,5.5,16.6387,22.5806,11.129,29.9,166.8,166.8,0.0,99.0,9,7,3,0,24,0,0,0,0,0,0,0,24.6,47.1,0.0,9.4258,29.4,51.8,598.64,19.311,439.6708,285.2734,70.7917,23,100,24.9,24.9,9.4288,18.97,0.02,0.0394,0.39,0.003,34.0,18.0,0,0,중구,0,Open-Meteo Historical Weather API; Seoul City Hall coordinates; ERA5/ECMWF reanalysis/model archive,Seoul Open Data MonthlyAverageAirQuality API; station=중구; sample-key one-station query,2023,31,8,3,2,10,3,6,2023-05-05 어린이날; 2023-05-27 부처님오신날; 2023-05-29 부처님오신날 대체 휴일,0,0,113,26,1,0,0,0,0,0,0,0,0,none,175,706,174,705,69,0,0,0,KR holidays from python-holidays/KR observed rules; KBO official Schedule.asmx; MCST regional festival ZIP/XLSX files; global sports event dates hand-coded from official event calendars.,256,80,15,41,0,38,59,17,45,1,1,0,10,2,0,0,6,5,44,15,12,39,430,96,Google News RSS cache generated by prior collection; monthly article counts by query category; deduplicated within category-month-title-link; keyword sentiment is simple title keyword count proxy.,109.828,4.472,3.6,0.9509,2.92,75.0,0.0,5.0,2.0,1.0,82.0,0,,Comtrade HS2203 import unit value actual; Google Trends price/economy search actual; CPI index generated from annual Korea CPI inflation anchors; OB price event dummy manually coded from public price-increase reporting.
2023-06,2023,official_annual_disaggregated,148249.8,140511.5,7738.2,2146.7,8586.7,62709.6,7738.2,751.3,1822000.0,0.03,0.423,0.03,0.35,0.081366,0.14157,0.133333,20498352.08,8458854.54,73.0,0.0,2.0,70.0,24.0,0.0,Annual beer market anchored to e-Nara/NTS+Comtrade apparent market; monthly split = normalized blend of HS2203 import kg and Google Trends beer. Low-cal and nonalc segments are generated from observed market anchors and Google Trends seasonality.,21.42,25.89,220.3,2,21,30,8,1,1,1,2023,6,2,30,0.0,-1.0,0,0,1,0,0,0,0,21.4167,25.8933,17.6467,33.9,14.1,23.1133,28.08,18.8,36.2,220.3,220.3,0.0,165.0,21,14,3,0,16,2,1,0,0,0,0,5,102.5,0.0,0.3,8.74,26.6,46.4,583.32,19.444,441.321,275.3612,80.3194,38,100,27.305,30.7,8.7497,18.7,0.0165,0.0449,0.39,0.0026,23.0,16.0,0,0,중구,0,Open-Meteo Historical Weather API; Seoul City Hall coordinates; ERA5/ECMWF reanalysis/model archive,Seoul Open Data MonthlyAverageAirQuality API; station=중구; sample-key one-station query,2023,30,8,1,1,9,2,0,2023-06-06 현충일,1,0,121,25,1,0,0,0,0,0,0,0,0,none,72,270,72,270,33,2,3,2,KR holidays from python-holidays/KR observed rules; KBO official Schedule.asmx; MCST regional festival ZIP/XLSX files; global sports event dates hand-coded from official event calendars.,319,74,23,34,0,46,85,13,33,1,4,2,10,5,0,0,2,7,24,32,15,52,496,106,Google News RSS cache generated by prior collection; monthly article counts by query category; deduplicated within category-month-title-link; keyword sentiment is simple title keyword count proxy.,110.152,4.347,3.6,0.9317,9.634,67.0,0.0,4.0,2.0,1.0,73.0,0,,Comtrade HS2203 import unit value actual; Google Trends price/economy search actual; CPI index generated from annual Korea CPI inflation anchors; OB price event dummy manually coded from public price-increase reporting.
2023-07,2023,official_annual_disaggregated,157549.7,156373.3,1176.4,1073.3,4293.3,66643.5,1176.4,375.7,1822000.0,0.03,0.423,0.03,0.35,0.086471,0.021522,0.066667,22492441.74,8050104.8,77.0,0.0,1.0,64.0,0.0,0.0,Annual beer market anchored to e-Nara/NTS+Comtrade apparent market; monthly split = normalized blend of HS2203 import kg and Google Trends beer. Low-cal and nonalc segments are generated from observed market anchors and Google Trends seasonality.,25.1,28.77,417.9,12,28,31,10,0,1,1,2023,7,3,31,-0.5,-0.866,0,0,1,0,1,0,1,25.1032,28.771,22.1032,33.0,19.7,29.1355,33.4355,25.3581,39.6,417.9,417.9,0.0,274.0,28,19,7,0,12,12,1,0,0,0,0,21,220.2,0.0,7.7,8.9806,28.8,51.5,507.78,16.38,448.6349,234.3237,86.3737,50,100,30.5,36.0,8.979,19.485,0.0179,0.0342,0.4,0.0027,22.0,17.0,0,0,중구,0,Open-Meteo Historical Weather API; Seoul City Hall coordinates; ERA5/ECMWF reanalysis/model archive,Seoul Open Data MonthlyAverageAirQuality API; station=중구; sample-key one-station query,2023,31,10,0,0,10,2,0,none,1,1,83,20,1,0,0,0,0,0,0,0,0,none,64,325,64,325,31,2,4,2,KR holidays from python-holidays/KR observed rules; KBO official Schedule.asmx; MCST regional festival ZIP/XLSX files; global sports event dates hand-coded from official event calendars.,293,84,14,42,0,44,89,7,46,3,4,0,10,8,0,0,6,1,31,19,26,47,477,136,Google News RSS cache generated by prior collection; monthly article counts by query category; deduplicated within category-month-title-link; keyword sentiment is simple title keyword count proxy.,110.477,4.222,3.6,0.9123,7.907,60.0,0.0,5.0,2.0,1.0,67.0,0,,Comtrade HS2203 import unit value actual; Google Trends price/economy search actual; CPI index generated from annual Korea CPI inflation anchors; OB price event dummy manually coded from public price-increase reporting.
2023-08,2023,official_annual_disaggregated,167998.0,166747.0,1251.0,3220.0,12880.0,71063.1,1251.0,1127.0,1822000.0,0.03,0.423,0.03,0.35,0.092205,0.022887,0.2,24114123.73,8760080.75,82.0,1.0,3.0,66.0,0.0,0.0,Annual beer market anchored to e-Nara/NTS+Comtrade apparent market; monthly split = normalized blend of HS2203 import kg and Google Trends beer. Low-cal and nonalc segments are generated from observed market anchors and Google Trends seasonality.,25.63,29.27,311.0,16,24,31,8,1,1,1,2023,8,3,31,-0.866,-0.5,0,0,1,0,1,0,1,25.629,29.2677,22.5194,33.7,19.5,29.729,34.0677,26.0677,40.0,311.0,311.0,0.0,240.0,24,18,4,0,13,16,2,0,0,0,0,21,236.5,0.0,20.2,8.4645,25.7,47.5,503.94,16.2561,421.3935,270.8937,83.9435,53,100,31.285,36.885,8.4605,17.985,0.0158,0.0324,0.36,0.0029,18.0,14.0,0,0,중구,0,Open-Meteo Historical Weather API; Seoul City Hall coordinates; ERA5/ECMWF reanalysis/model archive,Seoul Open Data MonthlyAverageAirQuality API; station=중구; sample-key one-station query,2023,31,8,1,1,9,2,0,2023-08-15 광복절,1,1,113,26,1,0,0,0,0,0,0,0,0,none,97,311,97,311,66,3,4,3,KR holidays from python-holidays/KR observed rules; KBO official Schedule.asmx; MCST regional festival ZIP/XLSX files; global sports event dates hand-coded from official event calendars.,251,85,16,43,0,46,101,3,62,0,9,0,18,14,0,0,6,4,23,11,25,136,441,175,Google News RSS cache generated by prior collection; monthly article counts by query category; deduplicated within category-month-title-link; keyword sentiment is simple title keyword count proxy.,110.803,4.098,3.6,0.9401,10.093,57.0,0.0,5.0,2.0,1.0,64.0,0,,Comtrade HS2203 import unit value actual; Google Trends price/economy search actual; CPI index generated from annual Korea CPI inflation anchors; OB price event dummy manually coded from public price-increase reporting.
2023-09,2023,official_annual_disaggregated,151832.5,145696.9,6135.6,1073.3,4293.3,64225.1,6135.6,375.7,1822000.0,0.03,0.423,0.03,0.35,0.083333,0.11225,0.066667,18261064.85,10708369.99,77.0,1.0,1.0,75.0,18.0,0.0,Annual beer market anchored to e-Nara/NTS+Comtrade apparent market; monthly split = normalized blend of HS2203 import kg and Google Trends beer. Low-cal and nonalc segments are generated from observed market anchors and Google Trends seasonality.,21.95,25.95,144.9,2,20,30,9,2,0,1,2023,9,3,30,-1.0,-0.0,0,0,0,1,0,0,0,21.9533,25.9467,18.5967,30.5,12.4,24.1833,28.6433,20.2033,35.8,144.9,144.9,0.0,194.0,20,13,1,0,17,2,0,0,0,0,0,5,118.6,0.0,0.0,7.3533,19.9,39.2,439.77,14.659,373.3025,238.0726,81.7222,45,100,28.0,31.5,7.355,14.505,0.0166,0.0343,0.38,0.0028,16.0,11.0,0,0,중구,0,Open-Meteo Historical Weather API; Seoul City Hall coordinates; ERA5/ECMWF reanalysis/model archive,Seoul Open Data MonthlyAverageAirQuality API; station=중구; sample-key one-station query,2023,30,9,3,2,11,6,3,2023-09-28 추석 전날; 2023-09-29 추석; 2023-09-30 추석 다음날,0,0,110,27,1,0,0,0,8,1,0,0,8,Hangzhou 2022 Asian Games (held 2023),157,566,157,566,89,1,1,1,KR holidays from python-holidays/KR observed rules; KBO official Schedule.asmx; MCST regional festival ZIP/XLSX files; global sports event dates hand-coded from official event calendars.,203,64,17,34,0,43,75,5,32,0,4,1,16,0,0,0,5,6,33,18,2,74,361,120,Google News RSS cache generated by prior collection; monthly article counts by query category; deduplicated within category-month-title-link; keyword sentiment is simple title keyword count proxy.,111.13,3.973,3.6,0.9221,10.271,63.0,0.0,5.0,3.0,1.0,71.0,0,,Comtrade HS2203 import unit value actual; Google Trends price/economy search actual; CPI index generated from annual Korea CPI inflation anchors; OB price event dummy manually coded from public price-increase reporting.
2023-10,2023,official_annual_disaggregated,140937.2,136568.3,4368.9,1073.3,4293.3,59616.4,4368.9,375.7,1822000.0,0.03,0.423,0.03,0.35,0.077353,0.079928,0.066667,18752957.57,7494165.16,70.0,1.0,1.0,57.0,12.0,13.0,Annual beer market anchored to e-Nara/NTS+Comtrade apparent market; monthly split = normalized blend of HS2203 import kg and Google Trends beer. Low-cal and nonalc segments are generated from observed market anchors and Google Trends seasonality.,13.66,18.87,25.0,0,10,31,9,4,0,0,2023,10,4,31,-0.866,0.5,0,0,0,1,0,0,0,13.6645,18.871,9.2871,22.0,4.0,12.471,17.9355,7.5161,22.4,25.0,25.0,0.0,53.0,10,5,0,0,26,0,0,0,0,0,0,0,0.0,134.4,0.0,7.6,24.7,45.0,404.66,13.0535,348.4667,264.2525,76.3548,35,100,20.0,19.785,7.6044,15.485,0.0235,0.0268,0.45,0.003,22.0,14.0,0,0,중구,0,Open-Meteo Historical Weather API; Seoul City Hall coordinates; ERA5/ECMWF reanalysis/model archive,Seoul Open Data MonthlyAverageAirQuality API; station=중구; sample-key one-station query,2023,31,9,3,3,12,6,6,2023-10-02 임시공휴일; 2023-10-03 개천절; 2023-10-09 한글날,0,0,60,17,1,6,6,1,8,1,0,0,8,Hangzhou 2022 Asian Games (held 2023),349,1020,349,1020,212,2,2,2,KR holidays from python-holidays/KR observed rules; KBO official Schedule.asmx; MCST regional festival ZIP/XLSX files; global sports event dates hand-coded from official event calendars.,297,84,15,25,0,48,55,70,36,25,5,1,10,1,0,0,2,35,12,115,6,56,469,-24,Google News RSS cache generated by prior collection; monthly article counts by query category; deduplicated within category-month-title-link; keyword sentiment is simple title keyword count proxy.,111.458,3.849,3.6,0.9251,13.056,62.0,0.0,4.0,1.0,1.0,67.0,0,,Comtrade HS2203 import unit value actual; Google Trends price/economy search actual; CPI index generated from annual Korea CPI inflation anchors; OB price event dummy manually coded from public price-increase reporting.
2023-11,2023,official_annual_disaggregated,133475.4,128919.0,4556.4,1073.3,4293.3,56460.1,4556.4,375.7,1822000.0,0.03,0.423,0.03,0.35,0.073258,0.083359,0.066667,20563782.42,7222069.3,64.0,1.0,1.0,53.0,13.0,0.0,Annual beer market anchored to e-Nara/NTS+Comtrade apparent market; monthly split = normalized blend of HS2203 import kg and Google Trends beer. Low-cal and nonalc segments are generated from observed market anchors and Google Trends seasonality.,4.93,9.61,104.3,0,13,30,8,0,0,0,2023,11,4,30,-0.5,0.866,0,0,0,1,0,1,0,4.93,9.6067,0.89,23.0,-7.7,1.6367,6.56,-2.8733,22.1,104.3,103.8,0.35,103.0,13,8,2,0,22,0,0,0,18,1,0,0,0.0,392.1,0.0,11.19,38.6,71.3,275.84,9.1947,305.4405,218.0465,72.2042,34,100,18.0,17.7,11.1914,22.915,0.0225,0.0217,0.46,0.0029,26.0,18.0,0,0,중구,0,Open-Meteo Historical Weather API; Seoul City Hall coordinates; ERA5/ECMWF reanalysis/model archive,Seoul Open Data MonthlyAverageAirQuality API; station=중구; sample-key one-station query,2023,30,8,0,0,8,2,0,none,0,0,0,0,0,8,8,1,0,0,0,0,0,none,63,227,63,227,36,0,0,0,KR holidays from python-holidays/KR observed rules; KBO official Schedule.asmx; MCST regional festival ZIP/XLSX files; global sports event dates hand-coded from official event calendars.,213,66,11,27,0,43,65,19,32,0,2,0,10,1,0,0,1,13,18,44,2,24,360,77,Google News RSS cache generated by prior collection; monthly article counts by query category; deduplicated within category-month-title-link; keyword sentiment is simple title keyword count proxy.,111.787,3.724,3.6,0.8924,,69.0,0.0,5.0,2.0,1.0,76.0,0,,Comtrade HS2203 import unit value actual; Google Trends price/economy search actual; CPI index generated from annual Korea CPI inflation anchors; OB price event dummy manually coded from public price-increase reporting.
2023-12,2023,official_annual_disaggregated,121100.9,114912.0,6188.9,1073.3,4293.3,51225.7,6188.9,375.7,1822000.0,0.03,0.423,0.03,0.35,0.066466,0.113225,0.066667,13849758.41,6434825.04,62.0,0.0,1.0,71.0,19.0,0.0,Annual beer market anchored to e-Nara/NTS+Comtrade apparent market; monthly split = normalized blend of HS2203 import kg and Google Trends beer. Low-cal and nonalc segments are generated from observed market anchors and Google Trends seasonality.,-0.4,4.22,81.2,0,15,31,10,1,0,0,2023,12,4,31,-0.0,1.0,1,0,0,0,0,1,0,-0.4032,4.2194,-4.3258,15.6,-14.9,-4.4806,0.2097,-8.6065,14.2,81.2,71.9,6.58,108.0,15,6,0,0,25,0,0,0,23,6,4,0,0.0,570.5,0.0,10.2065,30.3,56.2,226.35,7.3016,298.2492,202.5959,68.6573,16,100,9.9,7.285,10.2031,22.0,0.0286,0.0166,0.55,0.003,32.0,22.0,0,0,중구,0,Open-Meteo Historical Weather API; Seoul City Hall coordinates; ERA5/ECMWF reanalysis/model archive,Seoul Open Data MonthlyAverageAirQuality API; station=중구; sample-key one-station query,2023,31,10,1,1,11,3,5,2023-12-25 기독탄신일,0,0,0,0,0,0,0,0,0,0,0,0,0,none,52,222,52,222,23,0,0,0,KR holidays from python-holidays/KR observed rules; KBO official Schedule.asmx; MCST regional festival ZIP/XLSX files; global sports event dates hand-coded from official event calendars.,149,42,14,32,0,42,22,6,11,0,2,0,5,3,0,0,6,11,19,39,7,4,279,26,Google News RSS cache generated by prior collection; monthly article counts by query category; deduplicated within category-month-title-link; keyword sentiment is simple title keyword count proxy.,112.117,3.6,3.6,0.9171,4.463,64.0,0.0,4.0,2.0,1.0,70.0,0,,Comtrade HS2203 import unit value actual; Google Trends price/economy search actual; CPI index generated from annual Korea CPI inflation anchors; OB price event dummy manually coded from public price-increase reporting.
2024-01,2024,official_annual_disaggregated,130048.3,126136.7,3911.6,1029.4,4117.6,57221.3,3694.3,308.8,1759100.0,0.036,0.44,0.034,0.3,0.073929,0.061768,0.058824,14294981.75,6915452.57,61.0,0.0,1.0,41.0,15.0,0.0,Annual beer market anchored to e-Nara/NTS+Comtrade apparent market; monthly split = normalized blend of HS2203 import kg and Google Trends beer. Low-cal and nonalc segments are generated from observed market anchors and Google Trends seasonality.,-2.3,2.64,17.3,0,10,31,8,1,0,0,2024,1,1,31,0.5,0.866,1,0,0,0,0,0,1,-2.2968,2.6355,-6.0548,9.8,-15.0,-6.6839,-2.0419,-10.529,6.3,17.3,8.4,6.23,57.0,10,5,0,0,26,0,0,0,29,6,2,0,0.0,629.2,0.0,9.3903,23.8,47.5,271.54,8.7594,306.6145,223.105,65.4731,19,99,4.885,0.47,9.3868,20.7,0.0269,0.0184,0.55,0.0031,31.0,25.0,0,0,중구,0,Open-Meteo Historical Weather API; Seoul City Hall coordinates; ERA5/ECMWF reanalysis/model archive,Seoul Open Data MonthlyAverageAirQuality API; station=중구; sample-key one-station query,2024,31,8,1,1,9,3,1,2024-01-01 신정연휴,0,0,0,0,0,0,0,0,0,0,0,0,0,none,23,159,23,159,2,0,0,0,KR holidays from python-holidays/KR observed rules; KBO official Schedule.asmx; MCST regional festival ZIP/XLSX files; global sports event dates hand-coded from official event calendars.,166,40,12,19,0,44,32,27,13,0,1,0,1,0,0,0,5,2,6,11,2,15,281,23,Google News RSS cache generated by prior collection; monthly article counts by query category; deduplicated within category-month-title-link; keyword sentiment is simple title keyword count proxy.,112.33,3.491,2.3,0.9535,12.245,64.0,0.0,4.0,2.0,1.0,70.0,0,,Comtrade HS2203 import unit value actual; Google Trends price/economy search actual; CPI index generated from annual Korea CPI inflation anchors; OB price event dummy manually coded from public price-increase reporting.
2024-02,2024,official_annual_disaggregated,120352.8,116961.2,3391.6,1029.4,4117.6,52955.2,3203.2,308.8,1759100.0,0.036,0.44,0.034,0.3,0.068417,0.053556,0.058824,17448692.36,7362069.22,53.0,0.0,1.0,54.0,13.0,12.0,Annual beer market anchored to e-Nara/NTS+Comtrade apparent market; monthly split = normalized blend of HS2203 import kg and Google Trends beer. Low-cal and nonalc segments are generated from observed market anchors and Google Trends seasonality.,1.81,6.78,64.2,0,14,29,8,3,0,0,2024,2,1,29,0.866,0.5,1,0,0,0,0,0,1,1.8069,6.7828,-2.4414,16.3,-7.1,-1.9379,3.0966,-6.3621,13.7,64.2,32.9,21.91,142.0,14,12,0,0,17,0,0,0,23,0,0,0,0.0,469.6,0.0,9.531,25.6,47.5,257.08,8.8648,313.2927,156.8528,76.5201,26,100,9.0,7.55,9.5388,20.4,0.0246,0.0235,0.47,0.0028,29.0,23.0,0,0,중구,0,Open-Meteo Historical Weather API; Seoul City Hall coordinates; ERA5/ECMWF reanalysis/model archive,Seoul Open Data MonthlyAverageAirQuality API; station=중구; sample-key one-station query,2024,29,8,4,2,10,4,4,2024-02-09 설날 전날; 2024-02-10 설날; 2024-02-11 설날 다음날; 2024-02-12 설날 대체 휴일,0,0,0,0,0,0,0,0,0,0,0,0,0,none,18,95,18,95,2,0,0,0,KR holidays from python-holidays/KR observed rules; KBO official Schedule.asmx; MCST regional festival ZIP/XLSX files; global sports event dates hand-coded from official event calendars.,127,32,19,27,0,43,28,3,7,1,2,0,9,1,0,0,6,2,54,1,2,3,248,45,Google News RSS cache generated by prior collection; monthly article counts by query category; deduplicated within category-month-title-link; keyword sentiment is simple title keyword count proxy.,112.543,3.382,2.3,0.9287,5.011,60.0,0.0,4.0,2.0,0.0,66.0,0,,Comtrade HS2203 import unit value actual; Google Trends price/economy search actual; CPI index generated from annual Korea CPI inflation anchors; OB price event dummy manually coded from public price-increase reporting.
2024-03,2024,official_annual_disaggregated,124442.6,115240.4,9202.2,1029.4,4117.6,54754.7,8691.0,308.8,1759100.0,0.036,0.44,0.034,0.3,0.070742,0.145311,0.058824,16576187.66,9738999.04,56.0,0.0,1.0,48.0,40.0,22.0,Annual beer market anchored to e-Nara/NTS+Comtrade apparent market; monthly split = normalized blend of HS2203 import kg and Google Trends beer. Low-cal and nonalc segments are generated from observed market anchors and Google Trends seasonality.,4.65,10.64,51.1,0,15,31,10,1,0,0,2024,3,1,31,1.0,0.0,0,1,0,0,0,0,0,4.6548,10.6387,-0.4613,19.2,-8.3,0.9129,6.9065,-4.3452,17.1,51.1,45.9,3.64,77.0,15,10,0,0,21,0,0,0,18,1,0,0,0.0,413.7,0.0,10.9065,33.6,61.9,485.02,15.6458,371.3257,270.0228,66.0565,18,100,13.555,10.3,10.9039,24.07,0.0215,0.0354,0.38,0.0028,41.0,23.0,0,0,중구,0,Open-Meteo Historical Weather API; Seoul City Hall coordinates; ERA5/ECMWF reanalysis/model archive,Seoul Open Data MonthlyAverageAirQuality API; station=중구; sample-key one-station query,2024,31,10,1,1,11,3,3,2024-03-01 삼일절,0,0,37,8,1,0,0,0,0,0,0,0,0,none,66,231,66,231,19,0,0,0,KR holidays from python-holidays/KR observed rules; KBO official Schedule.asmx; MCST regional festival ZIP/XLSX files; global sports event dates hand-coded from official event calendars.,182,72,17,31,0,39,43,12,23,1,2,0,7,0,0,0,7,1,43,6,1,16,341,68,Google News RSS cache generated by prior collection; monthly article counts by query category; deduplicated within category-month-title-link; keyword sentiment is simple title keyword count proxy.,112.756,3.273,2.3,0.9243,1.531,68.0,0.0,4.0,1.0,1.0,73.0,0,,Comtrade HS2203 import unit value actual; Google Trends price/economy search actual; CPI index generated from annual Korea CPI inflation anchors; OB price event dummy manually coded from public price-increase reporting.
2024-04,2024,official_annual_disaggregated,133582.0,128207.5,5374.5,1029.4,4117.6,58776.1,5075.9,308.8,1759100.0,0.036,0.44,0.034,0.3,0.075938,0.084869,0.058824,20375897.11,8085867.26,58.0,0.0,1.0,34.0,22.0,20.0,Annual beer market anchored to e-Nara/NTS+Comtrade apparent market; monthly split = normalized blend of HS2203 import kg and Google Trends beer. Low-cal and nonalc segments are generated from observed market anchors and Google Trends seasonality.,13.8,20.5,40.1,0,9,30,8,1,0,1,2024,4,2,30,0.866,-0.5,0,1,0,0,0,0,0,13.7967,20.5,8.4267,28.0,2.8,11.83,18.9667,6.2967,27.1,40.1,40.1,0.0,50.0,9,4,0,0,26,0,0,0,0,0,0,0,0.0,126.1,0.0,9.3867,24.5,46.8,513.45,17.115,395.5758,254.7937,65.7236,24,100,22.805,21.7,9.3933,18.905,0.0233,0.0406,0.4,0.0032,42.0,22.0,0,0,중구,0,Open-Meteo Historical Weather API; Seoul City Hall coordinates; ERA5/ECMWF reanalysis/model archive,Seoul Open Data MonthlyAverageAirQuality API; station=중구; sample-key one-station query,2024,30,8,1,1,9,2,0,2024-04-10 국회의원 선거일,0,0,121,25,1,0,0,0,0,0,0,0,0,none,144,434,144,434,76,0,0,0,KR holidays from python-holidays/KR observed rules; KBO official Schedule.asmx; MCST regional festival ZIP/XLSX files; global sports event dates hand-coded from official event calendars.,278,70,9,31,0,47,80,15,33,2,5,0,15,1,0,0,12,9,22,24,2,49,435,118,Google News RSS cache generated by prior collection; monthly article counts by query category; deduplicated within category-month-title-link; keyword sentiment is simple title keyword count proxy.,112.97,3.165,2.3,0.9117,-2.638,74.0,0.0,4.0,2.0,1.0,80.0,1,0,Comtrade HS2203 import unit value actual; Google Trends price/economy search actual; CPI index generated from annual Korea CPI inflation anchors; OB price event dummy manually coded from public price-increase reporting.
2024-05,2024,official_annual_disaggregated,170523.8,165121.3,5402.5,1029.4,4117.6,75030.5,5102.4,308.8,1759100.0,0.036,0.44,0.034,0.3,0.096938,0.08531,0.058824,19948338.13,10989399.06,79.0,0.0,1.0,87.0,21.0,20.0,Annual beer market anchored to e-Nara/NTS+Comtrade apparent market; monthly split = normalized blend of HS2203 import kg and Google Trends beer. Low-cal and nonalc segments are generated from observed market anchors and Google Trends seasonality.,16.56,22.2,127.1,0,11,31,8,3,0,1,2024,5,2,31,0.5,-0.866,0,1,0,0,0,0,0,16.5645,22.1968,11.529,27.8,5.9,15.6677,21.6516,10.2484,27.2,127.1,127.1,0.0,97.0,11,8,1,0,23,0,0,0,0,0,0,0,7.5,52.0,0.0,9.9387,35.7,66.6,617.42,19.9168,440.3239,298.0088,71.7097,21,100,23.8,24.3,9.9491,19.985,0.0168,0.0415,0.32,0.0029,25.0,16.0,0,0,중구,0,Open-Meteo Historical Weather API; Seoul City Hall coordinates; ERA5/ECMWF reanalysis/model archive,Seoul Open Data MonthlyAverageAirQuality API; station=중구; sample-key one-station query,2024,31,8,3,2,10,3,3,2024-05-05 어린이날; 2024-05-06 어린이날 대체 휴일; 2024-05-15 부처님오신날,0,0,122,26,1,0,0,0,0,0,0,0,0,none,182,541,182,541,70,2,2,2,KR holidays from python-holidays/KR observed rules; KBO official Schedule.asmx; MCST regional festival ZIP/XLSX files; global sports event dates hand-coded from official event calendars.,273,96,42,37,0,37,70,18,50,1,6,0,13,0,0,0,4,1,116,10,9,63,485,123,Google News RSS cache generated by prior collection; monthly article counts by query category; deduplicated within category-month-title-link; keyword sentiment is simple title keyword count proxy.,113.184,3.056,2.3,0.8919,-6.207,70.0,1.0,5.0,2.0,1.0,78.0,0,1,Comtrade HS2203 import unit value actual; Google Trends price/economy search actual; CPI index generated from annual Korea CPI inflation anchors; OB price event dummy manually coded from public price-increase reporting.
2024-06,2024,official_annual_disaggregated,173723.9,169593.5,4130.5,2058.8,8235.3,76438.5,3901.0,617.6,1759100.0,0.036,0.44,0.034,0.3,0.098757,0.065224,0.117647,20912456.44,8218112.34,80.0,0.0,2.0,55.0,15.0,30.0,Annual beer market anchored to e-Nara/NTS+Comtrade apparent market; monthly split = normalized blend of HS2203 import kg and Google Trends beer. Low-cal and nonalc segments are generated from observed market anchors and Google Trends seasonality.,22.85,29.05,109.9,11,12,30,10,0,1,1,2024,6,2,30,0.0,-1.0,0,0,1,0,0,0,0,22.8533,29.0533,17.5167,35.6,12.2,23.8167,30.2633,18.5967,37.0,109.9,109.9,0.0,93.0,12,9,1,0,21,11,2,0,0,0,0,12,145.6,0.0,1.8,8.6533,30.8,55.4,681.4,22.7133,441.4276,330.6317,66.6417,21,100,30.8,32.11,8.6482,19.91,0.0172,0.0482,0.33,0.0032,25.0,18.0,0,0,중구,0,Open-Meteo Historical Weather API; Seoul City Hall coordinates; ERA5/ECMWF reanalysis/model archive,Seoul Open Data MonthlyAverageAirQuality API; station=중구; sample-key one-station query,2024,30,10,1,1,11,2,0,2024-06-06 현충일,1,0,125,26,1,0,0,0,0,0,0,0,0,none,75,219,75,219,39,4,8,4,KR holidays from python-holidays/KR observed rules; KBO official Schedule.asmx; MCST regional festival ZIP/XLSX files; global sports event dates hand-coded from official event calendars.,300,100,27,44,0,48,80,5,46,0,4,0,17,9,0,0,5,2,70,4,18,116,519,136,Google News RSS cache generated by prior collection; monthly article counts by query category; deduplicated within category-month-title-link; keyword sentiment is simple title keyword count proxy.,113.399,2.948,2.3,0.8901,-4.471,70.0,0.0,4.0,1.0,1.0,75.0,0,2,Comtrade HS2203 import unit value actual; Google Trends price/economy search actual; CPI index generated from annual Korea CPI inflation anchors; OB price event dummy manually coded from public price-increase reporting.
2024-07,2024,official_annual_disaggregated,163853.4,158508.5,5344.9,2058.8,8235.3,72095.5,5048.0,617.6,1759100.0,0.036,0.44,0.034,0.3,0.093146,0.084401,0.117647,21502136.32,11475827.9,74.0,0.0,2.0,78.0,21.0,33.0,Annual beer market anchored to e-Nara/NTS+Comtrade apparent market; monthly split = normalized blend of HS2203 import kg and Google Trends beer. Low-cal and nonalc segments are generated from observed market anchors and Google Trends seasonality.,25.25,28.77,522.2,12,30,31,8,0,1,1,2024,7,3,31,-0.5,-0.866,0,0,1,0,1,0,1,25.2516,28.7742,22.6258,32.8,19.2,28.9935,32.8,25.8258,38.4,522.2,522.2,0.0,355.0,30,24,6,1,7,12,0,3,0,0,0,18,224.8,0.0,8.9,11.9871,37.5,70.6,486.97,15.7087,448.1595,218.9414,86.8091,52,100,30.085,34.585,11.9956,25.885,0.0143,0.0298,0.31,0.0026,18.0,12.0,0,0,중구,0,Open-Meteo Historical Weather API; Seoul City Hall coordinates; ERA5/ECMWF reanalysis/model archive,Seoul Open Data MonthlyAverageAirQuality API; station=중구; sample-key one-station query,2024,31,8,0,0,8,2,0,none,1,1,97,23,1,0,0,0,6,1,6,0,0,Paris 2024 Summer Olympics,64,262,64,262,39,1,1,1,KR holidays from python-holidays/KR observed rules; KBO official Schedule.asmx; MCST regional festival ZIP/XLSX files; global sports event dates hand-coded from official event calendars.,266,90,25,42,0,40,72,15,40,7,2,0,8,9,0,0,7,5,66,12,37,128,463,93,Google News RSS cache generated by prior collection; monthly article counts by query category; deduplicated within category-month-title-link; keyword sentiment is simple title keyword count proxy.,113.614,2.84,2.3,0.9033,-0.988,66.0,1.0,5.0,2.0,1.0,74.0,0,3,Comtrade HS2203 import unit value actual; Google Trends price/economy search actual; CPI index generated from annual Korea CPI inflation anchors; OB price event dummy manually coded from public price-increase reporting.
2024-08,2024,official_annual_disaggregated,179313.1,171702.2,7610.9,3088.2,12352.9,78897.7,7188.1,926.5,1759100.0,0.036,0.44,0.034,0.3,0.101935,0.120183,0.176471,18619902.41,6088946.15,85.0,1.0,3.0,90.0,31.0,41.0,Annual beer market anchored to e-Nara/NTS+Comtrade apparent market; monthly split = normalized blend of HS2203 import kg and Google Trends beer. Low-cal and nonalc segments are generated from observed market anchors and Google Trends seasonality.,27.27,31.24,181.6,24,24,31,9,1,1,1,2024,8,3,31,-0.866,-0.5,0,0,1,0,1,0,1,27.271,31.2387,24.0452,34.0,19.4,32.5677,37.4194,28.6742,41.2,181.6,181.6,0.0,165.0,24,16,1,0,15,24,3,12,0,0,0,30,287.4,0.0,42.7,7.1645,28.3,51.1,606.54,19.5658,420.5826,343.3653,83.4059,53,100,31.9,38.7,7.1618,16.2,0.0095,0.0384,0.29,0.0027,22.0,17.0,0,0,중구,0,Open-Meteo Historical Weather API; Seoul City Hall coordinates; ERA5/ECMWF reanalysis/model archive,Seoul Open Data MonthlyAverageAirQuality API; station=중구; sample-key one-station query,2024,31,9,1,1,10,2,0,2024-08-15 광복절,1,1,119,27,1,0,0,0,11,1,11,0,0,Paris 2024 Summer Olympics,104,302,104,302,60,3,5,3,KR holidays from python-holidays/KR observed rules; KBO official Schedule.asmx; MCST regional festival ZIP/XLSX files; global sports event dates hand-coded from official event calendars.,111,109,16,36,0,35,46,9,80,3,4,1,16,10,0,0,4,7,31,6,37,92,307,120,Google News RSS cache generated by prior collection; monthly article counts by query category; deduplicated within category-month-title-link; keyword sentiment is simple title keyword count proxy.,113.83,2.732,2.3,0.9174,-2.421,66.0,0.0,4.0,2.0,1.0,72.0,0,4,Comtrade HS2203 import unit value actual; Google Trends price/economy search actual; CPI index generated from annual Korea CPI inflation anchors; OB price event dummy manually coded from public price-increase reporting.
2024-09,2024,official_annual_disaggregated,153286.7,147785.4,5501.2,2058.8,8235.3,67446.1,5195.6,617.6,1759100.0,0.036,0.44,0.034,0.3,0.087139,0.08687,0.117647,20393923.6,9263188.87,69.0,0.0,2.0,73.0,22.0,14.0,Annual beer market anchored to e-Nara/NTS+Comtrade apparent market; monthly split = normalized blend of HS2203 import kg and Google Trends beer. Low-cal and nonalc segments are generated from observed market anchors and Google Trends seasonality.,23.54,27.6,210.0,5,20,30,9,3,0,1,2024,9,3,30,-1.0,-0.0,0,0,0,1,0,0,0,23.5367,27.6033,20.1233,32.7,13.7,26.3233,30.9967,21.9833,38.9,210.0,210.0,0.0,170.0,20,14,1,0,16,5,0,0,0,0,0,13,166.1,0.0,4.5,8.4533,26.4,47.9,460.8,15.36,372.3981,262.7885,80.2681,50,100,29.5,34.805,8.4467,17.5,0.0076,0.0334,0.29,0.0028,16.0,9.0,0,0,중구,0,Open-Meteo Historical Weather API; Seoul City Hall coordinates; ERA5/ECMWF reanalysis/model archive,Seoul Open Data MonthlyAverageAirQuality API; station=중구; sample-key one-station query,2024,30,9,3,3,12,5,5,2024-09-16 추석 전날; 2024-09-17 추석; 2024-09-18 추석 다음날,0,0,98,27,1,0,0,0,0,0,0,0,0,none,169,491,169,491,100,2,2,2,KR holidays from python-holidays/KR observed rules; KBO official Schedule.asmx; MCST regional festival ZIP/XLSX files; global sports event dates hand-coded from official event calendars.,98,89,24,42,0,45,30,1,43,0,4,1,13,7,0,0,9,6,46,9,13,59,298,84,Google News RSS cache generated by prior collection; monthly article counts by query category; deduplicated within category-month-title-link; keyword sentiment is simple title keyword count proxy.,114.046,2.623,2.3,0.9204,-0.182,62.0,1.0,4.0,2.0,1.0,69.0,0,5,Comtrade HS2203 import unit value actual; Google Trends price/economy search actual; CPI index generated from annual Korea CPI inflation anchors; OB price event dummy manually coded from public price-increase reporting.
2024-10,2024,official_annual_disaggregated,137875.9,132917.7,4958.2,1029.4,4117.6,60665.4,4682.7,308.8,1759100.0,0.036,0.44,0.034,0.3,0.078379,0.078294,0.058824,22087347.36,10407414.51,59.0,0.0,1.0,61.0,20.0,23.0,Annual beer market anchored to e-Nara/NTS+Comtrade apparent market; monthly split = normalized blend of HS2203 import kg and Google Trends beer. Low-cal and nonalc segments are generated from observed market anchors and Google Trends seasonality.,14.57,19.51,75.5,0,14,31,8,2,0,0,2024,10,4,31,-0.866,0.5,0,0,0,1,0,0,0,14.5677,19.5065,10.1806,23.1,4.6,13.6548,19.171,8.6484,23.6,75.5,75.5,0.0,63.0,14,5,1,0,26,0,0,0,0,0,0,0,0.0,106.4,0.0,8.0903,28.2,51.5,358.62,11.5684,347.5692,223.5491,77.8642,37,100,20.8,21.0,8.0895,17.885,0.0122,0.0248,0.38,0.003,20.0,13.0,0,0,중구,0,Open-Meteo Historical Weather API; Seoul City Hall coordinates; ERA5/ECMWF reanalysis/model archive,Seoul Open Data MonthlyAverageAirQuality API; station=중구; sample-key one-station query,2024,31,8,3,3,11,2,0,2024-10-01 국군의 날; 2024-10-03 개천절; 2024-10-09 한글날,0,0,1,1,1,16,16,1,0,0,0,0,0,none,358,1012,358,1012,226,2,4,2,KR holidays from python-holidays/KR observed rules; KBO official Schedule.asmx; MCST regional festival ZIP/XLSX files; global sports event dates hand-coded from official event calendars.,98,73,18,24,0,42,22,11,40,6,5,2,5,3,0,0,1,18,24,38,8,55,255,33,Google News RSS cache generated by prior collection; monthly article counts by query category; deduplicated within category-month-title-link; keyword sentiment is simple title keyword count proxy.,114.262,2.516,2.3,0.9089,-1.752,60.0,0.0,4.0,2.0,1.0,66.0,0,6,Comtrade HS2203 import unit value actual; Google Trends price/economy search actual; CPI index generated from annual Korea CPI inflation anchors; OB price event dummy manually coded from public price-increase reporting.
2024-11,2024,official_annual_disaggregated,130414.7,126098.3,4316.4,1029.4,4117.6,57382.5,4076.6,308.8,1759100.0,0.036,0.44,0.034,0.3,0.074137,0.06816,0.058824,16989773.05,7452040.9,59.0,0.0,1.0,58.0,17.0,21.0,Annual beer market anchored to e-Nara/NTS+Comtrade apparent market; monthly split = normalized blend of HS2203 import kg and Google Trends beer. Low-cal and nonalc segments are generated from observed market anchors and Google Trends seasonality.,7.53,12.56,42.2,0,9,30,9,0,0,0,2024,11,4,30,-0.5,0.866,0,0,0,1,0,1,0,7.53,12.56,3.3367,22.5,-7.8,4.96,10.22,0.3267,21.6,42.2,29.7,8.75,59.0,9,6,0,0,24,0,0,0,9,0,0,0,0.0,314.1,0.0,7.4167,21.9,56.9,290.58,9.686,304.7796,224.8514,72.0403,24,100,17.0,16.215,7.4088,16.0,0.0157,0.0218,0.42,0.0032,24.0,16.0,0,0,중구,0,Open-Meteo Historical Weather API; Seoul City Hall coordinates; ERA5/ECMWF reanalysis/model archive,Seoul Open Data MonthlyAverageAirQuality API; station=중구; sample-key one-station query,2024,30,9,0,0,9,2,0,none,0,0,0,0,0,0,0,0,0,0,0,0,0,none,59,176,59,176,33,0,0,0,KR holidays from python-holidays/KR observed rules; KBO official Schedule.asmx; MCST regional festival ZIP/XLSX files; global sports event dates hand-coded from official event calendars.,99,58,21,43,0,42,27,2,24,1,7,1,10,1,0,0,8,10,30,11,6,15,263,61,Google News RSS cache generated by prior collection; monthly article counts by query category; deduplicated within category-month-title-link; keyword sentiment is simple title keyword count proxy.,114.479,2.408,2.3,0.9161,2.66,70.0,1.0,4.0,2.0,2.0,77.0,0,6,Comtrade HS2203 import unit value actual; Google Trends price/economy search actual; CPI index generated from annual Korea CPI inflation anchors; OB price event dummy manually coded from public price-increase reporting.
2024-12,2024,official_annual_disaggregated,141682.8,137499.7,4183.1,1029.4,4117.6,62340.4,3950.7,308.8,1759100.0,0.036,0.44,0.034,0.3,0.080543,0.066055,0.058824,16132672.07,7166612.82,66.0,0.0,1.0,85.0,16.0,35.0,Annual beer market anchored to e-Nara/NTS+Comtrade apparent market; monthly split = normalized blend of HS2203 import kg and Google Trends beer. Low-cal and nonalc segments are generated from observed market anchors and Google Trends seasonality.,-1.13,2.92,2.7,0,7,31,9,1,0,0,2024,12,4,31,-0.0,1.0,1,0,0,0,0,1,0,-1.129,2.9161,-4.3097,12.4,-9.4,-5.1903,-1.3387,-8.5677,10.4,2.7,1.2,1.05,18.0,7,0,0,0,31,0,0,0,31,3,0,0,0.0,593.0,0.0,7.1194,21.7,51.8,275.18,8.8768,298.1337,245.7681,60.9664,25,100,4.2,0.8,7.1199,14.4,0.0167,0.0194,0.48,0.0035,30.0,20.0,0,0,중구,0,Open-Meteo Historical Weather API; Seoul City Hall coordinates; ERA5/ECMWF reanalysis/model archive,Seoul Open Data MonthlyAverageAirQuality API; station=중구; sample-key one-station query,2024,31,9,1,1,10,2,0,2024-12-25 기독탄신일,0,0,0,0,0,0,0,0,0,0,0,0,0,none,58,260,58,260,25,0,0,0,KR holidays from python-holidays/KR observed rules; KBO official Schedule.asmx; MCST regional festival ZIP/XLSX files; global sports event dates hand-coded from official event calendars.,99,54,16,30,0,31,28,2,14,0,2,0,4,3,0,0,3,2,29,7,3,6,230,44,Google News RSS cache generated by prior collection; monthly article counts by query category; deduplicated within category-month-title-link; keyword sentiment is simple title keyword count proxy.,114.696,2.3,2.3,0.8815,-3.883,73.0,0.0,5.0,1.0,1.0,79.0,0,6,Comtrade HS2203 import unit value actual; Google Trends price/economy search actual; CPI index generated from annual Korea CPI inflation anchors; OB price event dummy manually coded from public price-increase reporting.
2025-01,2025,generated_2025_provisional,144073.8,142988.5,1085.4,1333.3,5333.3,70308.0,1131.6,333.3,1899828.0,0.047,0.488,0.049,0.25,0.075835,0.012155,0.066667,19272097.74,6133512.21,66.0,0.0,2.0,57.0,0.0,27.0,Annual beer market anchored to e-Nara/NTS+Comtrade apparent market; monthly split = normalized blend of HS2203 import kg and Google Trends beer. Low-cal and nonalc segments are generated from observed market anchors and Google Trends seasonality.,-2.14,1.96,19.3,0,10,31,8,4,0,0,2025,1,1,31,0.5,0.866,1,0,0,0,0,0,1,-2.1387,1.9613,-5.2516,7.9,-12.4,-6.2194,-2.3419,-9.4548,3.9,19.3,2.6,11.9,61.0,10,4,0,0,27,0,0,0,31,9,2,0,0.0,624.3,0.0,6.971,22.3,55.1,274.12,8.8426,307.126,216.2039,63.3468,18,99,4.485,1.085,6.9723,15.885,0.0274,0.0191,0.53,0.0032,40.0,30.0,0,0,중구,0,Open-Meteo Historical Weather API; Seoul City Hall coordinates; ERA5/ECMWF reanalysis/model archive,Seoul Open Data MonthlyAverageAirQuality API; station=중구; sample-key one-station query,2025,31,8,5,5,13,6,6,2025-01-01 신정연휴; 2025-01-27 임시공휴일; 2025-01-28 설날 전날; 2025-01-29 설날; 2025-01-30 설날 다음날,0,0,0,0,0,0,0,0,0,0,0,0,0,none,21,191,21,191,1,0,0,0,KR holidays from python-holidays/KR observed rules; KBO official Schedule.asmx; MCST regional festival ZIP/XLSX files; global sports event dates hand-coded from official event calendars.,99,39,28,18,0,45,19,6,8,0,7,0,1,0,0,0,5,7,38,4,3,4,229,27,Google News RSS cache generated by prior collection; monthly article counts by query category; deduplicated within category-month-title-link; keyword sentiment is simple title keyword count proxy.,114.904,2.292,2.2,0.8521,-10.631,79.0,0.0,5.0,3.0,1.0,87.0,0,6,Comtrade HS2203 import unit value actual; Google Trends price/economy search actual; CPI index generated from annual Korea CPI inflation anchors; OB price event dummy manually coded from public price-increase reporting.
2025-02,2025,generated_2025_provisional,133507.6,126887.9,6619.7,666.7,2666.7,65151.7,6901.4,166.7,1899828.0,0.047,0.488,0.049,0.25,0.070274,0.074136,0.033333,18053796.48,11976932.07,61.0,0.0,1.0,65.0,19.0,25.0,Annual beer market anchored to e-Nara/NTS+Comtrade apparent market; monthly split = normalized blend of HS2203 import kg and Google Trends beer. Low-cal and nonalc segments are generated from observed market anchors and Google Trends seasonality.,-2.65,2.24,4.5,0,5,28,8,0,0,0,2025,2,1,28,0.866,0.5,1,0,0,0,0,0,1,-2.6464,2.2429,-6.4607,10.6,-13.6,-7.1857,-2.5321,-10.9286,7.1,4.5,0.3,2.94,21.0,5,2,0,0,26,0,0,0,27,7,2,0,0.0,578.1,0.0,9.5179,25.8,60.5,380.95,13.6054,302.7417,254.6499,57.5833,19,99,6.145,2.445,9.5103,18.845,0.0236,0.0268,0.46,0.0031,33.0,22.0,0,0,중구,0,Open-Meteo Historical Weather API; Seoul City Hall coordinates; ERA5/ECMWF reanalysis/model archive,Seoul Open Data MonthlyAverageAirQuality API; station=중구; sample-key one-station query,2025,28,8,0,0,8,2,0,none,0,0,0,0,0,0,0,0,0,0,0,0,0,none,21,81,21,81,1,0,0,0,KR holidays from python-holidays/KR observed rules; KBO official Schedule.asmx; MCST regional festival ZIP/XLSX files; global sports event dates hand-coded from official event calendars.,99,51,19,23,0,46,17,35,14,5,8,0,5,1,0,0,11,21,27,44,5,14,238,-7,Google News RSS cache generated by prior collection; monthly article counts by query category; deduplicated within category-month-title-link; keyword sentiment is simple title keyword count proxy.,115.113,2.283,2.2,0.8887,-4.304,72.0,0.0,4.0,2.0,2.0,78.0,0,6,Comtrade HS2203 import unit value actual; Google Trends price/economy search actual; CPI index generated from annual Korea CPI inflation anchors; OB price event dummy manually coded from public price-increase reporting.
2025-03,2025,generated_2025_provisional,153380.3,145396.4,7983.9,666.7,2666.7,74849.6,8323.6,166.7,1899828.0,0.047,0.488,0.049,0.25,0.080734,0.089413,0.033333,18394332.71,9664103.05,72.0,0.0,1.0,71.0,23.0,25.0,Annual beer market anchored to e-Nara/NTS+Comtrade apparent market; monthly split = normalized blend of HS2203 import kg and Google Trends beer. Low-cal and nonalc segments are generated from observed market anchors and Google Trends seasonality.,5.83,11.63,44.8,0,14,31,10,1,0,0,2025,3,1,31,1.0,0.0,0,1,0,0,0,0,0,5.8323,11.629,1.0613,22.9,-3.8,2.4613,8.3032,-2.4355,19.8,44.8,29.8,10.5,63.0,14,8,0,0,23,0,0,0,15,0,0,0,0.0,377.2,0.0,8.8968,26.5,68.0,503.04,16.2271,371.0211,275.7729,64.7245,13,100,16.4,13.5,8.8988,19.585,0.0223,0.0398,0.43,0.0031,47.0,32.0,0,0,중구,0,Open-Meteo Historical Weather API; Seoul City Hall coordinates; ERA5/ECMWF reanalysis/model archive,Seoul Open Data MonthlyAverageAirQuality API; station=중구; sample-key one-station query,2025,31,10,2,1,11,3,3,2025-03-01 삼일절; 2025-03-03 삼일절 대체 휴일,0,0,39,8,1,0,0,0,0,0,0,0,0,none,83,324,83,324,17,0,0,0,KR holidays from python-holidays/KR observed rules; KBO official Schedule.asmx; MCST regional festival ZIP/XLSX files; global sports event dates hand-coded from official event calendars.,93,101,17,32,0,36,19,17,32,19,3,1,6,2,0,0,4,19,34,57,7,21,279,6,Google News RSS cache generated by prior collection; monthly article counts by query category; deduplicated within category-month-title-link; keyword sentiment is simple title keyword count proxy.,115.321,2.275,2.2,0.8754,-5.292,72.0,0.0,5.0,2.0,1.0,79.0,0,6,Comtrade HS2203 import unit value actual; Google Trends price/economy search actual; CPI index generated from annual Korea CPI inflation anchors; OB price event dummy manually coded from public price-increase reporting.
2025-04,2025,generated_2025_provisional,139014.3,130267.2,8747.1,1333.3,5333.3,67839.0,9119.3,333.3,1899828.0,0.047,0.488,0.049,0.25,0.073172,0.09796,0.066667,18206908.63,11153408.92,64.0,0.0,2.0,92.0,26.0,32.0,Annual beer market anchored to e-Nara/NTS+Comtrade apparent market; monthly split = normalized blend of HS2203 import kg and Google Trends beer. Low-cal and nonalc segments are generated from observed market anchors and Google Trends seasonality.,11.53,17.43,103.4,0,11,30,8,0,0,1,2025,4,2,30,0.866,-0.5,0,1,0,0,0,0,0,11.53,17.43,6.2433,24.5,0.0,9.5533,15.5933,4.17,24.2,103.4,90.6,8.96,95.0,11,6,0,0,24,0,0,0,0,0,0,0,0.0,194.1,0.0,7.9567,29.2,69.8,560.74,18.6913,395.3008,292.0469,68.8139,23,100,20.705,20.2,7.9546,16.305,0.0199,0.0463,0.39,0.0031,34.0,21.0,0,0,중구,0,Open-Meteo Historical Weather API; Seoul City Hall coordinates; ERA5/ECMWF reanalysis/model archive,Seoul Open Data MonthlyAverageAirQuality API; station=중구; sample-key one-station query,2025,30,8,0,0,8,2,0,none,0,0,114,25,1,0,0,0,0,0,0,0,0,none,180,710,180,710,53,0,0,0,KR holidays from python-holidays/KR observed rules; KBO official Schedule.asmx; MCST regional festival ZIP/XLSX files; global sports event dates hand-coded from official event calendars.,99,124,20,40,0,42,16,9,31,5,3,0,17,1,0,0,3,11,47,29,9,14,325,44,Google News RSS cache generated by prior collection; monthly article counts by query category; deduplicated within category-month-title-link; keyword sentiment is simple title keyword count proxy.,115.531,2.267,2.2,0.8966,-1.659,64.0,0.0,5.0,2.0,1.0,71.0,1,0,Comtrade HS2203 import unit value actual; Google Trends price/economy search actual; CPI index generated from annual Korea CPI inflation anchors; OB price event dummy manually coded from public price-increase reporting.
2025-05,2025,generated_2025_provisional,155327.8,146452.7,8875.0,2000.0,8000.0,75799.9,9252.7,500.0,1899828.0,0.047,0.488,0.049,0.25,0.081759,0.099394,0.1,19745199.86,9216348.01,72.0,0.0,3.0,59.0,26.0,38.0,Annual beer market anchored to e-Nara/NTS+Comtrade apparent market; monthly split = normalized blend of HS2203 import kg and Google Trends beer. Low-cal and nonalc segments are generated from observed market anchors and Google Trends seasonality.,16.61,21.61,102.9,0,19,31,9,4,0,1,2025,5,2,31,0.5,-0.866,0,1,0,0,0,0,0,16.6129,21.6097,12.1645,29.5,6.7,16.0355,21.271,11.4,32.5,102.9,102.9,0.0,118.0,19,9,1,0,22,0,0,0,0,0,0,1,30.1,73.1,0.0,7.5548,22.8,54.7,565.57,18.2442,440.1167,258.6995,71.164,21,99,25.585,26.0,7.5522,15.785,0.0163,0.0479,0.36,0.0031,29.0,19.0,0,0,중구,0,Open-Meteo Historical Weather API; Seoul City Hall coordinates; ERA5/ECMWF reanalysis/model archive,Seoul Open Data MonthlyAverageAirQuality API; station=중구; sample-key one-station query,2025,31,9,2,2,11,4,4,2025-05-05 부처님오신날; 어린이날; 2025-05-06 부처님오신날 대체 휴일; 어린이날 대체 휴일,0,0,131,26,1,0,0,0,0,0,0,0,0,none,224,996,224,996,58,1,3,1,KR holidays from python-holidays/KR observed rules; KBO official Schedule.asmx; MCST regional festival ZIP/XLSX files; global sports event dates hand-coded from official event calendars.,98,99,26,41,0,33,25,14,46,2,6,0,13,4,0,0,4,20,29,39,19,49,297,54,Google News RSS cache generated by prior collection; monthly article counts by query category; deduplicated within category-month-title-link; keyword sentiment is simple title keyword count proxy.,115.741,2.258,2.2,0.9583,7.45,58.0,1.0,5.0,2.0,1.0,66.0,0,1,Comtrade HS2203 import unit value actual; Google Trends price/economy search actual; CPI index generated from annual Korea CPI inflation anchors; OB price event dummy manually coded from public price-increase reporting.
2025-06,2025,generated_2025_provisional,159174.6,152362.9,6811.7,2000.0,8000.0,77677.2,7101.5,500.0,1899828.0,0.047,0.488,0.049,0.25,0.083784,0.076285,0.1,21191373.5,9390552.02,73.0,0.0,3.0,74.0,19.0,55.0,Annual beer market anchored to e-Nara/NTS+Comtrade apparent market; monthly split = normalized blend of HS2203 import kg and Google Trends beer. Low-cal and nonalc segments are generated from observed market anchors and Google Trends seasonality.,23.21,28.11,100.6,6,20,30,9,1,1,1,2025,6,2,30,0.0,-1.0,0,0,1,0,0,0,0,23.2133,28.1133,19.2767,34.6,15.1,24.6767,29.64,20.62,36.1,100.6,100.6,0.0,139.0,20,13,1,0,17,6,3,0,0,0,0,10,156.4,0.0,1.2,7.8267,28.4,68.4,576.08,19.2027,441.3898,259.0562,68.5917,21,100,29.5,32.5,7.8193,16.91,0.0154,0.0498,0.35,0.0032,22.0,18.0,0,0,중구,0,Open-Meteo Historical Weather API; Seoul City Hall coordinates; ERA5/ECMWF reanalysis/model archive,Seoul Open Data MonthlyAverageAirQuality API; station=중구; sample-key one-station query,2025,30,9,2,2,11,3,3,2025-06-03 대통령 선거일; 2025-06-06 현충일,1,0,111,25,1,0,0,0,0,0,0,0,0,none,89,465,89,465,21,4,12,4,KR holidays from python-holidays/KR observed rules; KBO official Schedule.asmx; MCST regional festival ZIP/XLSX files; global sports event dates hand-coded from official event calendars.,96,107,17,45,0,42,21,12,58,9,2,0,13,8,0,0,7,4,37,21,25,61,307,68,Google News RSS cache generated by prior collection; monthly article counts by query category; deduplicated within category-month-title-link; keyword sentiment is simple title keyword count proxy.,115.951,2.25,2.2,0.923,3.7,66.0,0.0,5.0,2.0,1.0,73.0,0,2,Comtrade HS2203 import unit value actual; Google Trends price/economy search actual; CPI index generated from annual Korea CPI inflation anchors; OB price event dummy manually coded from public price-increase reporting.
2025-07,2025,generated_2025_provisional,192308.7,184944.0,7364.6,2000.0,8000.0,93846.6,7678.0,500.0,1899828.0,0.047,0.488,0.049,0.25,0.101224,0.082478,0.1,24619718.41,8510513.82,89.0,1.0,3.0,91.0,20.0,85.0,Annual beer market anchored to e-Nara/NTS+Comtrade apparent market; monthly split = normalized blend of HS2203 import kg and Google Trends beer. Low-cal and nonalc segments are generated from observed market anchors and Google Trends seasonality.,27.85,32.28,234.5,21,20,31,8,0,1,1,2025,7,3,31,-0.5,-0.866,0,0,1,0,1,0,1,27.8484,32.2839,24.3677,38.5,21.0,31.9226,36.1581,28.3806,42.9,234.5,234.5,0.0,206.0,20,14,3,0,17,21,13,9,0,0,0,25,305.3,0.0,73.8,7.3903,22.9,58.3,594.3,19.171,448.318,286.2729,73.793,21,99,36.0,39.8,7.3917,14.27,0.0135,0.0409,0.3,0.0028,21.0,15.0,0,0,중구,0,Open-Meteo Historical Weather API; Seoul City Hall coordinates; ERA5/ECMWF reanalysis/model archive,Seoul Open Data MonthlyAverageAirQuality API; station=중구; sample-key one-station query,2025,31,8,0,0,8,2,0,none,1,1,100,21,1,0,0,0,0,0,0,0,0,none,78,418,78,418,40,2,10,2,KR holidays from python-holidays/KR observed rules; KBO official Schedule.asmx; MCST regional festival ZIP/XLSX files; global sports event dates hand-coded from official event calendars.,99,96,24,31,0,27,19,12,62,7,1,1,7,18,0,0,2,5,30,5,45,62,277,48,Google News RSS cache generated by prior collection; monthly article counts by query category; deduplicated within category-month-title-link; keyword sentiment is simple title keyword count proxy.,116.161,2.242,2.2,0.9006,-0.297,76.0,0.0,6.0,2.0,1.0,84.0,0,3,Comtrade HS2203 import unit value actual; Google Trends price/economy search actual; CPI index generated from annual Korea CPI inflation anchors; OB price event dummy manually coded from public price-increase reporting.
2025-08,2025,generated_2025_provisional,194860.6,187135.0,7725.7,2000.0,8000.0,95092.0,8054.4,500.0,1899828.0,0.047,0.488,0.049,0.25,0.102568,0.086521,0.1,21501037.94,8169891.81,93.0,0.0,3.0,100.0,21.0,62.0,Annual beer market anchored to e-Nara/NTS+Comtrade apparent market; monthly split = normalized blend of HS2203 import kg and Google Trends beer. Low-cal and nonalc segments are generated from observed market anchors and Google Trends seasonality.,27.09,30.91,204.7,23,25,31,10,1,1,1,2025,8,3,31,-0.866,-0.5,0,0,1,0,1,0,1,27.0903,30.9129,23.9355,36.3,20.9,31.7677,35.6226,28.5161,40.4,204.7,204.7,0.0,217.0,25,16,3,0,15,23,6,7,0,0,0,29,281.8,0.0,39.8,6.8968,18.2,47.9,571.85,18.4468,420.8289,302.5121,80.0699,36,100,32.47,36.685,6.8933,13.685,0.013,0.0355,0.29,0.0051,19.0,13.0,0,0,중구,0,Open-Meteo Historical Weather API; Seoul City Hall coordinates; ERA5/ECMWF reanalysis/model archive,Seoul Open Data MonthlyAverageAirQuality API; station=중구; sample-key one-station query,2025,31,10,1,1,11,3,3,2025-08-15 광복절,1,1,127,27,1,0,0,0,0,0,0,0,0,none,130,509,130,509,69,7,19,7,KR holidays from python-holidays/KR observed rules; KBO official Schedule.asmx; MCST regional festival ZIP/XLSX files; global sports event dates hand-coded from official event calendars.,98,168,27,46,0,45,41,11,110,15,14,0,22,11,0,0,14,6,80,19,31,124,384,158,Google News RSS cache generated by prior collection; monthly article counts by query category; deduplicated within category-month-title-link; keyword sentiment is simple title keyword count proxy.,116.372,2.233,2.2,0.8993,-1.967,75.0,0.0,6.0,2.0,2.0,83.0,0,4,Comtrade HS2203 import unit value actual; Google Trends price/economy search actual; CPI index generated from annual Korea CPI inflation anchors; OB price event dummy manually coded from public price-increase reporting.
2025-09,2025,generated_2025_provisional,158892.3,150330.3,8562.0,2000.0,8000.0,77539.4,8926.3,500.0,1899828.0,0.047,0.488,0.049,0.25,0.083635,0.095888,0.1,23439983.24,12959898.06,71.0,0.0,3.0,92.0,25.0,60.0,Annual beer market anchored to e-Nara/NTS+Comtrade apparent market; monthly split = normalized blend of HS2203 import kg and Google Trends beer. Low-cal and nonalc segments are generated from observed market anchors and Google Trends seasonality.,22.27,26.2,298.1,2,19,30,8,0,0,1,2025,9,3,30,-1.0,-0.0,0,0,0,1,0,0,0,22.27,26.2,19.2233,31.1,15.6,24.7567,28.4733,21.2733,35.5,298.1,298.1,0.0,152.0,19,11,3,0,19,2,0,0,0,0,0,5,128.1,0.0,0.2,6.03,19.3,46.4,414.13,13.8043,372.6871,209.029,81.2569,34,100,28.1,31.6,6.0429,12.005,0.016,0.0341,0.33,0.0022,17.0,9.0,0,0,중구,0,Open-Meteo Historical Weather API; Seoul City Hall coordinates; ERA5/ECMWF reanalysis/model archive,Seoul Open Data MonthlyAverageAirQuality API; station=중구; sample-key one-station query,2025,30,8,0,0,8,2,0,none,0,0,91,28,1,0,0,0,0,0,0,0,0,none,198,868,198,868,70,2,5,2,KR holidays from python-holidays/KR observed rules; KBO official Schedule.asmx; MCST regional festival ZIP/XLSX files; global sports event dates hand-coded from official event calendars.,88,108,27,33,0,40,35,2,69,2,3,0,11,0,0,0,3,4,40,4,5,101,296,113,Google News RSS cache generated by prior collection; monthly article counts by query category; deduplicated within category-month-title-link; keyword sentiment is simple title keyword count proxy.,116.583,2.225,2.2,0.9047,-1.708,71.0,0.0,5.0,2.0,1.0,78.0,0,5,Comtrade HS2203 import unit value actual; Google Trends price/economy search actual; CPI index generated from annual Korea CPI inflation anchors; OB price event dummy manually coded from public price-increase reporting.
2025-10,2025,generated_2025_provisional,156390.4,146905.3,9485.1,2000.0,8000.0,76318.5,9888.8,500.0,1899828.0,0.047,0.488,0.049,0.25,0.082318,0.106226,0.1,19260082.46,7355365.6,73.0,0.0,3.0,95.0,28.0,45.0,Annual beer market anchored to e-Nara/NTS+Comtrade apparent market; monthly split = normalized blend of HS2203 import kg and Google Trends beer. Low-cal and nonalc segments are generated from observed market anchors and Google Trends seasonality.,15.46,19.36,158.8,0,22,31,8,6,0,0,2025,10,4,31,-0.866,0.5,0,0,0,1,0,0,0,15.4613,19.3613,12.1548,26.4,1.4,15.2387,19.5387,11.3839,28.2,158.8,158.8,0.0,168.0,22,14,1,0,17,0,0,0,0,0,0,0,20.0,98.7,0.0,7.3226,20.9,50.4,299.14,9.6497,347.8361,178.241,79.4704,37,99,22.6,24.485,7.3251,14.7,0.0157,0.0288,0.32,0.0024,16.0,9.0,0,0,중구,0,Open-Meteo Historical Weather API; Seoul City Hall coordinates; ERA5/ECMWF reanalysis/model archive,Seoul Open Data MonthlyAverageAirQuality API; station=중구; sample-key one-station query,2025,31,8,6,5,13,7,7,2025-10-03 개천절; 2025-10-05 추석 전날; 2025-10-06 추석; 2025-10-07 추석 다음날; 2025-10-08 추석 대체 휴일; 2025-10-09 한글날,0,0,7,4,1,16,16,1,0,0,0,0,0,none,330,1188,330,1188,156,2,2,2,KR holidays from python-holidays/KR observed rules; KBO official Schedule.asmx; MCST regional festival ZIP/XLSX files; global sports event dates hand-coded from official event calendars.,97,103,25,44,0,36,26,5,41,4,3,1,15,4,0,0,8,2,35,3,13,55,305,77,Google News RSS cache generated by prior collection; monthly article counts by query category; deduplicated within category-month-title-link; keyword sentiment is simple title keyword count proxy.,116.795,2.217,2.2,0.8888,-2.211,67.0,1.0,5.0,2.0,1.0,75.0,0,6,Comtrade HS2203 import unit value actual; Google Trends price/economy search actual; CPI index generated from annual Korea CPI inflation anchors; OB price event dummy manually coded from public price-increase reporting.
2025-11,2025,generated_2025_provisional,154350.9,146632.1,7718.8,2000.0,8000.0,75323.2,8047.3,500.0,1899828.0,0.047,0.488,0.049,0.25,0.081245,0.086445,0.1,16623142.51,10959286.72,74.0,1.0,3.0,90.0,22.0,75.0,Annual beer market anchored to e-Nara/NTS+Comtrade apparent market; monthly split = normalized blend of HS2203 import kg and Google Trends beer. Low-cal and nonalc segments are generated from observed market anchors and Google Trends seasonality.,7.32,12.26,16.3,0,10,30,10,0,0,0,2025,11,4,30,-0.5,0.866,0,0,0,1,0,1,0,7.32,12.26,3.1367,18.0,-2.9,4.4967,9.2333,0.31,16.5,16.3,16.3,0.0,36.0,10,2,0,0,28,0,0,0,6,0,0,0,0.0,320.4,0.0,7.26,22.2,54.4,301.69,10.0563,304.998,249.2071,67.8847,22,100,14.9,12.4,7.2565,16.605,0.0253,0.0238,0.46,0.0027,40.0,23.0,0,0,중구,0,Open-Meteo Historical Weather API; Seoul City Hall coordinates; ERA5/ECMWF reanalysis/model archive,Seoul Open Data MonthlyAverageAirQuality API; station=중구; sample-key one-station query,2025,30,10,0,0,10,2,0,none,0,0,0,0,0,0,0,0,0,0,0,0,0,none,88,264,88,264,41,0,0,0,KR holidays from python-holidays/KR observed rules; KBO official Schedule.asmx; MCST regional festival ZIP/XLSX files; global sports event dates hand-coded from official event calendars.,97,88,21,41,0,49,25,4,27,3,2,1,11,6,0,0,6,15,19,11,4,28,296,42,Google News RSS cache generated by prior collection; monthly article counts by query category; deduplicated within category-month-title-link; keyword sentiment is simple title keyword count proxy.,117.007,2.208,2.2,0.8943,-2.379,85.0,0.0,7.0,4.0,3.0,96.0,0,6,Comtrade HS2203 import unit value actual; Google Trends price/economy search actual; CPI index generated from annual Korea CPI inflation anchors; OB price event dummy manually coded from public price-increase reporting.
2025-12,2025,generated_2025_provisional,158546.8,150233.8,8312.9,2000.0,8000.0,77370.8,8666.7,500.0,1899828.0,0.047,0.488,0.049,0.25,0.083453,0.093098,0.1,19533651.42,13176874.04,74.0,1.0,3.0,97.0,24.0,34.0,Annual beer market anchored to e-Nara/NTS+Comtrade apparent market; monthly split = normalized blend of HS2203 import kg and Google Trends beer. Low-cal and nonalc segments are generated from observed market anchors and Google Trends seasonality.,-0.69,3.41,45.9,0,11,31,8,1,0,0,2025,12,4,31,-0.0,1.0,1,0,0,0,0,1,0,-0.6903,3.4097,-4.329,10.7,-12.2,-4.5484,-0.4258,-8.4774,8.2,45.9,32.2,9.59,68.0,11,9,0,0,22,0,0,0,29,5,1,0,0.0,579.4,0.0,7.6968,21.6,54.4,242.1,7.8097,298.167,217.3135,69.3051,19,100,6.2,3.185,7.6892,15.4,0.0244,0.022,0.49,0.0027,34.0,21.0,0,0,중구,0,Open-Meteo Historical Weather API; Seoul City Hall coordinates; ERA5/ECMWF reanalysis/model archive,Seoul Open Data MonthlyAverageAirQuality API; station=중구; sample-key one-station query,2025,31,8,1,1,9,2,0,2025-12-25 기독탄신일,0,0,0,0,0,0,0,0,0,0,0,0,0,none,48,293,48,293,15,0,0,0,KR holidays from python-holidays/KR observed rules; KBO official Schedule.asmx; MCST regional festival ZIP/XLSX files; global sports event dates hand-coded from official event calendars.,99,70,40,40,0,45,26,2,26,1,8,1,3,7,0,0,6,8,25,4,16,12,294,50,Google News RSS cache generated by prior collection; monthly article counts by query category; deduplicated within category-month-title-link; keyword sentiment is simple title keyword count proxy.,117.219,2.2,2.2,0.9076,2.956,93.0,1.0,8.0,4.0,2.0,106.0,0,6,Comtrade HS2203 import unit value actual; Google Trends price/economy search actual; CPI index generated from annual Korea CPI inflation anchors; OB price event dummy manually coded from public price-increase reporting.
