source_file,source_sheet,year,sido,festival_name,festival_type,period_raw,mode_raw,status_raw,start_date,end_date,date_is_vague,parse_note,is_cancelled_or_not_held,is_online_only_inferred,is_offline_or_hybrid_inferred,is_beer_festival_keyword
2020년 지역축제 현황_201016.xlsx,서울,2020,서울특별시,동화축제,,"5.4~5.6.
(3일간)",,취소,2020-05-04,2020-05-06,False,exact_or_partial,True,False,False,False
2020년 지역축제 현황_201016.xlsx,서울,2020,서울특별시,2020 이태원 지구촌 축제,,10월 중,,취소,2020-10-01,2020-10-31,True,month_only_vague,True,False,False,False
2020년 지역축제 현황_201016.xlsx,서울,2020,서울특별시,2020 드래곤 IT 페스티벌,,10월 중,,취소,2020-10-01,2020-10-31,True,month_only_vague,True,False,False,False
2020년 지역축제 현황_201016.xlsx,서울,2020,서울특별시,관악 강감찬축제,,"10.16~10.18
(3일간)",,"개최예정
(온라인)
(11.6~11.8)",2020-10-16,2020-10-18,False,exact_or_partial,False,True,False,False
2020년 지역축제 현황_201016.xlsx,서울,2020,서울특별시,서울 물순환 시민문화제,,"7.24.~7.26
(3일간)",,취소,2020-07-24,2020-07-26,False,exact_or_partial,True,False,False,False
2020년 지역축제 현황_201016.xlsx,서울,2020,서울특별시,2020서울국제정원박람회,,"10월중
(2주간)",,"개최중(온라인)
(10.8~10.18)",2020-10-01,2020-10-31,True,month_only_vague,False,True,False,False
2020년 지역축제 현황_201016.xlsx,서울,2020,서울특별시,겸재문화예술제,,"5.9~5.10
(2일간)",,취소,2020-05-09,2020-05-10,False,exact_or_partial,True,False,False,False
2020년 지역축제 현황_201016.xlsx,서울,2020,서울특별시,허준축제,,"10.9~10.11
(3일간)",,취소,2020-10-09,2020-10-11,False,exact_or_partial,True,False,False,False
2020년 지역축제 현황_201016.xlsx,서울,2020,서울특별시,구로G페스티벌,,"9.25~9.27
(3일간)",,취소,2020-09-25,2020-09-27,False,exact_or_partial,True,False,False,False
2020년 지역축제 현황_201016.xlsx,서울,2020,서울특별시,벚꽃축제,,"4월 중
(벚꽃개화기간)",,취소,2020-04-01,2020-04-30,True,month_only_vague,True,False,False,False
2020년 지역축제 현황_201016.xlsx,서울,2020,서울특별시,장미원축제,,"5.30.~6.9.
(11일간)",,취소,2020-05-30,2020-06-09,False,exact_or_partial,True,False,False,False
2020년 지역축제 현황_201016.xlsx,서울,2020,서울특별시,동물원 속 미술관,,"10.9.~10.18.
(10일간)",,,2020-10-09,2020-10-18,False,exact_or_partial,False,False,True,False
2020년 지역축제 현황_201016.xlsx,서울,2020,서울특별시,서울지식이음축제·포럼,,"10.23~10.24
(2일간)",,취소,2020-10-23,2020-10-24,False,exact_or_partial,True,False,False,False
2020년 지역축제 현황_201016.xlsx,서울,2020,서울특별시,서울빛초롱축제,,"11.1~11.17
(17일간)",,"개최예정(오프라인)
(10.23~11.22)",2020-11-01,2020-11-17,False,exact_or_partial,False,False,True,False
2020년 지역축제 현황_201016.xlsx,서울,2020,서울특별시,강남페스티벌,,9월 말~10월 초,,"개최예정(온라인)
(10.18-10.24)",2020-09-01,2020-10-31,True,month_range_vague,False,True,False,False
2020년 지역축제 현황_201016.xlsx,서울,2020,서울특별시,양재천 힐링 벚꽃축제,,4월 초,,취소,2020-04-01,2020-04-30,True,month_only_vague,True,False,False,False
2020년 지역축제 현황_201016.xlsx,서울,2020,서울특별시,서울장미축제,,"5.15.~5.31.
(17일간)",,취소,2020-05-15,2020-05-31,False,exact_or_partial,True,False,False,False
2020년 지역축제 현황_201016.xlsx,서울,2020,서울특별시,용마폭포 문화예술축제,,"10.9.~10.10
(2일간)",,취소,2020-10-09,2020-10-10,False,exact_or_partial,True,False,False,False
2020년 지역축제 현황_201016.xlsx,서울,2020,서울특별시,강동선사문화축제,,"10.9~10.11   
(3일간)",,"개최완료(온라인)
(10.5~10.11)",2020-10-09,2020-10-11,False,exact_or_partial,False,True,False,False
2020년 지역축제 현황_201016.xlsx,서울,2020,서울특별시,도봉구 우이천 등축제,,"5.1.~5.6.
(6일간)",,취소,2020-05-01,2020-05-06,False,exact_or_partial,True,False,False,False
2020년 지역축제 현황_201016.xlsx,서울,2020,서울특별시,창포원페스티벌,,"8월 중
(2일간)",,취소,2020-08-01,2020-08-31,True,month_only_vague,True,False,False,False
2020년 지역축제 현황_201016.xlsx,서울,2020,서울특별시,도봉산페스티벌,,"9.26.~9.27.
(2일간)",,취소,2020-09-26,2020-09-27,False,exact_or_partial,True,False,False,False
2020년 지역축제 현황_201016.xlsx,서울,2020,서울특별시,서울평화문화축제,,"9.26.~9.27.
(2일간)",,취소,2020-09-26,2020-09-27,False,exact_or_partial,True,False,False,False
2020년 지역축제 현황_201016.xlsx,서울,2020,서울특별시,도봉구 등축제,,"10.9.~10.14.
(6일간)",,취소,2020-10-09,2020-10-14,False,exact_or_partial,True,False,False,False
2020년 지역축제 현황_201016.xlsx,서울,2020,서울특별시,서울약령시 한방축제,,"5.15~5.16
(2일간)",,취소,2020-05-15,2020-05-16,False,exact_or_partial,True,False,False,False
2020년 지역축제 현황_201016.xlsx,서울,2020,서울특별시,동대문봄꽃축제,,"4. 4~4.5
(2일간)",,취소,2020-04-04,2020-04-05,False,exact_or_partial,True,False,False,False
2020년 지역축제 현황_201016.xlsx,서울,2020,서울특별시,세계거리춤축제,,"9월 중
(2일간)",,취소,2020-09-01,2020-09-30,True,month_only_vague,True,False,False,False
2020년 지역축제 현황_201016.xlsx,서울,2020,서울특별시,청룡문화제,,"10.24~10.25
(2일간)",,취소,2020-10-24,2020-10-25,False,exact_or_partial,True,False,False,False
2020년 지역축제 현황_201016.xlsx,서울,2020,서울특별시,제8회 도심 속 바다축제,,"10월중
(2일간)",,취소,2020-10-01,2020-10-31,True,month_only_vague,True,False,False,False
2020년 지역축제 현황_201016.xlsx,서울,2020,서울특별시,"제3회 노량진의 밤 
야간난전",,"8월중
(2일간)",,취소,2020-08-01,2020-08-31,True,month_only_vague,True,False,False,False
2020년 지역축제 현황_201016.xlsx,서울,2020,서울특별시,서울프린지페스티벌,,"8월중
(10일간)",,"개최완료
(온오프라인병행)
(8.13~8.30)",2020-08-01,2020-08-31,True,month_only_vague,False,False,True,False
2020년 지역축제 현황_201016.xlsx,서울,2020,서울특별시,판페스티벌,,"11월중
(25일간)",,"개최완료(오프라인)
(9.18~9.28)",2020-11-01,2020-11-30,True,month_only_vague,False,False,True,False
2020년 지역축제 현황_201016.xlsx,서울,2020,서울특별시,서울와우북페스티벌,,"10월중
(4일간)",,"개최완료
(온오프라인병행)
(10.6~10.14)",2020-10-01,2020-10-31,True,month_only_vague,False,False,True,False
2020년 지역축제 현황_201016.xlsx,서울,2020,서울특별시,서울국제뉴미디어페스티벌,,"8월중
(10일간)",,"개최완료
(온오프라인병행)
(8.20~8.28)",2020-08-01,2020-08-31,True,month_only_vague,False,False,True,False
2020년 지역축제 현황_201016.xlsx,서울,2020,서울특별시,마포음식문화축제,,"9월중
(2일간)",,취소,2020-09-01,2020-09-30,True,month_only_vague,True,False,False,False
2020년 지역축제 현황_201016.xlsx,서울,2020,서울특별시,흥페스티벌,,"6.15~6.16
(2일간)",,"개최완료(온라인)
(9.19~9.20)",2020-06-15,2020-06-16,False,exact_or_partial,False,True,False,False
2020년 지역축제 현황_201016.xlsx,서울,2020,서울특별시,제13회 마포나루 새우젓축제,,"10.16.~10.18.
(3일간)",,취소,2020-10-16,2020-10-18,False,exact_or_partial,True,False,False,False
2020년 지역축제 현황_201016.xlsx,서울,2020,서울특별시,신촌 물총축제,,"7.4~7.5
(2일간)",,취소,2020-07-04,2020-07-05,False,exact_or_partial,True,False,False,False
2020년 지역축제 현황_201016.xlsx,서울,2020,서울특별시,서대문독립민주축제,,"8.14.~8.15.
(2일간)",,"개최완료(온라인)
(8.1~8.31)",2020-08-14,2020-08-15,False,exact_or_partial,False,True,False,False
2020년 지역축제 현황_201016.xlsx,서울,2020,서울특별시,신촌크리스마스거리축제,,"12.24~12.27
(4일간)",,,2020-12-24,2020-12-27,False,exact_or_partial,False,False,True,False
2020년 지역축제 현황_201016.xlsx,서울,2020,서울특별시,프랑스 거리음악축제,,"6.20.~6.21.
(2일간)",,취소,2020-06-20,2020-06-21,False,exact_or_partial,True,False,False,False
2020년 지역축제 현황_201016.xlsx,서울,2020,서울특별시,신촌맥주축제,,"9.11.~9.13.
(3일간)",,취소,2020-09-11,2020-09-13,False,exact_or_partial,True,False,False,True
2020년 지역축제 현황_201016.xlsx,서울,2020,서울특별시,서대문 책으로 축제,,"9.18~9.19
(2일간)",,"개최예정
(온오프라인)
(11.3~11.8)",2020-09-18,2020-09-19,False,exact_or_partial,False,False,True,False
2020년 지역축제 현황_201016.xlsx,서울,2020,서울특별시,제19회 서울억새축제,,"10.16~10.22
(7일간)",,취소,2020-10-16,2020-10-22,False,exact_or_partial,True,False,False,False
2020년 지역축제 현황_201016.xlsx,서울,2020,서울특별시,성북문화바캉스,,"7~8월 중
(6일간)",,취소,2020-08-01,2020-08-31,True,month_only_vague,True,False,False,False
2020년 지역축제 현황_201016.xlsx,서울,2020,서울특별시,성북동문화재야행,,"9.18~9.20
(3일간)",,취소,2020-09-18,2020-09-20,False,exact_or_partial,True,False,False,False
2020년 지역축제 현황_201016.xlsx,서울,2020,서울특별시,성북진경,,"10.11~10.20
(10일간)",,취소,2020-10-11,2020-10-20,False,exact_or_partial,True,False,False,False
2020년 지역축제 현황_201016.xlsx,서울,2020,서울특별시,성북페스티벌,,"10월 중
(2일간)",,,2020-10-01,2020-10-31,True,month_only_vague,False,False,True,False
2020년 지역축제 현황_201016.xlsx,서울,2020,서울특별시,서울드럼페스티벌,,"5.29.~5.30.
(2일간)",,"개최완료(온라인)
(8.21~8.22)",2020-05-29,2020-05-30,False,exact_or_partial,False,True,False,False
2020년 지역축제 현황_201016.xlsx,서울,2020,서울특별시,석촌호수 단풍축제,,"10.30.~10.31.
(2일간)",,"개최예정(오프라인)
(10.30~10.31)",2020-10-30,2020-10-31,False,exact_or_partial,False,False,True,False
2020년 지역축제 현황_201016.xlsx,서울,2020,서울특별시,석촌호수 벚꽃축제,,"4.3~4.10
(8일간)",,취소,2020-04-03,2020-04-10,False,exact_or_partial,True,False,False,False
2020년 지역축제 현황_201016.xlsx,서울,2020,서울특별시,제20회 한성백제문화제 기념 2020 대백제문화제,,"9.23~9.27
(5일간)",,"개최완료(온라인)
 (9.23~9.27)",2020-09-23,2020-09-27,False,exact_or_partial,False,True,False,False
2020년 지역축제 현황_201016.xlsx,서울,2020,서울특별시,오금동 성내천축제,,"9월 중 예정
(2일간)",,취소,2020-09-01,2020-09-30,True,month_only_vague,True,False,False,False
2020년 지역축제 현황_201016.xlsx,서울,2020,서울특별시,은평누리축제,,"10월 중 
(3일간)",,취소,2020-10-01,2020-10-31,True,month_only_vague,True,False,False,False
2020년 지역축제 현황_201016.xlsx,서울,2020,서울특별시,파발제,,5월 중순~5월 말,,취소,2020-05-01,2020-05-31,True,month_range_vague,True,False,False,False
2020년 지역축제 현황_201016.xlsx,서울,2020,서울특별시,벚꽃축제,,"4월 중
(2일간)",,취소,2020-04-01,2020-04-30,True,month_only_vague,True,False,False,False
2020년 지역축제 현황_201016.xlsx,서울,2020,서울특별시,북한산 페스티벌,,"10월 중
(2일간)",,"개최예정(오프라인)
(11월 중)",2020-10-01,2020-10-31,True,month_only_vague,False,False,True,False
2020년 지역축제 현황_201016.xlsx,서울,2020,서울특별시,종로한복축제,,9월중,,"개최중(온라인)
(10.9~10.31)",2020-09-01,2020-09-30,True,month_only_vague,False,True,False,False
2020년 지역축제 현황_201016.xlsx,서울,2020,서울특별시,자문밖 문화축제,,"10.9.~10.11.
(3일간)",,"개최완료(온라인)
(9.18-9.20)",2020-10-09,2020-10-11,False,exact_or_partial,False,True,False,False
2020년 지역축제 현황_201016.xlsx,서울,2020,서울특별시,윤동주 문학제,,"9.4~9.6.
(3일간)",,"개최중(온라인)
(8.15~10.31)",2020-09-04,2020-09-06,False,exact_or_partial,False,True,False,False
2020년 지역축제 현황_201016.xlsx,서울,2020,서울특별시,대학로거리공연축제,,5월중,,"개최완료(온라인)
(6.5~6.7)",2020-05-01,2020-05-31,True,month_only_vague,False,True,False,False
2020년 지역축제 현황_201016.xlsx,서울,2020,서울특별시,대학로문화축제,,8월중,,취소,2020-08-01,2020-08-31,True,month_only_vague,True,False,False,False
2020년 지역축제 현황_201016.xlsx,서울,2020,서울특별시,노원등축제,,"4.27~5.6
(10일간)",,"개최예정(오프라인)
(10.23~11.15)",2020-04-27,2020-05-06,False,exact_or_partial,False,False,True,False
2020년 지역축제 현황_201016.xlsx,서울,2020,서울특별시,수제맥주축제,,"5.29~30
(2일간)",,취소,2020-05-29,2020-05-30,False,exact_or_partial,True,False,False,True
2020년 지역축제 현황_201016.xlsx,서울,2020,서울특별시,노원탈축제,,"10.9~10.10
(2일간)",,취소,2020-10-09,2020-10-10,False,exact_or_partial,True,False,False,False
2020년 지역축제 현황_201016.xlsx,서울,2020,서울특별시,4.19혁명국민문화제,,"4.7.~4.19.
(13일간)",,"개최완료(온라인)
(9.26~9.27)",2020-04-07,2020-04-19,False,exact_or_partial,False,True,False,False
2020년 지역축제 현황_201016.xlsx,서울,2020,서울특별시,서울김장문화제,,"11.6.~11.8
(3일간).",,취소,2020-11-06,2020-11-08,False,exact_or_partial,True,False,False,False
2020년 지역축제 현황_201016.xlsx,서울,2020,서울특별시,서울거리예술축제 2020,,"10.1~10.4
(4일간)",,취소,2020-10-01,2020-10-04,False,exact_or_partial,True,False,False,False
2020년 지역축제 현황_201016.xlsx,서울,2020,서울특별시,개나리축제,,"3.27~29
(3일간)",,취소,2020-03-27,2020-03-29,False,exact_or_partial,True,False,False,False
2020년 지역축제 현황_201016.xlsx,서울,2020,서울특별시,영등포 봄꽃축제,,"4.7~ 4.12
(6일간)",,취소,2020-04-07,2020-04-12,False,exact_or_partial,True,False,False,False
2020년 지역축제 현황_201016.xlsx,서울,2020,서울특별시,20F/W서울패션위크,,3월중,,취소,2020-03-01,2020-03-31,True,month_only_vague,True,False,False,False
2020년 지역축제 현황_201016.xlsx,서울,2020,서울특별시,21S/S서울패션위크,,10월중,,"개최예정(온라인)
(10.20~10.25)",2020-10-01,2020-10-31,True,month_only_vague,False,True,False,False
2020년 지역축제 현황_201016.xlsx,서울,2020,서울특별시,서울라이트,,"19.12.20~ 
20.1.3",,개최완료,2019-12-20,2020-01-03,False,exact_or_partial,False,False,True,False
2020년 지역축제 현황_201016.xlsx,서울,2020,서울특별시,서울디자인위크,,"9. 22~9.28
(7일간)",,"개최예정(온라인)
(11.11~11.15)",2020-09-22,2020-09-28,False,exact_or_partial,False,True,False,False
2020년 지역축제 현황_201016.xlsx,서울,2020,서울특별시,새활용위크,,"9.5~9.8
(4일간)",,"개최예정(오프라인)
(10.27~11.1)",2020-09-05,2020-09-08,False,exact_or_partial,False,False,True,False
2020년 지역축제 현황_201016.xlsx,서울,2020,서울특별시,금천하모니축제(미정),,5월 초,,취소,2020-05-01,2020-05-31,True,month_only_vague,True,False,False,False
2020년 지역축제 현황_201016.xlsx,서울,2020,서울특별시,2020 금천 과학 페스티벌,,10월 중,,,2020-10-01,2020-10-31,True,month_only_vague,False,False,True,False
2020년 지역축제 현황_201016.xlsx,서울,2020,서울특별시,2020서울뮤직페스티벌,,"10.13-10.18
(6일간)",,취소,2020-10-13,2020-10-18,False,exact_or_partial,True,False,False,False
2020년 지역축제 현황_201016.xlsx,서울,2020,서울특별시,2020 서울국악축제,,"6.12~6.20
(9일간)",,"개최완료(온라인)
(8.28~8.29)",2020-06-12,2020-06-20,False,exact_or_partial,False,True,False,False
2020년 지역축제 현황_201016.xlsx,서울,2020,서울특별시,서리풀페스티벌,,9월 중,,취소,2020-09-01,2020-09-30,True,month_only_vague,True,False,False,False
2020년 지역축제 현황_201016.xlsx,서울,2020,서울특별시,양재천 벚꽃 등 축제,,4월 중,,취소,2020-04-01,2020-04-30,True,month_only_vague,True,False,False,False
2020년 지역축제 현황_201016.xlsx,부산,2020,부산광역시,오륙도 평화축제,,"10.17∼10.18
(2일간)",,취소,2020-10-17,2020-10-18,False,exact_or_partial,True,False,False,False
2020년 지역축제 현황_201016.xlsx,부산,2020,부산광역시,제26회 동래읍성역사축제,,"10.9.~10.11.
(3일간)",,취소,2020-10-09,2020-10-11,False,exact_or_partial,True,False,False,False
2020년 지역축제 현황_201016.xlsx,부산,2020,부산광역시,동래온천 대축제,,"11월 중
(2일간)",,취소,2020-11-01,2020-11-30,True,month_only_vague,True,False,False,False
2020년 지역축제 현황_201016.xlsx,부산,2020,부산광역시,"추억의 크리스마스
꺼내기",,"12.22~12.25
(4일간)",,,2020-12-22,2020-12-25,False,exact_or_partial,False,False,True,False
2020년 지역축제 현황_201016.xlsx,부산,2020,부산광역시,해운대모래축제,,"5.22~5.25
(4일간)",,취소,2020-05-22,2020-05-25,False,exact_or_partial,True,False,False,False
2020년 지역축제 현황_201016.xlsx,부산,2020,부산광역시,해운대 달맞이 온천축제,,"2.6~2.8
(3일간)",,취소,2020-02-06,2020-02-08,False,exact_or_partial,True,False,False,False
2020년 지역축제 현황_201016.xlsx,부산,2020,부산광역시,해운대 해양레저축제,,"6월 중
(2일간)",,취소,2020-06-01,2020-06-30,True,month_only_vague,True,False,False,False
2020년 지역축제 현황_201016.xlsx,부산,2020,부산광역시,해운대 빛축제,,"20.12월.~'21.1월
(2개월 간)",,,2020-12-01,2020-12-31,True,month_detected_vague,False,False,True,False
2020년 지역축제 현황_201016.xlsx,부산,2020,부산광역시,광안리어방축제,,"4.24~4.26
(3일간)",,취소,2020-04-24,2020-04-26,False,exact_or_partial,True,False,False,False
2020년 지역축제 현황_201016.xlsx,부산,2020,부산광역시,"벚꽃과 함께하는
제19회 사상강변축제",,"3.28~3.29
(2일간)",,취소,2020-03-28,2020-03-29,False,exact_or_partial,True,False,False,False
2020년 지역축제 현황_201016.xlsx,부산,2020,부산광역시,2020금정산성축제,,"5.22~5.24
(3일간)예정",,취소,2020-05-22,2020-05-24,False,exact_or_partial,True,False,False,False
2020년 지역축제 현황_201016.xlsx,부산,2020,부산광역시,"2020 부산금정거리
예술축제",,"10.4~10.6
(3일간)",,취소,2020-10-04,2020-10-06,False,exact_or_partial,True,False,False,False
2020년 지역축제 현황_201016.xlsx,부산,2020,부산광역시,라라라페스티벌,,"10.4~10.6
(3일간)",,취소,2020-10-04,2020-10-06,False,exact_or_partial,True,False,False,False
2020년 지역축제 현황_201016.xlsx,부산,2020,부산광역시,서면대표축제,,"7~8월 중
(4일간)",,취소,2020-08-01,2020-08-31,True,month_only_vague,True,False,False,False
2020년 지역축제 현황_201016.xlsx,부산,2020,부산광역시,서면우리문화체험 축제,,"10월 중
(2일간)",,,2020-10-01,2020-10-31,True,month_only_vague,False,False,True,False
2020년 지역축제 현황_201016.xlsx,부산,2020,부산광역시,전포카페거리축제,,"10월 중
(2일간)",,"개최예정(온라인)
(11.25~12.02)",2020-10-01,2020-10-31,True,month_only_vague,False,True,False,False
2020년 지역축제 현황_201016.xlsx,부산,2020,부산광역시,"제10회 
서면메디컬스트리트 
축제",,"10월 중
(2일간)",,취소,2020-10-01,2020-10-31,True,month_only_vague,True,False,False,False
2020년 지역축제 현황_201016.xlsx,부산,2020,부산광역시,서면 빛 축제,,"20.12월.~'21.1월
(2개월 간)",,,2020-12-01,2020-12-31,True,month_detected_vague,False,False,True,False
2020년 지역축제 현황_201016.xlsx,부산,2020,부산광역시,연제고분판타지축제,,"10월 중 
(3일간)",,취소,2020-10-01,2020-10-31,True,month_only_vague,True,False,False,False
2020년 지역축제 현황_201016.xlsx,부산,2020,부산광역시,제9회 낙동강 구포나루축제,,"5.22~5.24
(3일간)",,취소,2020-05-22,2020-05-24,False,exact_or_partial,True,False,False,False
2020년 지역축제 현황_201016.xlsx,부산,2020,부산광역시,기장미역다시마축제,,"4월 중
(3일간)",,취소,2020-04-01,2020-04-30,True,month_only_vague,True,False,False,False
2020년 지역축제 현황_201016.xlsx,부산,2020,부산광역시,기장멸치축제,,"4.24.~4.26.
(3일간)",,취소,2020-04-24,2020-04-26,False,exact_or_partial,True,False,False,False
2020년 지역축제 현황_201016.xlsx,부산,2020,부산광역시,기장갯마을축제,,"8월초
(3일간)",,취소,2020-08-01,2020-08-31,True,month_only_vague,True,False,False,False
2020년 지역축제 현황_201016.xlsx,부산,2020,부산광역시,기장붕장어축제,,"9~10월 중
(2일간)",,취소,2020-10-01,2020-10-31,True,month_only_vague,True,False,False,False
2020년 지역축제 현황_201016.xlsx,부산,2020,부산광역시,기장시장 한마당 잔치,,"9~10월 중
(3일간)",,취소,2020-10-01,2020-10-31,True,month_only_vague,True,False,False,False
2020년 지역축제 현황_201016.xlsx,부산,2020,부산광역시,철마한우불고기축제,,"10월 중
(3일간)",,취소,2020-10-01,2020-10-31,True,month_only_vague,True,False,False,False
2020년 지역축제 현황_201016.xlsx,부산,2020,부산광역시,차성문화제,,"10월 중
(3일간)",,취소,2020-10-01,2020-10-31,True,month_only_vague,True,False,False,False
2020년 지역축제 현황_201016.xlsx,부산,2020,부산광역시,정관 생태하천 학습문화축제,,"10.24~10.25
(2일간)",,취소,2020-10-24,2020-10-25,False,exact_or_partial,True,False,False,False
2020년 지역축제 현황_201016.xlsx,부산,2020,부산광역시,2020 광복로 연등문화제,,"4.14~5.3.
(20일간)",,"개최완료(오프라인)
(4.30~5.30)",2020-04-14,2020-05-03,False,exact_or_partial,False,False,True,False
2020년 지역축제 현황_201016.xlsx,부산,2020,부산광역시,조선통신사 축제,,"10.24~10.25
(2일간)",,취소,2020-10-24,2020-10-25,False,exact_or_partial,True,False,False,False
2020년 지역축제 현황_201016.xlsx,부산,2020,부산광역시,부산자갈치 축제,,"10.8~10.11
(4일간)",,취소,2020-10-08,2020-10-11,False,exact_or_partial,True,False,False,False
2020년 지역축제 현황_201016.xlsx,부산,2020,부산광역시,보수동책방골목 문화축제,,"10.17~10.18
(2일간)",,취소,2020-10-17,2020-10-18,False,exact_or_partial,True,False,False,False
2020년 지역축제 현황_201016.xlsx,부산,2020,부산광역시,부산크리스마스트리 문화축제,,"20.11.28 ~21.1.3
(37일간)",,,2020-11-28,2021-01-03,False,exact_or_partial,False,False,True,False
2020년 지역축제 현황_201016.xlsx,부산,2020,부산광역시,제13회 부산고등어축제,,"10.23~10.25
(3일간)",,취소,2020-10-23,2020-10-25,False,exact_or_partial,True,False,False,False
2020년 지역축제 현황_201016.xlsx,부산,2020,부산광역시,영도다리축제,,"10월 중
(3일간)",,취소,2020-10-01,2020-10-31,True,month_only_vague,True,False,False,False
2020년 지역축제 현황_201016.xlsx,부산,2020,부산광역시,수국꽃문화축제,,"6.27~7.5
(9일간)",,취소,2020-06-27,2020-07-05,False,exact_or_partial,True,False,False,False
2020년 지역축제 현황_201016.xlsx,부산,2020,부산광역시,"강서 낙동강변
30리 벚꽃축제",,"3.27.~3.29.
(3일간)",,취소,2020-03-27,2020-03-29,False,exact_or_partial,True,False,False,False
2020년 지역축제 현황_201016.xlsx,부산,2020,부산광역시,"제20회 
명지시장전어축제",,8월 말,,취소,2020-08-01,2020-08-31,True,month_only_vague,True,False,False,False
2020년 지역축제 현황_201016.xlsx,부산,2020,부산광역시,가덕도대구축제,,"12월 중
(2일간)",,,2020-12-01,2020-12-31,True,month_only_vague,False,False,True,False
2020년 지역축제 현황_201016.xlsx,부산,2020,부산광역시,제20회 대저토마토축제,,"4.4~4.5
(2일간)",,취소,2020-04-04,2020-04-05,False,exact_or_partial,True,False,False,False
2020년 지역축제 현황_201016.xlsx,부산,2020,부산광역시,"부산차이나타운특구
문화축제",,"10월 중
(3일간)",,취소,2020-10-01,2020-10-31,True,month_only_vague,True,False,False,False
2020년 지역축제 현황_201016.xlsx,부산,2020,부산광역시,하단웅어축제,,"5월 중
(3일간)",,취소,2020-05-01,2020-05-31,True,month_only_vague,True,False,False,False
2020년 지역축제 현황_201016.xlsx,부산,2020,부산광역시,다대포어항문화축제,,"10월 중
(2일 간)",,취소,2020-10-01,2020-10-31,True,month_only_vague,True,False,False,False
2020년 지역축제 현황_201016.xlsx,부산,2020,부산광역시,부산어묵축제,,"11.27.~11.29
(3일간)",,취소,2020-11-27,2020-11-29,False,exact_or_partial,True,False,False,False
2020년 지역축제 현황_201016.xlsx,부산,2020,부산광역시,"제10회 감천문화마을 
골목축제",,10월 중,,"개최예정(온라인)
(11.13~11.14)",2020-10-01,2020-10-31,True,month_only_vague,False,True,False,False
2020년 지역축제 현황_201016.xlsx,대구,2020,대구광역시,대구컬러풀페스티벌,,"5.2~5.3
(2일간)",,취소,2020-05-02,2020-05-03,False,exact_or_partial,True,False,False,False
2020년 지역축제 현황_201016.xlsx,대구,2020,대구광역시,대구글로벌게임문화축제 e-Fun,,"8.22~8.23
(2일간)",,취소,2020-08-22,2020-08-23,False,exact_or_partial,True,False,False,False
2020년 지역축제 현황_201016.xlsx,대구,2020,대구광역시,대구국제오페라축제,,"8.17~10.11
(56일간)",,"연기
(21년 1,2월)",2020-08-17,2020-10-11,False,exact_or_partial,False,False,True,False
2020년 지역축제 현황_201016.xlsx,대구,2020,대구광역시,대구국제뮤지컬페스티벌,,"6.26~7.13
(18일간)",,"개최예정
(온오프라인병행)
(10.23-11.1)",2020-06-26,2020-07-13,False,exact_or_partial,False,False,True,False
2020년 지역축제 현황_201016.xlsx,대구,2020,대구광역시,"형형색색 달구벌
관등놀이",,"4.4~4.26
(23일간)",,취소,2020-04-04,2020-04-26,False,exact_or_partial,True,False,False,False
2020년 지역축제 현황_201016.xlsx,대구,2020,대구광역시,대구국제재즈축제,,"9월 중
(3일간)",,"개최완료(오프라인)
(9.23~9.26)",2020-09-01,2020-09-30,True,month_only_vague,False,False,True,False
2020년 지역축제 현황_201016.xlsx,대구,2020,대구광역시,대구포크페스티벌,,"5.28~5.30
(3일간)",,"개최완료(온라인)
(7.29~7.30)",2020-05-28,2020-05-30,False,exact_or_partial,False,True,False,False
2020년 지역축제 현황_201016.xlsx,대구,2020,대구광역시,대구생활문화제,,10월 중,,"개최중
(온오프라인병행)
(10.16-11.14)",2020-10-01,2020-10-31,True,month_only_vague,False,False,True,False
2020년 지역축제 현황_201016.xlsx,대구,2020,대구광역시,팔공산 산중장터 승시,,"10.1~10.4.
(4일간)",,"개최예정(온라인)
(10.30~11.01)",2020-10-01,2020-10-04,False,exact_or_partial,False,True,False,False
2020년 지역축제 현황_201016.xlsx,대구,2020,대구광역시,대구국제바디페인팅페스티벌,,"8.29~8.30
(2일간)",,취소,2020-08-29,2020-08-30,False,exact_or_partial,True,False,False,False
2020년 지역축제 현황_201016.xlsx,대구,2020,대구광역시,"대구약령시
한방문화축제",,"5.1~5.5
(5일간)",,취소,2020-05-01,2020-05-05,False,exact_or_partial,True,False,False,False
2020년 지역축제 현황_201016.xlsx,대구,2020,대구광역시,대구치맥페스티벌,,"7.1~7.5
(5일간)",,취소,2020-07-01,2020-07-05,False,exact_or_partial,True,False,False,True
2020년 지역축제 현황_201016.xlsx,대구,2020,대구광역시,대구국제호러페스티벌,,"8월 중
(2일)",,"개최중(오프라인)
(8.1~10.31)",2020-08-01,2020-08-31,True,month_only_vague,False,False,True,False
2020년 지역축제 현황_201016.xlsx,대구,2020,대구광역시,대구국제패션문화페스티벌,,"7.1~7.5
(5일간)",,"개최예정(온라인)
(11.23~11.29)",2020-07-01,2020-07-05,False,exact_or_partial,False,True,False,False
2020년 지역축제 현황_201016.xlsx,대구,2020,대구광역시,"생명사랑환경축제 
""맹꽁이야 놀자~!!""",,"9.26~9.27
(2일간)",,취소,2020-09-26,2020-09-27,False,exact_or_partial,True,False,False,False
2020년 지역축제 현황_201016.xlsx,대구,2020,대구광역시,동성로축제,,"5.8~5.10.
(3일간)",,"개최예정(오프라인)
(10.23~10.25)",2020-05-08,2020-05-10,False,exact_or_partial,False,False,True,False
2020년 지역축제 현황_201016.xlsx,대구,2020,대구광역시,대구패션주얼리위크,,"5.15.~5.17.
(3일간)",,"개최예정(온라인)
(10.30~10.31)",2020-05-15,2020-05-17,False,exact_or_partial,False,True,False,False
2020년 지역축제 현황_201016.xlsx,대구,2020,대구광역시,"대구스트리트모터
페스티벌",,"5.16~5.17
(2일간)",,취소,2020-05-16,2020-05-17,False,exact_or_partial,True,False,False,False
2020년 지역축제 현황_201016.xlsx,대구,2020,대구광역시,대구문화재야행,,"8.21~8.22
(2일간)",,"개최완료(오프라인)
(9.25-9.26)",2020-08-21,2020-08-22,False,exact_or_partial,False,False,True,False
2020년 지역축제 현황_201016.xlsx,대구,2020,대구광역시,"김광석, 나의노래
다시부르기",,"9월 중
(2일간)",,"개최예정(온라인)
(10.24,10.31)",2020-09-01,2020-09-30,True,month_only_vague,False,True,False,False
2020년 지역축제 현황_201016.xlsx,대구,2020,대구광역시,서문시장글로벌대축제,,"10월 중 
(3일간)",,,2020-10-01,2020-10-31,True,month_only_vague,False,False,True,False
2020년 지역축제 현황_201016.xlsx,대구,2020,대구광역시,교동시장한마음축제,,"10월 중 
(2일간)",,,2020-10-01,2020-10-31,True,month_only_vague,False,False,True,False
2020년 지역축제 현황_201016.xlsx,대구,2020,대구광역시,빨간구두이야기,,"10월 중 
(2일간)",,,2020-10-01,2020-10-31,True,month_only_vague,False,False,True,False
2020년 지역축제 현황_201016.xlsx,대구,2020,대구광역시,대구화교중화문화축제,,"10월중
(2일간)",,취소,2020-10-01,2020-10-31,True,month_only_vague,True,False,False,False
2020년 지역축제 현황_201016.xlsx,대구,2020,대구광역시,봉산미술제,,"10.11~10.13
(3일간)",,"개최완료
(온오프라인병행)
(10.9~10.11)",2020-10-11,2020-10-13,False,exact_or_partial,False,False,True,False
2020년 지역축제 현황_201016.xlsx,대구,2020,대구광역시,팔공산 벚꽃축제,,"4월 중
(5일간)",,취소,2020-04-01,2020-04-30,True,month_only_vague,True,False,False,False
2020년 지역축제 현황_201016.xlsx,대구,2020,대구광역시,용암산성 옥샘문화제,,"10.17~10.18
(2일간)",,취소,2020-10-17,2020-10-18,False,exact_or_partial,True,False,False,False
2020년 지역축제 현황_201016.xlsx,대구,2020,대구광역시,팔공산 단풍축제,,"10월 중
(5일간)",,취소,2020-10-01,2020-10-31,True,month_only_vague,True,False,False,False
2020년 지역축제 현황_201016.xlsx,대구,2020,대구광역시,"달구벌목민관 부임
마을축제",,"10월 중
(2일간)",,취소,2020-10-01,2020-10-31,True,month_only_vague,True,False,False,False
2020년 지역축제 현황_201016.xlsx,대구,2020,대구광역시,"대덕제
""대구앞산축제""",,"4.25~4.26
(2일간)",,취소,2020-04-25,2020-04-26,False,exact_or_partial,True,False,False,False
2020년 지역축제 현황_201016.xlsx,대구,2020,대구광역시,신천돗자리음악축제,,"7월 중
(2일간)",,취소,2020-07-01,2020-07-31,True,month_only_vague,True,False,False,False
2020년 지역축제 현황_201016.xlsx,대구,2020,대구광역시,대구 할로윈 축제,,"10월 중
(2일간)",,취소,2020-10-01,2020-10-31,True,month_only_vague,True,False,False,False
2020년 지역축제 현황_201016.xlsx,대구,2020,대구광역시,금호강 바람소리길축제,,"9~10월 중
(2일간)",,취소,2020-10-01,2020-10-31,True,month_only_vague,True,False,False,False
2020년 지역축제 현황_201016.xlsx,대구,2020,대구광역시,논두렁밭두렁축제,,"10.10~10.31.
(32일간)",,취소,2020-10-10,2020-10-31,False,exact_or_partial,True,False,False,False
2020년 지역축제 현황_201016.xlsx,대구,2020,대구광역시,수성못 페스티벌,,"9.18~9.20
(3일간)",,"개최완료(온라인)
(9.18~9.20)",2020-09-18,2020-09-20,False,exact_or_partial,False,True,False,False
2020년 지역축제 현황_201016.xlsx,대구,2020,대구광역시,장미꽃필무렵,,"5.14~5.16
(3일간)",,"개최완료(온라인)
(5.22~5.24)",2020-05-14,2020-05-16,False,exact_or_partial,False,True,False,False
2020년 지역축제 현황_201016.xlsx,대구,2020,대구광역시,비슬산 참꽃 문화제,,"4월 중
(2일간)",,취소,2020-04-01,2020-04-30,True,month_only_vague,True,False,False,False
2020년 지역축제 현황_201016.xlsx,대구,2020,대구광역시,달성 100대 피아노,,"9월 중
(2일간)",,취소,2020-09-01,2020-09-30,True,month_only_vague,True,False,False,False
2020년 지역축제 현황_201016.xlsx,인천,2020,인천광역시,인천펜타포트 음악축제,,"8.7.∼8.9.
(3일간)",,"개최중
(온라인)
(10.16~10.17)",2020-08-07,2020-08-09,False,exact_or_partial,False,True,False,False
2020년 지역축제 현황_201016.xlsx,인천,2020,인천광역시,동인천 낭만시장,,10월 중,,"개최예정(오프라인)
(10.31~11.01)",2020-10-01,2020-10-31,True,month_only_vague,False,False,True,False
2020년 지역축제 현황_201016.xlsx,인천,2020,인천광역시,서창 별빛거리,,12월 중,,,2020-12-01,2020-12-31,True,month_only_vague,False,False,True,False
2020년 지역축제 현황_201016.xlsx,인천,2020,인천광역시,미추홀윈터마켓,,12월 중,,,2020-12-01,2020-12-31,True,month_only_vague,False,False,True,False
2020년 지역축제 현황_201016.xlsx,인천,2020,인천광역시,2020 청라와인페스티벌,,"10월 중
(3일간)",,취소,2020-10-01,2020-10-31,True,month_only_vague,True,False,False,False
2020년 지역축제 현황_201016.xlsx,인천,2020,인천광역시,2020 인천송도불빛축제,,"10월 중
(10일간",,취소,2020-10-01,2020-10-31,True,month_only_vague,True,False,False,False
2020년 지역축제 현황_201016.xlsx,인천,2020,인천광역시,개항장 문화재 야행,,"5.2~5.3(2일)
9.19~20(2일)",,"개최예정(오프라인)
(10.23~10.25)",2020-05-02,2020-05-02,False,exact_or_partial,False,False,True,False
2020년 지역축제 현황_201016.xlsx,인천,2020,인천광역시,2020 자유공원 벚꽃축제,,"4.11~4.12
(2일간)",,취소,2020-04-11,2020-04-12,False,exact_or_partial,True,False,False,False
2020년 지역축제 현황_201016.xlsx,인천,2020,인천광역시,2020 크리스마스 트리 문화축제,,12월 중,,,2020-12-01,2020-12-31,True,month_only_vague,False,False,True,False
2020년 지역축제 현황_201016.xlsx,인천,2020,인천광역시,화도진축제,,"5.15~5.16
(2일간)",,취소,2020-05-15,2020-05-16,False,exact_or_partial,True,False,False,False
2020년 지역축제 현황_201016.xlsx,인천,2020,인천광역시,주안미디어문화축제,,"9.18.~9.20.
(3일간)",,"개최예정(온라인)
(10.26~11.20)",2020-09-18,2020-09-20,False,exact_or_partial,False,True,False,False
2020년 지역축제 현황_201016.xlsx,인천,2020,인천광역시,연수 능허대 문화축제,,"10월 중
(3일간)",,취소,2020-10-01,2020-10-31,True,month_only_vague,True,False,False,False
2020년 지역축제 현황_201016.xlsx,인천,2020,인천광역시,제20회 소래포구축제,,"9월 중
(3일간)",,취소,2020-09-01,2020-09-30,True,month_only_vague,True,False,False,False
2020년 지역축제 현황_201016.xlsx,인천,2020,인천광역시,부평풍물대축제,,"10.16~10.18
(3일간)",,"개최중(온라인)
(10.16~10.18)",2020-10-16,2020-10-18,False,exact_or_partial,False,True,False,False
2020년 지역축제 현황_201016.xlsx,인천,2020,인천광역시,강화섬포도축제,,"9.19~9.20
(2일간)",,취소,2020-09-19,2020-09-20,False,exact_or_partial,True,False,False,False
2020년 지역축제 현황_201016.xlsx,인천,2020,인천광역시,강화고려인삼축제,,"10.17~10.18
(2일간)",,취소,2020-10-17,2020-10-18,False,exact_or_partial,True,False,False,False
2020년 지역축제 현황_201016.xlsx,인천,2020,인천광역시,강화도새우젓축제,,"10월 중
(2일간)",,취소,2020-10-01,2020-10-31,True,month_only_vague,True,False,False,False
2020년 지역축제 현황_201016.xlsx,인천,2020,인천광역시,고려산진달래축제,,"4.18~4.26
(9일간)",,취소,2020-04-18,2020-04-26,False,exact_or_partial,True,False,False,False
2020년 지역축제 현황_201016.xlsx,인천,2020,인천광역시,삼랑성역사문화축제,,"10월 중
(9일간)",,"개최중(온라인)
(10.10~10.17)",2020-10-01,2020-10-31,True,month_only_vague,False,True,False,False
2020년 지역축제 현황_201016.xlsx,광주,2020,광주광역시,제27회 광주세계김치축제,,10월 중,,"개최예정(온라인)
(11.2~11.21)",2020-10-01,2020-10-31,True,month_only_vague,False,True,False,False
2020년 지역축제 현황_201016.xlsx,광주,2020,광주광역시,2020 세계청년축제,,7월 중,,"개최예정(온라인)
(11.23~11.28)",2020-07-01,2020-07-31,True,month_only_vague,False,True,False,False
2020년 지역축제 현황_201016.xlsx,광주,2020,광주광역시,2020 프린지페스티벌,,"4월~10월
(매주 토요일)",,"개최중(온라인)
(9.25-11.15)",2020-04-01,2020-10-31,True,month_range_vague,False,True,False,False
2020년 지역축제 현황_201016.xlsx,광주,2020,광주광역시,2020 아트피크닉,,"4월~10월
(매주 토요일)",,"개최중(온라인)
(9.25-10.25)",2020-04-01,2020-10-31,True,month_range_vague,False,True,False,False
2020년 지역축제 현황_201016.xlsx,광주,2020,광주광역시,광주동구 추억의 충장축제,,"10.14~10.18
(5일간)",,취소,2020-10-14,2020-10-18,False,exact_or_partial,True,False,False,False
2020년 지역축제 현황_201016.xlsx,광주,2020,광주광역시,영산강 서창들녘 억새축제,,"10.8~10.11
(4일간)",,취소,2020-10-08,2020-10-11,False,exact_or_partial,True,False,False,False
2020년 지역축제 현황_201016.xlsx,광주,2020,광주광역시,제38회 고싸움놀이축제,,2월 중,,,2020-02-01,2020-02-29,True,month_only_vague,False,False,True,False
2020년 지역축제 현황_201016.xlsx,광주,2020,광주광역시,제10회 굿모닝! 양림,,10월 중,,,2020-10-01,2020-10-31,True,month_only_vague,False,False,True,False
2020년 지역축제 현황_201016.xlsx,대전,2020,대전광역시,대청호대덕뮤직페스티벌,,"4.3~4.5
(3일간)",,취소,2020-04-03,2020-04-05,False,exact_or_partial,True,False,False,False
2020년 지역축제 현황_201016.xlsx,대전,2020,대전광역시,대전 서구힐링 아트페스티벌,,"5.22~5.24
(3일간)",,취소,2020-05-22,2020-05-24,False,exact_or_partial,True,False,False,False
2020년 지역축제 현황_201016.xlsx,대전,2020,대전광역시,대전효문화뿌리축제,,9월~10월 중,,취소,2020-09-01,2020-10-31,True,month_range_vague,True,False,False,False
2020년 지역축제 현황_201016.xlsx,대전,2020,대전광역시,유성온천문화축제,,"5.8~5.10
(3일간)",,취소,2020-05-08,2020-05-10,False,exact_or_partial,True,False,False,False
2020년 지역축제 현황_201016.xlsx,대전,2020,대전광역시,디쿠페스티벌,,"8월 중
(2일간)",,취소,2020-08-01,2020-08-31,True,month_only_vague,True,False,False,False
2020년 지역축제 현황_201016.xlsx,대전,2020,대전광역시,대전국제와인페스티벌,,"8.28~9.6
(10일간)",,취소,2020-08-28,2020-09-06,False,exact_or_partial,True,False,False,False
2020년 지역축제 현황_201016.xlsx,대전,2020,대전광역시,대전사이언스페스티벌,,"10월 중
(예정)",,"개최완료(온라인)
(10.7~10.10)",2020-10-01,2020-10-31,True,month_only_vague,False,True,False,False
2020년 지역축제 현황_201016.xlsx,대전,2020,대전광역시,계족산맨발축제,,"5.9~5.10
(2일간)",,취소,2020-05-09,2020-05-10,False,exact_or_partial,True,False,False,False
2020년 지역축제 현황_201016.xlsx,울산,2020,울산광역시,울산마두희축제,,"6.26.~6.28.
(3일간)",,취소,2020-06-26,2020-06-28,False,exact_or_partial,True,False,False,False
2020년 지역축제 현황_201016.xlsx,울산,2020,울산광역시,울산고래축제,,"6.11~6.14
(4일간)",,취소,2020-06-11,2020-06-14,False,exact_or_partial,True,False,False,False
2020년 지역축제 현황_201016.xlsx,울산,2020,울산광역시,남구문화예술제,,9월중,,,2020-09-01,2020-09-30,True,month_only_vague,False,False,True,False
2020년 지역축제 현황_201016.xlsx,울산,2020,울산광역시,태화강 나눔장터,,"4월~10월
둘째, 넷째 토요일",,취소,2020-04-01,2020-10-31,True,month_range_vague,True,False,False,False
2020년 지역축제 현황_201016.xlsx,울산,2020,울산광역시,"제12회 궁거랑 
벚꽃한마당",,"3.28.~3.29.
(2일간)",,취소,2020-03-28,2020-03-29,False,exact_or_partial,True,False,False,False
2020년 지역축제 현황_201016.xlsx,울산,2020,울산광역시,울산조선해양축제,,"7.24-7.26
(3일간)",,취소,2020-07-24,2020-07-26,False,exact_or_partial,True,False,False,False
2020년 지역축제 현황_201016.xlsx,울산,2020,울산광역시,방어진항 축제,,"6~7월중
(예정)",,취소,2020-07-01,2020-07-31,True,month_only_vague,True,False,False,False
2020년 지역축제 현황_201016.xlsx,울산,2020,울산광역시,울산쇠부리축제,,"5.8.~5.10.
(3일간)",,"개최완료(온라인)
(10.09~10.11)",2020-05-08,2020-05-10,False,exact_or_partial,False,True,False,False
2020년 지역축제 현황_201016.xlsx,울산,2020,울산광역시,간절곶 해맞이 축제,,"12.31.~1.1.
(2일간)",,,2020-12-31,2020-12-31,False,exact_or_partial,False,False,True,False
2020년 지역축제 현황_201016.xlsx,울산,2020,울산광역시,울산옹기축제,,"5.1.~5.5.
(5일간)",,"개최예정(온라인)
(11.6~11.15)",2020-05-01,2020-05-05,False,exact_or_partial,False,True,False,False
2020년 지역축제 현황_201016.xlsx,울산,2020,울산광역시,"울산대공원
장미축제",,"5.20~5.24
(5일간)",,취소,2020-05-20,2020-05-24,False,exact_or_partial,True,False,False,False
2020년 지역축제 현황_201016.xlsx,울산,2020,울산광역시,태화강국가정원 봄꽃축제,,"5.15.~5.17.
(3일간)",,취소,2020-05-15,2020-05-17,False,exact_or_partial,True,False,False,False
2020년 지역축제 현황_201016.xlsx,울산,2020,울산광역시,울산대공원 빛축제,,12월 중,,,2020-12-01,2020-12-31,True,month_only_vague,False,False,True,False
2020년 지역축제 현황_201016.xlsx,울산,2020,울산광역시,송년제야행사,,"12.31.~1.1
(2일간)",,,2020-12-31,2020-12-31,False,exact_or_partial,False,False,True,False
2020년 지역축제 현황_201016.xlsx,울산,2020,울산광역시,한글문화예술제,,"10월 중
(한글날 기간)",,"개최완료
(온오프라인병행)
(10.09~10.11)",2020-10-01,2020-10-31,True,month_only_vague,False,False,True,False
2020년 지역축제 현황_201016.xlsx,울산,2020,울산광역시,서머페스티벌,,"8월 중
(6일간)",,"개최완료
(8.14~8.21)",2020-08-01,2020-08-31,True,month_only_vague,False,False,True,False
2020년 지역축제 현황_201016.xlsx,울산,2020,울산광역시,아시아 퍼시픽 뮤직미팅,,"9월 중
(3일간)",,취소,2020-09-01,2020-09-30,True,month_only_vague,True,False,False,False
2020년 지역축제 현황_201016.xlsx,울산,2020,울산광역시,울산프롬나드페스티벌,,"10월 중
(미정)",,"개최예정
(온오프라인병행)
(11.14~11.15)",2020-10-01,2020-10-31,True,month_only_vague,False,False,True,False
2020년 지역축제 현황_201016.xlsx,울산,2020,울산광역시,울산예술제,,"10월 중
(25일간)",,"개최예정
(온오프라인병행)
(10.27-11.16)",2020-10-01,2020-10-31,True,month_only_vague,False,False,True,False
2020년 지역축제 현황_201016.xlsx,울산,2020,울산광역시,울산민족예술제,,6.13-6.14,,"개최완료(온라인)
(6.13~6.14)",2020-06-13,2020-06-14,False,exact_or_partial,False,True,False,False
2020년 지역축제 현황_201016.xlsx,울산,2020,울산광역시,태화강 대숲 납량축제,,"8월 중
(4일간)",,"개최완료
(8.13~8.16)",2020-08-01,2020-08-31,True,month_only_vague,False,False,True,False
2020년 지역축제 현황_201016.xlsx,울산,2020,울산광역시,울산119안전문화축제,,"10.15~10.17
(3일간)",,취소,2020-10-15,2020-10-17,False,exact_or_partial,True,False,False,False
2020년 지역축제 현황_201016.xlsx,울산,2020,울산광역시,처용문화제,,"10월 중
(3일간)",,"개최예정
(온오프라인병행)
(10.30~11.1)",2020-10-01,2020-10-31,True,month_only_vague,False,False,True,False
2020년 지역축제 현황_201016.xlsx,세종,2020,"세종특별
자치시청",여덟번째 세종축제,,10.9.~10.11.,,취소,2020-10-09,2020-10-11,False,exact_or_partial,True,False,False,False
2020년 지역축제 현황_201016.xlsx,세종,2020,"세종특별
자치시청",제18회세종조치원복숭아축제,,"7월말~8월초
(2일간)",,취소,2020-07-01,2020-08-31,True,month_range_vague,True,False,False,False
2020년 지역축제 현황_201016.xlsx,경기,2020,경기도,제57회 수원화성문화제,,"10.9.~10.11.
(3일간)",,취소,2020-10-09,2020-10-11,False,exact_or_partial,True,False,False,False
2020년 지역축제 현황_201016.xlsx,경기,2020,경기도,제27회 음식문화축제,,"10.9.~10.11
(3일간)",,취소,2020-10-09,2020-10-11,False,exact_or_partial,True,False,False,False
2020년 지역축제 현황_201016.xlsx,경기,2020,경기도,"팔달문지역
시장거리 축제",,"10월 중
(3일간)",,취소,2020-10-01,2020-10-31,True,month_only_vague,True,False,False,False
2020년 지역축제 현황_201016.xlsx,경기,2020,경기도,"2020 제17회
수원정보과학축제",,"10.16.~10.19.
(4일간)",,취소,2020-10-16,2020-10-19,False,exact_or_partial,True,False,False,False
2020년 지역축제 현황_201016.xlsx,경기,2020,경기도,"글로벌 스마트시티
국제 컨퍼런스",,"8월 중
(2일간)",,취소,2020-08-01,2020-08-31,True,month_only_vague,True,False,False,False
2020년 지역축제 현황_201016.xlsx,경기,2020,경기도,제6회 광교산마루길 벚꽃 축제,,"4~5월 중
(2일간)",,취소,2020-05-01,2020-05-31,True,month_only_vague,True,False,False,False
2020년 지역축제 현황_201016.xlsx,경기,2020,경기도,2020고양국제꽃박람회,,"4.24~5.10
(17일간)",,취소,2020-04-24,2020-05-10,False,exact_or_partial,True,False,False,False
2020년 지역축제 현황_201016.xlsx,경기,2020,경기도,제32회 고양행주문화제,,"5.15~5.17
(2일간)",,취소,2020-05-15,2020-05-17,False,exact_or_partial,True,False,False,False
2020년 지역축제 현황_201016.xlsx,경기,2020,경기도,고양호수예술축제,,"10.3~10.6
(4일간)",,취소,2020-10-03,2020-10-06,False,exact_or_partial,True,False,False,False
2020년 지역축제 현황_201016.xlsx,경기,2020,경기도,제20회 용인사이버과학축제,,"10.17~10.18
(2일간)",,취소,2020-10-17,2020-10-18,False,exact_or_partial,True,False,False,False
2020년 지역축제 현황_201016.xlsx,경기,2020,경기도,제25회 용인시민의 날,,"9월 중 
(2일간)",,취소,2020-09-01,2020-09-30,True,month_only_vague,True,False,False,False
2020년 지역축제 현황_201016.xlsx,경기,2020,경기도,그린콤마뮤직페스티벌,,"8월 중 
(2일간)",,취소,2020-08-01,2020-08-31,True,month_only_vague,True,False,False,False
2020년 지역축제 현황_201016.xlsx,경기,2020,경기도,제31회 처인성 문화제,,"9.25~9.26
(2일간)",,취소,2020-09-25,2020-09-26,False,exact_or_partial,True,False,False,False
2020년 지역축제 현황_201016.xlsx,경기,2020,경기도,제17회 포은문화제,,"10.9~10.11
(3일간)",,취소,2020-10-09,2020-10-11,False,exact_or_partial,True,False,False,False
2020년 지역축제 현황_201016.xlsx,경기,2020,경기도,"제18회 용인예술제
(YAF)",,9월 중,,취소,2020-09-01,2020-09-30,True,month_only_vague,True,False,False,False
2020년 지역축제 현황_201016.xlsx,경기,2020,경기도,제13회용인음식문화축제,,"9월 중
(2일간)",,취소,2020-09-01,2020-09-30,True,month_only_vague,True,False,False,False
2020년 지역축제 현황_201016.xlsx,경기,2020,경기도,사계절테마축제(겨울),,"1월 중
(2일간)",,개최완료,2020-01-01,2020-01-31,True,month_only_vague,False,False,True,False
2020년 지역축제 현황_201016.xlsx,경기,2020,경기도,사계절테마축제(봄),,"4.24~4.26
(2일간)",,취소,2020-04-24,2020-04-26,False,exact_or_partial,True,False,False,False
2020년 지역축제 현황_201016.xlsx,경기,2020,경기도,사계절테마축제(여름),,"7월 중
(2일간)",,취소,2020-07-01,2020-07-31,True,month_only_vague,True,False,False,False
2020년 지역축제 현황_201016.xlsx,경기,2020,경기도,사계절테마축제(가을),,"10월 중
(2일간)",,"개최중(오프라인)
(10.16 ~ 10.18)",2020-10-01,2020-10-31,True,month_only_vague,False,False,True,False
2020년 지역축제 현황_201016.xlsx,경기,2020,경기도,어린이 대축제,,"5.1~5.5
(5일간)",,취소,2020-05-01,2020-05-05,False,exact_or_partial,True,False,False,False
2020년 지역축제 현황_201016.xlsx,경기,2020,경기도,보정동 카페거리 2020 해피할로윈 축제,,"10.30~11.1
(3일간)",,"개최예정(온라인)
10.23~11.14",2020-10-30,2020-11-01,False,exact_or_partial,False,True,False,False
2020년 지역축제 현황_201016.xlsx,경기,2020,경기도,보정동 카페거리 크리스마스 축제,,"12.24~12.27
(4일간)",,,2020-12-24,2020-12-27,False,exact_or_partial,False,False,True,False
2020년 지역축제 현황_201016.xlsx,경기,2020,경기도,"ACT성남
<2020 성남 축제의 날>",,"10월 중
(4일간)",,취소,2020-10-01,2020-10-31,True,month_only_vague,True,False,False,False
2020년 지역축제 현황_201016.xlsx,경기,2020,경기도,성남생활문화동호회축제,,"10월 중
(2일간)",,취소,2020-10-01,2020-10-31,True,month_only_vague,True,False,False,False
2020년 지역축제 현황_201016.xlsx,경기,2020,경기도,제22회 도당산 벚꽃축제,,4월 중,,취소,2020-04-01,2020-04-30,True,month_only_vague,True,False,False,False
2020년 지역축제 현황_201016.xlsx,경기,2020,경기도,제20회 원미산 진달래축제,,4월 중,,취소,2020-04-01,2020-04-30,True,month_only_vague,True,False,False,False
2020년 지역축제 현황_201016.xlsx,경기,2020,경기도,제36회 복사골예술제,,"5.1.~5.5.
(5일간)",,취소,2020-05-01,2020-05-05,False,exact_or_partial,True,False,False,False
2020년 지역축제 현황_201016.xlsx,경기,2020,경기도,부천국제판타스틱영화제,,"7.9~7.16
(8일간)",,"개최완료
(7.9~7.16)",2020-07-09,2020-07-16,False,exact_or_partial,False,False,True,False
2020년 지역축제 현황_201016.xlsx,경기,2020,경기도,부천국제만화축제,,"8.14~8.16
(3일간)
개막식 8.13",,"개최완료(온라인)
(9.19~9.27)",2020-08-14,2020-08-14,False,exact_or_partial,False,True,False,False
2020년 지역축제 현황_201016.xlsx,경기,2020,경기도,부천국제애니메이션페스티벌,,"10.23.~10.27.
(5일간)",,"개최예정(온오프라인)
(10.23 ~ 10.27)",2020-10-23,2020-10-27,False,exact_or_partial,False,False,True,False
2020년 지역축제 현황_201016.xlsx,경기,2020,경기도,화성 뱃놀이 축제,,"5.28.~5.31.
(4일간)",,취소,2020-05-28,2020-05-31,False,exact_or_partial,True,False,False,False
2020년 지역축제 현황_201016.xlsx,경기,2020,경기도,"정조 효 문화제 및
정조대왕능행차
화성구간",,"10.10~10.11
(2일간)",,취소,2020-10-10,2020-10-11,False,exact_or_partial,True,False,False,False
2020년 지역축제 현황_201016.xlsx,경기,2020,경기도,품앗이 공연예술축제,,"6.18-6.21
(4일간)",,"개최완료(온라인)
(8.19~8.23)",2020-06-18,2020-06-21,False,exact_or_partial,False,True,False,False
2020년 지역축제 현황_201016.xlsx,경기,2020,경기도,병점 떡전거리 축제,,"9.12-9.13
(2일간)",,취소,2020-09-12,2020-09-13,False,exact_or_partial,True,False,False,False
2020년 지역축제 현황_201016.xlsx,경기,2020,경기도,제1회황라들녘축제,,"10월말~11월초
 (2일간)",,취소,2020-10-01,2020-11-30,True,month_range_vague,True,False,False,False
2020년 지역축제 현황_201016.xlsx,경기,2020,경기도,화성송산포도축제,,"9.5.~9.6.
(2일간)",,취소,2020-09-05,2020-09-06,False,exact_or_partial,True,False,False,False
2020년 지역축제 현황_201016.xlsx,경기,2020,경기도,2020안산국제거리극축제,,"5.1.~5.3.
(3일간)",,취소,2020-05-01,2020-05-03,False,exact_or_partial,True,False,False,False
2020년 지역축제 현황_201016.xlsx,경기,2020,경기도,제34회 별망성예술제,,"9.11.~9.13.
(2일간)",,"개최예정(오프라인)
(10.29 ~ 10.30)",2020-09-11,2020-09-13,False,exact_or_partial,False,False,True,False
2020년 지역축제 현황_201016.xlsx,경기,2020,경기도,제24회 성호문화제,,"5.30~5.31.
(2일간)",,취소,2020-05-30,2020-05-31,False,exact_or_partial,True,False,False,False
2020년 지역축제 현황_201016.xlsx,경기,2020,경기도,안산사이언스밸리(ASV) 과학축전 (가칭),,"10월 중
(2일간)",,취소,2020-10-01,2020-10-31,True,month_only_vague,True,False,False,False
2020년 지역축제 현황_201016.xlsx,경기,2020,경기도,2020 안산 김홍도축제,,"10.9.~10.11.
(3일 간)",,취소,2020-10-09,2020-10-11,False,exact_or_partial,True,False,False,False
2020년 지역축제 현황_201016.xlsx,경기,2020,경기도,"제34회
정약용문화제",,10월 중,,취소,2020-10-01,2020-10-31,True,month_only_vague,True,False,False,False
2020년 지역축제 현황_201016.xlsx,경기,2020,경기도,"정약용 딸기축제
(가칭)",,"4월 중
(2일간)",,취소,2020-04-01,2020-04-30,True,month_only_vague,True,False,False,False
2020년 지역축제 현황_201016.xlsx,경기,2020,경기도,2020 안양충훈벚꽃축제,,"4월 중
(3일 이상)",,취소,2020-04-01,2020-04-30,True,month_only_vague,True,False,False,False
2020년 지역축제 현황_201016.xlsx,경기,2020,경기도,"안양시민축제 : 우선멈""춤"" 프로젝트",,"9월 중
(3일간)",,"개최중(온라인) 
(일정 : 9.28 ~ 2021년 초)",2020-09-01,2020-09-30,True,month_only_vague,False,True,False,False
2020년 지역축제 현황_201016.xlsx,경기,2020,경기도,평택꽃나들이행사,,"4.18.~4.26.
(9일간)",,취소,2020-04-18,2020-04-26,False,exact_or_partial,True,False,False,False
2020년 지역축제 현황_201016.xlsx,경기,2020,경기도,2020 평택호 물빛축제,,"10월 중
(2일간)",,취소,2020-10-01,2020-10-31,True,month_only_vague,True,False,False,False
2020년 지역축제 현황_201016.xlsx,경기,2020,경기도,"한미친선
한마음축제",,"5월말~6월초
(2일간)",,취소,2020-05-01,2020-06-30,True,month_range_vague,True,False,False,False
2020년 지역축제 현황_201016.xlsx,경기,2020,경기도,"한미친선
문화한마당잔치",,"9월 중
(2일간)",,취소,2020-09-01,2020-09-30,True,month_only_vague,True,False,False,False
2020년 지역축제 현황_201016.xlsx,경기,2020,경기도,한미 어울림축제,,"5~7월 중
(3일간)",,취소,2020-07-01,2020-07-31,True,month_only_vague,True,False,False,False
2020년 지역축제 현황_201016.xlsx,경기,2020,경기도,"송탄관광특구 
한마음대축제",,"10월 중
(2일간)",,취소,2020-10-01,2020-10-31,True,month_only_vague,True,False,False,False
2020년 지역축제 현황_201016.xlsx,경기,2020,경기도,대한민국 무형문화재 축제,,"9월 중
(2일간)",,"개최예정(온라인)
(11.13 ~ 11.15)",2020-09-01,2020-09-30,True,month_only_vague,False,True,False,False
2020년 지역축제 현황_201016.xlsx,경기,2020,경기도,시흥갯골축제,,"9.18~9.20
(3일간)",,"개최중(온라인)
(9.16~10.30)",2020-09-18,2020-09-20,False,exact_or_partial,False,True,False,False
2020년 지역축제 현황_201016.xlsx,경기,2020,경기도,물왕예술제,,"5월 중
(3일간)",,"개최중(온라인)
(10.12 ~ 11.16)",2020-05-01,2020-05-31,True,month_only_vague,False,True,False,False
2020년 지역축제 현황_201016.xlsx,경기,2020,경기도,어린이책잔치,,"5.2~5.5
(4일간)",,"개최중(온라인)
(10.7 ~ 11.30)",2020-05-02,2020-05-05,False,exact_or_partial,False,True,False,False
2020년 지역축제 현황_201016.xlsx,경기,2020,경기도,헤이리 판 페스티벌,,"10.9~10.18
(10일간)",,"개최예정(온라인)
(11.11 ~ 11.22)",2020-10-09,2020-10-18,False,exact_or_partial,False,True,False,False
2020년 지역축제 현황_201016.xlsx,경기,2020,경기도,파주북소리축제,,"10.16~10.18
(3일간)",,"개최예정(온라인)
(11.1 ~ 11.30)",2020-10-16,2020-10-18,False,exact_or_partial,False,True,False,False
2020년 지역축제 현황_201016.xlsx,경기,2020,경기도,DMZ다큐영화제,,"9.17~9.24
(8일간)",,"개최완료(오프라인)
(9.17 ~ 9.24)",2020-09-17,2020-09-24,False,exact_or_partial,False,False,True,False
2020년 지역축제 현황_201016.xlsx,경기,2020,경기도,제32회 율곡문화제,,"10.10~10.11
(2일간)",,취소,2020-10-10,2020-10-11,False,exact_or_partial,True,False,False,False
2020년 지역축제 현황_201016.xlsx,경기,2020,경기도,파주개성인삼축제,,"10.17-10.18
(2일간)",,취소,2020-10-17,2020-10-18,False,exact_or_partial,True,False,False,False
2020년 지역축제 현황_201016.xlsx,경기,2020,경기도,파주장단콩축제,,"11.27-11.29
(3일간)",,취소,2020-11-27,2020-11-29,False,exact_or_partial,True,False,False,False
2020년 지역축제 현황_201016.xlsx,경기,2020,경기도,제19회의정부음악극축제,,5월 중,,"개최완료
(8.7~8.16)",2020-05-01,2020-05-31,True,month_only_vague,False,False,True,False
2020년 지역축제 현황_201016.xlsx,경기,2020,경기도,제34회 회룡문화제,,10월 중,,취소,2020-10-01,2020-10-31,True,month_only_vague,True,False,False,False
2020년 지역축제 현황_201016.xlsx,경기,2020,경기도,아라마린페스티벌,,"8월 중
(2일)",,취소,2020-08-01,2020-08-31,True,month_only_vague,True,False,False,False
2020년 지역축제 현황_201016.xlsx,경기,2020,경기도,애기봉평화생태공원개관기념 축제,,"6월 중
(2일이상)",,취소,2020-06-01,2020-06-30,True,month_only_vague,True,False,False,False
2020년 지역축제 현황_201016.xlsx,경기,2020,경기도,양촌오라니장터축제,,"9월 중
(2일)",,취소,2020-09-01,2020-09-30,True,month_only_vague,True,False,False,False
2020년 지역축제 현황_201016.xlsx,경기,2020,경기도,광주 남한산성문화제,,"9.11.~9.13
(3일간)",,취소,2020-09-11,2020-09-13,False,exact_or_partial,True,False,False,False
2020년 지역축제 현황_201016.xlsx,경기,2020,경기도,광주왕실도자기축제,,"4.30~5.11
(11일간)",,취소,2020-04-30,2020-05-11,False,exact_or_partial,True,False,False,False
2020년 지역축제 현황_201016.xlsx,경기,2020,경기도,제18회 퇴촌토마토축제,,"6.19.~6.21.
(3일간)",,취소,2020-06-19,2020-06-21,False,exact_or_partial,True,False,False,False
2020년 지역축제 현황_201016.xlsx,경기,2020,경기도,제13회 광명농악대축제,,10월 중,,취소,2020-10-01,2020-10-31,True,month_only_vague,True,False,False,False
2020년 지역축제 현황_201016.xlsx,경기,2020,경기도,2020 군포철쭉축제,,"4.23.~4.26.
(4일간)",,취소,2020-04-23,2020-04-26,False,exact_or_partial,True,False,False,False
2020년 지역축제 현황_201016.xlsx,경기,2020,경기도,2020 이성산성문화축제,,9월 중,,"개최중(온라인)
(9.27  ~ 10.25)",2020-09-01,2020-09-30,True,month_only_vague,False,True,False,False
2020년 지역축제 현황_201016.xlsx,경기,2020,경기도,"제10회 오산 
독산성 문화제",,"10.16~10.18
(3일간)",,"개최중(온라인)
(10.5 ~ 10.18)",2020-10-16,2020-10-18,False,exact_or_partial,False,True,False,False
2020년 지역축제 현황_201016.xlsx,경기,2020,경기도,"2020 오산
통기타 페스티벌",,"9.25~9.26
(2일간)",,"개최예정
(12월)",2020-09-25,2020-09-26,False,exact_or_partial,False,False,True,False
2020년 지역축제 현황_201016.xlsx,경기,2020,경기도,2020 양주 천만송이 천일홍 축제,,"9~10월 중
(2일간)",,취소,2020-10-01,2020-10-31,True,month_only_vague,True,False,False,False
2020년 지역축제 현황_201016.xlsx,경기,2020,경기도,햇사레장호원복숭아축제,,"9월 예정
(3일간)",,취소,2020-09-01,2020-09-30,True,month_only_vague,True,False,False,False
2020년 지역축제 현황_201016.xlsx,경기,2020,경기도,이천도자기축제,,"4.11.~4.19.
(9일간)",,취소,2020-04-11,2020-04-19,False,exact_or_partial,True,False,False,False
2020년 지역축제 현황_201016.xlsx,경기,2020,경기도,이천쌀문화축제,,"10월 말
(5일간)",,"개최중(온라인)
(10.5~10.31)",2020-10-01,2020-10-31,True,month_only_vague,False,True,False,False
2020년 지역축제 현황_201016.xlsx,경기,2020,경기도,이천인삼축제,,"11월 초
(3일간)",,취소,2020-11-01,2020-11-30,True,month_only_vague,True,False,False,False
2020년 지역축제 현황_201016.xlsx,경기,2020,경기도,이천체험문화축제,,"5월 중순
(3일간)",,취소,2020-05-01,2020-05-31,True,month_only_vague,True,False,False,False
2020년 지역축제 현황_201016.xlsx,경기,2020,경기도,산수유축제,,3~4월 중,,취소,2020-04-01,2020-04-30,True,month_only_vague,True,False,False,False
2020년 지역축제 현황_201016.xlsx,경기,2020,경기도,서희문화제,,"9월 중
(2일간)",,취소,2020-09-01,2020-09-30,True,month_only_vague,True,False,False,False
2020년 지역축제 현황_201016.xlsx,경기,2020,경기도,제20회 구리 유채꽃 축제,,"5월 중
(3일간)",,취소,2020-05-01,2020-05-31,True,month_only_vague,True,False,False,False
2020년 지역축제 현황_201016.xlsx,경기,2020,경기도,제20회 구리 코스모스 축제,,"9월 중
(3일간)",,취소,2020-09-01,2020-09-30,True,month_only_vague,True,False,False,False
2020년 지역축제 현황_201016.xlsx,경기,2020,경기도,안성맞춤남사당바우덕이축제,,"9월말~10월초
(5일간)",,취소,2020-09-01,2020-10-31,True,month_range_vague,True,False,False,False
2020년 지역축제 현황_201016.xlsx,경기,2020,경기도,안성맞춤 포도축제,,"9월 중
(3일간)",,취소,2020-09-01,2020-09-30,True,month_only_vague,True,False,False,False
2020년 지역축제 현황_201016.xlsx,경기,2020,경기도,죽주 대고려문화축제,,"9월 중
(2일간)",,취소,2020-09-01,2020-09-30,True,month_only_vague,True,False,False,False
2020년 지역축제 현황_201016.xlsx,경기,2020,경기도,포농포농 축제,,"10월 중
(2일간)",,취소,2020-10-01,2020-10-31,True,month_only_vague,True,False,False,False
2020년 지역축제 현황_201016.xlsx,경기,2020,경기도,포천 개성인삼축제,,"10월 중
(3일간)",,취소,2020-10-01,2020-10-31,True,month_only_vague,True,False,False,False
2020년 지역축제 현황_201016.xlsx,경기,2020,경기도,산정호수명성산억새꽃축제,,"10.9~10.25
(17일간)",,취소,2020-10-09,2020-10-25,False,exact_or_partial,True,False,False,False
2020년 지역축제 현황_201016.xlsx,경기,2020,경기도,포천백운계곡동장군축제,,"12.25-1.31
(38일간)",,"개최예정(축소 개최)
날짜 미정",2020-12-25,2020-12-25,False,exact_or_partial,False,False,True,False
2020년 지역축제 현황_201016.xlsx,경기,2020,경기도,의왕철도축제,,"5.3~5.5
(3일간)",,취소,2020-05-03,2020-05-05,False,exact_or_partial,True,False,False,False
2020년 지역축제 현황_201016.xlsx,경기,2020,경기도,의왕백운호수축제,,"9월 중
(2일간)",,취소,2020-09-01,2020-09-30,True,month_only_vague,True,False,False,False
2020년 지역축제 현황_201016.xlsx,경기,2020,경기도,양평 단월 고로쇠 축제,,"3.21~3.22
(2일간)",,취소,2020-03-21,2020-03-22,False,exact_or_partial,True,False,False,False
2020년 지역축제 현황_201016.xlsx,경기,2020,경기도,양평 산수유 한우축제,,"4.4~4.5
(2일간)",,취소,2020-04-04,2020-04-05,False,exact_or_partial,True,False,False,False
2020년 지역축제 현황_201016.xlsx,경기,2020,경기도,양평 용문산 산나물 축제,,"4.24~4.26
(3일간)",,취소,2020-04-24,2020-04-26,False,exact_or_partial,True,False,False,False
2020년 지역축제 현황_201016.xlsx,경기,2020,경기도,양평 물축제,,"7월 중
(3일간)",,취소,2020-07-01,2020-07-31,True,month_only_vague,True,False,False,False
2020년 지역축제 현황_201016.xlsx,경기,2020,경기도,양평 부추축제,,9월 중,,취소,2020-09-01,2020-09-30,True,month_only_vague,True,False,False,False
2020년 지역축제 현황_201016.xlsx,경기,2020,경기도,양평 용문산 산나물 축제,,"4월중
(3일간)",,취소,2020-04-01,2020-04-30,True,month_only_vague,True,False,False,False
2020년 지역축제 현황_201016.xlsx,경기,2020,경기도,여주도자기축제,,"4.30~5.10
(11일간)",,취소,2020-04-30,2020-05-10,False,exact_or_partial,True,False,False,False
2020년 지역축제 현황_201016.xlsx,경기,2020,경기도,여주오곡나루축제,,"10.15~10.18
(4일간)",,취소,2020-10-15,2020-10-18,False,exact_or_partial,True,False,False,False
2020년 지역축제 현황_201016.xlsx,경기,2020,경기도,여주선비장터 축제,,"10.10~10.11
(2일간)",,취소,2020-10-10,2020-10-11,False,exact_or_partial,True,False,False,False
2020년 지역축제 현황_201016.xlsx,경기,2020,경기도,금사참외축제,,"5.29~5.31
(3일간)",,취소,2020-05-29,2020-05-31,False,exact_or_partial,True,False,False,False
2020년 지역축제 현황_201016.xlsx,경기,2020,경기도,여주흥천남한강벚꽃축제,,"4.10.~4.12.
(3일간)",,취소,2020-04-10,2020-04-12,False,exact_or_partial,True,False,False,False
2020년 지역축제 현황_201016.xlsx,경기,2020,경기도,여주품실축제,,"10월 중
(2일간)",,취소,2020-10-01,2020-10-31,True,month_only_vague,True,False,False,False
2020년 지역축제 현황_201016.xlsx,경기,2020,경기도,동두천락페스티벌,,"8.7.~9.4.
(29일간)",,취소,2020-08-07,2020-09-04,False,exact_or_partial,True,False,False,False
2020년 지역축제 현황_201016.xlsx,경기,2020,경기도,제24회 과천축제,,"9.24~9.27
(4일간)",,취소,2020-09-24,2020-09-27,False,exact_or_partial,True,False,False,False
2020년 지역축제 현황_201016.xlsx,경기,2020,경기도,제28회 연천구석기축제,,"5.2~5.5
(4일간)",,취소,2020-05-02,2020-05-05,False,exact_or_partial,True,False,False,False
2020년 지역축제 현황_201016.xlsx,강원,2020,강원도,춘천마임축제,,"5.24.~5.31.
(8일간)",,"개최완료
(일시중단)",2020-05-24,2020-05-31,False,exact_or_partial,False,False,True,False
2020년 지역축제 현황_201016.xlsx,강원,2020,강원도,춘천연극제,,"6.12.~6.20.
(9일간)",,취소,2020-06-12,2020-06-20,False,exact_or_partial,True,False,False,False
2020년 지역축제 현황_201016.xlsx,강원,2020,강원도,춘천인형극제,,9월~10월 중,,취소,2020-09-01,2020-10-31,True,month_range_vague,True,False,False,False
2020년 지역축제 현황_201016.xlsx,강원,2020,강원도,봄내예술제,,"5.10~5.29
(20일간)",,"개최완료
(5.27~6.17)",2020-05-10,2020-05-29,False,exact_or_partial,False,False,True,False
2020년 지역축제 현황_201016.xlsx,강원,2020,강원도,"장난감축제
(토이페스티벌)",,"10월 중
(4일간)",,취소,2020-10-01,2020-10-31,True,month_only_vague,True,False,False,False
2020년 지역축제 현황_201016.xlsx,강원,2020,강원도,애니타운페스티벌,,"5월 중
(2일간)",,취소,2020-05-01,2020-05-31,True,month_only_vague,True,False,False,False
2020년 지역축제 현황_201016.xlsx,강원,2020,강원도,드론페스티벌,,"6월 중
(2일간)",,"개최중(오프라인)
(10.9 ~ 12.30)",2020-06-01,2020-06-30,True,month_only_vague,False,False,True,False
2020년 지역축제 현황_201016.xlsx,강원,2020,강원도,막국수닭갈비축제,,"5.19.~5.24.
 (6일간)",,"개최중(온라인)
(10. 16 ~ 11. 8)",2020-05-19,2020-05-24,False,exact_or_partial,False,True,False,False
2020년 지역축제 현황_201016.xlsx,강원,2020,강원도,강촌힐링페스티벌,,"10월중
(4일간)",,취소,2020-10-01,2020-10-31,True,month_only_vague,True,False,False,False
2020년 지역축제 현황_201016.xlsx,강원,2020,강원도,아이스링크 in 춘천,,"19.12.24.~
'20.2.9.
(48일간)",,개최완료,2019-12-24,2020-02-09,False,exact_or_partial,False,False,True,False
2020년 지역축제 현황_201016.xlsx,강원,2020,강원도,"2020 원주
다이내믹 댄싱카니발",,"9.8~9.13
(6일간)",,취소,2020-09-08,2020-09-13,False,exact_or_partial,True,False,False,False
2020년 지역축제 현황_201016.xlsx,강원,2020,강원도,한지문화제,,"5.1~5.5
(5일간)",,"개최완료(온라인)
(9.3~9.26)",2020-05-01,2020-05-05,False,exact_or_partial,False,True,False,False
2020년 지역축제 현황_201016.xlsx,강원,2020,강원도,용수골꽃양귀비축제,,"5.25~6.7
(14일간)",,"개최완료
(5.25~6.7)",2020-05-25,2020-06-07,False,exact_or_partial,False,False,True,False
2020년 지역축제 현황_201016.xlsx,강원,2020,강원도,장미축제,,5월 중,,취소,2020-05-01,2020-05-31,True,month_only_vague,True,False,False,False
2020년 지역축제 현황_201016.xlsx,강원,2020,강원도,남한강축제,,7월 중,,취소,2020-07-01,2020-07-31,True,month_only_vague,True,False,False,False
2020년 지역축제 현황_201016.xlsx,강원,2020,강원도,섬강축제,,10월 중,,취소,2020-10-01,2020-10-31,True,month_only_vague,True,False,False,False
2020년 지역축제 현황_201016.xlsx,강원,2020,강원도,2020 원주삼토페스티벌,,"10.15~18
(4일간)",,취소,2020-10-15,2020-10-18,False,exact_or_partial,True,False,False,False
2020년 지역축제 현황_201016.xlsx,강원,2020,강원도,책(book) 사랑 축제,,"10월 중
(2일간)",,취소,2020-10-01,2020-10-31,True,month_only_vague,True,False,False,False
2020년 지역축제 현황_201016.xlsx,강원,2020,강원도,"치악산 
찰옥수수 축제",,"7월중
(2일간)",,취소,2020-07-01,2020-07-31,True,month_only_vague,True,False,False,False
2020년 지역축제 현황_201016.xlsx,강원,2020,강원도,"치악산 
복숭아 축제",,"8월중
(2일간)",,취소,2020-08-01,2020-08-31,True,month_only_vague,True,False,False,False
2020년 지역축제 현황_201016.xlsx,강원,2020,강원도,"치악산 
배 축제",,"11월 중
(3일간)",,취소,2020-11-01,2020-11-30,True,month_only_vague,True,False,False,False
2020년 지역축제 현황_201016.xlsx,강원,2020,강원도,경포벚꽃잔치,,3월 말,,취소,2020-03-01,2020-03-31,True,month_only_vague,True,False,False,False
2020년 지역축제 현황_201016.xlsx,강원,2020,강원도,장덕리복사꽃축제,,4월 중순               (2일간),,취소,2020-04-01,2020-04-30,True,month_only_vague,True,False,False,False
2020년 지역축제 현황_201016.xlsx,강원,2020,강원도,개두릅축제,,"4월 중
(3일간)",,취소,2020-04-01,2020-04-30,True,month_only_vague,True,False,False,False
2020년 지역축제 현황_201016.xlsx,강원,2020,강원도,"경포,스프링푸드가든",,"5.23~5.24
(2일간)",,취소,2020-05-23,2020-05-24,False,exact_or_partial,True,False,False,False
2020년 지역축제 현황_201016.xlsx,강원,2020,강원도,강릉단오제,,"6.21.~6.28
(8일간).",,취소,2020-06-21,2020-06-28,False,exact_or_partial,True,False,False,False
2020년 지역축제 현황_201016.xlsx,강원,2020,강원도,경포수제맥주축제,,7월 초,,취소,2020-07-01,2020-07-31,True,month_only_vague,True,False,False,True
2020년 지역축제 현황_201016.xlsx,강원,2020,강원도,강릉국제청소년예술축전,,8월 중,,"개최완료
(8.7~8.16)",2020-08-01,2020-08-31,True,month_only_vague,False,False,True,False
2020년 지역축제 현황_201016.xlsx,강원,2020,강원도,경포해변 썸머페스티벌,,8월 초,,취소,2020-08-01,2020-08-31,True,month_only_vague,True,False,False,False
2020년 지역축제 현황_201016.xlsx,강원,2020,강원도,주문진해변축제,,8월 초,,취소,2020-08-01,2020-08-31,True,month_only_vague,True,False,False,False
2020년 지역축제 현황_201016.xlsx,강원,2020,강원도,강릉커피축제,,"10.1.~10.4.
(5일간)",,취소,2020-10-01,2020-10-04,False,exact_or_partial,True,False,False,False
2020년 지역축제 현황_201016.xlsx,강원,2020,강원도,주문진오징어축제,,10월 중순             (4일간),,취소,2020-10-01,2020-10-31,True,month_only_vague,True,False,False,False
2020년 지역축제 현황_201016.xlsx,강원,2020,강원도,주문진복어축제,,12월 초순            (2일간),,,2020-12-01,2020-12-31,True,month_only_vague,False,False,True,False
2020년 지역축제 현황_201016.xlsx,강원,2020,강원도,강릉해맞이축제,,"12.31~1.1
(2일간)",,,2020-12-31,2020-12-31,False,exact_or_partial,False,False,True,False
2020년 지역축제 현황_201016.xlsx,강원,2020,강원도,봉정마을 연꽃.천연염색 축제,,7월 말,,취소,2020-07-01,2020-07-31,True,month_only_vague,True,False,False,False
2020년 지역축제 현황_201016.xlsx,강원,2020,강원도,망상해변 문화행사,,"7월 중
(미정)",,취소,2020-07-01,2020-07-31,True,month_only_vague,True,False,False,False
2020년 지역축제 현황_201016.xlsx,강원,2020,강원도,제35회 동해무릉제,,"10월 중
(3일간)",,취소,2020-10-01,2020-10-31,True,month_only_vague,True,False,False,False
2020년 지역축제 현황_201016.xlsx,강원,2020,강원도,제27회 태백산눈축제,,"1.10~1.19. 
(10일간)",,개최완료,2020-01-10,2020-01-19,False,exact_or_partial,False,False,True,False
2020년 지역축제 현황_201016.xlsx,강원,2020,강원도,제5회 한강•낙동강 발원지축제,,7월말~8월초,,취소,2020-07-01,2020-08-31,True,month_range_vague,True,False,False,False
2020년 지역축제 현황_201016.xlsx,강원,2020,강원도,속초 해맞이 축제,,"12.31.~1.1.
(2일간)",,취소,2020-12-31,2020-12-31,False,exact_or_partial,True,False,False,False
2020년 지역축제 현황_201016.xlsx,강원,2020,강원도,속초 봄빛 축제 청초누리,,"5.2.~5.5.
(4일간)",,취소,2020-05-02,2020-05-05,False,exact_or_partial,True,False,False,False
2020년 지역축제 현황_201016.xlsx,강원,2020,강원도,2020 실향민 역사 문화 축제,,"5. 29.∼5. 31.
(3일간)",,취소,2020-05-29,2020-05-31,False,exact_or_partial,True,False,False,False
2020년 지역축제 현황_201016.xlsx,강원,2020,강원도,제23회 장사항 오징어 맨손잡기 축제,,7월말~8월초,,취소,2020-07-01,2020-08-31,True,month_range_vague,True,False,False,False
2020년 지역축제 현황_201016.xlsx,강원,2020,강원도,"속초 여름해변 축제
(미정)",,"7.31.~8.5.
(6일간)",,취소,2020-07-31,2020-08-05,False,exact_or_partial,True,False,False,False
2020년 지역축제 현황_201016.xlsx,강원,2020,강원도,속초 수제맥주 축제,,"7.31.~8.5.
(6일간)",,취소,2020-07-31,2020-08-05,False,exact_or_partial,True,False,False,True
2020년 지역축제 현황_201016.xlsx,강원,2020,강원도,제55회 설악문화제,,"10.2.~10.3./
10.16.~10.18.
(예정)",,취소,2020-10-02,2020-10-03,False,exact_or_partial,True,False,False,False
2020년 지역축제 현황_201016.xlsx,강원,2020,강원도,속초 빛 축제 청초환희,,10월 중,,취소,2020-10-01,2020-10-31,True,month_only_vague,True,False,False,False
2020년 지역축제 현황_201016.xlsx,강원,2020,강원도,삼척정월대보름제,,"2.7~2.9
(3일간)",,취소,2020-02-07,2020-02-09,False,exact_or_partial,True,False,False,False
2020년 지역축제 현황_201016.xlsx,강원,2020,강원도,삼척맹방 유채꽃축제,,"3.27~4.23
(28일간)",,취소,2020-03-27,2020-04-23,False,exact_or_partial,True,False,False,False
2020년 지역축제 현황_201016.xlsx,강원,2020,강원도,삼척 장미축제,,"5.16.~5.31.
(16일간)",,취소,2020-05-16,2020-05-31,False,exact_or_partial,True,False,False,False
2020년 지역축제 현황_201016.xlsx,강원,2020,강원도,삼척비치 썸 페스티벌,,7~8월 중,,취소,2020-08-01,2020-08-31,True,month_only_vague,True,False,False,False
2020년 지역축제 현황_201016.xlsx,강원,2020,강원도,삼척동해왕이사부축제,,"10월 중
(3일간)",,취소,2020-10-01,2020-10-31,True,month_only_vague,True,False,False,False
2020년 지역축제 현황_201016.xlsx,강원,2020,강원도,제8회 홍천강 꽁꽁축제,,"1.4~1.20
(17일간)",,개최완료,2020-01-04,2020-01-20,False,exact_or_partial,False,False,True,False
2020년 지역축제 현황_201016.xlsx,강원,2020,강원도,"제2회 홍천한우
산나물축제",,"5.1~5.3
(3일간)",,취소,2020-05-01,2020-05-03,False,exact_or_partial,True,False,False,False
2020년 지역축제 현황_201016.xlsx,강원,2020,강원도,제4회홍천강 별빛음악 맥주축제,,7월말~8월초,,취소,2020-07-01,2020-08-31,True,month_range_vague,True,False,False,True
2020년 지역축제 현황_201016.xlsx,강원,2020,강원도,제24회 홍천찰옥수수축제,,7월말~8월초,,취소,2020-07-01,2020-08-31,True,month_range_vague,True,False,False,False
2020년 지역축제 현황_201016.xlsx,강원,2020,강원도,2020 홍천인삼 명품축제,,10월 중,,취소,2020-10-01,2020-10-31,True,month_only_vague,True,False,False,False
2020년 지역축제 현황_201016.xlsx,강원,2020,강원도,제34회 횡성회다지소리 민속문화제,,"4월 중
(2일간)",,취소,2020-04-01,2020-04-30,True,month_only_vague,True,False,False,False
2020년 지역축제 현황_201016.xlsx,강원,2020,강원도,2020년 횡성호수길축제,,"5.2~5.3
(2일간)",,취소,2020-05-02,2020-05-03,False,exact_or_partial,True,False,False,False
2020년 지역축제 현황_201016.xlsx,강원,2020,강원도,제9회 둔내고랭지토마토축제,,"8월 중
(3일간)",,취소,2020-08-01,2020-08-31,True,month_only_vague,True,False,False,False
2020년 지역축제 현황_201016.xlsx,강원,2020,강원도,제9회 횡성더덕축제,,"9월 중
(3일간)",,취소,2020-09-01,2020-09-30,True,month_only_vague,True,False,False,False
2020년 지역축제 현황_201016.xlsx,강원,2020,강원도,제14회 안흥찐빵축제,,"10월 중
(3일간)",,취소,2020-10-01,2020-10-31,True,month_only_vague,True,False,False,False
2020년 지역축제 현황_201016.xlsx,강원,2020,강원도,제16회 횡성한우축제,,"10.15~10.19
(5일간)",,"개최중(온라인)
(10.15 ~ 10.30)",2020-10-15,2020-10-19,False,exact_or_partial,False,True,False,False
2020년 지역축제 현황_201016.xlsx,강원,2020,강원도,제54회 단종문화제,,"4.24~4.26.
(3일간)",,취소,2020-04-24,2020-04-26,False,exact_or_partial,True,False,False,False
2020년 지역축제 현황_201016.xlsx,강원,2020,강원도,2020 동강뗏목축제,,"8.6~8.9
(4일간)",,취소,2020-08-06,2020-08-09,False,exact_or_partial,True,False,False,False
2020년 지역축제 현황_201016.xlsx,강원,2020,강원도,동강국제사진제 2020,,"6~9월 
(세부일정미정)",,취소,2020-09-01,2020-09-30,True,month_only_vague,True,False,False,False
2020년 지역축제 현황_201016.xlsx,강원,2020,강원도,제23회 김삿갓문화제,,"10.2~10.4
(3일간)",,취소,2020-10-02,2020-10-04,False,exact_or_partial,True,False,False,False
2020년 지역축제 현황_201016.xlsx,강원,2020,강원도,평창송어축제,,"19.12.28
~'20.2.2
(37일간)",,개최완료,2019-12-28,2020-02-02,False,exact_or_partial,False,False,True,False
2020년 지역축제 현황_201016.xlsx,강원,2020,강원도,대관령눈꽃축제,,"1.10~1.19
(10일간)",,개최완료,2020-01-10,2020-01-19,False,exact_or_partial,False,False,True,False
2020년 지역축제 현황_201016.xlsx,강원,2020,강원도,평창더위사냥축제,,"7월말~8월초
(10일간)",,취소,2020-07-01,2020-08-31,True,month_range_vague,True,False,False,False
2020년 지역축제 현황_201016.xlsx,강원,2020,강원도,평창효석문화제,,"9월초~9월 중순
(10일간)",,취소,2020-09-01,2020-09-30,True,month_range_vague,True,False,False,False
2020년 지역축제 현황_201016.xlsx,강원,2020,강원도,평창백일홍축제,,"9월 중순~9월말
(10일간)",,취소,2020-09-01,2020-09-30,True,month_range_vague,True,False,False,False
2020년 지역축제 현황_201016.xlsx,강원,2020,강원도,정선아리랑제,,"10월 초
(4일간)",,취소,2020-10-01,2020-10-31,True,month_only_vague,True,False,False,False
2020년 지역축제 현황_201016.xlsx,강원,2020,강원도,정선곤드레산나물축제,,"5.14~5.17
(4일간)",,취소,2020-05-14,2020-05-17,False,exact_or_partial,True,False,False,False
2020년 지역축제 현황_201016.xlsx,강원,2020,강원도,"제8회 철원 한탄강
 얼음트레킹",,"1.18~1.27.
(10일간)",,개최완료,2020-01-18,2020-01-27,False,exact_or_partial,False,False,True,False
2020년 지역축제 현황_201016.xlsx,강원,2020,강원도,"제14회 철원 화강 
다슬기 축제",,"7.30~ 8. 2.
(4일간)",,취소,2020-07-30,2020-08-02,False,exact_or_partial,True,False,False,False
2020년 지역축제 현황_201016.xlsx,강원,2020,강원도,제38회 태봉제,,"10.15.~10.17.
(3일간)",,취소,2020-10-15,2020-10-17,False,exact_or_partial,True,False,False,False
2020년 지역축제 현황_201016.xlsx,강원,2020,강원도,"2020 철원오대쌀 
새끼줄축제",,"10.23.~10.25.
(3일간)",,취소,2020-10-23,2020-10-25,False,exact_or_partial,True,False,False,False
2020년 지역축제 현황_201016.xlsx,강원,2020,강원도,제3회 DMZ 피스트레인 뮤직페스티벌,,"6.12.~6.14.
(3일간)",,취소,2020-06-12,2020-06-14,False,exact_or_partial,True,False,False,False
2020년 지역축제 현황_201016.xlsx,강원,2020,강원도,제2회 철원 DMZ 평화 꽃송이 축제,,"9.15.-9.20.
(5일간)",,취소,2020-09-15,2020-09-20,False,exact_or_partial,True,False,False,False
2020년 지역축제 현황_201016.xlsx,강원,2020,강원도,산천어축제,,"1.27~2.16
(23일간)",,"개최완료
(1.27~2.16)",2020-01-27,2020-02-16,False,exact_or_partial,False,False,True,False
2020년 지역축제 현황_201016.xlsx,강원,2020,강원도,"물의나라화천
쪽배축제",,"7.27 ~ 8.4
(9일간)",,취소,2020-07-27,2020-08-04,False,exact_or_partial,True,False,False,False
2020년 지역축제 현황_201016.xlsx,강원,2020,강원도,화천토마토축제,,"7.30~8.2
(4일간)",,취소,2020-07-30,2020-08-02,False,exact_or_partial,True,False,False,False
2020년 지역축제 현황_201016.xlsx,강원,2020,강원도,자연중심 양구 곰취축제,,"5.8~5.10
(3일간)",,취소,2020-05-08,2020-05-10,False,exact_or_partial,True,False,False,False
2020년 지역축제 현황_201016.xlsx,강원,2020,강원도,국토정중앙 양구 배꼽축제,,"7.31~8.2
(3일간)",,취소,2020-07-31,2020-08-02,False,exact_or_partial,True,False,False,False
2020년 지역축제 현황_201016.xlsx,강원,2020,강원도,양록제,,"10.8~10.10
(3일간)",,취소,2020-10-08,2020-10-10,False,exact_or_partial,True,False,False,False
2020년 지역축제 현황_201016.xlsx,강원,2020,강원도,DMZ펀치볼 양구시래기축제,,"10.24~10.25
(2일간)",,취소,2020-10-24,2020-10-25,False,exact_or_partial,True,False,False,False
2020년 지역축제 현황_201016.xlsx,강원,2020,강원도,제20회 인제빙어축제,,"1.18~2.2
(16일간)",,개최완료,2020-01-18,2020-02-02,False,exact_or_partial,False,False,True,False
2020년 지역축제 현황_201016.xlsx,강원,2020,강원도,제2회 인제가을꽃축제,,"10.2~10.18
(17일간)",,"개최중(오프라인)
(10.2 ~ 10.18)",2020-10-02,2020-10-18,False,exact_or_partial,False,False,True,False
2020년 지역축제 현황_201016.xlsx,강원,2020,강원도,제22회 용대황태축제,,"4.30~5.3
(4일간)",,취소,2020-04-30,2020-05-03,False,exact_or_partial,True,False,False,False
2020년 지역축제 현황_201016.xlsx,강원,2020,강원도,동해안 최북단 저도어장 대문어축제,,"5.1~5.3
(3일간)",,취소,2020-05-01,2020-05-03,False,exact_or_partial,True,False,False,False
2020년 지역축제 현황_201016.xlsx,강원,2020,강원도,고성군민의 날 및 수성문화제,,"9월 중
(미정)",,취소,2020-09-01,2020-09-30,True,month_only_vague,True,False,False,False
2020년 지역축제 현황_201016.xlsx,강원,2020,강원도,고성통일명태축제,,"10월경
(미정)",,취소,2020-10-01,2020-10-31,True,month_only_vague,True,False,False,False
2020년 지역축제 현황_201016.xlsx,강원,2020,강원도,"제1회 DMZ 평화의 바다
동해 최북단 고성방어축제",,"11월경
(미정)",,취소,2020-11-01,2020-11-30,True,month_only_vague,True,False,False,False
2020년 지역축제 현황_201016.xlsx,강원,2020,강원도,양양송이축제,,"10.08~10.11
(4일간)",,취소,2020-10-08,2020-10-11,False,exact_or_partial,True,False,False,False
2020년 지역축제 현황_201016.xlsx,강원,2020,강원도,양양연어축제,,"10.22~10.25
(4일간)",,취소,2020-10-22,2020-10-25,False,exact_or_partial,True,False,False,False
2020년 지역축제 현황_201016.xlsx,강원,2020,강원도,양양문화제,,"7.2~7.4
(3일간)",,취소,2020-07-02,2020-07-04,False,exact_or_partial,True,False,False,False
2020년 지역축제 현황_201016.xlsx,충북,2020,충청북도,제14회 세종대왕과 초정약수축제,,"5.29.~5.31.
(3일간)",,취소,2020-05-29,2020-05-31,False,exact_or_partial,True,False,False,False
2020년 지역축제 현황_201016.xlsx,충북,2020,충청북도,2020 청원생명축제,,9~10월 중,,취소,2020-10-01,2020-10-31,True,month_only_vague,True,False,False,False
2020년 지역축제 현황_201016.xlsx,충북,2020,충청북도,청남대 재즈토닉 페스티벌,,"5.22.~5.24.
(3일간)",,취소,2020-05-22,2020-05-24,False,exact_or_partial,True,False,False,False
2020년 지역축제 현황_201016.xlsx,충북,2020,충청북도,청주읍성큰잔치,,"9.5.~9.6.
(2일간)",,취소,2020-09-05,2020-09-06,False,exact_or_partial,True,False,False,False
2020년 지역축제 현황_201016.xlsx,충북,2020,충청북도,청주문화재야행,,"8.28.~8.29.
(2일간)",,"개최중(온라인)
(10.12 ~ 10.18)",2020-08-28,2020-08-29,False,exact_or_partial,False,True,False,False
2020년 지역축제 현황_201016.xlsx,충북,2020,충청북도,가드닝 페스티벌,,"5. 2.~5.5.
(4일간)",,취소,2020-05-02,2020-05-05,False,exact_or_partial,True,False,False,False
2020년 지역축제 현황_201016.xlsx,충북,2020,충청북도,2020 직지코리아 페스티벌,,"9.4.~9.8.
(5일간)",,취소,2020-09-04,2020-09-08,False,exact_or_partial,True,False,False,False
2020년 지역축제 현황_201016.xlsx,충북,2020,충청북도,충주호수축제,,"8월 중
(7일간)",,취소,2020-08-01,2020-08-31,True,month_only_vague,True,False,False,False
2020년 지역축제 현황_201016.xlsx,충북,2020,충청북도,충주호벛꽃축제,,"4월 중
(3일간)",,취소,2020-04-01,2020-04-30,True,month_only_vague,True,False,False,False
2020년 지역축제 현황_201016.xlsx,충북,2020,충청북도,우륵문화제,,"9월 중
(4일간)",,취소,2020-09-01,2020-09-30,True,month_only_vague,True,False,False,False
2020년 지역축제 현황_201016.xlsx,충북,2020,충청북도,"충주농산물한마당축제
(충주시 브랜드 온라인 페스티벌)",,"10월 중
(3일간)",,"개최중(온라인)
(9.18 ~ 11.30)",2020-10-01,2020-10-31,True,month_only_vague,False,True,False,False
2020년 지역축제 현황_201016.xlsx,충북,2020,충청북도,제천겨울왕국페스티벌 시즌2,,"1.11~1.27
(16일간)",,개최완료,2020-01-11,2020-01-27,False,exact_or_partial,False,False,True,False
2020년 지역축제 현황_201016.xlsx,충북,2020,충청북도,제24회 청풍호 벚꽃축제,,4월 중,,취소,2020-04-01,2020-04-30,True,month_only_vague,True,False,False,False
2020년 지역축제 현황_201016.xlsx,충북,2020,충청북도,제16회 제천국제음악영화제,,8월 중,,"개최완료(온라인)
(8.13~8.17)",2020-08-01,2020-08-31,True,month_only_vague,False,True,False,False
2020년 지역축제 현황_201016.xlsx,충북,2020,충청북도,2020 보은대추축제,,"10.16~10.25
(10일간)",,"개최중(온라인)
(10.16 ~ 10. 30)",2020-10-16,2020-10-25,False,exact_or_partial,False,True,False,False
2020년 지역축제 현황_201016.xlsx,충북,2020,충청북도,속리산 신화여행축제,,"5.1~5.3
(3일간)",,취소,2020-05-01,2020-05-03,False,exact_or_partial,True,False,False,False
2020년 지역축제 현황_201016.xlsx,충북,2020,충청북도,제25회 오장환문학제,,"10월 중
(2일간)",,취소,2020-10-01,2020-10-31,True,month_only_vague,True,False,False,False
2020년 지역축제 현황_201016.xlsx,충북,2020,충청북도,제18회 보은동학제,,"4월 중
(2일간)",,취소,2020-04-01,2020-04-30,True,month_only_vague,True,False,False,False
2020년 지역축제 현황_201016.xlsx,충북,2020,충청북도,제21회 옥천묘목축제,,"3.26.~3.29.
(4일간)",,취소,2020-03-26,2020-03-29,False,exact_or_partial,True,False,False,False
2020년 지역축제 현황_201016.xlsx,충북,2020,충청북도,제12회 옥천참옻축제,,4월 말,,취소,2020-04-01,2020-04-30,True,month_only_vague,True,False,False,False
2020년 지역축제 현황_201016.xlsx,충북,2020,충청북도,제33회 지용제,,"5.14.~5.17.
(4일간)",,"개최예정
(11월, 날짜미정)",2020-05-14,2020-05-17,False,exact_or_partial,False,False,True,False
2020년 지역축제 현황_201016.xlsx,충북,2020,충청북도,제14회 향수옥천 포도복숭아축제,,"7. 24~7.26.
(3일간)",,취소,2020-07-24,2020-07-26,False,exact_or_partial,True,False,False,False
2020년 지역축제 현황_201016.xlsx,충북,2020,충청북도,제45회 중봉충렬제,,"10월 중
(4일간)",,취소,2020-10-01,2020-10-31,True,month_only_vague,True,False,False,False
2020년 지역축제 현황_201016.xlsx,충북,2020,충청북도,영동난계국악축제,,"10월 중
(4일간)",,취소,2020-10-01,2020-10-31,True,month_only_vague,True,False,False,False
2020년 지역축제 현황_201016.xlsx,충북,2020,충청북도,대한민국와인축제,,"10월 중
(4일간)",,취소,2020-10-01,2020-10-31,True,month_only_vague,True,False,False,False
2020년 지역축제 현황_201016.xlsx,충북,2020,충청북도,영동포도축제,,"8월 중
(4일간)",,취소,2020-08-01,2020-08-31,True,month_only_vague,True,False,False,False
2020년 지역축제 현황_201016.xlsx,충북,2020,충청북도,영동곶감축제,,"1.3~1.5
(3일간)",,개최완료,2020-01-03,2020-01-05,False,exact_or_partial,False,False,True,False
2020년 지역축제 현황_201016.xlsx,충북,2020,충청북도,증평들노래축제,,"6.13. ~ 6.14.
(2일간)",,취소,2020-06-13,2020-06-14,False,exact_or_partial,True,False,False,False
2020년 지역축제 현황_201016.xlsx,충북,2020,충청북도,증평인삼골축제,,"10.8.~10.11.
(4일간)",,취소,2020-10-08,2020-10-11,False,exact_or_partial,True,False,False,False
2020년 지역축제 현황_201016.xlsx,충북,2020,충청북도,생거진천 농다리축제,,"5.22~5.24
(3일간)",,취소,2020-05-22,2020-05-24,False,exact_or_partial,True,False,False,False
2020년 지역축제 현황_201016.xlsx,충북,2020,충청북도,생거진천 문화축제,,"10월 중
(3일간)",,취소,2020-10-01,2020-10-31,True,month_only_vague,True,False,False,False
2020년 지역축제 현황_201016.xlsx,충북,2020,충청북도,괴산고추축제,,"9.3.~9.6.
(4일간)",,"개최완료(온라인)
(9.4~9.6)",2020-09-03,2020-09-06,False,exact_or_partial,False,True,False,False
2020년 지역축제 현황_201016.xlsx,충북,2020,충청북도,괴산김장축제,,"10.30.~11.1
(3일간)",,"개최예정(온오프라인)
(11.6~11.8)",2020-10-30,2020-11-01,False,exact_or_partial,False,False,True,False
2020년 지역축제 현황_201016.xlsx,충북,2020,충청북도,괴산유기농페스티벌,,"10.16.~10.18.
(3일간)",,취소,2020-10-16,2020-10-18,False,exact_or_partial,True,False,False,False
2020년 지역축제 현황_201016.xlsx,충북,2020,충청북도,음성품바축제,,"5.27.~5.31.
(5일간)",,"개최완료(온라인)
(8.26~8.30)",2020-05-27,2020-05-31,False,exact_or_partial,False,True,False,False
2020년 지역축제 현황_201016.xlsx,충북,2020,충청북도,설성문화제,,10월 중,,취소,2020-10-01,2020-10-31,True,month_only_vague,True,False,False,False
2020년 지역축제 현황_201016.xlsx,충북,2020,충청북도,제5회 쌍둥이 힐링 페스티벌,,"4.25.~4.26.
(2일간)",,취소,2020-04-25,2020-04-26,False,exact_or_partial,True,False,False,False
2020년 지역축제 현황_201016.xlsx,충북,2020,충청북도,제38회 단양 소백산 철쭉제,,"5.28.~5.31.
(4일간)",,취소,2020-05-28,2020-05-31,False,exact_or_partial,True,False,False,False
2020년 지역축제 현황_201016.xlsx,충북,2020,충청북도,제24회 단양 온달문화축제,,"10.23.~10.25.
(3일간)",,취소,2020-10-23,2020-10-25,False,exact_or_partial,True,False,False,False
2020년 지역축제 현황_201016.xlsx,충북,2020,충청북도,제14회 단양마늘축제,,7월 중,,취소,2020-07-01,2020-07-31,True,month_only_vague,True,False,False,False
2020년 지역축제 현황_201016.xlsx,충남,2020,충청남도,천안흥타령춤축제,,9.23∼9.27,,취소,2020-09-23,2020-09-27,False,exact_or_partial,True,False,False,False
2020년 지역축제 현황_201016.xlsx,충남,2020,충청남도,천안예술제,,"10월중
(3일간)",,"개최중(오프라인)
(10.1~10.31)",2020-10-01,2020-10-31,True,month_only_vague,False,False,True,False
2020년 지역축제 현황_201016.xlsx,충남,2020,충청남도,입장거봉포도축제,,"9월중
(2일간)",,취소,2020-09-01,2020-09-30,True,month_only_vague,True,False,False,False
2020년 지역축제 현황_201016.xlsx,충남,2020,충청남도,천안호두축제,,"10월중
(2일간)",,취소,2020-10-01,2020-10-31,True,month_only_vague,True,False,False,False
2020년 지역축제 현황_201016.xlsx,충남,2020,충청남도,천안위례벚꽃축제,,"4.18∼4.19
(예정)",,취소,2020-04-18,2020-04-19,False,exact_or_partial,True,False,False,False
2020년 지역축제 현황_201016.xlsx,충남,2020,충청남도,겨울공주 군밤축제,,"1.10.~1.12.
(3일간)",,개최완료,2020-01-10,2020-01-12,False,exact_or_partial,False,False,True,False
2020년 지역축제 현황_201016.xlsx,충남,2020,충청남도,석장리 세계구석기축제,,"5. 2.~5. 5.
(4일)",,취소,2020-05-02,2020-05-02,False,exact_or_partial,True,False,False,False
2020년 지역축제 현황_201016.xlsx,충남,2020,충청남도,계룡산 벚꽃축제,,4월 중,,취소,2020-04-01,2020-04-30,True,month_only_vague,True,False,False,False
2020년 지역축제 현황_201016.xlsx,충남,2020,충청남도,계룡산산신제,,4월 중,,취소,2020-04-01,2020-04-30,True,month_only_vague,True,False,False,False
2020년 지역축제 현황_201016.xlsx,충남,2020,충청남도,마곡사 신록축제,,4월 중,,취소,2020-04-01,2020-04-30,True,month_only_vague,True,False,False,False
2020년 지역축제 현황_201016.xlsx,충남,2020,충청남도,갑사황매화축제,,4월 중,,취소,2020-04-01,2020-04-30,True,month_only_vague,True,False,False,False
2020년 지역축제 현황_201016.xlsx,충남,2020,충청남도,공주항공축제,,5월 중,,취소,2020-05-01,2020-05-31,True,month_only_vague,True,False,False,False
2020년 지역축제 현황_201016.xlsx,충남,2020,충청남도,금강여름축제,,7월말~8월초,,"개최완료(온라인)
(8.21~8.22)",2020-07-01,2020-08-31,True,month_range_vague,False,True,False,False
2020년 지역축제 현황_201016.xlsx,충남,2020,충청남도,제66회 백제문화제,,9월말~10월초,,"개최완료(온라인)
(9.26~10.4)",2020-09-01,2020-10-31,True,month_range_vague,False,True,False,False
2020년 지역축제 현황_201016.xlsx,충남,2020,충청남도,구절산 구절초 축제,,10월 중,,취소,2020-10-01,2020-10-31,True,month_only_vague,True,False,False,False
2020년 지역축제 현황_201016.xlsx,충남,2020,충청남도,무창포 주꾸미·도다리축제,,3월 중,,취소,2020-03-01,2020-03-31,True,month_only_vague,True,False,False,False
2020년 지역축제 현황_201016.xlsx,충남,2020,충청남도,대천항 수산축제,,5월 중,,취소,2020-05-01,2020-05-31,True,month_only_vague,True,False,False,False
2020년 지역축제 현황_201016.xlsx,충남,2020,충청남도,대천해수욕장 조개구이 축제,,5월 중,,취소,2020-05-01,2020-05-31,True,month_only_vague,True,False,False,False
2020년 지역축제 현황_201016.xlsx,충남,2020,충청남도,보령머드축제,,"7.17~7.26
(10일간)",,"개최완료(온라인)
(7.17~7.26)",2020-07-17,2020-07-26,False,exact_or_partial,False,True,False,False
2020년 지역축제 현황_201016.xlsx,충남,2020,충청남도,무창포신비의바닷길축제,,"9.18~9.20
(3일간)",,취소,2020-09-18,2020-09-20,False,exact_or_partial,True,False,False,False
2020년 지역축제 현황_201016.xlsx,충남,2020,충청남도,보령예술제,,9월 중,,,2020-09-01,2020-09-30,True,month_only_vague,False,False,True,False
2020년 지역축제 현황_201016.xlsx,충남,2020,충청남도,무창포 대하·전어축제,,9월 중,,취소,2020-09-01,2020-09-30,True,month_only_vague,True,False,False,False
2020년 지역축제 현황_201016.xlsx,충남,2020,충청남도,보령 김 축제,,11월 중,,취소,2020-11-01,2020-11-30,True,month_only_vague,True,False,False,False
2020년 지역축제 현황_201016.xlsx,충남,2020,충청남도,청라 은행마을 단풍축제,,"11월 첫째 주 
(예정)",,취소,2020-11-01,2020-11-30,True,month_only_vague,True,False,False,False
2020년 지역축제 현황_201016.xlsx,충남,2020,충청남도,제15회 온새미로축제,,"11월 첫째 주 
(예정)",,,2020-11-01,2020-11-30,True,month_only_vague,False,False,True,False
2020년 지역축제 현황_201016.xlsx,충남,2020,충청남도,천북 굴축제,,12월 중,,,2020-12-01,2020-12-31,True,month_only_vague,False,False,True,False
2020년 지역축제 현황_201016.xlsx,충남,2020,충청남도,대천겨울바다 사랑축제,,12월 중,,"개최예정(오프라인)
(12.24~12.27)",2020-12-01,2020-12-31,True,month_only_vague,False,False,True,False
2020년 지역축제 현황_201016.xlsx,충남,2020,충청남도,보령AMC모터페스티벌,,"5.23~5.24
(2일간)",,취소,2020-05-23,2020-05-24,False,exact_or_partial,True,False,False,False
2020년 지역축제 현황_201016.xlsx,충남,2020,충청남도,아산성웅이순신축제,,4.27~4.29                   (3일간),,취소,2020-04-27,2020-04-29,False,exact_or_partial,True,False,False,False
2020년 지역축제 현황_201016.xlsx,충남,2020,충청남도,신정호 별빛축제,,"7.24~8.15
(매주 화~토)",,"개최완료(온라인)
(8.1~8.15)",2020-07-24,2020-08-15,False,exact_or_partial,False,True,False,False
2020년 지역축제 현황_201016.xlsx,충남,2020,충청남도,도고 코미디 핫 페스트 IN 아산(구 대한민국 코미디 핫 페스티벌),,"9.28~9.30
(3일간)",,취소,2020-09-28,2020-09-30,False,exact_or_partial,True,False,False,False
2020년 지역축제 현황_201016.xlsx,충남,2020,충청남도,은행나무길축제,,"10.25~10.28
(4일간)",,취소,2020-10-25,2020-10-28,False,exact_or_partial,True,False,False,False
2020년 지역축제 현황_201016.xlsx,충남,2020,충청남도,짚풀문화제,,"10.12~10.14
(3일간)",,취소,2020-10-12,2020-10-14,False,exact_or_partial,True,False,False,False
2020년 지역축제 현황_201016.xlsx,충남,2020,충청남도,해미벚꽃축제,,"4월 중
(2일간)",,취소,2020-04-01,2020-04-30,True,month_only_vague,True,False,False,False
2020년 지역축제 현황_201016.xlsx,충남,2020,충청남도,지곡 왕산포 서산갯마을축제,,"5월 중
(2일간)",,취소,2020-05-01,2020-05-31,True,month_only_vague,True,False,False,False
2020년 지역축제 현황_201016.xlsx,충남,2020,충청남도,팔봉산 감자축제,,"6월 중
(2~3일)",,취소,2020-06-01,2020-06-30,True,month_only_vague,True,False,False,False
2020년 지역축제 현황_201016.xlsx,충남,2020,충청남도,서산6쪽마늘축제,,"7월 중
(2~3일)",,취소,2020-07-01,2020-07-31,True,month_only_vague,True,False,False,False
2020년 지역축제 현황_201016.xlsx,충남,2020,충청남도,삼길포우럭축제,,"7월 중
(3일간)",,취소,2020-07-01,2020-07-31,True,month_only_vague,True,False,False,False
2020년 지역축제 현황_201016.xlsx,충남,2020,충청남도,서산해미읍성축제,,"10.09.~10.11.
(3일간)",,취소,2020-10-09,2020-10-11,False,exact_or_partial,True,False,False,False
2020년 지역축제 현황_201016.xlsx,충남,2020,충청남도,서산뻘낙지먹물축제,,"11월 중
(2일간)",,취소,2020-11-01,2020-11-30,True,month_only_vague,True,False,False,False
2020년 지역축제 현황_201016.xlsx,충남,2020,충청남도,서산어리굴젓축제,,"11월 중
(2일간)",,취소,2020-11-01,2020-11-30,True,month_only_vague,True,False,False,False
2020년 지역축제 현황_201016.xlsx,충남,2020,충청남도,서산국화축제,,"10.30.~11.8.
(10일간)",,취소,2020-10-30,2020-11-08,False,exact_or_partial,True,False,False,False
2020년 지역축제 현황_201016.xlsx,충남,2020,충청남도,논산딸기축제,,"2.19~2.23
(5일간)",,취소,2020-02-19,2020-02-23,False,exact_or_partial,True,False,False,False
2020년 지역축제 현황_201016.xlsx,충남,2020,충청남도,상월명품고구마축제,,"9월 중
(2일간)",,취소,2020-09-01,2020-09-30,True,month_only_vague,True,False,False,False
2020년 지역축제 현황_201016.xlsx,충남,2020,충청남도,연산대추축제,,"9월 중
(3일간)",,취소,2020-09-01,2020-09-30,True,month_only_vague,True,False,False,False
2020년 지역축제 현황_201016.xlsx,충남,2020,충청남도,강경젓갈축제,,"10월 중
(5일간)",,"개최중(온라인)
(10.14~10.18)",2020-10-01,2020-10-31,True,month_only_vague,False,True,False,False
2020년 지역축제 현황_201016.xlsx,충남,2020,충청남도,양촌곶감축제,,"12월 중
(2일간)",,취소,2020-12-01,2020-12-31,True,month_only_vague,True,False,False,False
2020년 지역축제 현황_201016.xlsx,충남,2020,충청남도,2020계룡세계군문화엑스포,,"9.18.~10.4.
(17일간)",,취소,2020-09-18,2020-10-04,False,exact_or_partial,True,False,False,False
2020년 지역축제 현황_201016.xlsx,충남,2020,충청남도,면천 진달래민속축제,,4월 중,,취소,2020-04-01,2020-04-30,True,month_only_vague,True,False,False,False
2020년 지역축제 현황_201016.xlsx,충남,2020,충청남도,장고항실치축제,,4월 중,,취소,2020-04-01,2020-04-30,True,month_only_vague,True,False,False,False
2020년 지역축제 현황_201016.xlsx,충남,2020,충청남도,한진바지락축제,,5월 중,,취소,2020-05-01,2020-05-31,True,month_only_vague,True,False,False,False
2020년 지역축제 현황_201016.xlsx,충남,2020,충청남도,기지시줄다리기민속축제,,4월 중,,취소,2020-04-01,2020-04-30,True,month_only_vague,True,False,False,False
2020년 지역축제 현황_201016.xlsx,충남,2020,충청남도,순성매화벚꽃축제,,4월 중,,취소,2020-04-01,2020-04-30,True,month_only_vague,True,False,False,False
2020년 지역축제 현황_201016.xlsx,충남,2020,충청남도,순성왕매실축제,,6월 증,,취소,2020-06-01,2020-06-30,True,month_only_vague,True,False,False,False
2020년 지역축제 현황_201016.xlsx,충남,2020,충청남도,버그내연호문화축제,,7~8월 증,,취소,2020-08-01,2020-08-31,True,month_only_vague,True,False,False,False
2020년 지역축제 현황_201016.xlsx,충남,2020,충청남도,왜목해돋이축제,,"19.12.31~20.1.1
(2일간)",,개최완료,2019-12-31,2020-01-01,False,exact_or_partial,False,False,True,False
2020년 지역축제 현황_201016.xlsx,충남,2020,충청남도,심훈상록문화제,,9월 중,,취소,2020-09-01,2020-09-30,True,month_only_vague,True,False,False,False
2020년 지역축제 현황_201016.xlsx,충남,2020,충청남도,제39회 금산인삼축제,,"10.9~10.18
(10일간)",,"개최중(온라인)
(10.9~10.18)",2020-10-09,2020-10-18,False,exact_or_partial,False,True,False,False
2020년 지역축제 현황_201016.xlsx,충남,2020,충청남도,2020 금강 물 축제,,7월 중,,취소,2020-07-01,2020-07-31,True,month_only_vague,True,False,False,False
2020년 지역축제 현황_201016.xlsx,충남,2020,충청남도,2020 비단고을 산꽃축제,,4월 중,,취소,2020-04-01,2020-04-30,True,month_only_vague,True,False,False,False
2020년 지역축제 현황_201016.xlsx,충남,2020,충청남도,제13회 남일면홍도화축제,,4월 중,,취소,2020-04-01,2020-04-30,True,month_only_vague,True,False,False,False
2020년 지역축제 현황_201016.xlsx,충남,2020,충청남도,부여세도 방울토마토&유채꽃 축제,,"4.24.~4.26.
(3일간)",,취소,2020-04-24,2020-04-26,False,exact_or_partial,True,False,False,False
2020년 지역축제 현황_201016.xlsx,충남,2020,충청남도,부소산 봄나들이 축제,,"5.1.~5.3.
(3일간)",,취소,2020-05-01,2020-05-03,False,exact_or_partial,True,False,False,False
2020년 지역축제 현황_201016.xlsx,충남,2020,충청남도,"제18회 
부여서동연꽃축제",,"7.11.~7.18.
(8일간)",,취소,2020-07-11,2020-07-18,False,exact_or_partial,True,False,False,False
2020년 지역축제 현황_201016.xlsx,충남,2020,충청남도,제66회 백제문화제,,9월 중,,"개최완료(온라인)
(9.26~10.4)",2020-09-01,2020-09-30,True,month_only_vague,False,True,False,False
2020년 지역축제 현황_201016.xlsx,충남,2020,충청남도,서천군산 금강철새여행,,11월 중,,취소,2020-11-01,2020-11-30,True,month_only_vague,True,False,False,False
2020년 지역축제 현황_201016.xlsx,충남,2020,충청남도,꼴갑축제,,5월 중,,취소,2020-05-01,2020-05-31,True,month_only_vague,True,False,False,False
2020년 지역축제 현황_201016.xlsx,충남,2020,충청남도,해랑들랑어울제축제,,5월 중,,취소,2020-05-01,2020-05-31,True,month_only_vague,True,False,False,False
2020년 지역축제 현황_201016.xlsx,충남,2020,충청남도,한산모시문화제,,6.12.~6.14,,취소,2020-06-12,2020-06-14,False,exact_or_partial,True,False,False,False
2020년 지역축제 현황_201016.xlsx,충남,2020,충청남도,동백꽃주꾸미 축제,,"3.14~3.29
(16일간)",,취소,2020-03-14,2020-03-29,False,exact_or_partial,True,False,False,False
2020년 지역축제 현황_201016.xlsx,충남,2020,충청남도,광어도미 축제,,"5.16.~5.31
(16일간)",,취소,2020-05-16,2020-05-31,False,exact_or_partial,True,False,False,False
2020년 지역축제 현황_201016.xlsx,충남,2020,충청남도,춘장대여름문화예술축제,,"7.31.~8.1.
(2일간)",,취소,2020-07-31,2020-08-01,False,exact_or_partial,True,False,False,False
2020년 지역축제 현황_201016.xlsx,충남,2020,충청남도,홍원항 전어꽃게 축제,,"9.12.~9.27
(16일간)",,취소,2020-09-12,2020-09-27,False,exact_or_partial,True,False,False,False
2020년 지역축제 현황_201016.xlsx,충남,2020,충청남도,마량포 해넘이해돋이 축제,,"19.12.31~20.1.1
(2일간)",,개최완료,2019-12-31,2020-01-01,False,exact_or_partial,False,False,True,False
2020년 지역축제 현황_201016.xlsx,충남,2020,충청남도,칠갑장승문화축제,,"4.13~4.14
(2일간)",,취소,2020-04-13,2020-04-14,False,exact_or_partial,True,False,False,False
2020년 지역축제 현황_201016.xlsx,충남,2020,충청남도,청양고추구기자축제,,"20.9월 초
(미정)",,"개최완료(온라인)
(8.26~9.4)",2020-09-01,2020-09-30,True,month_detected_vague,False,True,False,False
2020년 지역축제 현황_201016.xlsx,충남,2020,충청남도,칠갑산 얼음분수 축제,,"19.12.21~20.02. 16.
(58일간)",,개최완료,2019-12-21,2020-02-16,False,exact_or_partial,False,False,True,False
2020년 지역축제 현황_201016.xlsx,충남,2020,충청남도,세계 조롱박 축제,,미정(7월 하순~8월 중순),,"개최완료
(7.31~8.16)",2020-07-01,2020-08-31,True,month_range_vague,False,False,True,False
2020년 지역축제 현황_201016.xlsx,충남,2020,충청남도,동막골 번데기 주름축제,,미정(10월),,취소,2020-10-01,2020-10-31,True,month_only_vague,True,False,False,False
2020년 지역축제 현황_201016.xlsx,충남,2020,충청남도,청양 까치내 밤참축제,,미정(10월),,취소,2020-10-01,2020-10-31,True,month_only_vague,True,False,False,False
2020년 지역축제 현황_201016.xlsx,충남,2020,충청남도,홍성역사인물축제,,"5.1.~5.3
(3일간)",,취소,2020-05-01,2020-05-03,False,exact_or_partial,True,False,False,False
2020년 지역축제 현황_201016.xlsx,충남,2020,충청남도,홍성남당항새조개축제,,"1.15~2.29
(44일간)",,개최완료,2020-01-15,2020-02-29,False,exact_or_partial,False,False,True,False
2020년 지역축제 현황_201016.xlsx,충남,2020,충청남도,홍성남당항대하축제,,"9월 중
(30일간)",,취소,2020-09-01,2020-09-30,True,month_only_vague,True,False,False,False
2020년 지역축제 현황_201016.xlsx,충남,2020,충청남도,광천토굴새우젓광천김대축제,,"10월 중
(4일간)",,취소,2020-10-01,2020-10-31,True,month_only_vague,True,False,False,False
2020년 지역축제 현황_201016.xlsx,충남,2020,충청남도,홍성한우바비큐페스티벌,,"11월 중
(3일간)",,취소,2020-11-01,2020-11-30,True,month_only_vague,True,False,False,False
2020년 지역축제 현황_201016.xlsx,충남,2020,충청남도,제47회 윤봉길 평화축제,,"4.29~4.30
(2일간)",,취소,2020-04-29,2020-04-30,False,exact_or_partial,True,False,False,False
2020년 지역축제 현황_201016.xlsx,충남,2020,충청남도,의좋은 형제 축제,,"8월 중
(2일간)",,취소,2020-08-01,2020-08-31,True,month_only_vague,True,False,False,False
2020년 지역축제 현황_201016.xlsx,충남,2020,충청남도,제4회 예산장터 삼국축제,,"10.16~10.22
(7일간)",,"개최중(온오프라인병행)
(10.16~10.29)",2020-10-16,2020-10-22,False,exact_or_partial,False,False,True,False
2020년 지역축제 현황_201016.xlsx,충남,2020,충청남도,제17회 예산황토사과축제,,"10월~11월 중
(2일간)",,"개최예정(온라인병행)
(11.21~11.22)",2020-10-01,2020-11-30,True,month_range_vague,False,False,True,False
2020년 지역축제 현황_201016.xlsx,충남,2020,충청남도,예산황새축제,,"8~9월 중
(2일간)",,취소,2020-09-01,2020-09-30,True,month_only_vague,True,False,False,False
2020년 지역축제 현황_201016.xlsx,충남,2020,충청남도,이원면 가재산 벚꽃길 축제,,4월 중,,취소,2020-04-01,2020-04-30,True,month_only_vague,True,False,False,False
2020년 지역축제 현황_201016.xlsx,충남,2020,충청남도,2020 태안 세계튤립축제,,"4.14 ~ 5.11
(28일간)",,취소,2020-04-14,2020-05-11,False,exact_or_partial,True,False,False,False
2020년 지역축제 현황_201016.xlsx,충남,2020,충청남도,2020 태안 수선화 축제,,"4.6 ~ 4.26
(26일간)",,취소,2020-04-06,2020-04-26,False,exact_or_partial,True,False,False,False
2020년 지역축제 현황_201016.xlsx,충남,2020,충청남도,2020 태안 백합 꽃 축제,,"5.1~5.11
(15일간)",,취소,2020-05-01,2020-05-11,False,exact_or_partial,True,False,False,False
2020년 지역축제 현황_201016.xlsx,충남,2020,충청남도,2020 태안 알리움 축제,,"5.16~6.2
(18일간)",,취소,2020-05-16,2020-06-02,False,exact_or_partial,True,False,False,False
2020년 지역축제 현황_201016.xlsx,충남,2020,충청남도,제8회 옥파 국화축제,,10월~11월 중,,취소,2020-10-01,2020-11-30,True,month_range_vague,True,False,False,False
2020년 지역축제 현황_201016.xlsx,충남,2020,충청남도,태안군 몽산포항 주꾸미&수산물 축제,,4월 중,,취소,2020-04-01,2020-04-30,True,month_only_vague,True,False,False,False
2020년 지역축제 현황_201016.xlsx,충남,2020,충청남도,안면도 백사장 대하 축제,,9월 중,,취소,2020-09-01,2020-09-30,True,month_only_vague,True,False,False,False
2020년 지역축제 현황_201016.xlsx,전북,2020,전라북도,전주 단오축제,,"6.25~6.26.
(2일간)",,취소,2020-06-25,2020-06-26,False,exact_or_partial,True,False,False,False
2020년 지역축제 현황_201016.xlsx,전북,2020,전라북도,전주 서학동갤러리길축제,,"9.18.~9.30.
(13일간)",,"개최완료(온오프라인병행)
(9.18~9.22)",2020-09-18,2020-09-30,False,exact_or_partial,False,False,True,False
2020년 지역축제 현황_201016.xlsx,전북,2020,전라북도,제21회 전주국제영화제,,"4. 30~5.9
(10일간)",,"개최완료(온라인)
(5.28 ~ 6.6)",2020-04-30,2020-05-09,False,exact_or_partial,False,True,False,False
2020년 지역축제 현황_201016.xlsx,전북,2020,전라북도,전주비빔밥축제,,"10.8~11
(4일간)",,취소,2020-10-08,2020-10-11,False,exact_or_partial,True,False,False,False
2020년 지역축제 현황_201016.xlsx,전북,2020,전라북도,"전주한지문화축제
(전주한지산업대전)",,9월 중,,"개최완료(온오프라인병행)
(9.18~9.27)",2020-09-01,2020-09-30,True,month_only_vague,False,False,True,False
2020년 지역축제 현황_201016.xlsx,전북,2020,전라북도,군산시간여행축제,,"10.9~10.11
(3일간)",,취소,2020-10-09,2020-10-11,False,exact_or_partial,True,False,False,False
2020년 지역축제 현황_201016.xlsx,전북,2020,전라북도,군산꽁당보리축제,,"4.30~5.3
(4일간)",,취소,2020-04-30,2020-05-03,False,exact_or_partial,True,False,False,False
2020년 지역축제 현황_201016.xlsx,전북,2020,전라북도,익산서동축제,,"5.2.~5.5.
(4일간)",,취소,2020-05-02,2020-05-05,False,exact_or_partial,True,False,False,False
2020년 지역축제 현황_201016.xlsx,전북,2020,전라북도,익산천만송이국화축제,,"10.23~11.1
(10일간)",,취소,2020-10-23,2020-11-01,False,exact_or_partial,True,False,False,False
2020년 지역축제 현황_201016.xlsx,전북,2020,전라북도,익산보석대축제,,"4.1~4.12.
(12일간)
10.21~11.1.
(12일간)",,취소,2020-04-01,2020-04-01,False,exact_or_partial,True,False,False,False
2020년 지역축제 현황_201016.xlsx,전북,2020,전라북도,두동편백마을 힐링 숲 축제,,"9월 중
(2일간)",,취소,2020-09-01,2020-09-30,True,month_only_vague,True,False,False,False
2020년 지역축제 현황_201016.xlsx,전북,2020,전라북도,제15회 정읍 구절초 꽃축제,,"10.3~10.18.
(16일간)",,취소,2020-10-03,2020-10-18,False,exact_or_partial,True,False,False,False
2020년 지역축제 현황_201016.xlsx,전북,2020,전라북도,정읍 벚꽃축제,,"4.4~4.8.
(5일간)",,취소,2020-04-04,2020-04-08,False,exact_or_partial,True,False,False,False
2020년 지역축제 현황_201016.xlsx,전북,2020,전라북도,"제53회 
황토현동학농민혁명기념제",,"5.11~5.18.
(8일간)",,취소,2020-05-11,2020-05-18,False,exact_or_partial,True,False,False,False
2020년 지역축제 현황_201016.xlsx,전북,2020,전라북도,"제23회 정읍 전국민속
소싸움대회",,"11.5~11.9.
(5일간)",,취소,2020-11-05,2020-11-09,False,exact_or_partial,True,False,False,False
2020년 지역축제 현황_201016.xlsx,전북,2020,전라북도,제31회 정읍사문화제,,"9.26~9.27.
(2일간)",,취소,2020-09-26,2020-09-27,False,exact_or_partial,True,False,False,False
2020년 지역축제 현황_201016.xlsx,전북,2020,전라북도,제90회 춘향제,,"4.30~5.5.
(6일간)",,"개최완료(온라인)
(9.10~9.13)",2020-04-30,2020-05-05,False,exact_or_partial,False,True,False,False
2020년 지역축제 현황_201016.xlsx,전북,2020,전라북도,제28회 흥부제,,"10.8~10.11.
(4일간)",,취소,2020-10-08,2020-10-11,False,exact_or_partial,True,False,False,False
2020년 지역축제 현황_201016.xlsx,전북,2020,전라북도,제9회 지리산바래봉 눈꽃축제,,1.4~2.9             (37일간),,,2020-01-04,2020-02-09,False,exact_or_partial,False,False,True,False
2020년 지역축제 현황_201016.xlsx,전북,2020,전라북도,제26회 바래봉 철쭉제,,4월 중,,취소,2020-04-01,2020-04-30,True,month_only_vague,True,False,False,False
2020년 지역축제 현황_201016.xlsx,전북,2020,전라북도,주천용궁산수유꽃축제,,"3.14~3.15.
(2일간)",,취소,2020-03-14,2020-03-15,False,exact_or_partial,True,False,False,False
2020년 지역축제 현황_201016.xlsx,전북,2020,전라북도,김제모악산축제,,"4.3~4.5.
(3일간)",,취소,2020-04-03,2020-04-05,False,exact_or_partial,True,False,False,False
2020년 지역축제 현황_201016.xlsx,전북,2020,전라북도,지평선광활햇감자축제,,"4.25~4.26.
(2일간)",,취소,2020-04-25,2020-04-26,False,exact_or_partial,True,False,False,False
2020년 지역축제 현황_201016.xlsx,전북,2020,전라북도,지평선추억의보리밭축제,,"5.3~5.5.
(3일간)",,취소,2020-05-03,2020-05-05,False,exact_or_partial,True,False,False,False
2020년 지역축제 현황_201016.xlsx,전북,2020,전라북도,김제지평선축제,,"10.7~10.11.
(5일간)",,"개최완료(온라인)
(10.7~10.11)",2020-10-07,2020-10-11,False,exact_or_partial,False,True,False,False
2020년 지역축제 현황_201016.xlsx,전북,2020,전라북도,완주삼례딸기축제,,3월 중,,취소,2020-03-01,2020-03-31,True,month_only_vague,True,False,False,False
2020년 지역축제 현황_201016.xlsx,전북,2020,전라북도,오성한옥마을 오픈가든축제,,9월 중,,"개최예정(오프라인)
(10.17~10.18)",2020-09-01,2020-09-30,True,month_only_vague,False,False,True,False
2020년 지역축제 현황_201016.xlsx,전북,2020,전라북도,완주프러포즈축제,,"5.16~5.17.
(2일간)",,취소,2020-05-16,2020-05-17,False,exact_or_partial,True,False,False,False
2020년 지역축제 현황_201016.xlsx,전북,2020,전라북도,운주고산촌뜰팡축제,,"6.5~6.7.
(3일간)",,"개최완료(오프라인)
(10.9~10.11)",2020-06-05,2020-06-07,False,exact_or_partial,False,False,True,False
2020년 지역축제 현황_201016.xlsx,전북,2020,전라북도,완주 와일드푸드 축제,,"10.9~10.11.
(3일간)",,취소,2020-10-09,2020-10-11,False,exact_or_partial,True,False,False,False
2020년 지역축제 현황_201016.xlsx,전북,2020,전라북도,곶감축제,,12월 중,,,2020-12-01,2020-12-31,True,month_only_vague,False,False,True,False
2020년 지역축제 현황_201016.xlsx,전북,2020,전라북도,"제16회
진안고원운장산고로쇠축제",,"3.14~3.15.
(2일간)",,취소,2020-03-14,2020-03-15,False,exact_or_partial,True,False,False,False
2020년 지역축제 현황_201016.xlsx,전북,2020,전라북도,2020 진안고원 꽃잔디축제,,"4.11~5.10.
(30일간)",,취소,2020-04-11,2020-05-10,False,exact_or_partial,True,False,False,False
2020년 지역축제 현황_201016.xlsx,전북,2020,전라북도,제12회 진안고원 수박축제,,8.1-8.2,,취소,2020-08-01,2020-08-02,False,exact_or_partial,True,False,False,False
2020년 지역축제 현황_201016.xlsx,전북,2020,전라북도,2020 진안홍삼축제,,"10월 중
(4일간)",,취소,2020-10-01,2020-10-31,True,month_only_vague,True,False,False,False
2020년 지역축제 현황_201016.xlsx,전북,2020,전라북도,2020 진안고원김치보쌈축제,,"11.6~11.8.
(3일간)",,"개최예정(오프라인)
(11.20~11.22)",2020-11-06,2020-11-08,False,exact_or_partial,False,False,True,False
2020년 지역축제 현황_201016.xlsx,전북,2020,전라북도,제24회 무주반딧불축제,,"9.5~9.13.
(9일간)",,취소,2020-09-05,2020-09-13,False,exact_or_partial,True,False,False,False
2020년 지역축제 현황_201016.xlsx,전북,2020,전라북도,제8회 무주산골영화제,,"6.4~6.8.
(5일간)",,"개최완료(온라인)
(6.4~6.7)",2020-06-04,2020-06-08,False,exact_or_partial,False,True,False,False
2020년 지역축제 현황_201016.xlsx,전북,2020,전라북도,"전라북도 시골마을 작은축제
(두문마을 낙화놀이)",,"8월 중
(2일간)",,취소,2020-08-01,2020-08-31,True,month_only_vague,True,False,False,False
2020년 지역축제 현황_201016.xlsx,전북,2020,전라북도,장수한우랑사과랑축제,,"10.30~11.1.
(3일간)",,취소,2020-10-30,2020-11-01,False,exact_or_partial,True,False,False,False
2020년 지역축제 현황_201016.xlsx,전북,2020,전라북도,번암물축제,,"7.31~8.1.
(2일간)",,취소,2020-07-31,2020-08-01,False,exact_or_partial,True,False,False,False
2020년 지역축제 현황_201016.xlsx,전북,2020,전라북도,장계 벚꽃엔딩 축제,,4월 중,,취소,2020-04-01,2020-04-30,True,month_only_vague,True,False,False,False
2020년 지역축제 현황_201016.xlsx,전북,2020,전라북도,임실N치즈축제,,"10.8~10.11.
(4일간)",,취소,2020-10-08,2020-10-11,False,exact_or_partial,True,False,False,False
2020년 지역축제 현황_201016.xlsx,전북,2020,전라북도,제15회 순창장류축제,,"10.18~10.20.
(3일간)",,취소,2020-10-18,2020-10-20,False,exact_or_partial,True,False,False,False
2020년 지역축제 현황_201016.xlsx,전북,2020,전라북도,제2회 슬로슬로 발효마을 축제,,10월 중,,,2020-10-01,2020-10-31,True,month_only_vague,False,False,True,False
2020년 지역축제 현황_201016.xlsx,전북,2020,전라북도,제20회 옥천골 벚꽃축제,,4월 중,,취소,2020-04-01,2020-04-30,True,month_only_vague,True,False,False,False
2020년 지역축제 현황_201016.xlsx,전북,2020,전라북도,고창 청보리밭축제,,"4.18~5.10.
(23일간)",,취소,2020-04-18,2020-05-10,False,exact_or_partial,True,False,False,False
2020년 지역축제 현황_201016.xlsx,전북,2020,전라북도,바지락오감만족페스티벌,,5.1-5.3,,취소,2020-05-01,2020-05-03,False,exact_or_partial,True,False,False,False
2020년 지역축제 현황_201016.xlsx,전북,2020,전라북도,고창복분자와수박축제,,"6.19~6.21.
(3일간)",,취소,2020-06-19,2020-06-21,False,exact_or_partial,True,False,False,False
2020년 지역축제 현황_201016.xlsx,전북,2020,전라북도,고창갯벌축제,,"6월 중
(3일간)",,취소,2020-06-01,2020-06-30,True,month_only_vague,True,False,False,False
2020년 지역축제 현황_201016.xlsx,전북,2020,전라북도,고창해풍고추축제,,"8.22~8.23.
(2일간)",,취소,2020-08-22,2020-08-23,False,exact_or_partial,True,False,False,False
2020년 지역축제 현황_201016.xlsx,전북,2020,전라북도,고창 모양성제,,"10.21~10.26.
(5일간)",,"개최예정(오프라인)
(10.25)",2020-10-21,2020-10-26,False,exact_or_partial,False,False,True,False
2020년 지역축제 현황_201016.xlsx,전북,2020,전라북도,부안마실축제,,"5.2~5.5.
(4일간)",,취소,2020-05-02,2020-05-05,False,exact_or_partial,True,False,False,False
2020년 지역축제 현황_201016.xlsx,전북,2020,전라북도,유유참뽕축제,,"6월 중
(3일간)",,취소,2020-06-01,2020-06-30,True,month_only_vague,True,False,False,False
2020년 지역축제 현황_201016.xlsx,전북,2020,전라북도,님의 뽕 축제,,"7.31.~8.4.
(5일간)",,취소,2020-07-31,2020-08-04,False,exact_or_partial,True,False,False,False
2020년 지역축제 현황_201016.xlsx,전북,2020,전라북도,상서 개암동 벚꽃축제,,"4월 중
(2일간)",,취소,2020-04-01,2020-04-30,True,month_only_vague,True,False,False,False
2020년 지역축제 현황_201016.xlsx,전북,2020,전라북도,설숭어 축제,,12월 중,,,2020-12-01,2020-12-31,True,month_only_vague,False,False,True,False
2020년 지역축제 현황_201016.xlsx,전남,2020,전라남도,유달산 봄 축제,,"4.3~4.5.
(3일간)",,취소,2020-04-03,2020-04-05,False,exact_or_partial,True,False,False,False
2020년 지역축제 현황_201016.xlsx,전남,2020,전라남도,목포항구축제,,"10.8~10.11.
(4일간)",,취소,2020-10-08,2020-10-11,False,exact_or_partial,True,False,False,False
2020년 지역축제 현황_201016.xlsx,전남,2020,전라남도,"제28회
여수영취산진달래
체험행사",,"3.27~3.29.
(3일간)",,취소,2020-03-27,2020-03-29,False,exact_or_partial,True,False,False,False
2020년 지역축제 현황_201016.xlsx,전남,2020,전라남도,제54회 여수거북선축제,,"5.1~5.3.
(3일간)",,취소,2020-05-01,2020-05-03,False,exact_or_partial,True,False,False,False
2020년 지역축제 현황_201016.xlsx,전남,2020,전라남도,제20회 거문도･백도 은빛바다 체험행사,,"8월 중
(3일간)",,취소,2020-08-01,2020-08-31,True,month_only_vague,True,False,False,False
2020년 지역축제 현황_201016.xlsx,전남,2020,전라남도,제13회 여수여자만 갯벌노을 체험행사,,"9월 중
(2일간)",,취소,2020-09-01,2020-09-30,True,month_only_vague,True,False,False,False
2020년 지역축제 현황_201016.xlsx,전남,2020,전라남도,2020 여수동동북축제,,"10.3~10.4.
(2일간)",,취소,2020-10-03,2020-10-04,False,exact_or_partial,True,False,False,False
2020년 지역축제 현황_201016.xlsx,전남,2020,전라남도,"제27회
남도음식문화큰잔치",,"10월 중
(3일간)",,취소,2020-10-01,2020-10-31,True,month_only_vague,True,False,False,False
2020년 지역축제 현황_201016.xlsx,전남,2020,전라남도,제25회 여수향일암일출제,,"12.31~1.1.
(2일간)",,,2020-12-31,2020-12-31,False,exact_or_partial,False,False,True,False
2020년 지역축제 현황_201016.xlsx,전남,2020,전라남도,"2020 동천앤드
벚꽃축제(가칭)",,"3.30~4.5.
(7일간)",,취소,2020-03-30,2020-04-05,False,exact_or_partial,True,False,False,False
2020년 지역축제 현황_201016.xlsx,전남,2020,전라남도,순천만 봄 생태문화제,,"4.3.~4.5.
(3일간 예정)",,취소,2020-04-03,2020-04-05,False,exact_or_partial,True,False,False,False
2020년 지역축제 현황_201016.xlsx,전남,2020,전라남도,주암호 다슬기 축제,,7월 중,,취소,2020-07-01,2020-07-31,True,month_only_vague,True,False,False,False
2020년 지역축제 현황_201016.xlsx,전남,2020,전라남도,"한중일 미래문화
컨텐츠 페스티벌",,7.16 ~7.19.,,"연기
(2021년)",2020-07-16,2020-07-19,False,exact_or_partial,False,False,True,False
2020년 지역축제 현황_201016.xlsx,전남,2020,전라남도,"제17회 순천명품
월등복숭아 체험행사",,"8.1.~8.2.
(2일간)",,취소,2020-08-01,2020-08-02,False,exact_or_partial,True,False,False,False
2020년 지역축제 현황_201016.xlsx,전남,2020,전라남도,"2020 제22회 
순천만갈대제",,"10.30~11.1.
(3일간)",,취소,2020-10-30,2020-11-01,False,exact_or_partial,True,False,False,False
2020년 지역축제 현황_201016.xlsx,전남,2020,전라남도,"2020 동아시아문화도시
그림책 및 웹툰 페스티벌",,9월 중,,"연기
(2021년)",2020-09-01,2020-09-30,True,month_only_vague,False,False,True,False
2020년 지역축제 현황_201016.xlsx,전남,2020,전라남도,"2020 순천푸드앤아트
페스티벌",,9월 중,,취소,2020-09-01,2020-09-30,True,month_only_vague,True,False,False,False
2020년 지역축제 현황_201016.xlsx,전남,2020,전라남도,"2020 대한민국
정원산업박람회",,"10.16~10.25.
(10일간)",,,2020-10-16,2020-10-25,False,exact_or_partial,False,False,True,False
2020년 지역축제 현황_201016.xlsx,전남,2020,전라남도,"제27회
낙안읍성 민속문화축제",,"10.23~10.25.
(3일간)",,취소,2020-10-23,2020-10-25,False,exact_or_partial,True,False,False,False
2020년 지역축제 현황_201016.xlsx,전남,2020,전라남도,겨울 별빛축제,,11월~2월 중,,"개최예정(오프라인)
(12.18~21.2.14)",2020-11-01,2020-02-29,True,month_range_vague,False,False,True,False
2020년 지역축제 현황_201016.xlsx,전남,2020,전라남도,대한민국 마한문화제,,10월 중,,취소,2020-10-01,2020-10-31,True,month_only_vague,True,False,False,False
2020년 지역축제 현황_201016.xlsx,전남,2020,전라남도,영산포 홍어축제,,4월 중,,취소,2020-04-01,2020-04-30,True,month_only_vague,True,False,False,False
2020년 지역축제 현황_201016.xlsx,전남,2020,전라남도,천년나주목읍성문화축제,,5월 중,,취소,2020-05-01,2020-05-31,True,month_only_vague,True,False,False,False
2020년 지역축제 현황_201016.xlsx,전남,2020,전라남도,광양매화축제,,"3.6~3.15.
(10일간)",,취소,2020-03-06,2020-03-15,False,exact_or_partial,True,False,False,False
2020년 지역축제 현황_201016.xlsx,전남,2020,전라남도,백운산국사봉철쭉축제,,"4월 중
(3일간)",,취소,2020-04-01,2020-04-30,True,month_only_vague,True,False,False,False
2020년 지역축제 현황_201016.xlsx,전남,2020,전라남도,광양전어축제,,"9월 중
(3일간)",,취소,2020-09-01,2020-09-30,True,month_only_vague,True,False,False,False
2020년 지역축제 현황_201016.xlsx,전남,2020,전라남도,광양전통숯불구이축제,,"10월 중
(4일간)",,취소,2020-10-01,2020-10-31,True,month_only_vague,True,False,False,False
2020년 지역축제 현황_201016.xlsx,전남,2020,전라남도,추월산벚꽃축제,,"4월 중
(2일간)",,취소,2020-04-01,2020-04-30,True,month_only_vague,True,False,False,False
2020년 지역축제 현황_201016.xlsx,전남,2020,전라남도,담양대나무축제,,"4.30~5.5.
(6일간)",,취소,2020-04-30,2020-05-05,False,exact_or_partial,True,False,False,False
2020년 지역축제 현황_201016.xlsx,전남,2020,전라남도,창평전통음식축제,,"10월 중
(3일간)",,취소,2020-10-01,2020-10-31,True,month_only_vague,True,False,False,False
2020년 지역축제 현황_201016.xlsx,전남,2020,전라남도,담양산타축제,,"12월 중
(15일간)",,취소,2020-12-01,2020-12-31,True,month_only_vague,True,False,False,False
2020년 지역축제 현황_201016.xlsx,전남,2020,전라남도,곡성세계장미축제,,"5.22~6.7.
(17일간)",,취소,2020-05-22,2020-06-07,False,exact_or_partial,True,False,False,False
2020년 지역축제 현황_201016.xlsx,전남,2020,전라남도,곡성심청축제,,"10.8~10.11.
(4일간)",,취소,2020-10-08,2020-10-11,False,exact_or_partial,True,False,False,False
2020년 지역축제 현황_201016.xlsx,전남,2020,전라남도,석곡 코스모스 음악회,,"9.25~9.27.
(3일간)",,취소,2020-09-25,2020-09-27,False,exact_or_partial,True,False,False,False
2020년 지역축제 현황_201016.xlsx,전남,2020,전라남도,구례산수유꽃축제,,"3.14~3.22.
(9일간)",,취소,2020-03-14,2020-03-22,False,exact_or_partial,True,False,False,False
2020년 지역축제 현황_201016.xlsx,전남,2020,전라남도,구례섬진강벚꽃축제,,"3월 중
(2일간)",,취소,2020-03-01,2020-03-31,True,month_only_vague,True,False,False,False
2020년 지역축제 현황_201016.xlsx,전남,2020,전라남도,"지리산남악제 및
군민의 날 행사",,"4월 중
(3일간)",,취소,2020-04-01,2020-04-30,True,month_only_vague,True,False,False,False
2020년 지역축제 현황_201016.xlsx,전남,2020,전라남도,구례썸머뮤직페스티벌,,"8월 중
(2일간)",,취소,2020-08-01,2020-08-31,True,month_only_vague,True,False,False,False
2020년 지역축제 현황_201016.xlsx,전남,2020,전라남도,화엄음악제,,"9월 중
(7일간)",,취소,2020-09-01,2020-09-30,True,month_only_vague,True,False,False,False
2020년 지역축제 현황_201016.xlsx,전남,2020,전라남도,구례동편소리축제,,"10월 중
(7일간)",,취소,2020-10-01,2020-10-31,True,month_only_vague,True,False,False,False
2020년 지역축제 현황_201016.xlsx,전남,2020,전라남도,지리산피아골단풍축제,,"11월 중
(2일간)",,취소,2020-11-01,2020-11-30,True,month_only_vague,True,False,False,False
2020년 지역축제 현황_201016.xlsx,전남,2020,전라남도,고흥굴댕이축제,,"1.17~1.19.
(3일간)",,개최완료,2020-01-17,2020-01-19,False,exact_or_partial,False,False,True,False
2020년 지역축제 현황_201016.xlsx,전남,2020,전라남도,과역 참살이 매화 축제,,"3월 중
(2일간)",,취소,2020-03-01,2020-03-31,True,month_only_vague,True,False,False,False
2020년 지역축제 현황_201016.xlsx,전남,2020,전라남도,"제13회 
고흥우주항공축제",,"5.2~5.5.
(4일간)",,취소,2020-05-02,2020-05-05,False,exact_or_partial,True,False,False,False
2020년 지역축제 현황_201016.xlsx,전남,2020,전라남도,"제20회 고흥 녹동 
바다불꽃축제",,"5월 중
(4일간)",,취소,2020-05-01,2020-05-31,True,month_only_vague,True,False,False,False
2020년 지역축제 현황_201016.xlsx,전남,2020,전라남도,제2회 고흥 유자 석류축제,,"11월 중
(3일간)",,취소,2020-11-01,2020-11-30,True,month_only_vague,True,False,False,False
2020년 지역축제 현황_201016.xlsx,전남,2020,전라남도,보성다향대축제,,"5.1~5.5.
(5일간)",,취소,2020-05-01,2020-05-05,False,exact_or_partial,True,False,False,False
2020년 지역축제 현황_201016.xlsx,전남,2020,전라남도,서편제보성소리축제,,"5.1~5.3.
(3일간)",,취소,2020-05-01,2020-05-03,False,exact_or_partial,True,False,False,False
2020년 지역축제 현황_201016.xlsx,전남,2020,전라남도,보성전어축제,,"8월 중
(2일간)",,취소,2020-08-01,2020-08-31,True,month_only_vague,True,False,False,False
2020년 지역축제 현황_201016.xlsx,전남,2020,전라남도,벌교꼬막&문학축제,,"11월 중
(4일간)",,취소,2020-11-01,2020-11-30,True,month_only_vague,True,False,False,False
2020년 지역축제 현황_201016.xlsx,전남,2020,전라남도,보성차밭빛축제,,"12월 중
(30일간)",,취소,2020-12-01,2020-12-31,True,month_only_vague,True,False,False,False
2020년 지역축제 현황_201016.xlsx,전남,2020,전라남도,율포해변 불꽃축제,,"12.31~1.1.
(2일간)",,취소,2020-12-31,2020-12-31,False,exact_or_partial,True,False,False,False
2020년 지역축제 현황_201016.xlsx,전남,2020,전라남도,화순 국화향연,,"10월 중
(17일간)",,취소,2020-10-01,2020-10-31,True,month_only_vague,True,False,False,False
2020년 지역축제 현황_201016.xlsx,전남,2020,전라남도,화순 고인돌 문화축제,,"4월 중
(2일간)",,취소,2020-04-01,2020-04-30,True,month_only_vague,True,False,False,False
2020년 지역축제 현황_201016.xlsx,전남,2020,전라남도,"화순 동구리
호수공원 봄축제",,"5.2~5.3.
(2일간)",,취소,2020-05-02,2020-05-03,False,exact_or_partial,True,False,False,False
2020년 지역축제 현황_201016.xlsx,전남,2020,전라남도,화순 적벽 문화축제,,"10월 중
(2일간)",,취소,2020-10-01,2020-10-31,True,month_only_vague,True,False,False,False
2020년 지역축제 현황_201016.xlsx,전남,2020,전라남도,화순 운주 문화축제,,"5월 중
(2일간)",,취소,2020-05-01,2020-05-31,True,month_only_vague,True,False,False,False
2020년 지역축제 현황_201016.xlsx,전남,2020,전라남도,백아산 철쭉제,,"5월 중
(2일간)",,취소,2020-05-01,2020-05-31,True,month_only_vague,True,False,False,False
2020년 지역축제 현황_201016.xlsx,전남,2020,전라남도,정남진장흥키조개축제,,"5월 중
(4일간)",,취소,2020-05-01,2020-05-31,True,month_only_vague,True,False,False,False
2020년 지역축제 현황_201016.xlsx,전남,2020,전라남도,정남진장흥물축제,,"7.25~8.2.
(9일간)",,취소,2020-07-25,2020-08-02,False,exact_or_partial,True,False,False,False
2020년 지역축제 현황_201016.xlsx,전남,2020,전라남도,장평귀족호도축제,,"9월 중
(3일간)",,취소,2020-09-01,2020-09-30,True,month_only_vague,True,False,False,False
2020년 지역축제 현황_201016.xlsx,전남,2020,전라남도,회령포 문화축제,,"9~10월 중
(3일간)",,취소,2020-10-01,2020-10-31,True,month_only_vague,True,False,False,False
2020년 지역축제 현황_201016.xlsx,전남,2020,전라남도,장흥표고버섯축제,,"10월 중
(2일간)",,취소,2020-10-01,2020-10-31,True,month_only_vague,True,False,False,False
2020년 지역축제 현황_201016.xlsx,전남,2020,전라남도,"제3회 강진금곡사30리
벚꽃터널축제",,4월 중,,취소,2020-04-01,2020-04-30,True,month_only_vague,True,False,False,False
2020년 지역축제 현황_201016.xlsx,전남,2020,전라남도,제23회 전라병영성축제,,"4.29~5.3.
(5일간)",,취소,2020-04-29,2020-05-03,False,exact_or_partial,True,False,False,False
2020년 지역축제 현황_201016.xlsx,전남,2020,전라남도,제48회 강진청자축제,,"10.8~10.13.
(6일간)",,취소,2020-10-08,2020-10-13,False,exact_or_partial,True,False,False,False
2020년 지역축제 현황_201016.xlsx,전남,2020,전라남도,"제5회 강진만춤추는
갈대축제",,"10.23~11.1.
(10일간)",,취소,2020-10-23,2020-11-01,False,exact_or_partial,True,False,False,False
2020년 지역축제 현황_201016.xlsx,전남,2020,전라남도,제8회 땅끝매화축제,,"3월 중
(2주간)",,취소,2020-03-01,2020-03-31,True,month_only_vague,True,False,False,False
2020년 지역축제 현황_201016.xlsx,전남,2020,전라남도,제23회 흑석산철쭉제,,"4월 중
(2일간)",,취소,2020-04-01,2020-04-30,True,month_only_vague,True,False,False,False
2020년 지역축제 현황_201016.xlsx,전남,2020,전라남도,"제2회 
황산연호보리축제",,"5.2~5.3
(2일간)",,취소,2020-05-02,2020-05-03,False,exact_or_partial,True,False,False,False
2020년 지역축제 현황_201016.xlsx,전남,2020,전라남도,공룡대축제,,5월 중,,취소,2020-05-01,2020-05-31,True,month_only_vague,True,False,False,False
2020년 지역축제 현황_201016.xlsx,전남,2020,전라남도,땅끝수국축제,,"6.5~7.19
(1달간)",,취소,2020-06-05,2020-07-19,False,exact_or_partial,True,False,False,False
2020년 지역축제 현황_201016.xlsx,전남,2020,전라남도,송호해변여름축제,,"7월 중
(2주간)",,취소,2020-07-01,2020-07-31,True,month_only_vague,True,False,False,False
2020년 지역축제 현황_201016.xlsx,전남,2020,전라남도,오시아노 썸머뮤직축제,,"8월 중
(3일간)",,취소,2020-08-01,2020-08-31,True,month_only_vague,True,False,False,False
2020년 지역축제 현황_201016.xlsx,전남,2020,전라남도,팜파스 축제,,"9월 중
(1달간)",,취소,2020-09-01,2020-09-30,True,month_only_vague,True,False,False,False
2020년 지역축제 현황_201016.xlsx,전남,2020,전라남도,해남미남(味南)축제,,"11월 중
(3일간)",,"개최예정(온라인)
(11.2~11.7)",2020-11-01,2020-11-30,True,month_only_vague,False,True,False,False
2020년 지역축제 현황_201016.xlsx,전남,2020,전라남도,영암왕인문화축제,,"4.2~4.5.
(4일간)",,취소,2020-04-02,2020-04-05,False,exact_or_partial,True,False,False,False
2020년 지역축제 현황_201016.xlsx,전남,2020,전라남도,월출산국화축제,,10~11월 중,,취소,2020-11-01,2020-11-30,True,month_only_vague,True,False,False,False
2020년 지역축제 현황_201016.xlsx,전남,2020,전라남도,마한축제,,10월 중,,취소,2020-10-01,2020-10-31,True,month_only_vague,True,False,False,False
2020년 지역축제 현황_201016.xlsx,전남,2020,전라남도,영암무화과축제,,9월 중,,취소,2020-09-01,2020-09-30,True,month_only_vague,True,False,False,False
2020년 지역축제 현황_201016.xlsx,전남,2020,전라남도,제24회 무안연꽃축제,,"7월 중
(4일간)",,취소,2020-07-01,2020-07-31,True,month_only_vague,True,False,False,False
2020년 지역축제 현황_201016.xlsx,전남,2020,전라남도,제8회 황토갯벌축제,,"6월 중
(3일간)",,취소,2020-06-01,2020-06-30,True,month_only_vague,True,False,False,False
2020년 지역축제 현황_201016.xlsx,전남,2020,전라남도,무안 YD 페스티벌,,"9월 중
(3일간)",,취소,2020-09-01,2020-09-30,True,month_only_vague,True,False,False,False
2020년 지역축제 현황_201016.xlsx,전남,2020,전라남도,"제22회 함평나비
대축제",,"4.29~5.10.
(12일간)",,취소,2020-04-29,2020-05-10,False,exact_or_partial,True,False,False,False
2020년 지역축제 현황_201016.xlsx,전남,2020,전라남도,"2020
대한민국 국향대전",,"10.16~11.1.
(17일간)",,취소,2020-10-16,2020-11-01,False,exact_or_partial,True,False,False,False
2020년 지역축제 현황_201016.xlsx,전남,2020,전라남도,2020 꽃무릇큰잔치,,"9.19~9.20.
(2일간)",,취소,2020-09-19,2020-09-20,False,exact_or_partial,True,False,False,False
2020년 지역축제 현황_201016.xlsx,전남,2020,전라남도,2020 대한민국 난명품대제전,,"3.28~3.29.
(2일간)",,,2020-03-28,2020-03-29,False,exact_or_partial,False,False,True,False
2020년 지역축제 현황_201016.xlsx,전남,2020,전라남도,곡우사리 영광굴비축제,,"4.17~4.19.
(3일간)",,취소,2020-04-17,2020-04-19,False,exact_or_partial,True,False,False,False
2020년 지역축제 현황_201016.xlsx,전남,2020,전라남도,영광찰보리문화축제,,"5.1~5.3.
(3일간)",,취소,2020-05-01,2020-05-03,False,exact_or_partial,True,False,False,False
2020년 지역축제 현황_201016.xlsx,전남,2020,전라남도,영광법성포단오제,,"6.24~6.28.
(5일간)",,취소,2020-06-24,2020-06-28,False,exact_or_partial,True,False,False,False
2020년 지역축제 현황_201016.xlsx,전남,2020,전라남도,영광천일염젓갈갯벌축제,,"8.28~8.30.
(3일간)",,취소,2020-08-28,2020-08-30,False,exact_or_partial,True,False,False,False
2020년 지역축제 현황_201016.xlsx,전남,2020,전라남도,영광불갑산상사화축제,,"9.18~9.27.
(10일간)",,취소,2020-09-18,2020-09-27,False,exact_or_partial,True,False,False,False
2020년 지역축제 현황_201016.xlsx,전남,2020,전라남도,"영광백수해안도로
 노을축제",,"10.3~10.4.
(2일간)",,취소,2020-10-03,2020-10-04,False,exact_or_partial,True,False,False,False
2020년 지역축제 현황_201016.xlsx,전남,2020,전라남도,장성 황룡강 노란꽃잔치,,"10월 중
(10일간)",,취소,2020-10-01,2020-10-31,True,month_only_vague,True,False,False,False
2020년 지역축제 현황_201016.xlsx,전남,2020,전라남도,"장성 황룡강
길동무꽃길 축제",,5월 중,,취소,2020-05-01,2020-05-31,True,month_only_vague,True,False,False,False
2020년 지역축제 현황_201016.xlsx,전남,2020,전라남도,백양단풍축제,,11월 중,,취소,2020-11-01,2020-11-30,True,month_only_vague,True,False,False,False
2020년 지역축제 현황_201016.xlsx,전남,2020,전라남도,장성백양고로쇠축제,,"3월 중
(2일간)",,취소,2020-03-01,2020-03-31,True,month_only_vague,True,False,False,False
2020년 지역축제 현황_201016.xlsx,전남,2020,전라남도,빈센트의 봄,,"4월 중
(2일간)",,취소,2020-04-01,2020-04-30,True,month_only_vague,True,False,False,False
2020년 지역축제 현황_201016.xlsx,전남,2020,전라남도,"2020 완도장보고
수산물축제",,"5.2~5.5.
(4일간)",,취소,2020-05-02,2020-05-05,False,exact_or_partial,True,False,False,False
2020년 지역축제 현황_201016.xlsx,전남,2020,전라남도,2020 청산도슬로걷기축제,,"4.4~5.5.
(32일간)",,취소,2020-04-04,2020-05-05,False,exact_or_partial,True,False,False,False
2020년 지역축제 현황_201016.xlsx,전남,2020,전라남도,2020 토요싱싱콘서트,,"6~9월 중
(매주 토요일)",,"개최완료(온라인)
(7.25, 7.31~8.9)",2020-09-01,2020-09-30,True,month_only_vague,False,True,False,False
2020년 지역축제 현황_201016.xlsx,전남,2020,전라남도,"2020 청정완도
가을빛여행",,10월 중,,"개최예정(온오프라인병행)
(10.23~11.1)",2020-10-01,2020-10-31,True,month_only_vague,False,False,True,False
2020년 지역축제 현황_201016.xlsx,전남,2020,전라남도,진도신비의바닷길축제,,"4.8~4.11.
(4일간)",,취소,2020-04-08,2020-04-11,False,exact_or_partial,True,False,False,False
2020년 지역축제 현황_201016.xlsx,전남,2020,전라남도,"2020대한민국
진도개페스티벌",,"5.3.~5.5.
(3일간)",,취소,2020-05-03,2020-05-05,False,exact_or_partial,True,False,False,False
2020년 지역축제 현황_201016.xlsx,전남,2020,전라남도,2020진도문화예술제,,10월 중,,취소,2020-10-01,2020-10-31,True,month_only_vague,True,False,False,False
2020년 지역축제 현황_201016.xlsx,전남,2020,전라남도,신안튤립축제,,"4월 중
(10일간)",,취소,2020-04-01,2020-04-30,True,month_only_vague,True,False,False,False
2020년 지역축제 현황_201016.xlsx,전남,2020,전라남도,섬 유채꽃 축제,,"4.27~4.31.
(5일간)",,취소,2020-04-27,2020-04-30,False,exact_or_partial,True,False,False,False
2020년 지역축제 현황_201016.xlsx,전남,2020,전라남도,퍼플페스타,,5월 중,,취소,2020-05-01,2020-05-31,True,month_only_vague,True,False,False,False
2020년 지역축제 현황_201016.xlsx,전남,2020,전라남도,홍어축제,,5월 중,,취소,2020-05-01,2020-05-31,True,month_only_vague,True,False,False,False
2020년 지역축제 현황_201016.xlsx,전남,2020,전라남도,낙지축제,,5월 중,,취소,2020-05-01,2020-05-31,True,month_only_vague,True,False,False,False
2020년 지역축제 현황_201016.xlsx,전남,2020,전라남도,해양레저체험교실,,5~6월 중,,취소,2020-06-01,2020-06-30,True,month_only_vague,True,False,False,False
2020년 지역축제 현황_201016.xlsx,전남,2020,전라남도,섬수국축제,,"6.1~6.30.
(30일간)",,취소,2020-06-01,2020-06-30,False,exact_or_partial,True,False,False,False
2020년 지역축제 현황_201016.xlsx,전남,2020,전라남도,강달어축제,,6월 중,,취소,2020-06-01,2020-06-30,True,month_only_vague,True,False,False,False
2020년 지역축제 현황_201016.xlsx,전남,2020,전라남도,병어축제,,6월 중,,취소,2020-06-01,2020-06-30,True,month_only_vague,True,False,False,False
2020년 지역축제 현황_201016.xlsx,전남,2020,전라남도,밴댕이축제,,6월 중,,취소,2020-06-01,2020-06-30,True,month_only_vague,True,False,False,False
2020년 지역축제 현황_201016.xlsx,전남,2020,전라남도,2020 밴댕이축제,,"6.19 ~6.20.
(2일간)",,취소,2020-06-19,2020-06-20,False,exact_or_partial,True,False,False,False
2020년 지역축제 현황_201016.xlsx,전남,2020,전라남도,민어축제,,7월 중,,취소,2020-07-01,2020-07-31,True,month_only_vague,True,False,False,False
2020년 지역축제 현황_201016.xlsx,전남,2020,전라남도,왕새우축제,,9월 중,,취소,2020-09-01,2020-09-30,True,month_only_vague,True,False,False,False
2020년 지역축제 현황_201016.xlsx,전남,2020,전라남도,불볼락축제,,9월 중,,취소,2020-09-01,2020-09-30,True,month_only_vague,True,False,False,False
2020년 지역축제 현황_201016.xlsx,전남,2020,전라남도,우럭축제,,9월 중,,취소,2020-09-01,2020-09-30,True,month_only_vague,True,False,False,False
2020년 지역축제 현황_201016.xlsx,전남,2020,전라남도,새우젓축제,,10월 중,,취소,2020-10-01,2020-10-31,True,month_only_vague,True,False,False,False
2020년 지역축제 현황_201016.xlsx,전남,2020,전라남도,2020 망둥어축제,,"10.9~10.11.
(3일간)",,취소,2020-10-09,2020-10-11,False,exact_or_partial,True,False,False,False
2020년 지역축제 현황_201016.xlsx,경북,2020,경상북도,2020 포항국제불빛축제,,"5.29~5.31.
(3일간)",,취소,2020-05-29,2020-05-31,False,exact_or_partial,True,False,False,False
2020년 지역축제 현황_201016.xlsx,경북,2020,경상북도,"제22회 
호미곶한민족해맞이축전",,"12.31~1.1.
(2일간)",,,2020-12-31,2020-12-31,False,exact_or_partial,False,False,True,False
2020년 지역축제 현황_201016.xlsx,경북,2020,경상북도,2020 포항해병대문화축제,,"5.9~5.10.
(2일간)",,취소,2020-05-09,2020-05-10,False,exact_or_partial,True,False,False,False
2020년 지역축제 현황_201016.xlsx,경북,2020,경상북도,포항운하축제,,"9월 중
(2일간)",,취소,2020-09-01,2020-09-30,True,month_only_vague,True,False,False,False
2020년 지역축제 현황_201016.xlsx,경북,2020,경상북도,포항거리예술축제,,"5.1~5.3.
(3일간)",,취소,2020-05-01,2020-05-03,False,exact_or_partial,True,False,False,False
2020년 지역축제 현황_201016.xlsx,경북,2020,경상북도,포항스틸아트페스티벌,,"9.19~10.10.
(22일간)",,"개최중(온오프라인병행)
(10.10~31)",2020-09-19,2020-10-10,False,exact_or_partial,False,False,True,False
2020년 지역축제 현황_201016.xlsx,경북,2020,경상북도,포항구룡포대게축제,,"2.28~3.1.
(3일)",,취소,2020-02-28,2020-02-28,False,exact_or_partial,True,False,False,False
2020년 지역축제 현황_201016.xlsx,경북,2020,경상북도,경주도자기축제,,4월 중,,취소,2020-04-01,2020-04-30,True,month_only_vague,True,False,False,False
2020년 지역축제 현황_201016.xlsx,경북,2020,경상북도,"경주한우와 농축수산물
한마당 축제",,"10.8~10.14.
(3일간)",,취소,2020-10-08,2020-10-14,False,exact_or_partial,True,False,False,False
2020년 지역축제 현황_201016.xlsx,경북,2020,경상북도,경주벚꽃축제,,"4월 중
(미정)",,취소,2020-04-01,2020-04-30,True,month_only_vague,True,False,False,False
2020년 지역축제 현황_201016.xlsx,경북,2020,경상북도,신라문화제,,"10.8~10.14.
(7일간)",,취소,2020-10-08,2020-10-14,False,exact_or_partial,True,False,False,False
2020년 지역축제 현황_201016.xlsx,경북,2020,경상북도,김천포도자두축제,,"7월 중
(4일간)",,취소,2020-07-01,2020-07-31,True,month_only_vague,True,False,False,False
2020년 지역축제 현황_201016.xlsx,경북,2020,경상북도,김천국제가족연극제,,"7월 중
(10일간)",,취소,2020-07-01,2020-07-31,True,month_only_vague,True,False,False,False
2020년 지역축제 현황_201016.xlsx,경북,2020,경상북도,암산얼음축제,,"1.18~1.26.
(9일간)",,취소,2020-01-18,2020-01-26,False,exact_or_partial,True,False,False,False
2020년 지역축제 현황_201016.xlsx,경북,2020,경상북도,안동봄꽃축제,,4월 중,,취소,2020-04-01,2020-04-30,True,month_only_vague,True,False,False,False
2020년 지역축제 현황_201016.xlsx,경북,2020,경상북도,월영야행,,7~8월 중,,"개최완료
(8.6~8.9)",2020-08-01,2020-08-31,True,month_only_vague,False,False,True,False
2020년 지역축제 현황_201016.xlsx,경북,2020,경상북도,안동국제탈춤페스티벌2020,,"9.25~10.4.
(10일간)",,취소,2020-09-25,2020-10-04,False,exact_or_partial,True,False,False,False
2020년 지역축제 현황_201016.xlsx,경북,2020,경상북도,구미 농업 한마당 대축제,,"10.8~10.14.
(7일간)",,취소,2020-10-08,2020-10-14,False,exact_or_partial,True,False,False,False
2020년 지역축제 현황_201016.xlsx,경북,2020,경상북도,전통연희축제,,"10.5~10.6.
(2일간)",,"개최예정(온라인)
(11월초)",2020-10-05,2020-10-06,False,exact_or_partial,False,True,False,False
2020년 지역축제 현황_201016.xlsx,경북,2020,경상북도,구미전국농악경연대잔치,,9~10월 중,,"개최예정(온라인)
(10.17~18)",2020-10-01,2020-10-31,True,month_only_vague,False,True,False,False
2020년 지역축제 현황_201016.xlsx,경북,2020,경상북도,금오예술제,,8월 중,,"개최완료(온라인)
(9.24 ~ 9.25)",2020-08-01,2020-08-31,True,month_only_vague,False,True,False,False
2020년 지역축제 현황_201016.xlsx,경북,2020,경상북도,구미아시아연극제,,9월 중,,"개최예정
(12월)",2020-09-01,2020-09-30,True,month_only_vague,False,False,True,False
2020년 지역축제 현황_201016.xlsx,경북,2020,경상북도,구미아트페어,,10월 중,,"개최중(오프라인)
(10.14~18)",2020-10-01,2020-10-31,True,month_only_vague,False,False,True,False
2020년 지역축제 현황_201016.xlsx,경북,2020,경상북도,장천코스모스축제,,9월 중,,취소,2020-09-01,2020-09-30,True,month_only_vague,True,False,False,False
2020년 지역축제 현황_201016.xlsx,경북,2020,경상북도,지산샛강생태문화축제,,9월 중,,취소,2020-09-01,2020-09-30,True,month_only_vague,True,False,False,False
2020년 지역축제 현황_201016.xlsx,경북,2020,경상북도,한국선비문화축제,,"5.2~5.5.
(4일간)",,취소,2020-05-02,2020-05-05,False,exact_or_partial,True,False,False,False
2020년 지역축제 현황_201016.xlsx,경북,2020,경상북도,소백산 철쭉제,,"5.30~5.31.
(2일간)",,취소,2020-05-30,2020-05-31,False,exact_or_partial,True,False,False,False
2020년 지역축제 현황_201016.xlsx,경북,2020,경상북도,무섬외나무다리축제,,"10.10~10.11.
(2일간)",,취소,2020-10-10,2020-10-11,False,exact_or_partial,True,False,False,False
2020년 지역축제 현황_201016.xlsx,경북,2020,경상북도,풍기인삼축제,,"10월 중
(9일간)",,"개최중(온라인)
10.9~18",2020-10-01,2020-10-31,True,month_only_vague,False,True,False,False
2020년 지역축제 현황_201016.xlsx,경북,2020,경상북도,사과축제,,"10.24~11.1.
(9일간)",,취소,2020-10-24,2020-11-01,False,exact_or_partial,True,False,False,False
2020년 지역축제 현황_201016.xlsx,경북,2020,경상북도,영천보현산별빛축제,,"6월 중
(3일)",,"개최예정(온라인)
(10.30~11.1)",2020-06-01,2020-06-30,True,month_only_vague,False,True,False,False
2020년 지역축제 현황_201016.xlsx,경북,2020,경상북도,영천한약축제,,"9월 중
(3일간)",,취소,2020-09-01,2020-09-30,True,month_only_vague,True,False,False,False
2020년 지역축제 현황_201016.xlsx,경북,2020,경상북도,영천과일축제,,"9월 중
(3일간)",,취소,2020-09-01,2020-09-30,True,month_only_vague,True,False,False,False
2020년 지역축제 현황_201016.xlsx,경북,2020,경상북도,영천문화예술제,,9~10월 중,,취소,2020-10-01,2020-10-31,True,month_only_vague,True,False,False,False
2020년 지역축제 현황_201016.xlsx,경북,2020,경상북도,영천 와인페스타,,9~10월 중,,취소,2020-10-01,2020-10-31,True,month_only_vague,True,False,False,False
2020년 지역축제 현황_201016.xlsx,경북,2020,경상북도,상주이야기축제,,"9월 중
(3일간)",,취소,2020-09-01,2020-09-30,True,month_only_vague,True,False,False,False
2020년 지역축제 현황_201016.xlsx,경북,2020,경상북도,함창명주 페스티벌,,9월 중,,취소,2020-09-01,2020-09-30,True,month_only_vague,True,False,False,False
2020년 지역축제 현황_201016.xlsx,경북,2020,경상북도,제10회 대한민국곶감축제,,"12.24~12.27.
(4일간)",,,2020-12-24,2020-12-27,False,exact_or_partial,False,False,True,False
2020년 지역축제 현황_201016.xlsx,경북,2020,경상북도,제22회 한여름 밤의 축제,,"7.24~7.26.
(3일간)",,취소,2020-07-24,2020-07-26,False,exact_or_partial,True,False,False,False
2020년 지역축제 현황_201016.xlsx,경북,2020,경상북도,제 5회 상주베리축제,,"6.13~6.14.
(2일간)",,취소,2020-06-13,2020-06-14,False,exact_or_partial,True,False,False,False
2020년 지역축제 현황_201016.xlsx,경북,2020,경상북도,2020 나무순채축제,,"4.25~4.26.
(2일간)",,취소,2020-04-25,2020-04-26,False,exact_or_partial,True,False,False,False
2020년 지역축제 현황_201016.xlsx,경북,2020,경상북도,"성주봉휴양림 핫 
페스티벌",,"7월 중
(2일)",,취소,2020-07-01,2020-07-31,True,month_only_vague,True,False,False,False
2020년 지역축제 현황_201016.xlsx,경북,2020,경상북도,문경찻사발축제,,"5.1~5.10.
(10일간)",,"개최예정(온라인)
(12.1~12.15)",2020-05-01,2020-05-10,False,exact_or_partial,False,True,False,False
2020년 지역축제 현황_201016.xlsx,경북,2020,경상북도,문경오미자축제,,9월 중,,"개최완료(오프라인)
(9.18~9.20)",2020-09-01,2020-09-30,True,month_only_vague,False,False,True,False
2020년 지역축제 현황_201016.xlsx,경북,2020,경상북도,전국락밴드 경연대회 및 수제맥주축제,,"7.24~7.26
(3일간)",,취소,2020-07-24,2020-07-26,False,exact_or_partial,True,False,False,True
2020년 지역축제 현황_201016.xlsx,경북,2020,경상북도,문경사과축제,,10월 중,,"개최중(온라인)
(10.12~31)",2020-10-01,2020-10-31,True,month_only_vague,False,True,False,False
2020년 지역축제 현황_201016.xlsx,경북,2020,경상북도,문경약돌한우축제,,"9월~10월 중
(2일간)",,취소,2020-09-01,2020-10-31,True,month_range_vague,True,False,False,False
2020년 지역축제 현황_201016.xlsx,경북,2020,경상북도,경산자인단오제,,"6.25~6.28.
(4일간)",,취소,2020-06-25,2020-06-28,False,exact_or_partial,True,False,False,False
2020년 지역축제 현황_201016.xlsx,경북,2020,경상북도,경산갓바위소원성취축제,,"9월 중
(2일간)",,취소,2020-09-01,2020-09-30,True,month_only_vague,True,False,False,False
2020년 지역축제 현황_201016.xlsx,경북,2020,경상북도,경산대추축제,,"10월 중
(3일간)",,취소,2020-10-01,2020-10-31,True,month_only_vague,True,False,False,False
2020년 지역축제 현황_201016.xlsx,경북,2020,경상북도,러브하트 페스티벌,,"4월 중
(2일간)",,,2020-04-01,2020-04-30,True,month_only_vague,False,False,True,False
2020년 지역축제 현황_201016.xlsx,경북,2020,경상북도,삼국유사테마파크 축제,,"8월 중
(2일간)",,취소,2020-08-01,2020-08-31,True,month_only_vague,True,False,False,False
2020년 지역축제 현황_201016.xlsx,경북,2020,경상북도,의성세계하늘축제,,"5월 중
(2일)",,취소,2020-05-01,2020-05-31,True,month_only_vague,True,False,False,False
2020년 지역축제 현황_201016.xlsx,경북,2020,경상북도,의성슈퍼푸드마늘축제,,"10월 중
(3일)",,취소,2020-10-01,2020-10-31,True,month_only_vague,True,False,False,False
2020년 지역축제 현황_201016.xlsx,경북,2020,경상북도,청송사과축제,,"10.28~11.1.
(5일간)",,취소,2020-10-28,2020-11-01,False,exact_or_partial,True,False,False,False
2020년 지역축제 현황_201016.xlsx,경북,2020,경상북도,제16회 영양산나물축제,,"5.7~5.10.
(4일간)",,취소,2020-05-07,2020-05-10,False,exact_or_partial,True,False,False,False
2020년 지역축제 현황_201016.xlsx,경북,2020,경상북도,제14회조지훈예술제,,"5.9~5.10.
(2일간)",,"개최예정(온라인)
(12월 중)",2020-05-09,2020-05-10,False,exact_or_partial,False,True,False,False
2020년 지역축제 현황_201016.xlsx,경북,2020,경상북도,별빛치맥축제,,"7.30~8.1.
(3일간)",,취소,2020-07-30,2020-08-01,False,exact_or_partial,True,False,False,True
2020년 지역축제 현황_201016.xlsx,경북,2020,경상북도,영양고추 H.O.T Festival 행사,,"9월 중 
(3일간)",,취소,2020-09-01,2020-09-30,True,month_only_vague,True,False,False,False
2020년 지역축제 현황_201016.xlsx,경북,2020,경상북도,"2020 여중군자장계향
문화축전",,"10.24~10.25.
(2일간)",,취소,2020-10-24,2020-10-25,False,exact_or_partial,True,False,False,False
2020년 지역축제 현황_201016.xlsx,경북,2020,경상북도,영덕대게축제,,"2.20~2.23.
(4일간)",,"개최예정(온라인)
(12월)",2020-02-20,2020-02-23,False,exact_or_partial,False,True,False,False
2020년 지역축제 현황_201016.xlsx,경북,2020,경상북도,영덕축산항물가자미축제,,"4월 중
(4일간)",,취소,2020-04-01,2020-04-30,True,month_only_vague,True,False,False,False
2020년 지역축제 현황_201016.xlsx,경북,2020,경상북도,영덕황금은어축제,,7월 중,,취소,2020-07-01,2020-07-31,True,month_only_vague,True,False,False,False
2020년 지역축제 현황_201016.xlsx,경북,2020,경상북도,"경북대종타종식 및
영덕해맞이축제",,"12.31~1.1.
(2일간)",,"개최예정(오프라인)
(12.31~1.1)",2020-12-31,2020-12-31,False,exact_or_partial,False,False,True,False
2020년 지역축제 현황_201016.xlsx,경북,2020,경상북도,청도소싸움축제,,6~7월 중,,취소,2020-07-01,2020-07-31,True,month_only_vague,True,False,False,False
2020년 지역축제 현황_201016.xlsx,경북,2020,경상북도,청도반시축제,,"10.16~10.18.
(3일간)",,취소,2020-10-16,2020-10-18,False,exact_or_partial,True,False,False,False
2020년 지역축제 현황_201016.xlsx,경북,2020,경상북도,"청도세계코미디아트
페스티벌",,"10.16~10.18
(3일간)",,취소,2020-10-16,2020-10-18,False,exact_or_partial,True,False,False,False
2020년 지역축제 현황_201016.xlsx,경북,2020,경상북도,대가야체험축제,,"4.2~4.5.
(4일간)",,취소,2020-04-02,2020-04-05,False,exact_or_partial,True,False,False,False
2020년 지역축제 현황_201016.xlsx,경북,2020,경상북도,"2020성주생명축제
제7회성주참외페스티벌",,"5.14~5.17.
(4일간)",,취소,2020-05-14,2020-05-17,False,exact_or_partial,True,False,False,False
2020년 지역축제 현황_201016.xlsx,경북,2020,경상북도,"2020 성주가야산황금들녘 
메뚜기잡이 체험축제",,"10.17~10.18.
(2일간)",,취소,2020-10-17,2020-10-18,False,exact_or_partial,True,False,False,False
2020년 지역축제 현황_201016.xlsx,경북,2020,경상북도,"낙동강세계평화 문화
대축전",,"9~10월 중
(3일간)",,취소,2020-10-01,2020-10-31,True,month_only_vague,True,False,False,False
2020년 지역축제 현황_201016.xlsx,경북,2020,경상북도,칠곡인형음악극,,8월 중,,취소,2020-08-01,2020-08-31,True,month_only_vague,True,False,False,False
2020년 지역축제 현황_201016.xlsx,경북,2020,경상북도,아카시아꽃축제,,"5월 중
(2일)",,취소,2020-05-01,2020-05-31,True,month_only_vague,True,False,False,False
2020년 지역축제 현황_201016.xlsx,경북,2020,경상북도,인문학마을 축제,,9~10월 중,,취소,2020-10-01,2020-10-31,True,month_only_vague,True,False,False,False
2020년 지역축제 현황_201016.xlsx,경북,2020,경상북도,2020 예천세계곤충엑스포,,"5.1~5.17.
(17일간)",,취소,2020-05-01,2020-05-17,False,exact_or_partial,True,False,False,False
2020년 지역축제 현황_201016.xlsx,경북,2020,경상북도,예천장터농산물대축제,,"10월 중
(3일간)",,취소,2020-10-01,2020-10-31,True,month_only_vague,True,False,False,False
2020년 지역축제 현황_201016.xlsx,경북,2020,경상북도,"제2회
예천국제스마트폰영화제",,"10월 중
(2일간)",,"개최완료(온라인)
(9.19 ~ 9.20)",2020-10-01,2020-10-31,True,month_only_vague,False,True,False,False
2020년 지역축제 현황_201016.xlsx,경북,2020,경상북도,2020 삼강주막 나루터축제,,"10.1~10.3.
(3일간)",,취소,2020-10-01,2020-10-03,False,exact_or_partial,True,False,False,False
2020년 지역축제 현황_201016.xlsx,경북,2020,경상북도,제9회예천용궁순대축제,,"5월 중
(3일간)",,취소,2020-05-01,2020-05-31,True,month_only_vague,True,False,False,False
2020년 지역축제 현황_201016.xlsx,경북,2020,경상북도,제22회 봉화은어축제,,"7.25~8.2.
(9일간)",,"개최완료
(8.1~8.9)",2020-07-25,2020-08-02,False,exact_or_partial,False,False,True,False
2020년 지역축제 현황_201016.xlsx,경북,2020,경상북도,제24회 봉화송이축제,,"10.8~10.11.
(4일간)",,취소,2020-10-08,2020-10-11,False,exact_or_partial,True,False,False,False
2020년 지역축제 현황_201016.xlsx,경북,2020,경상북도,"2020년
울진대게와붉은대게축제",,"2.27~3.1.
(4일간)",,취소,2020-02-27,2020-03-01,False,exact_or_partial,True,False,False,False
2020년 지역축제 현황_201016.xlsx,경북,2020,경상북도,울진금강송송이축제,,"9.25~9.27.
(3일간)",,취소,2020-09-25,2020-09-27,False,exact_or_partial,True,False,False,False
2020년 지역축제 현황_201016.xlsx,경북,2020,경상북도,죽변항 수산물 축제,,"12.11~12.13.
(3일간)",,,2020-12-11,2020-12-13,False,exact_or_partial,False,False,True,False
2020년 지역축제 현황_201016.xlsx,경북,2020,경상북도,울릉도 오징어축제,,5~10월 중,,취소,2020-10-01,2020-10-31,True,month_only_vague,True,False,False,False
2020년 지역축제 현황_201016.xlsx,경남,2020,경상남도,진해군항제,,"3.28~4.6.
(10일간)",,취소,2020-03-28,2020-04-06,False,exact_or_partial,True,False,False,False
2020년 지역축제 현황_201016.xlsx,경남,2020,경상남도,"진동미더덕&
불꽃낙화축제",,"4.10~4.12.
(3일간)",,취소,2020-04-10,2020-04-12,False,exact_or_partial,True,False,False,False
2020년 지역축제 현황_201016.xlsx,경남,2020,경상남도,"창원k-pop
월드페스티벌",,"9~10월 중
(2일간)",,취소,2020-10-01,2020-10-31,True,month_only_vague,True,False,False,False
2020년 지역축제 현황_201016.xlsx,경남,2020,경상남도,마산국화축제,,"10.24~11.8.
(15일간)",,"개최예정(오프라인)
(10.24~11.8)",2020-10-24,2020-11-08,False,exact_or_partial,False,False,True,False
2020년 지역축제 현황_201016.xlsx,경남,2020,경상남도,남산상봉제,,"10.10~10.11.
(2일간)",,취소,2020-10-10,2020-10-11,False,exact_or_partial,True,False,False,False
2020년 지역축제 현황_201016.xlsx,경남,2020,경상남도,마산만날제,,"10월 중
(3일간)",,취소,2020-10-01,2020-10-31,True,month_only_vague,True,False,False,False
2020년 지역축제 현황_201016.xlsx,경남,2020,경상남도,봉축문화축제,,"4.24~4.27.
(4일간)",,취소,2020-04-24,2020-04-27,False,exact_or_partial,True,False,False,False
2020년 지역축제 현황_201016.xlsx,경남,2020,경상남도,진주논개제,,"5월 중
(3일간)",,취소,2020-05-01,2020-05-31,True,month_only_vague,True,False,False,False
2020년 지역축제 현황_201016.xlsx,경남,2020,경상남도,진주수상뮤직페스티벌,,7~8월 중,,취소,2020-08-01,2020-08-31,True,month_only_vague,True,False,False,False
2020년 지역축제 현황_201016.xlsx,경남,2020,경상남도,진주남강유등축제,,"10.1~10.11.
(11일간)",,취소,2020-10-01,2020-10-11,False,exact_or_partial,True,False,False,False
2020년 지역축제 현황_201016.xlsx,경남,2020,경상남도,개천예술제,,"10.1~10.11.
(11일간)",,취소,2020-10-01,2020-10-11,False,exact_or_partial,True,False,False,False
2020년 지역축제 현황_201016.xlsx,경남,2020,경상남도,코리아드라마페스티벌,,"10.1~10.11.
(11일간)",,취소,2020-10-01,2020-10-11,False,exact_or_partial,True,False,False,False
2020년 지역축제 현황_201016.xlsx,경남,2020,경상남도,"진주크리스마스트리
참빛문화축제",,"12.1~12.31.
(31일간)",,"개최예정(오프라인)
(12월 중)",2020-12-01,2020-12-31,False,exact_or_partial,False,False,True,False
2020년 지역축제 현황_201016.xlsx,경남,2020,경상남도,통영국제음악제,,"3.27~4.5.
(10일간)",,취소,2020-03-27,2020-04-05,False,exact_or_partial,True,False,False,False
2020년 지역축제 현황_201016.xlsx,경남,2020,경상남도,봉숫골 꽃나들이 축제,,"4.7~4.8.
(2일간)",,취소,2020-04-07,2020-04-08,False,exact_or_partial,True,False,False,False
2020년 지역축제 현황_201016.xlsx,경남,2020,경상남도,박경리문학축전,,"5.4~5.5.
(2일간)",,취소,2020-05-04,2020-05-05,False,exact_or_partial,True,False,False,False
2020년 지역축제 현황_201016.xlsx,경남,2020,경상남도,한산도 바다체험축제,,"6.13~6.14.
(2일간)",,취소,2020-06-13,2020-06-14,False,exact_or_partial,True,False,False,False
2020년 지역축제 현황_201016.xlsx,경남,2020,경상남도,통영한산대첩축제,,"8.11~8.15.
(5일간)",,취소,2020-08-11,2020-08-15,False,exact_or_partial,True,False,False,False
2020년 지역축제 현황_201016.xlsx,경남,2020,경상남도,욕지섬문화축제,,"10.19~10.20.
(2일간)",,취소,2020-10-19,2020-10-20,False,exact_or_partial,True,False,False,False
2020년 지역축제 현황_201016.xlsx,경남,2020,경상남도,"사량도옥녀봉
전국등반축제",,"10.24~10.25
(2일간)",,취소,2020-10-24,2020-10-25,False,exact_or_partial,True,False,False,False
2020년 지역축제 현황_201016.xlsx,경남,2020,경상남도,선진리성벚꽃축제,,"3.30~3.31.
(2일간)",,취소,2020-03-30,2020-03-31,False,exact_or_partial,True,False,False,False
2020년 지역축제 현황_201016.xlsx,경남,2020,경상남도,삼천포항 수산물축제,,"4.17~4.19.
(3일간)",,취소,2020-04-17,2020-04-19,False,exact_or_partial,True,False,False,False
2020년 지역축제 현황_201016.xlsx,경남,2020,경상남도,"삼천포항 
자연산 전어축제",,7월 중,,취소,2020-07-01,2020-07-31,True,month_only_vague,True,False,False,False
2020년 지역축제 현황_201016.xlsx,경남,2020,경상남도,와룡문화제,,"4.24~4.26.
(3일간)",,취소,2020-04-24,2020-04-26,False,exact_or_partial,True,False,False,False
2020년 지역축제 현황_201016.xlsx,경남,2020,경상남도,비토 별주부전축제,,"7.18~7.19.
(2일간)",,취소,2020-07-18,2020-07-19,False,exact_or_partial,True,False,False,False
2020년 지역축제 현황_201016.xlsx,경남,2020,경상남도,비봉내축제,,"9월 중
(2일간)",,,2020-09-01,2020-09-30,True,month_only_vague,False,False,True,False
2020년 지역축제 현황_201016.xlsx,경남,2020,경상남도,사천시농업한마당축제,,"10.16~10.18.
(3일간)",,취소,2020-10-16,2020-10-18,False,exact_or_partial,True,False,False,False
2020년 지역축제 현황_201016.xlsx,경남,2020,경상남도,가야문화축제,,"4.3~4.7.
(5일간)",,취소,2020-04-03,2020-04-07,False,exact_or_partial,True,False,False,False
2020년 지역축제 현황_201016.xlsx,경남,2020,경상남도,불암장어문화축제,,"6.27~6.28.
(2일간)",,취소,2020-06-27,2020-06-28,False,exact_or_partial,True,False,False,False
2020년 지역축제 현황_201016.xlsx,경남,2020,경상남도,평생학습과학축제,,"10.24~10.25.
(2일간)",,취소,2020-10-24,2020-10-25,False,exact_or_partial,True,False,False,False
2020년 지역축제 현황_201016.xlsx,경남,2020,경상남도,김해분청도자기축제,,"9.11~9.20
(10일간)",,취소,2020-09-11,2020-09-20,False,exact_or_partial,True,False,False,False
2020년 지역축제 현황_201016.xlsx,경남,2020,경상남도,허황후 신행길축제,,"10월 중
(3일간)",,취소,2020-10-01,2020-10-31,True,month_only_vague,True,False,False,False
2020년 지역축제 현황_201016.xlsx,경남,2020,경상남도,크리스마스문화축제,,12월 중,,"개최예정
(12월 중)",2020-12-01,2020-12-31,True,month_only_vague,False,False,True,False
2020년 지역축제 현황_201016.xlsx,경남,2020,경상남도,밀양아리랑대축제,,"5.14~5.17.
(4일간)",,취소,2020-05-14,2020-05-17,False,exact_or_partial,True,False,False,False
2020년 지역축제 현황_201016.xlsx,경남,2020,경상남도,여름공연예술축제,,7~8월 중,,"개최완료
(8.1~8.16)",2020-08-01,2020-08-31,True,month_only_vague,False,False,True,False
2020년 지역축제 현황_201016.xlsx,경남,2020,경상남도,밀양대추축제,,"10.16~10.18
(3일간)",,취소,2020-10-16,2020-10-18,False,exact_or_partial,True,False,False,False
2020년 지역축제 현황_201016.xlsx,경남,2020,경상남도,"무안맛나향
고추축제",,12월 중,,취소,2020-12-01,2020-12-31,True,month_only_vague,True,False,False,False
2020년 지역축제 현황_201016.xlsx,경남,2020,경상남도,"얼음골사과
축제",,12월 중,,,2020-12-01,2020-12-31,True,month_only_vague,False,False,True,False
2020년 지역축제 현황_201016.xlsx,경남,2020,경상남도,거제 옥포대첩축제,,"6월 중
(3일간)",,취소,2020-06-01,2020-06-30,True,month_only_vague,True,False,False,False
2020년 지역축제 현황_201016.xlsx,경남,2020,경상남도,거제바다로세계로,,"7.30~8.2.
(4일간)",,취소,2020-07-30,2020-08-02,False,exact_or_partial,True,False,False,False
2020년 지역축제 현황_201016.xlsx,경남,2020,경상남도,거제맥주축제,,"9월 중
(5일간)",,취소,2020-09-01,2020-09-30,True,month_only_vague,True,False,False,True
2020년 지역축제 현황_201016.xlsx,경남,2020,경상남도,거제청마꽃들축제,,"9월 중
(7일간)",,취소,2020-09-01,2020-09-30,True,month_only_vague,True,False,False,False
2020년 지역축제 현황_201016.xlsx,경남,2020,경상남도,거제섬꽃축제,,"10.26~11.1.
(7일간)",,취소,2020-10-26,2020-11-01,False,exact_or_partial,True,False,False,False
2020년 지역축제 현황_201016.xlsx,경남,2020,경상남도,거제대구수산물축제,,"12월 중
(2일간)",,"개최예정(온라인)
(12월 말)",2020-12-01,2020-12-31,True,month_only_vague,False,True,False,False
2020년 지역축제 현황_201016.xlsx,경남,2020,경상남도,원동매화축제,,"3.14~3.15.
(2일간)",,취소,2020-03-14,2020-03-15,False,exact_or_partial,True,False,False,False
2020년 지역축제 현황_201016.xlsx,경남,2020,경상남도,물금 벚꽃축제,,"3.28~3.29
(2일간)",,취소,2020-03-28,2020-03-29,False,exact_or_partial,True,False,False,False
2020년 지역축제 현황_201016.xlsx,경남,2020,경상남도,양산웅상회야제,,"5월 중
(2일간)",,취소,2020-05-01,2020-05-31,True,month_only_vague,True,False,False,False
2020년 지역축제 현황_201016.xlsx,경남,2020,경상남도,삽량문화축전,,"10월 중
(3일간)",,취소,2020-10-01,2020-10-31,True,month_only_vague,True,False,False,False
2020년 지역축제 현황_201016.xlsx,경남,2020,경상남도,의령 홍의장군축제,,"4.16~4.19.
(4일간)",,취소,2020-04-16,2020-04-19,False,exact_or_partial,True,False,False,False
2020년 지역축제 현황_201016.xlsx,경남,2020,경상남도,제9회 함안곶감축제,,"1.10~1.12.
(3일간)",,,2020-01-10,2020-01-12,False,exact_or_partial,False,False,True,False
2020년 지역축제 현황_201016.xlsx,경남,2020,경상남도,함안아라문화제,,4월 중,,취소,2020-04-01,2020-04-30,True,month_only_vague,True,False,False,False
2020년 지역축제 현황_201016.xlsx,경남,2020,경상남도,강주해바라기축제,,"8.28~9.6.
(10일간)",,취소,2020-08-28,2020-09-06,False,exact_or_partial,True,False,False,False
2020년 지역축제 현황_201016.xlsx,경남,2020,경상남도,3.1민속문화제,,"2.29~3.3.
(4일간)",,,2020-02-29,2020-03-03,False,exact_or_partial,False,False,True,False
2020년 지역축제 현황_201016.xlsx,경남,2020,경상남도,부곡온천축제,,"4.3~4.5.
(3일간)",,취소,2020-04-03,2020-04-05,False,exact_or_partial,True,False,False,False
2020년 지역축제 현황_201016.xlsx,경남,2020,경상남도,창녕낙동강유채축제,,"4.16~4.19.
(4일간)",,취소,2020-04-16,2020-04-19,False,exact_or_partial,True,False,False,False
2020년 지역축제 현황_201016.xlsx,경남,2020,경상남도,비사벌문화제,,"10월 중
(3일간)",,취소,2020-10-01,2020-10-31,True,month_only_vague,True,False,False,False
2020년 지역축제 현황_201016.xlsx,경남,2020,경상남도,창녕우포누리축제,,"10월 중
(2일간)",,취소,2020-10-01,2020-10-31,True,month_only_vague,True,False,False,False
2020년 지역축제 현황_201016.xlsx,경남,2020,경상남도,"2020 경남고성
공룡세계엑스포",,"4.17~6.7.
(52일간)",,"연기
(2021년으로 연기)",2020-04-17,2020-06-07,False,exact_or_partial,False,False,True,False
2020년 지역축제 현황_201016.xlsx,경남,2020,경상남도,공룡 책 이야기축제,,"5.23~5.24.
(2일간)",,"개최완료(오프라인)
(10.10~11)",2020-05-23,2020-05-24,False,exact_or_partial,False,False,True,False
2020년 지역축제 현황_201016.xlsx,경남,2020,경상남도,촌스런 축제,,"8.1~8.2.
(2일간)",,취소,2020-08-01,2020-08-02,False,exact_or_partial,True,False,False,False
2020년 지역축제 현황_201016.xlsx,경남,2020,경상남도,메밀꽃핀 바다축제,,"9.18~9.20.
(3일간)",,취소,2020-09-18,2020-09-20,False,exact_or_partial,True,False,False,False
2020년 지역축제 현황_201016.xlsx,경남,2020,경상남도,소가야문화제,,"9.30~10.02.
(3일간)",,"개최완료(오프라인)
(9.25~27)",2020-09-30,2020-10-02,False,exact_or_partial,False,False,True,False
2020년 지역축제 현황_201016.xlsx,경남,2020,경상남도,고성가리비수산물축제,,"10.30~11.1.
(3일간)",,취소,2020-10-30,2020-11-01,False,exact_or_partial,True,False,False,False
2020년 지역축제 현황_201016.xlsx,경남,2020,경상남도,농축산물 한마당축제,,"11월 중
(2일간)",,취소,2020-11-01,2020-11-30,True,month_only_vague,True,False,False,False
2020년 지역축제 현황_201016.xlsx,경남,2020,경상남도,보물섬 미조항멸치축제,,"5월 중
(3일간)",,취소,2020-05-01,2020-05-31,True,month_only_vague,True,False,False,False
2020년 지역축제 현황_201016.xlsx,경남,2020,경상남도,창선고사리삼합축제,,"5월 중
(3일간)",,취소,2020-05-01,2020-05-31,True,month_only_vague,True,False,False,False
2020년 지역축제 현황_201016.xlsx,경남,2020,경상남도,"보물섬 마늘축제
&한우잔치",,"6월 중
(3일간)",,취소,2020-06-01,2020-06-30,True,month_only_vague,True,False,False,False
2020년 지역축제 현황_201016.xlsx,경남,2020,경상남도,"상주은모래비치 
섬머페스티벌",,"8월 중
(3일간)",,취소,2020-08-01,2020-08-31,True,month_only_vague,True,False,False,False
2020년 지역축제 현황_201016.xlsx,경남,2020,경상남도,보물섬 갈화왕새우축제,,"8월 중
(3일간)",,취소,2020-08-01,2020-08-31,True,month_only_vague,True,False,False,False
2020년 지역축제 현황_201016.xlsx,경남,2020,경상남도,독일마을 맥주축제,,"10월 중
(3일간)",,취소,2020-10-01,2020-10-31,True,month_only_vague,True,False,False,True
2020년 지역축제 현황_201016.xlsx,경남,2020,경상남도,이순신 순국제전,,"11월 중
(2일간)",,취소,2020-11-01,2020-11-30,True,month_only_vague,True,False,False,False
2020년 지역축제 현황_201016.xlsx,경남,2020,경상남도,"보물섬 남해설천 
참굴축제",,12월 중,,취소,2020-12-01,2020-12-31,True,month_only_vague,True,False,False,False
2020년 지역축제 현황_201016.xlsx,경남,2020,경상남도,"상주해돋이& 
물메기 축제",,"12.31~1.1.
(2일간)",,,2020-12-31,2020-12-31,False,exact_or_partial,False,False,True,False
2020년 지역축제 현황_201016.xlsx,경남,2020,경상남도,하동야생차문화축제,,5월 중,,취소,2020-05-01,2020-05-31,True,month_only_vague,True,False,False,False
2020년 지역축제 현황_201016.xlsx,경남,2020,경상남도,하동북천 꽃양귀비축제,,"5.15~5.24.
(10일간)",,취소,2020-05-15,2020-05-24,False,exact_or_partial,True,False,False,False
2020년 지역축제 현황_201016.xlsx,경남,2020,경상남도,"알프스 하동 
섬진강문화 재첩축제",,"5.28~5.31
(4일간)",,취소,2020-05-28,2020-05-31,False,exact_or_partial,True,False,False,False
2020년 지역축제 현황_201016.xlsx,경남,2020,경상남도,"하동북천 
코스모스 메밀꽃 축제",,"9.18~10.4.
(17일간)",,취소,2020-09-18,2020-10-04,False,exact_or_partial,True,False,False,False
2020년 지역축제 현황_201016.xlsx,경남,2020,경상남도,지리산산청곶감축제,,"1.2~1.5.
(4일간)",,,2020-01-02,2020-01-05,False,exact_or_partial,False,False,True,False
2020년 지역축제 현황_201016.xlsx,경남,2020,경상남도,"생초국제조각공원
 꽃잔디축제",,"4월 중
(17일간)",,취소,2020-04-01,2020-04-30,True,month_only_vague,True,False,False,False
2020년 지역축제 현황_201016.xlsx,경남,2020,경상남도,"단성 경호강변
 유채꽃 축제",,"4월 중
(3일간)",,취소,2020-04-01,2020-04-30,True,month_only_vague,True,False,False,False
2020년 지역축제 현황_201016.xlsx,경남,2020,경상남도,산청황매산철쭉제,,"5월 중
(10일간)",,취소,2020-05-01,2020-05-31,True,month_only_vague,True,False,False,False
2020년 지역축제 현황_201016.xlsx,경남,2020,경상남도,산청경호강물페스티벌,,"7월 중
(3~4일간)",,취소,2020-07-01,2020-07-31,True,month_only_vague,True,False,False,False
2020년 지역축제 현황_201016.xlsx,경남,2020,경상남도,산청한방약초축제,,"9.25~10.11.
(17일간)",,"개최완료(온라인)
(9.7~9.27)",2020-09-25,2020-10-11,False,exact_or_partial,False,True,False,False
2020년 지역축제 현황_201016.xlsx,경남,2020,경상남도,남명선비문화축제,,"10.16~10.17.
(2일간)",,취소,2020-10-16,2020-10-17,False,exact_or_partial,True,False,False,False
2020년 지역축제 현황_201016.xlsx,경남,2020,경상남도,함양물레방아골축제,,"5.2~5.8.
(7일간)",,취소,2020-05-02,2020-05-08,False,exact_or_partial,True,False,False,False
2020년 지역축제 현황_201016.xlsx,경남,2020,경상남도,함양산삼축제,,"10.9~10.18.
(10일간)",,취소,2020-10-09,2020-10-18,False,exact_or_partial,True,False,False,False
2020년 지역축제 현황_201016.xlsx,경남,2020,경상남도,"거창산양삼축제
(거창산삼축제)",,5월 중,,취소,2020-05-01,2020-05-31,True,month_only_vague,True,False,False,False
2020년 지역축제 현황_201016.xlsx,경남,2020,경상남도,거창한마당대축제,,"9월 중
(4일간)",,취소,2020-09-01,2020-09-30,True,month_only_vague,True,False,False,False
2020년 지역축제 현황_201016.xlsx,경남,2020,경상남도,"거창크리스마스트리
문화축제",,"12월 중
(50일정도)",,"개최예정(오프라인)
(12월 중)",2020-12-01,2020-12-31,True,month_only_vague,False,False,True,False
2020년 지역축제 현황_201016.xlsx,경남,2020,경상남도,금원산얼음축제,,12~1월 중,,,2020-01-01,2020-01-31,True,month_only_vague,False,False,True,False
2020년 지역축제 현황_201016.xlsx,경남,2020,경상남도,황매산철쭉제,,"4~5월 중
(11일간)",,취소,2020-05-01,2020-05-31,True,month_only_vague,True,False,False,False
2020년 지역축제 현황_201016.xlsx,경남,2020,경상남도,합천바캉스축제,,7월 중,,취소,2020-07-01,2020-07-31,True,month_only_vague,True,False,False,False
2020년 지역축제 현황_201016.xlsx,경남,2020,경상남도,대야문화제,,10월 중,,취소,2020-10-01,2020-10-31,True,month_only_vague,True,False,False,False
2020년 지역축제 현황_201016.xlsx,경남,2020,경상남도,"2020 
합천기록문화축제",,"10.17~11.01.
(16일간)",,취소,2020-10-17,2020-11-01,False,exact_or_partial,True,False,False,False
2020년 지역축제 현황_201016.xlsx,경남,2020,경상남도,황매산 억새축제,,"10~11월 중
(11일간)",,취소,2020-11-01,2020-11-30,True,month_only_vague,True,False,False,False
2020년 지역축제 현황_201016.xlsx,제주,2020,제주도,탐라국입춘굿,,"1.25~2.4.
(11일간)",,취소,2020-01-25,2020-02-04,False,exact_or_partial,True,False,False,False
2020년 지역축제 현황_201016.xlsx,제주,2020,제주도,제주들불축제,,"3.12~3.15.
(4일간)",,취소,2020-03-12,2020-03-15,False,exact_or_partial,True,False,False,False
2020년 지역축제 현황_201016.xlsx,제주,2020,제주도,제주왕벚꽃축제,,3~4월 중,,취소,2020-04-01,2020-04-30,True,month_only_vague,True,False,False,False
2020년 지역축제 현황_201016.xlsx,제주,2020,제주도,전농로왕벚꽃축제,,"3월 중
(3일간)",,취소,2020-03-01,2020-03-31,True,month_only_vague,True,False,False,False
2020년 지역축제 현황_201016.xlsx,제주,2020,제주도,가파도청보리축제,,"4.1~5.30.
(60일간)",,취소,2020-04-01,2020-05-30,False,exact_or_partial,True,False,False,False
2020년 지역축제 현황_201016.xlsx,제주,2020,제주도,제주유채꽃축제,,"4.9~4.12.
(4일간)",,취소,2020-04-09,2020-04-12,False,exact_or_partial,True,False,False,False
2020년 지역축제 현황_201016.xlsx,제주,2020,제주도,제12회 우도소라축제,,"4.24~4.26.
(3일간)",,취소,2020-04-24,2020-04-26,False,exact_or_partial,True,False,False,False
2020년 지역축제 현황_201016.xlsx,제주,2020,제주도,"제25회
한라산 청정
고사리축제",,"4~5월 중
(2일간)",,취소,2020-05-01,2020-05-31,True,month_only_vague,True,False,False,False
2020년 지역축제 현황_201016.xlsx,제주,2020,제주도,제2회서귀포은갈치축제,,"5.3~5.5.
(3일간)",,취소,2020-05-03,2020-05-05,False,exact_or_partial,True,False,False,False
2020년 지역축제 현황_201016.xlsx,제주,2020,제주도,제17회 방선문축제,,"5.9 ~ 5.10.
(2일간)",,취소,2020-05-09,2020-05-10,False,exact_or_partial,True,False,False,False
2020년 지역축제 현황_201016.xlsx,제주,2020,제주도,제주 반려동물 문화축제,,"5.30~5.31.
(2일간)",,취소,2020-05-30,2020-05-31,False,exact_or_partial,True,False,False,False
2020년 지역축제 현황_201016.xlsx,제주,2020,제주도,보목자리돔축제,,"5~6월 중
(3일간)",,취소,2020-06-01,2020-06-30,True,month_only_vague,True,False,False,False
2020년 지역축제 현황_201016.xlsx,제주,2020,제주도,제19회 삼양검은모래축제,,"7.24~7.25.
(2일간)",,취소,2020-07-24,2020-07-25,False,exact_or_partial,True,False,False,False
2020년 지역축제 현황_201016.xlsx,제주,2020,제주도,"서귀포시
송산동자구리축제",,"7~8월 중
(2일간)",,취소,2020-08-01,2020-08-31,True,month_only_vague,True,False,False,False
2020년 지역축제 현황_201016.xlsx,제주,2020,제주도,"제25회
표선해변하얀모래축제",,"7~8월 중
(2일간)",,취소,2020-08-01,2020-08-31,True,month_only_vague,True,False,False,False
2020년 지역축제 현황_201016.xlsx,제주,2020,제주도,월대천축제,,7월 중,,취소,2020-07-01,2020-07-31,True,month_only_vague,True,False,False,False
2020년 지역축제 현황_201016.xlsx,제주,2020,제주도,함덕뮤직위크,,7~8월 중,,취소,2020-08-01,2020-08-31,True,month_only_vague,True,False,False,False
2020년 지역축제 현황_201016.xlsx,제주,2020,제주도,이호테우축제,,"7.31~8.2.
(3일간)",,취소,2020-07-31,2020-08-02,False,exact_or_partial,True,False,False,False
2020년 지역축제 현황_201016.xlsx,제주,2020,제주도,금능원담축제,,"7~8월 중
(2일)",,취소,2020-08-01,2020-08-31,True,month_only_vague,True,False,False,False
2020년 지역축제 현황_201016.xlsx,제주,2020,제주도,제18회쇠소깍축제,,8월 중,,취소,2020-08-01,2020-08-31,True,month_only_vague,True,False,False,False
2020년 지역축제 현황_201016.xlsx,제주,2020,제주도,"한여름밤솜반천
청소년영상문화축제",,"8.1~8.2.
(2일간)",,취소,2020-08-01,2020-08-02,False,exact_or_partial,True,False,False,False
2020년 지역축제 현황_201016.xlsx,제주,2020,제주도,예래생태체험축제,,"8.1~8.2
(2일간)",,취소,2020-08-01,2020-08-02,False,exact_or_partial,True,False,False,False
2020년 지역축제 현황_201016.xlsx,제주,2020,제주도,제20회 도두오래물축제,,"8.7~8.9.
(3일간)",,취소,2020-08-07,2020-08-09,False,exact_or_partial,True,False,False,False
2020년 지역축제 현황_201016.xlsx,제주,2020,제주도,제5회 제주밭담축제,,"9월 중
(2일간)",,취소,2020-09-01,2020-09-30,True,month_only_vague,True,False,False,False
2020년 지역축제 현황_201016.xlsx,제주,2020,제주도,제12회 산지천축제,,"9월 중
(3일간)",,취소,2020-09-01,2020-09-30,True,month_only_vague,True,False,False,False
2020년 지역축제 현황_201016.xlsx,제주,2020,제주도,추자도참굴비축제,,"9.11~9.13.
(3일간)",,취소,2020-09-11,2020-09-13,False,exact_or_partial,True,False,False,False
2020년 지역축제 현황_201016.xlsx,제주,2020,제주도,제13회 제주해녀축제,,"9.19~9.20.
(2일간)",,취소,2020-09-19,2020-09-20,False,exact_or_partial,True,False,False,False
2020년 지역축제 현황_201016.xlsx,제주,2020,제주도,서귀포칠십리축제,,"9.24~9.27.
(4일간)",,"개최중(오프라인)
(10.16~17)",2020-09-24,2020-09-27,False,exact_or_partial,False,False,True,False
2020년 지역축제 현황_201016.xlsx,제주,2020,제주도,탐라문화제,,"10.7~10.11.
(5일간)",,"개최완료(온라인)
(10.07~10.11)",2020-10-07,2020-10-11,False,exact_or_partial,False,True,False,False
2020년 지역축제 현황_201016.xlsx,제주,2020,제주도,중문칠선녀축제,,"10.9~10.11.
(3일간)",,취소,2020-10-09,2020-10-11,False,exact_or_partial,True,False,False,False
2020년 지역축제 현황_201016.xlsx,제주,2020,제주도,제주광어 대축제,,"10.12~10.13.
(2일간)",,취소,2020-10-12,2020-10-13,False,exact_or_partial,True,False,False,False
2020년 지역축제 현황_201016.xlsx,제주,2020,제주도,제주마축제,,"10.17~10.18.
(2일간)",,취소,2020-10-17,2020-10-18,False,exact_or_partial,True,False,False,False
2020년 지역축제 현황_201016.xlsx,제주,2020,제주도,"2019년
FPC한수위수산물대축제",,"10.25~10.27.
(3일간)",,취소,2020-10-25,2020-10-27,False,exact_or_partial,True,False,False,False
2020년 지역축제 현황_201016.xlsx,제주,2020,제주도,"누웨마루
3일간의 색다른 야행",,"10.31~11.2.
(3일간)",,취소,2020-10-31,2020-11-02,False,exact_or_partial,True,False,False,False
2020년 지역축제 현황_201016.xlsx,제주,2020,제주도,제7회 고마로마문화축제,,"10월 중
(2일간)",,취소,2020-10-01,2020-10-31,True,month_only_vague,True,False,False,False
2020년 지역축제 현황_201016.xlsx,제주,2020,제주도,제주음식박람회,,"10월 중
(2일간)",,취소,2020-10-01,2020-10-31,True,month_only_vague,True,False,False,False
2020년 지역축제 현황_201016.xlsx,제주,2020,제주도,대정고을추사문화예술제,,"11.7~11.8.
(2일간)",,취소,2020-11-07,2020-11-08,False,exact_or_partial,True,False,False,False
2020년 지역축제 현황_201016.xlsx,제주,2020,제주도,최남단 방어축제,,"11.21~11.24.
(4일간)",,취소,2020-11-21,2020-11-24,False,exact_or_partial,True,False,False,False
2020년 지역축제 현황_201016.xlsx,제주,2020,제주도,성산일출축제,,"12.20~1.1.
(3일간)",,취소,2020-12-20,2020-12-20,False,exact_or_partial,True,False,False,False
2022년 지역축제 개최 계획(취합).xlsx,세부현황,2022,서울,2022 서울빛초롱축제,문화예술,11.4.~20.(예정),오프라인,,2022-11-04,2022-11-20,False,exact_or_partial,False,False,True,False
2022년 지역축제 개최 계획(취합).xlsx,세부현황,2022,서울,제27회 강동선사문화축제,문화예술,22. 10. 8.~10.,혼합형,,2022-10-08,2022-10-10,False,exact_or_partial,False,False,True,False
2022년 지역축제 개최 계획(취합).xlsx,세부현황,2022,서울,허준축제,문화예술,10.6.~10.9.,대면,,2022-10-06,2022-10-09,False,exact_or_partial,False,False,True,False
2022년 지역축제 개최 계획(취합).xlsx,세부현황,2022,서울,2022 구로G페스티벌,기타(주민화합),9.30~10.2,혼합형,,2022-09-30,2022-10-02,False,exact_or_partial,False,False,True,False
2022년 지역축제 개최 계획(취합).xlsx,세부현황,2022,서울,노원달빛산책,생태자연,10.7.~10.23.,대면,,2022-10-07,2022-10-23,False,exact_or_partial,False,False,True,False
2022년 지역축제 개최 계획(취합).xlsx,세부현황,2022,서울,수제맥주축제,주민화합,9.10.~9.11.,대면,,2022-09-10,2022-09-11,False,exact_or_partial,False,False,True,True
2022년 지역축제 개최 계획(취합).xlsx,세부현황,2022,서울,노원탈축제,문화예술,10.1.~10.2.,대면,,2022-10-01,2022-10-02,False,exact_or_partial,False,False,True,False
2022년 지역축제 개최 계획(취합).xlsx,세부현황,2022,서울,2022 서리풀페스티벌,문화예술,9.19.~9.25.,ㅇ대면,,2022-09-19,2022-09-25,False,exact_or_partial,False,False,True,False
2022년 지역축제 개최 계획(취합).xlsx,세부현황,2022,서울,태조이성계축제,전통역사,9~10월중(1일),혼합형,,2022-10-01,2022-10-31,True,month_only_vague,False,False,True,False
2022년 지역축제 개최 계획(취합).xlsx,세부현황,2022,서울,응봉산개나리축제,생태자연,3~4월(3일간),혼합형,,2022-04-01,2022-04-30,True,month_only_vague,False,False,True,False
2022년 지역축제 개최 계획(취합).xlsx,세부현황,2022,서울,두모포 페스티벌,전통역사,6월 중(미정),혼합형,,2022-06-01,2022-06-30,True,month_only_vague,False,False,True,False
2022년 지역축제 개최 계획(취합).xlsx,세부현황,2022,서울,세계민속춤 축제,문화예술,9월 중(미정),혼합형,,2022-09-01,2022-09-30,True,month_only_vague,False,False,True,False
2022년 지역축제 개최 계획(취합).xlsx,세부현황,2022,서울,해우리 문화축제,"반려 악기, 반려 식물 등의 콘텐츠를 체험하는 반려 문화 축제",9~10월,대면,,2022-10-01,2022-10-31,True,month_only_vague,False,False,True,False
2022년 지역축제 개최 계획(취합).xlsx,세부현황,2022,서울,제17회 영등포 여의도 봄꽃축제,생태자연,3월말~4월초 중,혼합형,,2022-03-01,2022-04-30,True,month_range_vague,False,False,True,False
2022년 지역축제 개최 계획(취합).xlsx,세부현황,2022,서울,2022 이태원 지구촌 축제,문화예술,10월중,대면 / 혼합형,,2022-10-01,2022-10-31,True,month_only_vague,False,False,True,False
2022년 지역축제 개최 계획(취합).xlsx,세부현황,2022,서울,2022 서울장미축제,문화예술,5월중,혼합형,,2022-05-01,2022-05-31,True,month_only_vague,False,False,True,False
2022년 지역축제 개최 계획(취합).xlsx,세부현황,2022,서울,2022 용마폭포문화예술축제,문화예술,10월중,혼합형,,2022-10-01,2022-10-31,True,month_only_vague,False,False,True,False
2022년 지역축제 개최 계획(취합).xlsx,세부현황,2022,서울,북페스티벌,문화예술,4월/10월중,혼합형,,2022-04-01,2022-10-31,True,month_range_vague,False,False,True,False
2022년 지역축제 개최 계획(취합).xlsx,세부현황,2022,서울,도봉과학축제,문화예술,7월 중,대면,,2022-07-01,2022-07-31,True,month_only_vague,False,False,True,False
2022년 지역축제 개최 계획(취합).xlsx,세부현황,2022,서울,도봉구 등 축제,문화예술,9월~10월,대면,,2022-09-01,2022-10-31,True,month_range_vague,False,False,True,False
2022년 지역축제 개최 계획(취합).xlsx,세부현황,2022,서울,도봉산 페스티벌,문화예술,9.24.~25.,혼합형,,2022-09-24,2022-09-25,False,exact_or_partial,False,False,True,False
2022년 지역축제 개최 계획(취합).xlsx,세부현황,2022,서울,도봉서원 선비문화제,전통역사,4.10 / 10.5,대면,,2022-04-10,2022-10-05,False,exact_or_partial,False,False,True,False
2022년 지역축제 개최 계획(취합).xlsx,세부현황,2022,서울,도봉옛길 문화제,문화예술,5월 중,혼합형,,2022-05-01,2022-05-31,True,month_only_vague,False,False,True,False
2022년 지역축제 개최 계획(취합).xlsx,세부현황,2022,서울,창2동 에코! 벚꽃축제,기타(주민화합),4월 중,대면,,2022-04-01,2022-04-30,True,month_only_vague,False,False,True,False
2022년 지역축제 개최 계획(취합).xlsx,세부현황,2022,울산,울산태화강 대숲납량축제,기타,2022. 8.11.~8.14,대면,,2022-08-11,2022-08-14,False,exact_or_partial,False,False,True,False
2022년 지역축제 개최 계획(취합).xlsx,세부현황,2022,울산,태화강공연축제 나드리,문화예술,2022. 10.,대면,,2022-10-01,2022-10-31,True,month_detected_vague,False,False,True,False
2022년 지역축제 개최 계획(취합).xlsx,세부현황,2022,울산,처용문화제,문화예술,2022. 10.,대면,,2022-10-01,2022-10-31,True,month_detected_vague,False,False,True,False
2022년 지역축제 개최 계획(취합).xlsx,세부현황,2022,울산,외솔한글한마당,문화예술,2022. 10.,대면,,2022-10-01,2022-10-31,True,month_detected_vague,False,False,True,False
2022년 지역축제 개최 계획(취합).xlsx,세부현황,2022,울산,2022 울산마두희축제,전통역사,06.03~06.05.,대면,,2022-06-03,2022-06-05,False,exact_or_partial,False,False,True,False
2022년 지역축제 개최 계획(취합).xlsx,세부현황,2022,울산,눈꽃축제,주민화합,12.24.~12.25.,대면,,2022-12-24,2022-12-25,False,exact_or_partial,False,False,True,False
2022년 지역축제 개최 계획(취합).xlsx,세부현황,2022,울산,궁거랑 벚꽃 한마당,문화관광축제,2.15.,대면,,2022-02-15,2022-02-15,False,exact_or_partial,False,False,True,False
2022년 지역축제 개최 계획(취합).xlsx,세부현황,2022,울산,제26회 울산고래축제,문화관광축제,04.28~05.01,혼합형,,2022-04-28,2022-05-01,False,exact_or_partial,False,False,True,False
2022년 지역축제 개최 계획(취합).xlsx,세부현황,2022,울산,장생포 수국 페스티벌,문화관광축제,6월 중,대면,,2022-06-01,2022-06-30,True,month_only_vague,False,False,True,False
2022년 지역축제 개최 계획(취합).xlsx,세부현황,2022,울산,"울산 남구 문화유적 
생태탐방 교육",문화관광축제,6월~11월중,대면,,2022-06-01,2022-11-30,True,month_range_vague,False,False,True,False
2022년 지역축제 개최 계획(취합).xlsx,세부현황,2022,울산,"장생포 고래문화특구 
런닝맨투어",문화관광축제,07.16.~07.17.,대면,,2022-07-16,2022-07-17,False,exact_or_partial,False,False,True,False
2022년 지역축제 개최 계획(취합).xlsx,세부현황,2022,울산,장생포 한여름 밤의 Horror  Festival,문화관광축제,8월 중,대면,,2022-08-01,2022-08-31,True,month_only_vague,False,False,True,False
2022년 지역축제 개최 계획(취합).xlsx,세부현황,2022,울산,남구문화예술제,문화관광축제,9월 중,대면,,2022-09-01,2022-09-30,True,month_only_vague,False,False,True,False
2022년 지역축제 개최 계획(취합).xlsx,세부현황,2022,울산,남구강변영화제,문화관광축제,9월 중,대면,,2022-09-01,2022-09-30,True,month_only_vague,False,False,True,False
2022년 지역축제 개최 계획(취합).xlsx,세부현황,2022,울산,태화강 빛 축제,문화관광축제,10월 중,대면,,2022-10-01,2022-10-31,True,month_only_vague,False,False,True,False
2022년 지역축제 개최 계획(취합).xlsx,세부현황,2022,울산,그린차박페스티벌 in 울산,문화관광축제,10월 중,대면,,2022-10-01,2022-10-31,True,month_only_vague,False,False,True,False
2022년 지역축제 개최 계획(취합).xlsx,세부현황,2022,울산,버드페스티벌,문화관광축제,11.11.∼11.13,혼합형,,2022-11-11,2022-11-13,False,exact_or_partial,False,False,True,False
2022년 지역축제 개최 계획(취합).xlsx,세부현황,2022,울산,"제100회 어린이날 기념 
동구 어린이 큰잔치",기타,5.4~5.5,온라인,,2022-05-04,2022-05-05,False,exact_or_partial,False,True,False,False
2022년 지역축제 개최 계획(취합).xlsx,세부현황,2022,울산,2022년 울산조선해양축제,기타,7월중,대면,,2022-07-01,2022-07-31,True,month_only_vague,False,False,True,False
2022년 지역축제 개최 계획(취합).xlsx,세부현황,2022,울산,제18회 울산쇠부리축제,문화예술,05.13.~05.15.,혼합형,,2022-05-13,2022-05-15,False,exact_or_partial,False,False,True,False
2022년 지역축제 개최 계획(취합).xlsx,세부현황,2022,울산,울산옹기축제,전통역사,5월 중,혼합형,,2022-05-01,2022-05-31,True,month_only_vague,False,False,True,False
2022년 지역축제 개최 계획(취합).xlsx,세부현황,2022,세종,여덟 번째 세종축제,문화예술,10월중,대면,,2022-10-01,2022-10-31,True,month_only_vague,False,False,True,False
2022년 지역축제 개최 계획(취합).xlsx,세부현황,2022,세종,제20회 세종조치원복숭아축제,특산물,8.5.~8.7.,혼합형,,2022-08-05,2022-08-07,False,exact_or_partial,False,False,True,False
2022년 지역축제 개최 계획(취합).xlsx,세부현황,2022,세종,제5회 세종건축문화제,문화예술,10.5.~10.10.,혼합형,,2022-10-05,2022-10-10,False,exact_or_partial,False,False,True,False
2022년 지역축제 개최 계획(취합).xlsx,세부현황,2022,세종,제10회 김종서장군문화제,전통역사,10월중,대면,,2022-10-01,2022-10-31,True,month_only_vague,False,False,True,False
2022년 지역축제 개최 계획(취합).xlsx,세부현황,2022,부산,제35회 해운대북극곰축제,생태자연,2월 말,혼합형,,2022-02-01,2022-02-28,True,month_only_vague,False,False,True,False
2022년 지역축제 개최 계획(취합).xlsx,세부현황,2022,부산,"제6회 강서 낙동강변
30리 벚꽃축제",생태자연,"3월말 예정
(3일간)",·대면,,2022-03-01,2022-03-31,True,month_only_vague,False,False,True,False
2022년 지역축제 개최 계획(취합).xlsx,세부현황,2022,부산,제19회 사상강변축제,주민화합,10월 중,대면,,2022-10-01,2022-10-31,True,month_only_vague,False,False,True,False
2022년 지역축제 개최 계획(취합).xlsx,세부현황,2022,부산,제20회 대저토마토축제,지역특산물(대저토마토),"4월초 예정
(2일간)",대면,,2022-04-01,2022-04-30,True,month_only_vague,False,False,True,False
2022년 지역축제 개최 계획(취합).xlsx,세부현황,2022,부산,제10회 낙동강유채꽃축제,생태자연,4월 중,혼합형,,2022-04-01,2022-04-30,True,month_only_vague,False,False,True,False
2022년 지역축제 개최 계획(취합).xlsx,세부현황,2022,부산,기장미역다시마축제,특산물,"4월 중
(3일간)",혼합형,,2022-04-01,2022-04-30,True,month_only_vague,False,False,True,False
2022년 지역축제 개최 계획(취합).xlsx,세부현황,2022,부산,기장멸치축제,특산물,"4월 중
(3일간)",혼합형,,2022-04-01,2022-04-30,True,month_only_vague,False,False,True,False
2022년 지역축제 개최 계획(취합).xlsx,세부현황,2022,부산,광복로 연등문화제,문화예술,04.20.~05.09.,대면,,2022-04-20,2022-05-09,False,exact_or_partial,False,False,True,False
2022년 지역축제 개최 계획(취합).xlsx,세부현황,2022,부산,조선통신사축제,전통역사,05.05.~05.08.,대면,,2022-05-05,2022-05-08,False,exact_or_partial,False,False,True,False
2022년 지역축제 개최 계획(취합).xlsx,세부현황,2022,부산,원도심골목길축제,전통역사,5월 중,혼합형,,2022-05-01,2022-05-31,True,month_only_vague,False,False,True,False
2022년 지역축제 개최 계획(취합).xlsx,세부현황,2022,부산,제11회 하단포구웅어축제,특산물,5월 중 3일,대면,,2022-05-01,2022-05-31,True,month_only_vague,False,False,True,False
2022년 지역축제 개최 계획(취합).xlsx,세부현황,2022,부산,제9회 낙동강 구포나루 축제,문화예술,5.13.~5.15.,혼합형,,2022-05-13,2022-05-15,False,exact_or_partial,False,False,True,False
2022년 지역축제 개최 계획(취합).xlsx,세부현황,2022,부산,2022 금정문화축제,문화예술,"개최일정 미정
(6월 또는 하반기(2일))",혼합형,,2022-06-01,2022-06-30,True,month_only_vague,False,False,True,False
2022년 지역축제 개최 계획(취합).xlsx,세부현황,2022,부산,2022 해운대모래축제,문화예술,5월경,미정,,2022-05-01,2022-05-31,True,month_only_vague,False,False,True,False
2022년 지역축제 개최 계획(취합).xlsx,세부현황,2022,부산,제15회 부산항축제,전통역사,5.28.~5.29.,혼합형,,2022-05-28,2022-05-29,False,exact_or_partial,False,False,True,False
2022년 지역축제 개최 계획(취합).xlsx,세부현황,2022,부산,일광낭만가요제,기타(주민화합),"6~7월중
(3일간)",대면,,2022-07-01,2022-07-31,True,month_only_vague,False,False,True,False
2022년 지역축제 개최 계획(취합).xlsx,세부현황,2022,부산,수국꽃 문화축제,문화예술,6.25.~7.3,대면,,2022-06-25,2022-07-03,False,exact_or_partial,False,False,True,False
2022년 지역축제 개최 계획(취합).xlsx,세부현황,2022,부산,제22회 부산국제록페스티벌,문화예술,7월 중,혼합형,,2022-07-01,2022-07-31,True,month_only_vague,False,False,True,False
2022년 지역축제 개최 계획(취합).xlsx,세부현황,2022,부산,제16회 부산국제매직페스티벌,문화예술,8월 중,미정,,2022-08-01,2022-08-31,True,month_only_vague,False,False,True,False
2022년 지역축제 개최 계획(취합).xlsx,세부현황,2022,부산,제26회 부산바다축제,생태자연,8월 중,혼합형,,2022-08-01,2022-08-31,True,month_only_vague,False,False,True,False
2022년 지역축제 개최 계획(취합).xlsx,세부현황,2022,부산,기장갯마을축제,기타(주민화합),"8월 중
(3일간)",대면,,2022-08-01,2022-08-31,True,month_only_vague,False,False,True,False
2022년 지역축제 개최 계획(취합).xlsx,세부현황,2022,부산,"제20회 
명지시장전어축제",지역특산물(전어),"8월 말 예정
(3일간)",·대면,,2022-08-01,2022-08-31,True,month_only_vague,False,False,True,False
2022년 지역축제 개최 계획(취합).xlsx,세부현황,2022,부산,해운대 해양레저축제,기타,9월 중,미정,,2022-09-01,2022-09-30,True,month_only_vague,False,False,True,False
2022년 지역축제 개최 계획(취합).xlsx,세부현황,2022,부산,우리문화체험축제,전통역사,9월 중,대면,,2022-09-01,2022-09-30,True,month_only_vague,False,False,True,False
2022년 지역축제 개최 계획(취합).xlsx,세부현황,2022,부산,제6회 라라라페스티벌,기타,10월(3일간),혼합형,,2022-10-01,2022-10-31,True,month_only_vague,False,False,True,False
2022년 지역축제 개최 계획(취합).xlsx,세부현황,2022,부산,정관생태하천학습문화축제,기타(주민화합),"10월 중
(2일간)",대면,,2022-10-01,2022-10-31,True,month_only_vague,False,False,True,False
2022년 지역축제 개최 계획(취합).xlsx,세부현황,2022,부산,철마한우불고기축제,특산물,"10월 중
(4일간)",대면,,2022-10-01,2022-10-31,True,month_only_vague,False,False,True,False
2022년 지역축제 개최 계획(취합).xlsx,세부현황,2022,부산,제24회 UN평화축제,기타(주민화홥),10월 중(2일),대면,,2022-10-01,2022-10-31,True,month_only_vague,False,False,True,False
2022년 지역축제 개최 계획(취합).xlsx,세부현황,2022,부산,차성문화제,기타(주민화합),"10월 중
(3일간)",대면,,2022-10-01,2022-10-31,True,month_only_vague,False,False,True,False
2022년 지역축제 개최 계획(취합).xlsx,세부현황,2022,부산,제11회 서면메디컬스트리트 축제,기타,10월 중,혼합형,,2022-10-01,2022-10-31,True,month_only_vague,False,False,True,False
2022년 지역축제 개최 계획(취합).xlsx,세부현황,2022,부산,제6회 전포커피축제,기타,10월 중,혼합형,,2022-10-01,2022-10-31,True,month_only_vague,False,False,True,False
2022년 지역축제 개최 계획(취합).xlsx,세부현황,2022,부산,제20회 광안리어방축제,전통역사,10월 중(3일간),대면,,2022-10-01,2022-10-31,True,month_only_vague,False,False,True,False
2022년 지역축제 개최 계획(취합).xlsx,세부현황,2022,부산,기장붕장어축제,특산물,"9, 10월 중
(2일간)",혼합형,,2022-10-01,2022-10-31,True,month_only_vague,False,False,True,False
2022년 지역축제 개최 계획(취합).xlsx,세부현황,2022,부산,제29회 부산자갈치축제,지역특산물,10.13.~10.16.,대면,,2022-10-13,2022-10-16,False,exact_or_partial,False,False,True,False
2022년 지역축제 개최 계획(취합).xlsx,세부현황,2022,부산,제28회 동래읍성역사축제,전통역사,10.14.~10.16.,"혼합형
(검토 중)",,2022-10-14,2022-10-16,False,exact_or_partial,False,False,True,False
2022년 지역축제 개최 계획(취합).xlsx,세부현황,2022,부산,제30회 영도다리축제,문화예술,10.14~10.16,대면,,2022-10-14,2022-10-16,False,exact_or_partial,False,False,True,False
2022년 지역축제 개최 계획(취합).xlsx,세부현황,2022,부산,영도커피페스티벌,문화예술,10.14~10.16,대면,,2022-10-14,2022-10-16,False,exact_or_partial,False,False,True,False
2022년 지역축제 개최 계획(취합).xlsx,세부현황,2022,부산,제19회 차이나타운특구 문화축제,문화예술,10.14.~10.16,혼합형,,2022-10-14,2022-10-16,False,exact_or_partial,False,False,True,False
2022년 지역축제 개최 계획(취합).xlsx,세부현황,2022,부산,제3회 연제고분판타지축제,전통역사,3.25.~3.27.,대면,,2022-03-25,2022-03-27,False,exact_or_partial,False,False,True,False
2022년 지역축제 개최 계획(취합).xlsx,세부현황,2022,부산,제8회 다대포어항문화축제,전통역사,10월 중 2일,대면,,2022-10-01,2022-10-31,True,month_only_vague,False,False,True,False
2022년 지역축제 개최 계획(취합).xlsx,세부현황,2022,부산,제17회 보수동책방골목문화축제,문화예술,10월 중,혼합형,,2022-10-01,2022-10-31,True,month_only_vague,False,False,True,False
2022년 지역축제 개최 계획(취합).xlsx,세부현황,2022,부산,제13회 부산고등어축제,특산물,10.21.~10.23.,혼합형,,2022-10-21,2022-10-23,False,exact_or_partial,False,False,True,False
2022년 지역축제 개최 계획(취합).xlsx,세부현황,2022,부산,제6회 부산어묵축제,특산물,10월 중,대면,,2022-10-01,2022-10-31,True,month_only_vague,False,False,True,False
2022년 지역축제 개최 계획(취합).xlsx,세부현황,2022,부산,부산불꽃축제,문화예술,11월 중,혼합형,,2022-11-01,2022-11-30,True,month_only_vague,False,False,True,False
2022년 지역축제 개최 계획(취합).xlsx,세부현황,2022,부산,제14회 부산크리스마스트리문화축제,문화예술,11월 ~ 익년 1월,대면,,2022-11-01,2022-01-31,True,month_range_vague,False,False,True,False
2022년 지역축제 개최 계획(취합).xlsx,세부현황,2022,부산,제9회 해운대 빛축제,기타,11월경,미정,,2022-11-01,2022-11-30,True,month_only_vague,False,False,True,False
2022년 지역축제 개최 계획(취합).xlsx,세부현황,2022,부산,가덕도대구축제,지역특산물(가덕도대구),"12월 중순 예정
(2일간)",대면,,2022-12-01,2022-12-31,True,month_only_vague,False,False,True,False
2022년 지역축제 개최 계획(취합).xlsx,세부현황,2022,부산,2023 카운트다운&해맞이 축제,기타,22.12.31.~23.1.1.,미정,,2022-12-31,2023-01-01,False,exact_or_partial,False,False,True,False
2022년 지역축제 개최 계획(취합).xlsx,세부현황,2022,인천,2022년 인천펜타포트 음악축제,문화예술,8월중,대면,,2022-08-01,2022-08-31,True,month_only_vague,False,False,True,False
2022년 지역축제 개최 계획(취합).xlsx,세부현황,2022,인천,"제5회 지역특화 관광축제
(동인천낭만시장, 미추홀윈터마켓)",전통역사,"10월, 12월
(각 2일간)",대면,,2022-10-01,2022-12-31,True,month_range_vague,False,False,True,False
2022년 지역축제 개최 계획(취합).xlsx,세부현황,2022,인천,제6회 주섬주섬음악회,생태자연,7월중,대면,,2022-07-01,2022-07-31,True,month_only_vague,False,False,True,False
2022년 지역축제 개최 계획(취합).xlsx,세부현황,2022,인천,송도대표축제,문화예술,10월중(2일간),대면,,2022-10-01,2022-10-31,True,month_only_vague,False,False,True,False
2022년 지역축제 개최 계획(취합).xlsx,세부현황,2022,인천,청라대표축제,문화예술,9월중(2일간),대면,,2022-09-01,2022-09-30,True,month_only_vague,False,False,True,False
2022년 지역축제 개최 계획(취합).xlsx,세부현황,2022,인천,영종대표축제,문화예술,10월중(2일간),대면,,2022-10-01,2022-10-31,True,month_only_vague,False,False,True,False
2022년 지역축제 개최 계획(취합).xlsx,세부현황,2022,인천,영종k-pop행사,문화예술,11월중,대면,,2022-11-01,2022-11-30,True,month_only_vague,False,False,True,False
2022년 지역축제 개최 계획(취합).xlsx,세부현황,2022,인천,제13회 고려산진달래축제,생태자연,4월중(9일간),"대면
(2021년
축제
미개최)",,2022-04-01,2022-04-30,True,month_only_vague,True,False,False,False
2022년 지역축제 개최 계획(취합).xlsx,세부현황,2022,인천,제21회 삼랑성역사문화축제,전통역사,10월중(9일간),"혼합형
(2021년
온라인
개최)",,2022-10-01,2022-10-31,True,month_only_vague,False,False,True,False
2022년 지역축제 개최 계획(취합).xlsx,세부현황,2022,인천,제19회 주안미디어문화축제,문화예술,9.16.~9.18.,혼합형,,2022-09-16,2022-09-18,False,exact_or_partial,False,False,True,False
2022년 지역축제 개최 계획(취합).xlsx,세부현황,2022,인천,송도불꽃축제,문화예술,5월 혹은 8월중,대면,,2022-05-01,2022-08-31,True,month_range_vague,False,False,True,False
2022년 지역축제 개최 계획(취합).xlsx,세부현황,2022,인천,제2회 연수℃· FESTA(연수씨페스타),문화예술,10월 중,혼합형,,2022-10-01,2022-10-31,True,month_only_vague,False,False,True,False
2022년 지역축제 개최 계획(취합).xlsx,세부현황,2022,인천,제33회 화도진축제,전통역사,5월 중(2일간),대면,,2022-05-01,2022-05-31,True,month_only_vague,False,False,True,False
2022년 지역축제 개최 계획(취합).xlsx,세부현황,2022,인천,제27회 서곶예술제,문화예술,10.24.~10.30.,혼합형,,2022-10-24,2022-10-30,False,exact_or_partial,False,False,True,False
2022년 지역축제 개최 계획(취합).xlsx,세부현황,2022,인천,크리스마스 트리축제,문화예술,"12월~1월
(약2달간)",대면,,2022-12-01,2022-01-31,True,month_range_vague,False,False,True,False
2022년 지역축제 개최 계획(취합).xlsx,세부현황,2022,인천,제22회 소래포구축제,생태자연,9~10월중 3일간,혼합형,,2022-10-01,2022-10-31,True,month_only_vague,False,False,True,False
2022년 지역축제 개최 계획(취합).xlsx,세부현황,2022,인천,부평풍물대축제,문화예술,9.30.~10.2.,혼합형,,2022-09-30,2022-10-02,False,exact_or_partial,False,False,True,False
2022년 지역축제 개최 계획(취합).xlsx,세부현황,2022,전북,제23회 전주국제영화제,문화예술,4.28~5.7,혼합형,,2022-04-28,2022-05-07,False,exact_or_partial,False,False,True,False
2022년 지역축제 개최 계획(취합).xlsx,세부현황,2022,전북,2022 전주 재즈페스티벌,문화예술,4월 중,혼합형,,2022-04-01,2022-04-30,True,month_only_vague,False,False,True,False
2022년 지역축제 개최 계획(취합).xlsx,세부현황,2022,전북,제26회 전주한지문화축제,문화예술,5월 중 3일,혼합형,,2022-05-01,2022-05-31,True,month_only_vague,False,False,True,False
2022년 지역축제 개최 계획(취합).xlsx,세부현황,2022,전북,세계문화주간,문화예술,6월 중,혼합형,,2022-06-01,2022-06-30,True,month_only_vague,False,False,True,False
2022년 지역축제 개최 계획(취합).xlsx,세부현황,2022,전북,제47회 전주대사습놀이 전국대회,문화예술,5.14~5.30,대면,,2022-05-14,2022-05-30,False,exact_or_partial,False,False,True,False
2022년 지역축제 개최 계획(취합).xlsx,세부현황,2022,전북,전주 단오 행사,전통역사,6.3~6.4,혼합형,,2022-06-03,2022-06-04,False,exact_or_partial,False,False,True,False
2022년 지역축제 개최 계획(취합).xlsx,세부현황,2022,전북,2022 전주얼티밋뮤직페스티벌,문화예술,8.5~8.7,혼합형,,2022-08-05,2022-08-07,False,exact_or_partial,False,False,True,False
2022년 지역축제 개최 계획(취합).xlsx,세부현황,2022,전북,전주비빔밥축제,특산물,10.6~10.9,대면,,2022-10-06,2022-10-09,False,exact_or_partial,False,False,True,False
2022년 지역축제 개최 계획(취합).xlsx,세부현황,2022,전북,서학동갤러리길 미술축제(쿤스트서학),문화예술,10월 중,혼합형,,2022-10-01,2022-10-31,True,month_only_vague,False,False,True,False
2022년 지역축제 개최 계획(취합).xlsx,세부현황,2022,전북,제12회 얼굴없는천사 축제,전통역사,10.3~10.4,혼합형,,2022-10-03,2022-10-04,False,exact_or_partial,False,False,True,False
2022년 지역축제 개최 계획(취합).xlsx,세부현황,2022,전북,2022 제10회 군산시간여행축제,"전통역사
문화예술",10.1~10.16,혼합형,,2022-10-01,2022-10-16,False,exact_or_partial,False,False,True,False
2022년 지역축제 개최 계획(취합).xlsx,세부현황,2022,전북,2022 제17회 군산꽁당보리축제,"생태자연
특산물",4.30~5.4,혼합형,,2022-04-30,2022-05-04,False,exact_or_partial,False,False,True,False
2022년 지역축제 개최 계획(취합).xlsx,세부현황,2022,전북,2022 군산짬뽕페스티벌,특산물,10월 중,혼합형,,2022-10-01,2022-10-31,True,month_only_vague,False,False,True,False
2022년 지역축제 개최 계획(취합).xlsx,세부현황,2022,전북,2022 군산 수제맥주 페스티벌,"문화예술
특산물",10월 중 2주간,혼합형,,2022-10-01,2022-10-31,True,month_only_vague,False,False,True,True
2022년 지역축제 개최 계획(취합).xlsx,세부현황,2022,전북,익산서동축제,전통역사,10월 중,혼합형,,2022-10-01,2022-10-31,True,month_only_vague,False,False,True,False
2022년 지역축제 개최 계획(취합).xlsx,세부현황,2022,전북,제19회 익산 천만송이 국화축제,생태자연,10월~11월 중,대면,,2022-10-01,2022-11-30,True,month_range_vague,False,False,True,False
2022년 지역축제 개최 계획(취합).xlsx,세부현황,2022,전북,두동편백마을 힐링 숲 축제,생태자연,11월 중,대면,,2022-11-01,2022-11-30,True,month_only_vague,False,False,True,False
2022년 지역축제 개최 계획(취합).xlsx,세부현황,2022,전북,함라두레마당 떡볶이문화축제,주민화합,11월 중,대면,,2022-11-01,2022-11-30,True,month_only_vague,False,False,True,False
2022년 지역축제 개최 계획(취합).xlsx,세부현황,2022,전북,정읍 벚꽃축제,생태자연,4월초(5일간),대면,,2022-04-01,2022-04-30,True,month_only_vague,False,False,True,False
2022년 지역축제 개최 계획(취합).xlsx,세부현황,2022,전북,정읍천 빛축제,기타,10월~11월,대면,,2022-10-01,2022-11-30,True,month_range_vague,False,False,True,False
2022년 지역축제 개최 계획(취합).xlsx,세부현황,2022,전북,정읍 구절초 꽃축제,생태자연,9.29~10.17(18일간),대면,,2022-09-29,2022-10-17,False,exact_or_partial,False,False,True,False
2022년 지역축제 개최 계획(취합).xlsx,세부현황,2022,전북,솔티모시 달빛축제,생태자연,10월초(2일),대면,,2022-10-01,2022-10-31,True,month_only_vague,False,False,True,False
2022년 지역축제 개최 계획(취합).xlsx,세부현황,2022,전북,제92회 춘향제,문화예술,5.4~5.8,미정,,2022-05-04,2022-05-08,False,exact_or_partial,False,False,True,False
2022년 지역축제 개최 계획(취합).xlsx,세부현황,2022,전북,제30회 흥부제,문화예술,10.7~10.9,미정,,2022-10-07,2022-10-09,False,exact_or_partial,False,False,True,False
2022년 지역축제 개최 계획(취합).xlsx,세부현황,2022,전북,지리산바래봉 눈꽃축제,생태자연,1월~2월 중,온라인,,2022-01-01,2022-02-28,True,month_range_vague,False,True,False,False
2022년 지역축제 개최 계획(취합).xlsx,세부현황,2022,전북,지리산 바래봉 철쭉제,생태자연,4월말~5월초(30일정도),혼합형,,2022-04-01,2022-05-31,True,month_range_vague,False,False,True,False
2022년 지역축제 개최 계획(취합).xlsx,세부현황,2022,전북,지리산산수유꽃축제,생태자연,3월 중(2일간),온라인,,2022-03-01,2022-03-31,True,month_only_vague,False,True,False,False
2022년 지역축제 개최 계획(취합).xlsx,세부현황,2022,전북,혼불문학 신행길 축제,문화예술,10월 중(2일간),혼합형,,2022-10-01,2022-10-31,True,month_only_vague,False,False,True,False
2022년 지역축제 개최 계획(취합).xlsx,세부현황,2022,전북,한여름밤의 남원 막걸리축제,지역특산물,9.2~9.4,대면,,2022-09-02,2022-09-04,False,exact_or_partial,False,False,True,False
2022년 지역축제 개최 계획(취합).xlsx,세부현황,2022,전북,모악산축제,"생태자연, 특산물",4월중 3일간,혼합형,,2022-04-01,2022-04-30,True,month_only_vague,False,False,True,False
2022년 지역축제 개최 계획(취합).xlsx,세부현황,2022,전북,지평선광활햇감자축제,특산물,4.17~4.18,혼합형,,2022-04-17,2022-04-18,False,exact_or_partial,False,False,True,False
2022년 지역축제 개최 계획(취합).xlsx,세부현황,2022,전북,지평선축억의 보리밭축제,특산물,5.4~5.6,혼합형,,2022-05-04,2022-05-06,False,exact_or_partial,False,False,True,False
2022년 지역축제 개최 계획(취합).xlsx,세부현황,2022,전북,김제지평선축제,"문화예술,전통역사",9월~10월중(5일간),혼합형,,2022-09-01,2022-10-31,True,month_range_vague,False,False,True,False
2022년 지역축제 개최 계획(취합).xlsx,세부현황,2022,전북,제10회 와일드&로컬푸드축제,특산물,9~10월 중,혼합형,,2022-10-01,2022-10-31,True,month_only_vague,False,False,True,False
2022년 지역축제 개최 계획(취합).xlsx,세부현황,2022,전북,제5회 오성한옥마을 오픈가든축제,기타(주민화합),5월 중,대면,,2022-05-01,2022-05-31,True,month_only_vague,False,False,True,False
2022년 지역축제 개최 계획(취합).xlsx,세부현황,2022,전북,제21회  완주삼례딸기축제,특산물,3월 중,혼합형,,2022-03-01,2022-03-31,True,month_only_vague,False,False,True,False
2022년 지역축제 개최 계획(취합).xlsx,세부현황,2022,전북,제8회 곶감축제,특산물,12월 중,대면,,2022-12-01,2022-12-31,True,month_only_vague,False,False,True,False
2022년 지역축제 개최 계획(취합).xlsx,세부현황,2022,전북,제18회 진안고원운장산고로쇠축제,특산물,3월 초,혼합형,,2022-03-01,2022-03-31,True,month_only_vague,False,False,True,False
2022년 지역축제 개최 계획(취합).xlsx,세부현황,2022,전북,2022 진안고원 꽃잔디축제,생태자연,4월 중순,대면,,2022-04-01,2022-04-30,True,month_only_vague,False,False,True,False
2022년 지역축제 개최 계획(취합).xlsx,세부현황,2022,전북,제14회 진안고원 수박축제,특산물,7월 말,혼합형,,2022-07-01,2022-07-31,True,month_only_vague,False,False,True,False
2022년 지역축제 개최 계획(취합).xlsx,세부현황,2022,전북,2022 진안홍삼축제,특산물,10월 중순,혼합형,,2022-10-01,2022-10-31,True,month_only_vague,False,False,True,False
2022년 지역축제 개최 계획(취합).xlsx,세부현황,2022,전북,제4회 진안고원 가족과 함께하는 김치보쌈축제,특산물,11.18~11.19,혼합형,,2022-11-18,2022-11-19,False,exact_or_partial,False,False,True,False
2022년 지역축제 개최 계획(취합).xlsx,세부현황,2022,전북,제26회 무주반딧불축제,생태자연,8.27~9.4,대면,,2022-08-27,2022-09-04,False,exact_or_partial,False,False,True,False
2022년 지역축제 개최 계획(취합).xlsx,세부현황,2022,전북,제10회 무주 산골영화제,문화예술,6.2~6.6,대면,,2022-06-02,2022-06-06,False,exact_or_partial,False,False,True,False
2022년 지역축제 개최 계획(취합).xlsx,세부현황,2022,전북,제16회 두문낙화놀이축제,전통역사,8.5~8.6,대면,,2022-08-05,2022-08-06,False,exact_or_partial,False,False,True,False
2022년 지역축제 개최 계획(취합).xlsx,세부현황,2022,전북,제11회 명천마을 맨손송어잡기 축제,생태자연,8.1~8.15,대면,,2022-08-01,2022-08-15,False,exact_or_partial,False,False,True,False
2022년 지역축제 개최 계획(취합).xlsx,세부현황,2022,전북,제16회 장수 한우랑 사과랑 축제,특산물,10월말,혼합형,,2022-10-01,2022-10-31,True,month_only_vague,False,False,True,False
2022년 지역축제 개최 계획(취합).xlsx,세부현황,2022,전북,제6회 번암 물빛 축제,생태자연,7월말,대명,,2022-07-01,2022-07-31,True,month_only_vague,False,False,True,False
2022년 지역축제 개최 계획(취합).xlsx,세부현황,2022,전북,옥정호 벚꽃축제,문화예술,4.1~4.3,혼합형,,2022-04-01,2022-04-03,False,exact_or_partial,False,False,True,False
2022년 지역축제 개최 계획(취합).xlsx,세부현황,2022,전북,의견문화제,문화예술,5월 중,혼합형,,2022-05-01,2022-05-31,True,month_only_vague,False,False,True,False
2022년 지역축제 개최 계획(취합).xlsx,세부현황,2022,전북,필봉마을굿축제,전통역사,8월 중,대면,,2022-08-01,2022-08-31,True,month_only_vague,False,False,True,False
2022년 지역축제 개최 계획(취합).xlsx,세부현황,2022,전북,사선문화제,문화예술,9월 중,대면,,2022-09-01,2022-09-30,True,month_only_vague,False,False,True,False
2022년 지역축제 개최 계획(취합).xlsx,세부현황,2022,전북,아쿠아페스티벌,기타(주민화합등),7월~8월,대면,,2022-07-01,2022-08-31,True,month_range_vague,False,False,True,False
2022년 지역축제 개최 계획(취합).xlsx,세부현황,2022,전북,임실산타축제,기타(주민화합등),12월말,대면,,2022-12-01,2022-12-31,True,month_only_vague,False,False,True,False
2022년 지역축제 개최 계획(취합).xlsx,세부현황,2022,전북,임실N치즈축제,문화예술,10.7~10.10,혼합형,,2022-10-07,2022-10-10,False,exact_or_partial,False,False,True,False
2022년 지역축제 개최 계획(취합).xlsx,세부현황,2022,전북,제20회 옥천골벚꽃축제,생태자연,4.7~4.10,대면,,2022-04-07,2022-04-10,False,exact_or_partial,False,False,True,False
2022년 지역축제 개최 계획(취합).xlsx,세부현황,2022,전북,제3회 섬진강 슬로슬로 발효마을 축제,특산물,8.6~8.7,혼합형,,2022-08-06,2022-08-07,False,exact_or_partial,False,False,True,False
2022년 지역축제 개최 계획(취합).xlsx,세부현황,2022,전북,제17회 순창장류축제,특산물,10.14~10.16,혼합형,,2022-10-14,2022-10-16,False,exact_or_partial,False,False,True,False
2022년 지역축제 개최 계획(취합).xlsx,세부현황,2022,전북,고창 청보리밭축제,생태자연,4~5월중(23일간),대면,,2022-05-01,2022-05-31,True,month_only_vague,False,False,True,False
2022년 지역축제 개최 계획(취합).xlsx,세부현황,2022,전북,고창복분자와수박축제,특산물,6월 중,혼합형,,2022-06-01,2022-06-30,True,month_only_vague,False,False,True,False
2022년 지역축제 개최 계획(취합).xlsx,세부현황,2022,전북,고창갯벌축제,생태자연,"6~7월 중
(3일간)",대면,,2022-07-01,2022-07-31,True,month_only_vague,False,False,True,False
2022년 지역축제 개최 계획(취합).xlsx,세부현황,2022,전북,고창해풍고추축제,특산물,"8월 중
(2일간)",대면,,2022-08-01,2022-08-31,True,month_only_vague,False,False,True,False
2022년 지역축제 개최 계획(취합).xlsx,세부현황,2022,전북,고창 모양성제,전통역사,10월 중(5일간),혼합형,,2022-10-01,2022-10-31,True,month_only_vague,False,False,True,False
2022년 지역축제 개최 계획(취합).xlsx,세부현황,2022,전북,바지락 오감체험 페스티벌,특산물,4.29~5.1,대면,,2022-04-29,2022-05-01,False,exact_or_partial,False,False,True,False
2022년 지역축제 개최 계획(취합).xlsx,세부현황,2022,전북,제7회 개암동 벚꽃축제,"문화예술,기타(주민화합 등)",4.2~4.3,대면,,2022-04-02,2022-04-03,False,exact_or_partial,False,False,True,False
2022년 지역축제 개최 계획(취합).xlsx,세부현황,2022,전북,제14회 곰소젓갈발효축제,특산물,10월 중(3일간),대면,,2022-10-01,2022-10-31,True,month_only_vague,False,False,True,False
2022년 지역축제 개최 계획(취합).xlsx,세부현황,2022,전북,제9회 부안마실축제,"문화예술, 기타(주민화합 등)",5.5 ~ 5.7,혼합형,,2022-05-05,2022-05-07,False,exact_or_partial,False,False,True,False
2022년 지역축제 개최 계획(취합).xlsx,세부현황,2022,전북,봄맞이해변축제,"특산물, 생태자연",4~5월 중,미정,,2022-05-01,2022-05-31,True,month_only_vague,False,False,True,False
2022년 지역축제 개최 계획(취합).xlsx,세부현황,2022,전북,변산바다로페스티벌,"생태자연, 기타(주민화합 등)",8월 중,미정,,2022-08-01,2022-08-31,True,month_only_vague,False,False,True,False
2022년 지역축제 개최 계획(취합).xlsx,세부현황,2022,전북,노을축제,"생태자연, 기타(주민화합 등)",9~10월 중,혼합형,,2022-10-01,2022-10-31,True,month_only_vague,False,False,True,False
2022년 지역축제 개최 계획(취합).xlsx,세부현황,2022,전북,제12회부안가을愛국화축제,기타(주민화합 등),10.28~11.6,대면,,2022-10-28,2022-11-06,False,exact_or_partial,False,False,True,False
2022년 지역축제 개최 계획(취합).xlsx,세부현황,2022,전북,유유참뽕축제,특산물,6.11~6.10,대면,,2022-06-11,2022-06-11,False,exact_or_partial,False,False,True,False
2022년 지역축제 개최 계획(취합).xlsx,세부현황,2022,전북,님의뽕축제,특산물,8.5~ 8.7,대면,,2022-08-05,2022-08-07,False,exact_or_partial,False,False,True,False
2022년 지역축제 개최 계획(취합).xlsx,세부현황,2022,전북,고슴도치섬 위도상사화길 달빛걷기 축제,생태자연,8.29~8.30,대면,,2022-08-29,2022-08-30,False,exact_or_partial,False,False,True,False
2022년 지역축제 개최 계획(취합).xlsx,세부현황,2022,전북,설숭어축제,"문화예술, 특산물",12월 중(3일간),대면,,2022-12-01,2022-12-31,True,month_only_vague,False,False,True,False
2022년 지역축제 개최 계획(취합).xlsx,세부현황,2022,경북,포항 구룡포 대게 축제,특산물,2월중(2일간),현장개최(코로나19 지속상황에 따라 비대면 병행 추진예정),,2022-02-01,2022-02-28,True,month_only_vague,False,False,True,False
2022년 지역축제 개최 계획(취합).xlsx,세부현황,2022,경북,포항해병대문화축제,문화예술,2022.4.31~5.1,현장개최(코로나19 지속상황에 따라 비대면 병행 추진예정),,2022-04-30,2022-05-01,False,exact_or_partial,False,False,True,False
2022년 지역축제 개최 계획(취합).xlsx,세부현황,2022,경북,포항 호미곶 돌문어 축제,특산물,4월중(2일간),현장개최(코로나19 지속상황에 따라 비대면 병행 추진예정),,2022-04-01,2022-04-30,True,month_only_vague,False,False,True,False
2022년 지역축제 개최 계획(취합).xlsx,세부현황,2022,경북,포항국제불빛축제,문화예술,2022.5.28~5.29,현장개최(코로나19 지속상황에 따라 비대면 병행 추진예정),,2022-05-28,2022-05-29,False,exact_or_partial,False,False,True,False
2022년 지역축제 개최 계획(취합).xlsx,세부현황,2022,경북,장기산딸기문화축제,특산물,6월중(2일간),현장개최(코로나19 지속상황에 따라 비대면 병행 추진예정),,2022-06-01,2022-06-30,True,month_only_vague,False,False,True,False
2022년 지역축제 개최 계획(취합).xlsx,세부현황,2022,경북,포항 영일만 검은돌장어 축제,특산물,7월중(2일간),현장개최(코로나19 지속상황에 따라 비대면 병행 추진예정),,2022-07-01,2022-07-31,True,month_only_vague,False,False,True,False
2022년 지역축제 개최 계획(취합).xlsx,세부현황,2022,경북,포항 철길숲 야행,문화예술,7~8월중(3일간),현장개최(코로나19 지속상황에 따라 비대면 병행 추진예정),,2022-08-01,2022-08-31,True,month_only_vague,False,False,True,False
2022년 지역축제 개최 계획(취합).xlsx,세부현황,2022,경북,포항 수산물 FESTIVAL,특산물,9월중(2일간),현장개최(코로나19 지속상황에 따라 비대면 병행 추진예정),,2022-09-01,2022-09-30,True,month_only_vague,False,False,True,False
2022년 지역축제 개최 계획(취합).xlsx,세부현황,2022,경북,포항운하축제,생태자연,9월중(2일간),현장개최(코로나19 지속상황에 따라 비대면 병행 추진예정),,2022-09-01,2022-09-30,True,month_only_vague,False,False,True,False
2022년 지역축제 개최 계획(취합).xlsx,세부현황,2022,경북,연일부조장터문화축제,문화관광축제,10월중(2일간),현장개최(코로나19 지속상황에 따라 비대면 병행 추진예정),,2022-10-01,2022-10-31,True,month_only_vague,False,False,True,False
2022년 지역축제 개최 계획(취합).xlsx,세부현황,2022,경북,제8회 포항흥해 황금들녘 허수아비 문화축제,전통역사,10월(2일간),현장개최(코로나19 지속상황에 따라 비대면 병행 추진예정),,2022-10-01,2022-10-31,True,month_only_vague,False,False,True,False
2022년 지역축제 개최 계획(취합).xlsx,세부현황,2022,경북,포항 구룡포 과메기 축제,특산물,11월중(2일간),현장개최(코로나19 지속상황에 따라 비대면 병행 추진예정),,2022-11-01,2022-11-30,True,month_only_vague,False,False,True,False
2022년 지역축제 개최 계획(취합).xlsx,세부현황,2022,경북,"포항 구룡포 과메기와 
함께하는 영일대 해맞이 행사",특산물,2022.12.31~2023.1.1,현장개최(코로나19 지속상황에 따라 비대면 병행 추진예정),,2022-12-31,2023-01-01,False,exact_or_partial,False,False,True,False
2022년 지역축제 개최 계획(취합).xlsx,세부현황,2022,경북,호미곶한민족해맞이축전,문화예술,2022.12.31~2023.1.1,현장개최(코로나19 지속상황에 따라 비대면 병행 추진예정),,2022-12-31,2023-01-01,False,exact_or_partial,False,False,True,False
2022년 지역축제 개최 계획(취합).xlsx,세부현황,2022,경북,2022 경주벚꽃축제,관광,4월경,혼합,,2022-04-01,2022-04-30,True,month_only_vague,False,False,True,False
2022년 지역축제 개최 계획(취합).xlsx,세부현황,2022,경북,2022 제49회 신라문화제,문화예술,10월,혼합,,2022-10-01,2022-10-31,True,month_only_vague,False,False,True,False
2022년 지역축제 개최 계획(취합).xlsx,세부현황,2022,경북,제7회 수도산 목통령 고로쇠 축제,특산물,3.20.~3.21.,대면,,2022-03-20,2022-03-21,False,exact_or_partial,False,False,True,False
2022년 지역축제 개최 계획(취합).xlsx,세부현황,2022,경북,김천자두꽃축제,주민화합,4월초(2일),대면,,2022-04-01,2022-04-30,True,month_only_vague,False,False,True,False
2022년 지역축제 개최 계획(취합).xlsx,세부현황,2022,경북,김천자두축제,농특산물,6월중(3일),혼합형,,2022-06-01,2022-06-30,True,month_only_vague,False,False,True,False
2022년 지역축제 개최 계획(취합).xlsx,세부현황,2022,경북,김천포도축제,농특산물,10월중(3일),혼합형,,2022-10-01,2022-10-31,True,month_only_vague,False,False,True,False
2022년 지역축제 개최 계획(취합).xlsx,세부현황,2022,경북,농촌체험 페스티벌,기타,10월중순,대면,,2022-10-01,2022-10-31,True,month_only_vague,False,False,True,False
2022년 지역축제 개최 계획(취합).xlsx,세부현황,2022,경북,안동벚꽃축제,생태자연,"4월초
(벚꽃개화시기에 따라 조정)",대면,,2022-04-01,2022-04-30,True,month_only_vague,False,False,True,False
2022년 지역축제 개최 계획(취합).xlsx,세부현황,2022,경북,썸머페스티벌,주민화합,7월 ~ 8월중,대면,,2022-07-01,2022-08-31,True,month_range_vague,False,False,True,False
2022년 지역축제 개최 계획(취합).xlsx,세부현황,2022,경북,"2022년 문화재 야행
(월영야행)",전통역사,"7월 ~ 8월 중
(4일간)",대면,,2022-07-01,2022-08-31,True,month_range_vague,False,False,True,False
2022년 지역축제 개최 계획(취합).xlsx,세부현황,2022,경북,안동국제탈춤페스티벌,문화예술,9. 30. ~ 10. 9.,대면,,2022-09-30,2022-10-09,False,exact_or_partial,False,False,True,False
2022년 지역축제 개최 계획(취합).xlsx,세부현황,2022,경북,"2022 청춘, 금오천 2.4km",문화예술,4.1.~4.2.,대면,,2022-04-01,2022-04-02,False,exact_or_partial,False,False,True,False
2022년 지역축제 개최 계획(취합).xlsx,세부현황,2022,경북,2022년 레저스포츠 페스티벌,문화예술,9~10월 중 3일,대면,,2022-10-01,2022-10-31,True,month_only_vague,False,False,True,False
2022년 지역축제 개최 계획(취합).xlsx,세부현황,2022,경북,라면캠핑페스테벌,문화예술,7~8월,대면,,2022-08-01,2022-08-31,True,month_only_vague,False,False,True,False
2022년 지역축제 개최 계획(취합).xlsx,세부현황,2022,경북,제2회 농업한마당대축제,"특산물, 주민화합","10월중
(기간 중 5일)",대면,,2022-10-01,2022-10-31,True,month_only_vague,False,False,True,False
2022년 지역축제 개최 계획(취합).xlsx,세부현황,2022,경북,경북영주풍기인삼축제,특산물,10월중,혼합형,,2022-10-01,2022-10-31,True,month_only_vague,False,False,True,False
2022년 지역축제 개최 계획(취합).xlsx,세부현황,2022,경북,한국선비문화축제,문화예술,5월중,혼합형,,2022-05-01,2022-05-31,True,month_only_vague,False,False,True,False
2022년 지역축제 개최 계획(취합).xlsx,세부현황,2022,경북,소백산철쭉제,생태자연,5월중,혼합형,,2022-05-01,2022-05-31,True,month_only_vague,False,False,True,False
2022년 지역축제 개최 계획(취합).xlsx,세부현황,2022,경북,영주사과축제,특산물,10월말,혼합형,,2022-10-01,2022-10-31,True,month_only_vague,False,False,True,False
2022년 지역축제 개최 계획(취합).xlsx,세부현황,2022,경북,무섬외나무다리축제,전통역사,10월중,혼합형,,2022-10-01,2022-10-31,True,month_only_vague,False,False,True,False
2022년 지역축제 개최 계획(취합).xlsx,세부현황,2022,경북,상주 경천섬 자전거 축제,문화예술,10.7.~10.9.,대면,,2022-10-07,2022-10-09,False,exact_or_partial,False,False,True,False
2022년 지역축제 개최 계획(취합).xlsx,세부현황,2022,경북,문경찻사발축제,문화예술,4~5월 중,혼합형,,2022-05-01,2022-05-31,True,month_only_vague,False,False,True,False
2022년 지역축제 개최 계획(취합).xlsx,세부현황,2022,경북,문경사과축제,특산물,10월 중,혼합형,,2022-10-01,2022-10-31,True,month_only_vague,False,False,True,False
2022년 지역축제 개최 계획(취합).xlsx,세부현황,2022,경북,문경오미자축제,특산물,9월 중,혼합형,,2022-09-01,2022-09-30,True,month_only_vague,False,False,True,False
2022년 지역축제 개최 계획(취합).xlsx,세부현황,2022,경북,약돌한우축제,특산물,10월 중,혼합형,,2022-10-01,2022-10-31,True,month_only_vague,False,False,True,False
2022년 지역축제 개최 계획(취합).xlsx,세부현황,2022,경북,전국락밴드 경연대회 및 수제맥주축제,문화예술,7~8월 중,대면,,2022-08-01,2022-08-31,True,month_only_vague,False,False,True,True
2022년 지역축제 개최 계획(취합).xlsx,세부현황,2022,경북,경산자인단오제,"문화예술,전통역사",06.03.~06.05.,미정,,2022-06-03,2022-06-05,False,exact_or_partial,False,False,True,False
2022년 지역축제 개최 계획(취합).xlsx,세부현황,2022,경북,경산갓바위소원성취축제,"문화예술,전통역사",9~10월경(2일간),대면,,2022-10-01,2022-10-31,True,month_only_vague,False,False,True,False
2022년 지역축제 개최 계획(취합).xlsx,세부현황,2022,경북,제11회 경산대추축제,특산물,10.21.~10.23.,대면,,2022-10-21,2022-10-23,False,exact_or_partial,False,False,True,False
2022년 지역축제 개최 계획(취합).xlsx,세부현황,2022,경북,제12회 의성세계하늘축제,문화예술,5월 중(2일간),혼합형,,2022-05-01,2022-05-31,True,month_only_vague,False,False,True,False
2022년 지역축제 개최 계획(취합).xlsx,세부현황,2022,경북,제5회 의성슈퍼푸드마늘축제,특산물,10월 중(3일간),혼합형,,2022-10-01,2022-10-31,True,month_only_vague,False,False,True,False
2022년 지역축제 개최 계획(취합).xlsx,세부현황,2022,경북,제16회 청송사과축제,특산물,11.2.~11.6.,대면,,2022-11-02,2022-11-06,False,exact_or_partial,False,False,True,False
2022년 지역축제 개최 계획(취합).xlsx,세부현황,2022,경북,제17회 영양산나물축제,특산물,5월 초,미정,,2022-05-01,2022-05-31,True,month_only_vague,False,False,True,False
2022년 지역축제 개최 계획(취합).xlsx,세부현황,2022,경북,제15회 영양고추 핫페스티벌,특산물,9월 중,대면,,2022-09-01,2022-09-30,True,month_only_vague,False,False,True,False
2022년 지역축제 개최 계획(취합).xlsx,세부현황,2022,경북,제25회 영덕대게축제,특산물,12.24~12.31.,혼합형,,2022-12-24,2022-12-31,False,exact_or_partial,False,False,True,False
2022년 지역축제 개최 계획(취합).xlsx,세부현황,2022,경북,블루로드 축제,특산물,5~6월,혼합형,,2022-06-01,2022-06-30,True,month_only_vague,False,False,True,False
2022년 지역축제 개최 계획(취합).xlsx,세부현황,2022,경북,황금은어축제,공연 및 체험행사,7~8월,혼합형,,2022-08-01,2022-08-31,True,month_only_vague,False,False,True,False
2022년 지역축제 개최 계획(취합).xlsx,세부현황,2022,경북,청도소싸움축제,전통역사,5-6월,대면,,2022-06-01,2022-06-30,True,month_only_vague,False,False,True,False
2022년 지역축제 개최 계획(취합).xlsx,세부현황,2022,경북,청도반시축제,특산물,10.14.~10.16.,대면,,2022-10-14,2022-10-16,False,exact_or_partial,False,False,True,False
2022년 지역축제 개최 계획(취합).xlsx,세부현황,2022,경북,청도세계코미디아트페스티벌,문화예술,10.14.~10.16.,대면,,2022-10-14,2022-10-16,False,exact_or_partial,False,False,True,False
2022년 지역축제 개최 계획(취합).xlsx,세부현황,2022,경북,대가야체험축제,전통역사,4월 중,혼합형,,2022-04-01,2022-04-30,True,month_only_vague,False,False,True,False
2022년 지역축제 개최 계획(취합).xlsx,세부현황,2022,경북,"2022성주생명문화축제
&제7회성주참외페스티벌",문화예술,5월중,혼합형,,2022-05-01,2022-05-31,True,month_only_vague,False,False,True,False
2022년 지역축제 개최 계획(취합).xlsx,세부현황,2022,경북,"2022 성주가야산황금
들녘메뚜기잡이체험축제",생태자연,10월중,대면,,2022-10-01,2022-10-31,True,month_only_vague,False,False,True,False
2022년 지역축제 개최 계획(취합).xlsx,세부현황,2022,경북,성주 성밖숲 희망길 와숲,문화예술,8월중,혼합형,,2022-08-01,2022-08-31,True,month_only_vague,False,False,True,False
2022년 지역축제 개최 계획(취합).xlsx,세부현황,2022,경북,"낙동강세계평화 문화
대축전",문화예술,"9월 또는 10월 중 3일간
예정",혼합형,,2022-09-01,2022-10-31,True,month_range_vague,False,False,True,False
2022년 지역축제 개최 계획(취합).xlsx,세부현황,2022,경북,예천장터농산물대축제,특산물,10월 중,대면,,2022-10-01,2022-10-31,True,month_only_vague,False,False,True,False
2022년 지역축제 개최 계획(취합).xlsx,세부현황,2022,경북,예천용궁순대축제,특산물,9월 중,대면,,2022-09-01,2022-09-30,True,month_only_vague,False,False,True,False
2022년 지역축제 개최 계획(취합).xlsx,세부현황,2022,경북,2022 예천세계곤충엑스포,생태자연,8월 중,대면,,2022-08-01,2022-08-31,True,month_only_vague,False,False,True,False
2022년 지역축제 개최 계획(취합).xlsx,세부현황,2022,경북,2022 삼강주막 나루터축제,"문화예술, 전통역사",9월 중,대면,,2022-09-01,2022-09-30,True,month_only_vague,False,False,True,False
2022년 지역축제 개최 계획(취합).xlsx,세부현황,2022,경북,제24회 봉화은어축제,생태자연,"07월말~08월초
(9일간)",대면,,2022-07-01,2022-08-31,True,month_range_vague,False,False,True,False
2022년 지역축제 개최 계획(취합).xlsx,세부현황,2022,경북,제26회 봉화송이축제,특산물,"08월말~09월초
(4일간)",대면,,2022-08-01,2022-09-30,True,month_range_vague,False,False,True,False
2022년 지역축제 개최 계획(취합).xlsx,세부현황,2022,경북,시장애 불금축제,기타(주민화합 등),"05월~09월
(150일간)",대면,,2022-05-01,2022-09-30,True,month_range_vague,False,False,True,False
2022년 지역축제 개최 계획(취합).xlsx,세부현황,2022,경북,"2021-2022 
분천산타마을 운영",기타(주민화합 등),"07월~08월
(30일간)
12월~02월
(60일간)",대면,,2022-07-01,2022-08-31,True,month_range_vague,False,False,True,False
2022년 지역축제 개최 계획(취합).xlsx,세부현황,2022,경북,2022년 울진대게와붉은대게축제,특산물,2월말~3월초,비대면,,2022-02-01,2022-03-31,True,month_range_vague,False,False,True,False
2022년 지역축제 개최 계획(취합).xlsx,세부현황,2022,경북,울진금강송송이축제,특산물,9월말~10월초,대면,,2022-09-01,2022-10-31,True,month_range_vague,False,False,True,False
2022년 지역축제 개최 계획(취합).xlsx,세부현황,2022,경북,죽변항 수산물 축제,특산물,12월 중순,대면,,2022-12-01,2022-12-31,True,month_only_vague,False,False,True,False
2022년 지역축제 개최 계획(취합).xlsx,세부현황,2022,강원도,호수나라물빛축제,문화예술,22. 3월(예정),대면,,2022-03-01,2022-03-31,True,month_detected_vague,False,False,True,False
2022년 지역축제 개최 계획(취합).xlsx,세부현황,2022,강원도,제34회 춘천마임축제,문화예술,22. 5월,대면,,2022-05-01,2022-05-31,True,month_detected_vague,False,False,True,False
2022년 지역축제 개최 계획(취합).xlsx,세부현황,2022,강원도,제29회 봄내예술제,문화예술,22. 5.1.~28.,혼합형,,2022-05-01,2022-05-28,False,exact_or_partial,False,False,True,False
2022년 지역축제 개최 계획(취합).xlsx,세부현황,2022,강원도,치악산왕발걸음축제,생태자연,22. 4월,대면,,2022-04-01,2022-04-30,True,month_detected_vague,False,False,True,False
2022년 지역축제 개최 계획(취합).xlsx,세부현황,2022,강원도,한지문화제,특산물,22. 5.5.~15.,혼합형,,2022-05-05,2022-05-15,False,exact_or_partial,False,False,True,False
2022년 지역축제 개최 계획(취합).xlsx,세부현황,2022,강원도,용수골꽃양귀비축제,생태자연,22. 5.25.~6.10.,대면,,2022-05-25,2022-06-10,False,exact_or_partial,False,False,True,False
2022년 지역축제 개최 계획(취합).xlsx,세부현황,2022,강원도,장미축제,생태자연,22. 5월,대면,,2022-05-01,2022-05-31,True,month_detected_vague,False,False,True,False
2022년 지역축제 개최 계획(취합).xlsx,세부현황,2022,강원도,남한강축제,생태자연,22.6.4.~6.5.,대면,,2022-06-04,2022-06-05,False,exact_or_partial,False,False,True,False
2022년 지역축제 개최 계획(취합).xlsx,세부현황,2022,강원도,치악산찰옥수수축제,특산물,22. 7월,대면,,2022-07-01,2022-07-31,True,month_detected_vague,False,False,True,False
2022년 지역축제 개최 계획(취합).xlsx,세부현황,2022,강원도,치악산봉숭아축제,특산물,22. 8월,대면,,2022-08-01,2022-08-31,True,month_detected_vague,False,False,True,False
2022년 지역축제 개최 계획(취합).xlsx,세부현황,2022,강원도,2022 대한민국 독서대전,문화예술,22. 9.23.~25.,혼합형,,2022-09-23,2022-09-25,False,exact_or_partial,False,False,True,False
2022년 지역축제 개최 계획(취합).xlsx,세부현황,2022,강원도,원주다이내믹댄싱카니발,문화예술,22. 9.28.~10.3.,대면,,2022-09-28,2022-10-03,False,exact_or_partial,False,False,True,False
2022년 지역축제 개최 계획(취합).xlsx,세부현황,2022,강원도,원주삼토페스티벌,전통역사,22. 9.30.~10.3.,대면,,2022-09-30,2022-10-03,False,exact_or_partial,False,False,True,False
2022년 지역축제 개최 계획(취합).xlsx,세부현황,2022,강원도,원주문화재야행,문화예술,22. 9월,대면,,2022-09-01,2022-09-30,True,month_detected_vague,False,False,True,False
2022년 지역축제 개최 계획(취합).xlsx,세부현황,2022,강원도,치악산한우축제,특산물,22. 10월,대면,,2022-10-01,2022-10-31,True,month_detected_vague,False,False,True,False
2022년 지역축제 개최 계획(취합).xlsx,세부현황,2022,강원도,원주시 평생학습 대축제,기타(주민화합),22. 10. 21.~22.,대면,,2022-10-21,2022-10-22,False,exact_or_partial,False,False,True,False
2022년 지역축제 개최 계획(취합).xlsx,세부현황,2022,강원도,원주그림책축제,문화예술,22. 10월,혼합형,,2022-10-01,2022-10-31,True,month_detected_vague,False,False,True,False
2022년 지역축제 개최 계획(취합).xlsx,세부현황,2022,강원도,치악산배축제,특산물,22. 11월,대면,,2022-11-01,2022-11-30,True,month_detected_vague,False,False,True,False
2022년 지역축제 개최 계획(취합).xlsx,세부현황,2022,강원도,강릉 해맞이 축제,생태자연,"22. 12. 31.
~ 23. 1. 1.",대면,,2022-12-31,2023-01-01,False,exact_or_partial,False,False,True,False
2022년 지역축제 개최 계획(취합).xlsx,세부현황,2022,강원도,경포벚꽃잔치,생태자연,22. 3월 말,대면,,2022-03-01,2022-03-31,True,month_detected_vague,False,False,True,False
2022년 지역축제 개최 계획(취합).xlsx,세부현황,2022,강원도,"강릉특산음식 
홍보행사",특산물,22. 5. 21.~22.,대면,,2022-05-21,2022-05-22,False,exact_or_partial,False,False,True,False
2022년 지역축제 개최 계획(취합).xlsx,세부현황,2022,강원도,경포수제맥주축제,특산물,22. 7월 초,대면,,2022-07-01,2022-07-31,True,month_detected_vague,False,False,True,True
2022년 지역축제 개최 계획(취합).xlsx,세부현황,2022,강원도,경포 썸머페스티벌,문화예술,22. 8월 초,대면,,2022-08-01,2022-08-31,True,month_detected_vague,False,False,True,False
2022년 지역축제 개최 계획(취합).xlsx,세부현황,2022,강원도,주문진 해수욕장 페스티벌,문화예술,22. 8월 초,대면,,2022-08-01,2022-08-31,True,month_detected_vague,False,False,True,False
2022년 지역축제 개최 계획(취합).xlsx,세부현황,2022,강원도,주문진 오징어잡이 축제,특산물,22. 10월 초,대면,,2022-10-01,2022-10-31,True,month_detected_vague,False,False,True,False
2022년 지역축제 개최 계획(취합).xlsx,세부현황,2022,강원도,강릉커피축제,문화예술,22. 10. 6.~9.,혼합형,,2022-10-06,2022-10-09,False,exact_or_partial,False,False,True,False
2022년 지역축제 개최 계획(취합).xlsx,세부현황,2022,강원도,동해무릉제,문화예술,22. 10월,대면,,2022-10-01,2022-10-31,True,month_detected_vague,False,False,True,False
2022년 지역축제 개최 계획(취합).xlsx,세부현황,2022,강원도,제3회 송정막걸리축제,기타(주민화합 등),22. 9월,대면,,2022-09-01,2022-09-30,True,month_detected_vague,False,False,True,False
2022년 지역축제 개최 계획(취합).xlsx,세부현황,2022,강원도,"제3회 동해시 평생학습축제
(책문화 축제 병행 운영)",문화예술,22. 10월,혼합형,,2022-10-01,2022-10-31,True,month_detected_vague,False,False,True,False
2022년 지역축제 개최 계획(취합).xlsx,세부현황,2022,강원도,묵호등대 논골담길 축제,문화관광,22. 6월,대면,,2022-06-01,2022-06-30,True,month_detected_vague,False,False,True,False
2022년 지역축제 개최 계획(취합).xlsx,세부현황,2022,강원도,태백제,주민화합,22. 10월,혼합형,,2022-10-01,2022-10-31,True,month_detected_vague,False,False,True,False
2022년 지역축제 개최 계획(취합).xlsx,세부현황,2022,강원도,장사항 오징어 맨손잡기 축제,기타,22. 8월,대면,,2022-08-01,2022-08-31,True,month_detected_vague,False,False,True,False
2022년 지역축제 개최 계획(취합).xlsx,세부현황,2022,강원도,속초 빛 축제 '청초환희',기타,22. 10월,대면,,2022-10-01,2022-10-31,True,month_detected_vague,False,False,True,False
2022년 지역축제 개최 계획(취합).xlsx,세부현황,2022,강원도,제57회 설악문화제,문화예술,22. 10월,대면,,2022-10-01,2022-10-31,True,month_detected_vague,False,False,True,False
2022년 지역축제 개최 계획(취합).xlsx,세부현황,2022,강원도,삼척정월대보름제,전통역사,22. 2.7~20.,혼합형,,2022-02-07,2022-02-20,False,exact_or_partial,False,False,True,False
2022년 지역축제 개최 계획(취합).xlsx,세부현황,2022,강원도,삼척동해왕이사부축제,문화예술,22. 10월,대면,,2022-10-01,2022-10-31,True,month_detected_vague,False,False,True,False
2022년 지역축제 개최 계획(취합).xlsx,세부현황,2022,강원도,삼척해변 빛 축제,문화예술,22. 12월,대면,,2022-12-01,2022-12-31,True,month_detected_vague,False,False,True,False
2022년 지역축제 개최 계획(취합).xlsx,세부현황,2022,강원도,제4회 홍천산나물축제,특산물,22. 4월말,혼합형,,2022-04-01,2022-04-30,True,month_detected_vague,False,False,True,False
2022년 지역축제 개최 계획(취합).xlsx,세부현황,2022,강원도,제6회 홍천강 별빛음악 맥주축제,특산물,22. 8월초,혼합형,,2022-08-01,2022-08-31,True,month_detected_vague,False,False,True,True
2022년 지역축제 개최 계획(취합).xlsx,세부현황,2022,강원도,제26회 홍천찰옥수수축제,특산물,22. 7월말,혼합형,,2022-07-01,2022-07-31,True,month_detected_vague,False,False,True,False
2022년 지역축제 개최 계획(취합).xlsx,세부현황,2022,강원도,제20회 강원홍천 인삼한우 명품축제,특산물,22. 10월초,혼합형,,2022-10-01,2022-10-31,True,month_detected_vague,False,False,True,False
2022년 지역축제 개최 계획(취합).xlsx,세부현황,2022,강원도,제11회 둔내고랭지토마토축제,특산물,22. 8월,대면,,2022-08-01,2022-08-31,True,month_detected_vague,False,False,True,False
2022년 지역축제 개최 계획(취합).xlsx,세부현황,2022,강원도,제9회 횡성더덕축제,특산물,22. 9월,대면,,2022-09-01,2022-09-30,True,month_detected_vague,False,False,True,False
2022년 지역축제 개최 계획(취합).xlsx,세부현황,2022,강원도,제14회 안흥찐빵축제,특산물,22. 10월,대면,,2022-10-01,2022-10-31,True,month_detected_vague,False,False,True,False
2022년 지역축제 개최 계획(취합).xlsx,세부현황,2022,강원도,제3회 횡성호수길 축제,생태자연,22. 5월,대면,,2022-05-01,2022-05-31,True,month_detected_vague,False,False,True,False
2022년 지역축제 개최 계획(취합).xlsx,세부현황,2022,강원도,제32회 횡성회다지소리 민속문화제,전통역사,22. 4월,대면,,2022-04-01,2022-04-30,True,month_detected_vague,False,False,True,False
2022년 지역축제 개최 계획(취합).xlsx,세부현황,2022,강원도,단종문화제,전통역사,22. 4.22~24.,혼합형,,2022-04-22,2022-04-24,False,exact_or_partial,False,False,True,False
2022년 지역축제 개최 계획(취합).xlsx,세부현황,2022,강원도,동강국제사진제,문화예술,22. 7.1.~9.30.,혼합형,,2022-07-01,2022-09-30,False,exact_or_partial,False,False,True,False
2022년 지역축제 개최 계획(취합).xlsx,세부현황,2022,강원도,동강뗏목축제,문화예술,22. 8.4~7.,혼합형,,2022-08-04,2022-08-07,False,exact_or_partial,False,False,True,False
2022년 지역축제 개최 계획(취합).xlsx,세부현황,2022,강원도,김삿갓문화제,전통역사,22. 9.23~25.,혼합형,,2022-09-23,2022-09-25,False,exact_or_partial,False,False,True,False
2022년 지역축제 개최 계획(취합).xlsx,세부현황,2022,강원도,동강붉은메밀꽃축제,문화예술,22. 10.2~17.,혼합형,,2022-10-02,2022-10-17,False,exact_or_partial,False,False,True,False
2022년 지역축제 개최 계획(취합).xlsx,세부현황,2022,강원도,대관령눈꽃축제,생태자연,22. 1.21~30.,대면,,2022-01-21,2022-01-30,False,exact_or_partial,False,False,True,False
2022년 지역축제 개최 계획(취합).xlsx,세부현황,2022,강원도,계촌마을클래식거리축제,문화예술,22. 8월,대면,,2022-08-01,2022-08-31,True,month_detected_vague,False,False,True,False
2022년 지역축제 개최 계획(취합).xlsx,세부현황,2022,강원도,평창효석문화제,문화예술,22. 9월,대면,,2022-09-01,2022-09-30,True,month_detected_vague,False,False,True,False
2022년 지역축제 개최 계획(취합).xlsx,세부현황,2022,강원도,평창백일홍축제,생태자연,22. 9월,대면,,2022-09-01,2022-09-30,True,month_detected_vague,False,False,True,False
2022년 지역축제 개최 계획(취합).xlsx,세부현황,2022,강원도,평창송어축제,관광특산,22. 12월~23. 1월,대면,,2022-12-01,2022-12-31,True,month_detected_vague,False,False,True,False
2022년 지역축제 개최 계획(취합).xlsx,세부현황,2022,강원도,평창농악축제,문화예술,22. 9월,대면,,2022-09-01,2022-09-30,True,month_detected_vague,False,False,True,False
2022년 지역축제 개최 계획(취합).xlsx,세부현황,2022,강원도,제19회 평창대관령음악제,문화예술,22. 6.22.~7.23.,대면,,2022-06-22,2022-07-23,False,exact_or_partial,False,False,True,False
2022년 지역축제 개최 계획(취합).xlsx,세부현황,2022,강원도,제4회 평창국제평화영화제,문화예술,22. 6월,대면,,2022-06-01,2022-06-30,True,month_detected_vague,False,False,True,False
2022년 지역축제 개최 계획(취합).xlsx,세부현황,2022,강원도,강원국제예술제 강원작가전,문화예술,22. 10월,대면,,2022-10-01,2022-10-31,True,month_detected_vague,False,False,True,False
2022년 지역축제 개최 계획(취합).xlsx,세부현황,2022,강원도,오대산 문화축전,문화예술,22. 10월,대면,,2022-10-01,2022-10-31,True,month_detected_vague,False,False,True,False
2022년 지역축제 개최 계획(취합).xlsx,세부현황,2022,강원도,함백산야생화축제,생태자연,22. 8월,미정,,2022-08-01,2022-08-31,True,month_detected_vague,False,False,True,False
2022년 지역축제 개최 계획(취합).xlsx,세부현황,2022,강원도,정선아리랑제,전통역사,22. 9월,미정,,2022-09-01,2022-09-30,True,month_detected_vague,False,False,True,False
2022년 지역축제 개최 계획(취합).xlsx,세부현황,2022,강원도,정선사과축제,특산물,22. 11월,미정,,2022-11-01,2022-11-30,True,month_detected_vague,False,False,True,False
2022년 지역축제 개최 계획(취합).xlsx,세부현황,2022,강원도,제40회 태봉제,"문화예술,전통역사",22. 10월,대면,,2022-10-01,2022-10-31,True,month_detected_vague,False,False,True,False
2022년 지역축제 개최 계획(취합).xlsx,세부현황,2022,강원도,제16회 철원 화강 다슬기 축제,생태자연,22. 8월,대면,,2022-08-01,2022-08-31,True,month_detected_vague,False,False,True,False
2022년 지역축제 개최 계획(취합).xlsx,세부현황,2022,강원도,2022 철원오대쌀 축제,특산물,22. 10.28~30.,대면,,2022-10-28,2022-10-30,False,exact_or_partial,False,False,True,False
2022년 지역축제 개최 계획(취합).xlsx,세부현황,2022,강원도,세종대왕 강무행사 행차 재현,문화예술,22. 9월,대면,,2022-09-01,2022-09-30,True,month_detected_vague,False,False,True,False
2022년 지역축제 개최 계획(취합).xlsx,세부현황,2022,강원도,철원 DMZ 평화 꽃송이 축제,문화예술,22. 9월,대면,,2022-09-01,2022-09-30,True,month_detected_vague,False,False,True,False
2022년 지역축제 개최 계획(취합).xlsx,세부현황,2022,강원도,2022 양구 곰취축제,특산물,22. 5.5~8.,혼합형,,2022-05-05,2022-05-08,False,exact_or_partial,False,False,True,False
2022년 지역축제 개최 계획(취합).xlsx,세부현황,2022,강원도,2022 제71주년 도솔산지구전투 전승행사,전통역사,22. 6.17~18.,대면,,2022-06-17,2022-06-18,False,exact_or_partial,False,False,True,False
2022년 지역축제 개최 계획(취합).xlsx,세부현황,2022,강원도,2022 국토정중앙 양구 배꼽축제,문화예술,22. 9.2~4.,혼합형,,2022-09-02,2022-09-04,False,exact_or_partial,False,False,True,False
2022년 지역축제 개최 계획(취합).xlsx,세부현황,2022,강원도,제37회 양록제,기타,22. 10.6~8.,대면,,2022-10-06,2022-10-08,False,exact_or_partial,False,False,True,False
2022년 지역축제 개최 계획(취합).xlsx,세부현황,2022,강원도,2022 DMZ펀치볼 시래기 축제,특산물,22. 10.29~30.,대면,,2022-10-29,2022-10-30,False,exact_or_partial,False,False,True,False
2022년 지역축제 개최 계획(취합).xlsx,세부현황,2022,강원도,제4회 인제가을꽃축제,생태자연,22. 10월,대면,,2022-10-01,2022-10-31,True,month_detected_vague,False,False,True,False
2022년 지역축제 개최 계획(취합).xlsx,세부현황,2022,강원도,제22회 용대황태축제,지역특산물,22. 5.5~8.,대면,,2022-05-05,2022-05-08,False,exact_or_partial,False,False,True,False
2022년 지역축제 개최 계획(취합).xlsx,세부현황,2022,강원도,제40회 합강문화제,문화예술제,22. 10월,대면,,2022-10-01,2022-10-31,True,month_detected_vague,False,False,True,False
2022년 지역축제 개최 계획(취합).xlsx,세부현황,2022,강원도,동해안 최북단 저도어장 대문어축제,지역특산물,22. 5월,미정,,2022-05-01,2022-05-31,True,month_detected_vague,False,False,True,False
2022년 지역축제 개최 계획(취합).xlsx,세부현황,2022,강원도,"삼포해변 서핑 축제
(미드나이트 피크닉 페스티벌)",기타(주민화합),22. 7월,미정,,2022-07-01,2022-07-31,True,month_detected_vague,False,False,True,False
2022년 지역축제 개최 계획(취합).xlsx,세부현황,2022,강원도,해안선 레저스포츠 페스티벌,기타(주민화합),22. 8월,미정,,2022-08-01,2022-08-31,True,month_detected_vague,False,False,True,False
2022년 지역축제 개최 계획(취합).xlsx,세부현황,2022,강원도,고성군민의 날 및 수성문화제,전통역사,22. 9월,대면,,2022-09-01,2022-09-30,True,month_detected_vague,False,False,True,False
2022년 지역축제 개최 계획(취합).xlsx,세부현황,2022,강원도,고성통일명태축제,지역특산물,22. 10월,미정,,2022-10-01,2022-10-31,True,month_detected_vague,False,False,True,False
2022년 지역축제 개최 계획(취합).xlsx,세부현황,2022,강원도,2022년 대한민국 온천대축제,문화관광,22. 10월,미정,,2022-10-01,2022-10-31,True,month_detected_vague,False,False,True,False
2022년 지역축제 개최 계획(취합).xlsx,세부현황,2022,강원도,제44회 양양문화제,전통역사,22. 6월,대면,,2022-06-01,2022-06-30,True,month_detected_vague,False,False,True,False
2022년 지역축제 개최 계획(취합).xlsx,세부현황,2022,강원도,양양연어축제,생태자연,22. 10월,대면,,2022-10-01,2022-10-31,True,month_detected_vague,False,False,True,False
2022년 지역축제 개최 계획(취합).xlsx,세부현황,2022,강원도,양양해맞이축제,생태자연,22. 12. 31. ~ 23. 1. 1.,대면,,2022-12-31,2023-01-01,False,exact_or_partial,False,False,True,False
2022년 지역축제 개최 계획(취합).xlsx,세부현황,2022,경남,제8회 창원음식문화축제,특산물,10. 22,대면,,2022-10-22,2022-10-22,False,exact_or_partial,False,False,True,False
2022년 지역축제 개최 계획(취합).xlsx,세부현황,2022,경남,제11회 아구데이축제,특산물,5.9.,대면,,2022-05-09,2022-05-09,False,exact_or_partial,False,False,True,False
2022년 지역축제 개최 계획(취합).xlsx,세부현황,2022,경남,제60회 진해군항제,문화예술,4. 1. ~ 4. 10.,혼합형,,2022-04-01,2022-04-10,False,exact_or_partial,False,False,True,False
2022년 지역축제 개최 계획(취합).xlsx,세부현황,2022,경남,제22회 마산국화축제,문화예술,10. 28. ~ 11. 6.,혼합형,,2022-10-28,2022-11-06,False,exact_or_partial,False,False,True,False
2022년 지역축제 개최 계획(취합).xlsx,세부현황,2022,경남,창원진동미더덕축제,특산물,4월 중,미정,,2022-04-01,2022-04-30,True,month_only_vague,False,False,True,False
2022년 지역축제 개최 계획(취합).xlsx,세부현황,2022,경남,진해만싱싱수산물축제,특산물,10월 중,미정,,2022-10-01,2022-10-31,True,month_only_vague,False,False,True,False
2022년 지역축제 개최 계획(취합).xlsx,세부현황,2022,경남,창원홍하비축제,특산물,11월 중,미정,,2022-11-01,2022-11-30,True,month_only_vague,False,False,True,False
2022년 지역축제 개최 계획(취합).xlsx,세부현황,2022,경남,진주논개제,전통역사,5월 중,대면,,2022-05-01,2022-05-31,True,month_only_vague,False,False,True,False
2022년 지역축제 개최 계획(취합).xlsx,세부현황,2022,경남,진주뮤직페스티벌,문화예술,8월 중,대면,,2022-08-01,2022-08-31,True,month_only_vague,False,False,True,False
2022년 지역축제 개최 계획(취합).xlsx,세부현황,2022,경남,진주남강유등축제,전통역사,10. 1. ~ 10. 10.,대면,,2022-10-01,2022-10-10,False,exact_or_partial,False,False,True,False
2022년 지역축제 개최 계획(취합).xlsx,세부현황,2022,경남,개천예술제,문화예술,10. 3. ~ 10. 10.,대면,,2022-10-03,2022-10-10,False,exact_or_partial,False,False,True,False
2022년 지역축제 개최 계획(취합).xlsx,세부현황,2022,경남,코리아드라마페스티벌,문화예술,10. 1. ~ 10. 10.,대면,,2022-10-01,2022-10-10,False,exact_or_partial,False,False,True,False
2022년 지역축제 개최 계획(취합).xlsx,세부현황,2022,경남,2022 제1회 통영국제트리엔날레,문화예술,03.18. ~ 05.08.,혼합형,,2022-03-18,2022-05-08,False,exact_or_partial,False,False,True,False
2022년 지역축제 개최 계획(취합).xlsx,세부현황,2022,경남,통영국제음악제,문화예술,03.25. ~ 04.03.,혼합형,,2022-03-25,2022-04-03,False,exact_or_partial,False,False,True,False
2022년 지역축제 개최 계획(취합).xlsx,세부현황,2022,경남,2022 통영 문화재 야행,문화예술,04.29. ~ 05.01.,혼합형,,2022-04-29,2022-05-01,False,exact_or_partial,False,False,True,False
2022년 지역축제 개최 계획(취합).xlsx,세부현황,2022,경남,제61회 통영한산대첩축제,전통역사,08.11. ~ 08. 20.,혼합형,,2022-08-11,2022-08-20,False,exact_or_partial,False,False,True,False
2022년 지역축제 개최 계획(취합).xlsx,세부현황,2022,경남,2022년 사천시 삼천포항 수산물축제,특산물,4월 중,대면,,2022-04-01,2022-04-30,True,month_only_vague,False,False,True,False
2022년 지역축제 개최 계획(취합).xlsx,세부현황,2022,경남,제20회 사천시 삼천포항 자연산 전어축제,특산물,7월 중,대면,,2022-07-01,2022-07-31,True,month_only_vague,False,False,True,False
2022년 지역축제 개최 계획(취합).xlsx,세부현황,2022,경남,남일대 전국청년 트롯가요제,주민화합,8월 중,대면,,2022-08-01,2022-08-31,True,month_only_vague,False,False,True,False
2022년 지역축제 개최 계획(취합).xlsx,세부현황,2022,경남,제12회 주민복지박람회,기타(주민화합 등),10.20.~10.23.,대면,,2022-10-20,2022-10-23,False,exact_or_partial,False,False,True,False
2022년 지역축제 개최 계획(취합).xlsx,세부현황,2022,경남,제1회 고려현종대왕축제,문화예술,10.20~10.23,대면,,2022-10-20,2022-10-23,False,exact_or_partial,False,False,True,False
2022년 지역축제 개최 계획(취합).xlsx,세부현황,2022,경남,제7회 별주부전축제,문화예술,7.16.~7.17.,대면,,2022-07-16,2022-07-17,False,exact_or_partial,False,False,True,False
2022년 지역축제 개최 계획(취합).xlsx,세부현황,2022,경남,사천시농업한마당축제,특산물,10월 중,혼합형,,2022-10-01,2022-10-31,True,month_only_vague,False,False,True,False
2022년 지역축제 개최 계획(취합).xlsx,세부현황,2022,경남,비봉내축제,전통역사,9월중,대면,,2022-09-01,2022-09-30,True,month_only_vague,False,False,True,False
2022년 지역축제 개최 계획(취합).xlsx,세부현황,2022,경남,제27회 김해분청도자기축제,문화예술,10.1~10.10,대면,,2022-10-01,2022-10-10,False,exact_or_partial,False,False,True,False
2022년 지역축제 개최 계획(취합).xlsx,세부현황,2022,경남,허왕후 신행길 축제,문화예술,10월중,혼합형,,2022-10-01,2022-10-31,True,month_only_vague,False,False,True,False
2022년 지역축제 개최 계획(취합).xlsx,세부현황,2022,경남,제3회김해국제의생명과학축제,기타(지역산업축제),06.17.~06.19.,혼합형,,2022-06-17,2022-06-19,False,exact_or_partial,False,False,True,False
2022년 지역축제 개최 계획(취합).xlsx,세부현황,2022,경남,김해문화재야행,문화예술,09.30~10.2,대면,,2022-09-30,2022-10-02,False,exact_or_partial,False,False,True,False
2022년 지역축제 개최 계획(취합).xlsx,세부현황,2022,경남,제3회 불암장어문화축제,문화예술,6.25.~6.26.,대면,,2022-06-25,2022-06-26,False,exact_or_partial,False,False,True,False
2022년 지역축제 개최 계획(취합).xlsx,세부현황,2022,경남,제7회김해꽃축제,"ㅇ생태자연
ㅇ특산물","5,6월중",대면,,2022-06-01,2022-06-30,True,month_only_vague,False,False,True,False
2022년 지역축제 개최 계획(취합).xlsx,세부현황,2022,경남,진영단감축제,특산물,11월,대면,,2022-11-01,2022-11-30,True,month_only_vague,False,False,True,False
2022년 지역축제 개최 계획(취합).xlsx,세부현황,2022,경남,김해독서대전,문화예술,10.21.~10.22.,혼합형,,2022-10-21,2022-10-22,False,exact_or_partial,False,False,True,False
2022년 지역축제 개최 계획(취합).xlsx,세부현황,2022,경남,2022 김해시 평생학습 과학축제,문화예술,10.21.~10.22.,대면,,2022-10-21,2022-10-22,False,exact_or_partial,False,False,True,False
2022년 지역축제 개최 계획(취합).xlsx,세부현황,2022,경남,김해세계크리스마스 문화축제,기타(주민화합 등),12.1.~12.31.,대면,,2022-12-01,2022-12-31,False,exact_or_partial,False,False,True,False
2022년 지역축제 개최 계획(취합).xlsx,세부현황,2022,경남,제44회 가야문화축제(60주년),전통역사,4.14.~4.17.,혼합형,,2022-04-14,2022-04-17,False,exact_or_partial,False,False,True,False
2022년 지역축제 개최 계획(취합).xlsx,세부현황,2022,경남,제22회 밀양공연예술축제,문화예술,7. ~ 8월 중,대면,,2022-08-01,2022-08-31,True,month_only_vague,False,False,True,False
2022년 지역축제 개최 계획(취합).xlsx,세부현황,2022,경남,제40회 대한민국연극제,문화예술,7. ~ 8월 중,대면,,2022-08-01,2022-08-31,True,month_only_vague,False,False,True,False
2022년 지역축제 개최 계획(취합).xlsx,세부현황,2022,경남,제64회 밀양아리랑대축제,문화예술,5.5.~5.8.,혼합형,,2022-05-05,2022-05-08,False,exact_or_partial,False,False,True,False
2022년 지역축제 개최 계획(취합).xlsx,세부현황,2022,경남,거제 맹종대나무 축제,생태자연,4.1. ~ 5.30.,혼합형,,2022-04-01,2022-05-30,False,exact_or_partial,False,False,True,False
2022년 지역축제 개최 계획(취합).xlsx,세부현황,2022,경남,제60회 거제옥포대첩축제,전통역사,5월말~6월초,대면,,2022-05-01,2022-06-30,True,month_range_vague,False,False,True,False
2022년 지역축제 개최 계획(취합).xlsx,세부현황,2022,경남,제 14회 거제도 국제 펭귄수영축제,기타(해양스포츠),6월경,대면,,2022-06-01,2022-06-30,True,month_only_vague,False,False,True,False
2022년 지역축제 개최 계획(취합).xlsx,세부현황,2022,경남,제3회 남부면 수국축제,생태자연,6월말~7월초,대면,,2022-06-01,2022-07-31,True,month_range_vague,False,False,True,False
2022년 지역축제 개최 계획(취합).xlsx,세부현황,2022,경남,거제 바다로세계로,기타(해양스포츠행사 등),8월초,대면,,2022-08-01,2022-08-31,True,month_only_vague,False,False,True,False
2022년 지역축제 개최 계획(취합).xlsx,세부현황,2022,경남,제11회 청마포도축제,특산물/문화예술,8.27.~9.04.,혼합형,,2022-08-27,2022-09-04,False,exact_or_partial,False,False,True,False
2022년 지역축제 개최 계획(취합).xlsx,세부현황,2022,경남,제10회 청사초롱 가을추억 만들기 축제,기타(주민화홥 등),10.01~10.09.,대면,,2022-10-01,2022-10-09,False,exact_or_partial,False,False,True,False
2022년 지역축제 개최 계획(취합).xlsx,세부현황,2022,경남,제16회 거제섬꽃축제,생태자연,10.29.~11.6.,대면,,2022-10-29,2022-11-06,False,exact_or_partial,False,False,True,False
2022년 지역축제 개최 계획(취합).xlsx,세부현황,2022,경남,제15회 거제대구수산물축제,특산물,12월중,대면,,2022-12-01,2022-12-31,True,month_only_vague,False,False,True,False
2022년 지역축제 개최 계획(취합).xlsx,세부현황,2022,경남,원동매화축제,생태자연,3월중,미정,,2022-03-01,2022-03-31,True,month_only_vague,False,False,True,False
2022년 지역축제 개최 계획(취합).xlsx,세부현황,2022,경남,배내골고로쇠축제,특산물,3월중,미정,,2022-03-01,2022-03-31,True,month_only_vague,False,False,True,False
2022년 지역축제 개최 계획(취합).xlsx,세부현황,2022,경남,원동청정 미나리축제,특산물,3월중,미정,,2022-03-01,2022-03-31,True,month_only_vague,False,False,True,False
2022년 지역축제 개최 계획(취합).xlsx,세부현황,2022,경남,2022 물금 벚꽃 축제,생태자연,3월말,대면,,2022-03-01,2022-03-31,True,month_only_vague,False,False,True,False
2022년 지역축제 개최 계획(취합).xlsx,세부현황,2022,경남,2022 양산봄꽃축제,생태자연,4월중,대면,,2022-04-01,2022-04-30,True,month_only_vague,False,False,True,False
2022년 지역축제 개최 계획(취합).xlsx,세부현황,2022,경남,양산웅상회야제,기타(주민화합),5월중,대면,,2022-05-01,2022-05-31,True,month_only_vague,False,False,True,False
2022년 지역축제 개최 계획(취합).xlsx,세부현황,2022,경남,삽량문화축전,전통역사,10월중,대면,,2022-10-01,2022-10-31,True,month_only_vague,False,False,True,False
2022년 지역축제 개최 계획(취합).xlsx,세부현황,2022,경남,차문화축제,지역축제,10월중,미정,,2022-10-01,2022-10-31,True,month_only_vague,False,False,True,False
2022년 지역축제 개최 계획(취합).xlsx,세부현황,2022,경남,2022 양산국화축제,생태자연,10월중,대면,,2022-10-01,2022-10-31,True,month_only_vague,False,False,True,False
2022년 지역축제 개최 계획(취합).xlsx,세부현황,2022,경남,사과축제,특산물,10월중,미정,,2022-10-01,2022-10-31,True,month_only_vague,False,False,True,False
2022년 지역축제 개최 계획(취합).xlsx,세부현황,2022,경남,가례 밭미나리 축제,특산물,2월 말(9일),대면,,2022-02-01,2022-02-28,True,month_only_vague,False,False,True,False
2022년 지역축제 개최 계획(취합).xlsx,세부현황,2022,경남,제48회 의령홍의장군축제,전통역사,4.21.~4.24.,대면,,2022-04-21,2022-04-24,False,exact_or_partial,False,False,True,False
2022년 지역축제 개최 계획(취합).xlsx,세부현황,2022,경남,한우산 철쭉제,생태자연,4월말(1일),대면,,2022-04-01,2022-04-30,True,month_only_vague,False,False,True,False
2022년 지역축제 개최 계획(취합).xlsx,세부현황,2022,경남,신번문화축제,문화예술,9월 중,대면,,2022-09-01,2022-09-30,True,month_only_vague,False,False,True,False
2022년 지역축제 개최 계획(취합).xlsx,세부현황,2022,경남,제34회 아라가야문화제,전통역사,4.22.~4.24.,대면,,2022-04-22,2022-04-24,False,exact_or_partial,False,False,True,False
2022년 지역축제 개최 계획(취합).xlsx,세부현황,2022,경남,제28회 함안수박축제,특산물,4.22.~4.24.,대면,,2022-04-22,2022-04-24,False,exact_or_partial,False,False,True,False
2022년 지역축제 개최 계획(취합).xlsx,세부현황,2022,경남,제10회 강주해바라기축제,일반축제,8.19.~9.4.,대면,,2022-08-19,2022-09-04,False,exact_or_partial,False,False,True,False
2022년 지역축제 개최 계획(취합).xlsx,세부현황,2022,경남,제61회 3.1민속문화제,전통역사,2.28~3.3.,대면,,2022-02-28,2022-03-03,False,exact_or_partial,False,False,True,False
2022년 지역축제 개최 계획(취합).xlsx,세부현황,2022,경남,제27회 부곡온천축제,생태자연,4월 중,대면,,2022-04-01,2022-04-30,True,month_only_vague,False,False,True,False
2022년 지역축제 개최 계획(취합).xlsx,세부현황,2022,경남,제17회 창녕낙동강유채축제,생태자연,4월 중순,대면,,2022-04-01,2022-04-30,True,month_only_vague,False,False,True,False
2022년 지역축제 개최 계획(취합).xlsx,세부현황,2022,경남,창녕문화재 야행 '가소로운 비사벌',전통역사,6월 중,대면,,2022-06-01,2022-06-30,True,month_only_vague,False,False,True,False
2022년 지역축제 개최 계획(취합).xlsx,세부현황,2022,경남,제1회 창녕 양파〮마늘 축제,특산물,7월 중,대면,,2022-07-01,2022-07-31,True,month_only_vague,False,False,True,False
2022년 지역축제 개최 계획(취합).xlsx,세부현황,2022,경남,제36회 우포누리와 함께하는 비사벌문화제,전통역사,10월 중,대면,,2022-10-01,2022-10-31,True,month_only_vague,False,False,True,False
2022년 지역축제 개최 계획(취합).xlsx,세부현황,2022,경남,고현관음포 둑방봄꽃축제,생태자연,4월 중,대면,,2022-04-01,2022-04-30,True,month_only_vague,False,False,True,False
2022년 지역축제 개최 계획(취합).xlsx,세부현황,2022,경남,보물섬 미조항 멸치축제,특산물,6월 중,대면,,2022-06-01,2022-06-30,True,month_only_vague,False,False,True,False
2022년 지역축제 개최 계획(취합).xlsx,세부현황,2022,경남,창선고사리삼합축제,특산물,5월 중,대면,,2022-05-01,2022-05-31,True,month_only_vague,False,False,True,False
2022년 지역축제 개최 계획(취합).xlsx,세부현황,2022,경남,보물섬 마늘축제&한우잔치,특산물,6월 중,대면,,2022-06-01,2022-06-30,True,month_only_vague,False,False,True,False
2022년 지역축제 개최 계획(취합).xlsx,세부현황,2022,경남,상주은모래비치 섬머페스티벌,문화예술,8월 중,대면,,2022-08-01,2022-08-31,True,month_only_vague,False,False,True,False
2022년 지역축제 개최 계획(취합).xlsx,세부현황,2022,경남,보물섬 갈화 왕새우축제,특산물,8월 중,대면,,2022-08-01,2022-08-31,True,month_only_vague,False,False,True,False
2022년 지역축제 개최 계획(취합).xlsx,세부현황,2022,경남,독일마을 맥주축제,문화예술,10월 중,대면,,2022-10-01,2022-10-31,True,month_only_vague,False,False,True,True
2022년 지역축제 개최 계획(취합).xlsx,세부현황,2022,경남,보물섬 남해 커피축제,기타,10월 중,대면,,2022-10-01,2022-10-31,True,month_only_vague,False,False,True,False
2022년 지역축제 개최 계획(취합).xlsx,세부현황,2022,경남,이순신 순국제전,전통역사,11월(격년제),대면,,2022-11-01,2022-11-30,True,month_only_vague,False,False,True,False
2022년 지역축제 개최 계획(취합).xlsx,세부현황,2022,경남,보물섬 남해 설천 참굴축제,특산물,12월 중,대면,,2022-12-01,2022-12-31,True,month_only_vague,False,False,True,False
2022년 지역축제 개최 계획(취합).xlsx,세부현황,2022,경남,상주해돋이& 물메기 축제,특산물,12.31~01.01,대면,,2022-12-31,2022-12-31,False,exact_or_partial,False,False,True,False
2022년 지역축제 개최 계획(취합).xlsx,세부현황,2022,경남,가천 다랭이 해맞이축제,문화예술,12.31~01.01,대면,,2022-12-31,2022-12-31,False,exact_or_partial,False,False,True,False
2022년 지역축제 개최 계획(취합).xlsx,세부현황,2022,경남,화개장터 벚꽃축제,생태자연,3월중,미정,,2022-03-01,2022-03-31,True,month_only_vague,False,False,True,False
2022년 지역축제 개최 계획(취합).xlsx,세부현황,2022,경남,하동야생차문화축제,특산물,"5월 중
(하동세계차엑스포 기간 내)",혼합형,,2022-05-01,2022-05-31,True,month_only_vague,False,False,True,False
2022년 지역축제 개최 계획(취합).xlsx,세부현황,2022,경남,하동북천 꽃 양귀비 축제,생태자연,5월중,미정,,2022-05-01,2022-05-31,True,month_only_vague,False,False,True,False
2022년 지역축제 개최 계획(취합).xlsx,세부현황,2022,경남,알프스하동섬진강재첩축제,생태자연,7월중,미정,,2022-07-01,2022-07-31,True,month_only_vague,False,False,True,False
2022년 지역축제 개최 계획(취합).xlsx,세부현황,2022,경남,섬진강 은어 낚시왕 대회,특산물,7~8월중,대면,,2022-08-01,2022-08-31,True,month_only_vague,False,False,True,False
2022년 지역축제 개최 계획(취합).xlsx,세부현황,2022,경남,하동술상 맛 전어축제,특산물,8월중,대면,,2022-08-01,2022-08-31,True,month_only_vague,False,False,True,False
2022년 지역축제 개최 계획(취합).xlsx,세부현황,2022,경남,하동북천 코스모스 메밀꽃 축제,생태자연,9월중,미정,,2022-09-01,2022-09-30,True,month_only_vague,False,False,True,False
2022년 지역축제 개최 계획(취합).xlsx,세부현황,2022,경남,지리산회남재숲길걷기행사,생태자연,10월중,미정,,2022-10-01,2022-10-31,True,month_only_vague,False,False,True,False
2022년 지역축제 개최 계획(취합).xlsx,세부현황,2022,경남,제22회 토지문학제,문화예술,10.14~10.16.,혼합형,,2022-10-14,2022-10-16,False,exact_or_partial,False,False,True,False
2022년 지역축제 개최 계획(취합).xlsx,세부현황,2022,경남,악양대봉감축제,특산물,11월중,미정,,2022-11-01,2022-11-30,True,month_only_vague,False,False,True,False
2022년 지역축제 개최 계획(취합).xlsx,세부현황,2022,경남,제15회 지리산산청곶감축제,특산물,1.6.~1.23,온라인,,2022-01-06,2022-01-23,False,exact_or_partial,False,True,False,False
2022년 지역축제 개최 계획(취합).xlsx,세부현황,2022,경남,제38회 산청황매산철쭉제,생태자연,5월중,미정,,2022-05-01,2022-05-31,True,month_only_vague,False,False,True,False
2022년 지역축제 개최 계획(취합).xlsx,세부현황,2022,경남,제4회 산청생초국제조각공원꽃잔디축제,생태자연,4월중,미정,,2022-04-01,2022-04-30,True,month_only_vague,False,False,True,False
2022년 지역축제 개최 계획(취합).xlsx,세부현황,2022,경남,단성유채꽃축제,생태자연,4월중,미정,,2022-04-01,2022-04-30,True,month_only_vague,False,False,True,False
2022년 지역축제 개최 계획(취합).xlsx,세부현황,2022,경남,산청경호강물페스티벌,생태자연,7월중,미정,,2022-07-01,2022-07-31,True,month_only_vague,False,False,True,False
2022년 지역축제 개최 계획(취합).xlsx,세부현황,2022,경남,산청한방약초축제,특산물,9월중,미정,,2022-09-01,2022-09-30,True,month_only_vague,False,False,True,False
2022년 지역축제 개최 계획(취합).xlsx,세부현황,2022,경남,제16회 기산국악제전,문화예술,9월중,미정,,2022-09-01,2022-09-30,True,month_only_vague,False,False,True,False
2022년 지역축제 개최 계획(취합).xlsx,세부현황,2022,경남,제46회 남명선비문화축제,문화예술,10월중,미정,,2022-10-01,2022-10-31,True,month_only_vague,False,False,True,False
2022년 지역축제 개최 계획(취합).xlsx,세부현황,2022,경남,제61회 천령문화제,"ㅇ 문화예술
ㅇ 전통역사",5월중,혼합형,,2022-05-01,2022-05-31,True,month_only_vague,False,False,True,False
2022년 지역축제 개최 계획(취합).xlsx,세부현황,2022,경남,함양산삼축제,특산물,09.02.~09.11.,대면,,2022-09-02,2022-09-11,False,exact_or_partial,False,False,True,False
2022년 지역축제 개최 계획(취합).xlsx,세부현황,2022,경남,거창산양삼축제,특산물,5월경(3일간),대면,,2022-05-01,2022-05-31,True,month_only_vague,False,False,True,False
2022년 지역축제 개최 계획(취합).xlsx,세부현황,2022,경남,제32회거창국제연극제,문화예술,7.22~8.5,대면,,2022-07-22,2022-08-05,False,exact_or_partial,False,False,True,False
2022년 지역축제 개최 계획(취합).xlsx,세부현황,2022,경남,2022 거창한마당대축제,기타(주민화홥 등),9.22 ~ 9.25,대면,,2022-09-22,2022-09-25,False,exact_or_partial,False,False,True,False
2022년 지역축제 개최 계획(취합).xlsx,세부현황,2022,경남,감악산 꽃&별 여행,생태자연,10월 초,대면,,2022-10-01,2022-10-31,True,month_only_vague,False,False,True,False
2022년 지역축제 개최 계획(취합).xlsx,세부현황,2022,경남,제25회 황매산 철쭉제,기타(주민화합),05.01.~05.15.,혼합형,,2022-05-01,2022-05-15,False,exact_or_partial,False,False,True,False
2022년 지역축제 개최 계획(취합).xlsx,세부현황,2022,경남,제1회 황매산 억새 축제,기타(주민화합),10.01.~10.31.,혼합형,,2022-10-01,2022-10-31,False,exact_or_partial,False,False,True,False
2022년 지역축제 개최 계획(취합).xlsx,세부현황,2022,경남,대야문화제,문화예술,10월 예정,대면,,2022-10-01,2022-10-31,True,month_only_vague,False,False,True,False
2022년 지역축제 개최 계획(취합).xlsx,세부현황,2022,경남,합천기록문화축제,문화예술,10월 예정,대면,,2022-10-01,2022-10-31,True,month_only_vague,False,False,True,False
2022년 지역축제 개최 계획(취합).xlsx,세부현황,2022,전남,2022 명량대첩축제,전통역사,9.23.~9.25.,혼합형,,2022-09-23,2022-09-25,False,exact_or_partial,False,False,True,False
2022년 지역축제 개최 계획(취합).xlsx,세부현황,2022,전남,제28회 남도음식문화큰잔치,특산물,10.8.~10.10.,혼합형,,2022-10-08,2022-10-10,False,exact_or_partial,False,False,True,False
2022년 지역축제 개최 계획(취합).xlsx,세부현황,2022,전남,2022 목포유달산봄축제,생태자연,4.7~4.10.,대면,,2022-04-07,2022-04-10,False,exact_or_partial,False,False,True,False
2022년 지역축제 개최 계획(취합).xlsx,세부현황,2022,전남,2022 목포항구축제,생태자연,10.13~10.16.,대면,,2022-10-13,2022-10-16,False,exact_or_partial,False,False,True,False
2022년 지역축제 개최 계획(취합).xlsx,세부현황,2022,전남,제30회 여수영취산진달래체험행사,생태자연,3.25.~3.27.,혼합형,,2022-03-25,2022-03-27,False,exact_or_partial,False,False,True,False
2022년 지역축제 개최 계획(취합).xlsx,세부현황,2022,전남,제56회 여수거북선축제,전통역사,5.6.~5.8.,혼합형,,2022-05-06,2022-05-08,False,exact_or_partial,False,False,True,False
2022년 지역축제 개최 계획(취합).xlsx,세부현황,2022,전남,제20회 거문도백도 은빛바다 체험행사,기타(주민화합 등),8.12.~8.14.,혼합형,,2022-08-12,2022-08-14,False,exact_or_partial,False,False,True,False
2022년 지역축제 개최 계획(취합).xlsx,세부현황,2022,전남,2022 여수밤바다 불꽃축제,문화예술,9월중,혼합형,,2022-09-01,2022-09-30,True,month_only_vague,False,False,True,False
2022년 지역축제 개최 계획(취합).xlsx,세부현황,2022,전남,여수여자만갯벌노을체험행사,생태자연,9.24.~9.25.,혼합형,,2022-09-24,2022-09-25,False,exact_or_partial,False,False,True,False
2022년 지역축제 개최 계획(취합).xlsx,세부현황,2022,전남,여수동동북축제,전통역사,11월중,혼합형,,2022-11-01,2022-11-30,True,month_only_vague,False,False,True,False
2022년 지역축제 개최 계획(취합).xlsx,세부현황,2022,전남,제27회 여수향일암일출제,생태자연,12.31.~23.1.1.,혼합형,,2022-12-31,2023-01-01,False,exact_or_partial,False,False,True,False
2022년 지역축제 개최 계획(취합).xlsx,세부현황,2022,전남,제6회 순천 푸드앤아트페스티벌,문화예술,9월~10월중(3일),대면,,2022-09-01,2022-10-31,True,month_range_vague,False,False,True,False
2022년 지역축제 개최 계획(취합).xlsx,세부현황,2022,전남,제23회 순천만갈대축제,생태자연,10월~11월중(3일),대면,,2022-10-01,2022-11-30,True,month_range_vague,False,False,True,False
2022년 지역축제 개최 계획(취합).xlsx,세부현황,2022,전남,제27회 낙안읍성 민속문화축제,전통역사,10.21.~10.23.,대면,,2022-10-21,2022-10-23,False,exact_or_partial,False,False,True,False
2022년 지역축제 개최 계획(취합).xlsx,세부현황,2022,전남,"제17회순천명품
월등복숭아체험행사",특산물,8.6~8.7.(2일),대면,,2022-08-06,2022-08-06,False,exact_or_partial,False,False,True,False
2022년 지역축제 개최 계획(취합).xlsx,세부현황,2022,전남,대한민국 마한문화제,문화예술,10월중,대면,,2022-10-01,2022-10-31,True,month_only_vague,False,False,True,False
2022년 지역축제 개최 계획(취합).xlsx,세부현황,2022,전남,영산포 홍어축제,특산물,4월중,대면,,2022-04-01,2022-04-30,True,month_only_vague,False,False,True,False
2022년 지역축제 개최 계획(취합).xlsx,세부현황,2022,전남,천년나주목읍성문화축제,문화예술,5월중,대면,,2022-05-01,2022-05-31,True,month_only_vague,False,False,True,False
2022년 지역축제 개최 계획(취합).xlsx,세부현황,2022,전남,광양매화축제,생태자연,3월중(9~10일),대면,,2022-03-01,2022-03-31,True,month_only_vague,False,False,True,False
2022년 지역축제 개최 계획(취합).xlsx,세부현황,2022,전남,백운산국사봉철쭉축제,생태자연,4월중(3일),대면,,2022-04-01,2022-04-30,True,month_only_vague,False,False,True,False
2022년 지역축제 개최 계획(취합).xlsx,세부현황,2022,전남,(가칭)광양2022 K-POP 슈퍼 페스티벌,문화예술,5월중(3일),혼합형,,2022-05-01,2022-05-31,True,month_only_vague,False,False,True,False
2022년 지역축제 개최 계획(취합).xlsx,세부현황,2022,전남,광양전어축제,특산물,8월중(3일),대면,,2022-08-01,2022-08-31,True,month_only_vague,False,False,True,False
2022년 지역축제 개최 계획(취합).xlsx,세부현황,2022,전남,광양전통숯불구이축제,특산물,10월중(3~4일),대면,,2022-10-01,2022-10-31,True,month_only_vague,False,False,True,False
2022년 지역축제 개최 계획(취합).xlsx,세부현황,2022,전남,제22회 담양대나무축제,생태자연,5.2.~5.8(7일),대면,,2022-05-02,2022-05-02,False,exact_or_partial,False,False,True,False
2022년 지역축제 개최 계획(취합).xlsx,세부현황,2022,전남,용면추월산벚꽃축제,생태자연,4월초(2일),대면,,2022-04-01,2022-04-30,True,month_only_vague,False,False,True,False
2022년 지역축제 개최 계획(취합).xlsx,세부현황,2022,전남,창평전통음식축제,특산물,10월중(3일),대면,,2022-10-01,2022-10-31,True,month_only_vague,False,False,True,False
2022년 지역축제 개최 계획(취합).xlsx,세부현황,2022,전남,담양산타축제,문화예술,12월중(10일),대면,,2022-12-01,2022-12-31,True,month_only_vague,False,False,True,False
2022년 지역축제 개최 계획(취합).xlsx,세부현황,2022,전남,제12회 곡성세계장미축제,생태자연,5.21.~6.6.,혼합형,,2022-05-21,2022-06-06,False,exact_or_partial,False,False,True,False
2022년 지역축제 개최 계획(취합).xlsx,세부현황,2022,전남,(가칭)제1회 아이스멜론 페스티벌,특산물,7.8.~7.10.,대면,,2022-07-08,2022-07-10,False,exact_or_partial,False,False,True,False
2022년 지역축제 개최 계획(취합).xlsx,세부현황,2022,전남,제22회 곡성심청어린이대축제,기타(주민화합 등),10.21.~10.30.,혼합형,,2022-10-21,2022-10-30,False,exact_or_partial,False,False,True,False
2022년 지역축제 개최 계획(취합).xlsx,세부현황,2022,전남,제23회 구례산수유꽃축제,생태자연,3.12.~3.20.,혼합형,,2022-03-12,2022-03-20,False,exact_or_partial,False,False,True,False
2022년 지역축제 개최 계획(취합).xlsx,세부현황,2022,전남,제18회 구례섬진강벚꽃축제,생태자연,3월말,대면,,2022-03-01,2022-03-31,True,month_only_vague,False,False,True,False
2022년 지역축제 개최 계획(취합).xlsx,세부현황,2022,전남,제78회 지리산남악제 및 군민의 날 행사,전통역사,4월중,대면,,2022-04-01,2022-04-30,True,month_only_vague,False,False,True,False
2022년 지역축제 개최 계획(취합).xlsx,세부현황,2022,전남,구례뮤직페스티벌,문화예술,7월중,대면,,2022-07-01,2022-07-31,True,month_only_vague,False,False,True,False
2022년 지역축제 개최 계획(취합).xlsx,세부현황,2022,전남,화엄음악제,문화예술,10월중,대면,,2022-10-01,2022-10-31,True,month_only_vague,False,False,True,False
2022년 지역축제 개최 계획(취합).xlsx,세부현황,2022,전남,제14회 구례동편소리축제,문화예술,10월중,대면,,2022-10-01,2022-10-31,True,month_only_vague,False,False,True,False
2022년 지역축제 개최 계획(취합).xlsx,세부현황,2022,전남,제46회 지리산피아골단풍축제,생태자연,11월중,대면,,2022-11-01,2022-11-30,True,month_only_vague,False,False,True,False
2022년 지역축제 개최 계획(취합).xlsx,세부현황,2022,전남,구례산수유웰니스페스티벌,생태자연,11월중,혼합형,,2022-11-01,2022-11-30,True,month_only_vague,False,False,True,False
2022년 지역축제 개최 계획(취합).xlsx,세부현황,2022,전남,제13회 고흥우주항공축제,문화예술,5.5.~5.8.,대면,,2022-05-05,2022-05-08,False,exact_or_partial,False,False,True,False
2022년 지역축제 개최 계획(취합).xlsx,세부현황,2022,전남,제20회 고흥 녹동 바다불꽃축제,특산물,5.5.~5.8.,대면,,2022-05-05,2022-05-08,False,exact_or_partial,False,False,True,False
2022년 지역축제 개최 계획(취합).xlsx,세부현황,2022,전남,제2회 고흥 유자 석류축제,특산물,11.3~11.6.,대면,,2022-11-03,2022-11-06,False,exact_or_partial,False,False,True,False
2022년 지역축제 개최 계획(취합).xlsx,세부현황,2022,전남,보성다향대축제,특산물,4.15.~4.21.,대면,,2022-04-15,2022-04-21,False,exact_or_partial,False,False,True,False
2022년 지역축제 개최 계획(취합).xlsx,세부현황,2022,전남,서편제보성소리축제,문화예술,4.15.~4.17.,대면,,2022-04-15,2022-04-17,False,exact_or_partial,False,False,True,False
2022년 지역축제 개최 계획(취합).xlsx,세부현황,2022,전남,보성전어축제,특산물,8월중,대면,,2022-08-01,2022-08-31,True,month_only_vague,False,False,True,False
2022년 지역축제 개최 계획(취합).xlsx,세부현황,2022,전남,벌교꼬막&문학축제,특산물,11월중,대면,,2022-11-01,2022-11-30,True,month_only_vague,False,False,True,False
2022년 지역축제 개최 계획(취합).xlsx,세부현황,2022,전남,보성차밭빛축제,기타(주민화합 등),12월중,대면,,2022-12-01,2022-12-31,True,month_only_vague,False,False,True,False
2022년 지역축제 개최 계획(취합).xlsx,세부현황,2022,전남,율포해변 불꽃축제,기타(주민화합 등),12.31.~'22.1.1.,대면,,2022-12-31,2022-12-31,False,exact_or_partial,False,False,True,False
2022년 지역축제 개최 계획(취합).xlsx,세부현황,2022,전남,화순 국화향연,생태자연,10~11월(17일),대면,,2022-11-01,2022-11-30,True,month_only_vague,False,False,True,False
2022년 지역축제 개최 계획(취합).xlsx,세부현황,2022,전남,적벽 문화제,생태자연,10월중(2일),대면,,2022-10-01,2022-10-31,True,month_only_vague,False,False,True,False
2022년 지역축제 개최 계획(취합).xlsx,세부현황,2022,전남,고인돌 문화축제,문화예술,4.16.~17.,대면,,2022-04-16,2022-04-17,False,exact_or_partial,False,False,True,False
2022년 지역축제 개최 계획(취합).xlsx,세부현황,2022,전남,동구리 호수공원 봄축제,생태자연,4.30.~5.1.,대면,,2022-04-30,2022-05-01,False,exact_or_partial,False,False,True,False
2022년 지역축제 개최 계획(취합).xlsx,세부현황,2022,전남,운주 문화축제,문화예술,5월중(2일),대면,,2022-05-01,2022-05-31,True,month_only_vague,False,False,True,False
2022년 지역축제 개최 계획(취합).xlsx,세부현황,2022,전남,백아산 철쭉제,생태자연,5.6.~5.7.,대면,,2022-05-06,2022-05-07,False,exact_or_partial,False,False,True,False
2022년 지역축제 개최 계획(취합).xlsx,세부현황,2022,전남,2022 정남진장흥키조개축제,특산물,5월초,미정,,2022-05-01,2022-05-31,True,month_only_vague,False,False,True,False
2022년 지역축제 개최 계획(취합).xlsx,세부현황,2022,전남,제15회 정남진장흥물축제,생태자연,7.30.~8.7.,미정,,2022-07-30,2022-08-07,False,exact_or_partial,False,False,True,False
2022년 지역축제 개최 계획(취합).xlsx,세부현황,2022,전남,2022 장평명품호두축제,특산물,9월중,미정,,2022-09-01,2022-09-30,True,month_only_vague,False,False,True,False
2022년 지역축제 개최 계획(취합).xlsx,세부현황,2022,전남,2022 회령포문화축제,전통역사,10월중,미정,,2022-10-01,2022-10-31,True,month_only_vague,False,False,True,False
2022년 지역축제 개최 계획(취합).xlsx,세부현황,2022,전남,2022 장흥표고버섯축제,특산물,10월중,미정,,2022-10-01,2022-10-31,True,month_only_vague,False,False,True,False
2022년 지역축제 개최 계획(취합).xlsx,세부현황,2022,전남,제5회 강진군동금곡사 벚꽃30리길 축제,생태자연,4.1~4.3.,대면,,2022-04-01,2022-04-03,False,exact_or_partial,False,False,True,False
2022년 지역축제 개최 계획(취합).xlsx,세부현황,2022,전남,제25회 전라병영성축제,전통역사,4.20.~4.24.,대면,,2022-04-20,2022-04-24,False,exact_or_partial,False,False,True,False
2022년 지역축제 개최 계획(취합).xlsx,세부현황,2022,전남,제14회 마량 미항 찰전어축제,특산물,9.16.~9.18.,대면,,2022-09-16,2022-09-18,False,exact_or_partial,False,False,True,False
2022년 지역축제 개최 계획(취합).xlsx,세부현황,2022,전남,제50회 강진청자축제,전통역사,9.30.~10.6.,대면,,2022-09-30,2022-10-06,False,exact_or_partial,False,False,True,False
2022년 지역축제 개최 계획(취합).xlsx,세부현황,2022,전남,제7회 강진만춤추는 갈대축제,생태자연,10.28.~11.6.,대면,,2022-10-28,2022-11-06,False,exact_or_partial,False,False,True,False
2022년 지역축제 개최 계획(취합).xlsx,세부현황,2022,전남,제9회 땅끝매화축제,생태자연,3월중,대면,,2022-03-01,2022-03-31,True,month_only_vague,False,False,True,False
2022년 지역축제 개최 계획(취합).xlsx,세부현황,2022,전남,2022 송호해변 여름축제,생태자연,7월~8월중,대면,,2022-07-01,2022-08-31,True,month_range_vague,False,False,True,False
2022년 지역축제 개최 계획(취합).xlsx,세부현황,2022,전남,2022 오시아노 뮤직페스티벌,문화예술,8월중,대면,,2022-08-01,2022-08-31,True,month_only_vague,False,False,True,False
2022년 지역축제 개최 계획(취합).xlsx,세부현황,2022,전남,제4회 해남미남축제,특산물,10월말~11월초,대면,,2022-10-01,2022-11-30,True,month_range_vague,False,False,True,False
2022년 지역축제 개최 계획(취합).xlsx,세부현황,2022,전남,제25회 땅끝해넘이해맞이축제,생태자연,12.31.~'23.1.1.,대면,,2022-12-31,2023-01-01,False,exact_or_partial,False,False,True,False
2022년 지역축제 개최 계획(취합).xlsx,세부현황,2022,전남,영암왕인문화축제,문화예술,4월중,미정,,2022-04-01,2022-04-30,True,month_only_vague,False,False,True,False
2022년 지역축제 개최 계획(취합).xlsx,세부현황,2022,전남,월출산국화축제,생태자연,10월~11월,미정,,2022-10-01,2022-11-30,True,month_range_vague,False,False,True,False
2022년 지역축제 개최 계획(취합).xlsx,세부현황,2022,전남,마한축제,전통역사,10월중,미정,,2022-10-01,2022-10-31,True,month_only_vague,False,False,True,False
2022년 지역축제 개최 계획(취합).xlsx,세부현황,2022,전남,영암무화과축제,특산물,9월중,미정,,2022-09-01,2022-09-30,True,month_only_vague,False,False,True,False
2022년 지역축제 개최 계획(취합).xlsx,세부현황,2022,전남,제25회 무안연꽃축제,생태자연,7월~8월(4일),대면,,2022-07-01,2022-08-31,True,month_range_vague,False,False,True,False
2022년 지역축제 개최 계획(취합).xlsx,세부현황,2022,전남,제9회 무안황토갯벌축제,생태자연,9월중(3일),대면,,2022-09-01,2022-09-30,True,month_only_vague,False,False,True,False
2022년 지역축제 개최 계획(취합).xlsx,세부현황,2022,전남,2022 무안YD 페스티벌,기타(주민화합 등),10월중(3일),대면,,2022-10-01,2022-10-31,True,month_only_vague,False,False,True,False
2022년 지역축제 개최 계획(취합).xlsx,세부현황,2022,전남,제24회 함평나비대축제,생태자연,4.29.~5.8.,혼합형,,2022-04-29,2022-05-08,False,exact_or_partial,False,False,True,False
2022년 지역축제 개최 계획(취합).xlsx,세부현황,2022,전남,2022 대한민국 국향대전,생태자연,10.21.~11.6.,혼합형,,2022-10-21,2022-11-06,False,exact_or_partial,False,False,True,False
2022년 지역축제 개최 계획(취합).xlsx,세부현황,2022,전남,2022 꽃무릇큰잔치,생태자연,9.16.~9.17.,대면,,2022-09-16,2022-09-17,False,exact_or_partial,False,False,True,False
2022년 지역축제 개최 계획(취합).xlsx,세부현황,2022,전남,2022 대한민국 난명품대제전,특산물,3.26.~3.27.,대면,,2022-03-26,2022-03-27,False,exact_or_partial,False,False,True,False
2022년 지역축제 개최 계획(취합).xlsx,세부현황,2022,전남,2022 곡우사리 영광굴비축제,특산물,4.22.~4.24.,혼합형,,2022-04-22,2022-04-24,False,exact_or_partial,False,False,True,False
2022년 지역축제 개최 계획(취합).xlsx,세부현황,2022,전남,제9회 영광찰보리문화축제,생태자연,4.29.~4.30.,혼합형,,2022-04-29,2022-04-30,False,exact_or_partial,False,False,True,False
2022년 지역축제 개최 계획(취합).xlsx,세부현황,2022,전남,2022 영광법성포단오제,문화예술,6.2.~6.5.,혼합형,,2022-06-02,2022-06-05,False,exact_or_partial,False,False,True,False
2022년 지역축제 개최 계획(취합).xlsx,세부현황,2022,전남,제13회 영광천일염젓갈갯벌축제,생태자연,8.26.~8.28.,혼합형,,2022-08-26,2022-08-28,False,exact_or_partial,False,False,True,False
2022년 지역축제 개최 계획(취합).xlsx,세부현황,2022,전남,제22회 영광불갑산상사화축제,생태자연,9.16.~9.25.,혼합형,,2022-09-16,2022-09-25,False,exact_or_partial,False,False,True,False
2022년 지역축제 개최 계획(취합).xlsx,세부현황,2022,전남,제13회 영광백수해안도로노을축제,생태자연,10.1.~10.2.,혼합형,,2022-10-01,2022-10-02,False,exact_or_partial,False,False,True,False
2022년 지역축제 개최 계획(취합).xlsx,세부현황,2022,전남,제6회 빈센트의봄,생태자연,4월중,혼합형,,2022-04-01,2022-04-30,True,month_only_vague,False,False,True,False
2022년 지역축제 개최 계획(취합).xlsx,세부현황,2022,전남,제21회 황룡강 (洪)길동무 꽃길 축제,생태자연,5월중,혼합형,,2022-05-01,2022-05-31,True,month_only_vague,False,False,True,False
2022년 지역축제 개최 계획(취합).xlsx,세부현황,2022,전남,제6회 황룡강 노란꽃잔치,생태자연,10월중,혼합형,,2022-10-01,2022-10-31,True,month_only_vague,False,False,True,False
2022년 지역축제 개최 계획(취합).xlsx,세부현황,2022,전남,제13회 축령산 편백산소축제,생태자연,10월중,혼합형,,2022-10-01,2022-10-31,True,month_only_vague,False,False,True,False
2022년 지역축제 개최 계획(취합).xlsx,세부현황,2022,전남,제23회 백양단풍축제,생태자연,11월중,혼합형,,2022-11-01,2022-11-30,True,month_only_vague,False,False,True,False
2022년 지역축제 개최 계획(취합).xlsx,세부현황,2022,전남,2022 완도장보고수산물축제,전통역사,5.5.~5.8.,혼합형,,2022-05-05,2022-05-08,False,exact_or_partial,False,False,True,False
2022년 지역축제 개최 계획(취합).xlsx,세부현황,2022,전남,2022 청산도슬로걷기축제,생태자연,4.1.~5.8.,혼합형,,2022-04-01,2022-05-08,False,exact_or_partial,False,False,True,False
2022년 지역축제 개최 계획(취합).xlsx,세부현황,2022,전남,2022 청정완도 가을섬여행,문화예술,10월중,혼합형,,2022-10-01,2022-10-31,True,month_only_vague,False,False,True,False
2022년 지역축제 개최 계획(취합).xlsx,세부현황,2022,전남,제43회 진도신비의바닷길축제,생태자연,4.17.~4.19.,대면,,2022-04-17,2022-04-19,False,exact_or_partial,False,False,True,False
2022년 지역축제 개최 계획(취합).xlsx,세부현황,2022,전남,제9회 대한민국진도개페스티벌,특산물,5.3.~5.5.,대면,,2022-05-03,2022-05-05,False,exact_or_partial,False,False,True,False
2022년 지역축제 개최 계획(취합).xlsx,세부현황,2022,전남,2022 진도문화예술제,문화예술,10월중(1개월),대면,,2022-10-01,2022-10-31,True,month_only_vague,False,False,True,False
2022년 지역축제 개최 계획(취합).xlsx,세부현황,2022,전남,2022년 섬 튤립축제,생태자연,4월중(10일),혼합형,,2022-04-01,2022-04-30,True,month_only_vague,False,False,True,False
2022년 지역축제 개최 계획(취합).xlsx,세부현황,2022,충남,천안흥타령춤축제,"ㅇ 춤경연 대회(전국춤 , 국제춤 분야)
ㅇ 코리아국제현대무용콩쿠르
ㅇ 농산물 홍보 및 체험 한마당 운영
ㅇ 부대공연",9.21~9.25,혼합형,,2022-09-21,2022-09-25,False,exact_or_partial,False,False,True,False
2022년 지역축제 개최 계획(취합).xlsx,세부현황,2022,충남,천안호두축제,특산물,10월 중,혼합형,,2022-10-01,2022-10-31,True,month_only_vague,False,False,True,False
2022년 지역축제 개최 계획(취합).xlsx,세부현황,2022,충남,천안북면위례벚꽃축제,생태자연,4월 초중순(2일간),대면,,2022-04-01,2022-04-30,True,month_only_vague,False,False,True,False
2022년 지역축제 개최 계획(취합).xlsx,세부현황,2022,충남,입장거봉포도축제,특산물,9월중(2일간),대면,,2022-09-01,2022-09-30,True,month_only_vague,False,False,True,False
2022년 지역축제 개최 계획(취합).xlsx,세부현황,2022,충남,겨울공주 군밤축제,지역특산물,2월중,혼합형,,2022-02-01,2022-02-28,True,month_only_vague,False,False,True,False
2022년 지역축제 개최 계획(취합).xlsx,세부현황,2022,충남,석장리 세계구석기축제,전통역사,5.5. ~ 5. 8,혼합형,,2022-05-05,2022-05-08,False,exact_or_partial,False,False,True,False
2022년 지역축제 개최 계획(취합).xlsx,세부현황,2022,충남,계룡산 벚꽃축제,생태자연,4월중,대면,,2022-04-01,2022-04-30,True,month_only_vague,False,False,True,False
2022년 지역축제 개최 계획(취합).xlsx,세부현황,2022,충남,계룡산산신제,전통역사,4월중,대면,,2022-04-01,2022-04-30,True,month_only_vague,False,False,True,False
2022년 지역축제 개최 계획(취합).xlsx,세부현황,2022,충남,마곡사 신록축제,문화예술,4월중,대면,,2022-04-01,2022-04-30,True,month_only_vague,False,False,True,False
2022년 지역축제 개최 계획(취합).xlsx,세부현황,2022,충남,갑사황매화축제,생태자연,4월중,대면,,2022-04-01,2022-04-30,True,month_only_vague,False,False,True,False
2022년 지역축제 개최 계획(취합).xlsx,세부현황,2022,충남,공주항공축제,생태자연,9월중,대면,,2022-09-01,2022-09-30,True,month_only_vague,False,False,True,False
2022년 지역축제 개최 계획(취합).xlsx,세부현황,2022,충남,유구색동수국정원꽃축제,문화예술,6월중,대면,,2022-06-01,2022-06-30,True,month_only_vague,False,False,True,False
2022년 지역축제 개최 계획(취합).xlsx,세부현황,2022,충남,제68회 백제문화제,백제역사,10. 1.~10.10,혼합형,,2022-10-01,2022-10-10,False,exact_or_partial,False,False,True,False
2022년 지역축제 개최 계획(취합).xlsx,세부현황,2022,충남,구절산 구절초 축제,생태자연,10월중,대면,,2022-10-01,2022-10-31,True,month_only_vague,False,False,True,False
2022년 지역축제 개최 계획(취합).xlsx,세부현황,2022,충남,무창포 주꾸미.도다리 축제,특산물,3월~4월,대면,,2022-03-01,2022-04-30,True,month_range_vague,False,False,True,False
2022년 지역축제 개최 계획(취합).xlsx,세부현황,2022,충남,2022 옥마산 봄꽃축제,생태자연,4월 중순 / 2일간,대면,,2022-04-01,2022-04-30,True,month_only_vague,False,False,True,False
2022년 지역축제 개최 계획(취합).xlsx,세부현황,2022,충남,제16회 주산봄꽃축제,주민화합,4월중,대면,,2022-04-01,2022-04-30,True,month_only_vague,False,False,True,False
2022년 지역축제 개최 계획(취합).xlsx,세부현황,2022,충남,대천해수욕장 조개구이 축제,특산물,5월중,대면,,2022-05-01,2022-05-31,True,month_only_vague,False,False,True,False
2022년 지역축제 개최 계획(취합).xlsx,세부현황,2022,충남,대천항수산물축제,특산물,5월중,대면,,2022-05-01,2022-05-31,True,month_only_vague,False,False,True,False
2022년 지역축제 개최 계획(취합).xlsx,세부현황,2022,충남,오천항키조개축제,특산물,5월중,대면,,2022-05-01,2022-05-31,True,month_only_vague,False,False,True,False
2022년 지역축제 개최 계획(취합).xlsx,세부현황,2022,충남,보령AMC모터페스티벌,기타,5월중,대면,,2022-05-01,2022-05-31,True,month_only_vague,False,False,True,False
2022년 지역축제 개최 계획(취합).xlsx,세부현황,2022,충남,제25회 보령머드축제,기타,7월~8월,대면,,2022-07-01,2022-08-31,True,month_range_vague,False,False,True,False
2022년 지역축제 개최 계획(취합).xlsx,세부현황,2022,충남,무창포 신비의 바닷길 축제,기타,8~9월,대면,,2022-09-01,2022-09-30,True,month_only_vague,False,False,True,False
2022년 지역축제 개최 계획(취합).xlsx,세부현황,2022,충남,보령예술제,문화예술,9~10월,대면,,2022-10-01,2022-10-31,True,month_only_vague,False,False,True,False
2022년 지역축제 개최 계획(취합).xlsx,세부현황,2022,충남,만세보령문화제,기타(주민화합 등),10월 중,대면,,2022-10-01,2022-10-31,True,month_only_vague,False,False,True,False
2022년 지역축제 개최 계획(취합).xlsx,세부현황,2022,충남,제1회 원산도 붕장어 축제,특산품,10월~11월중(2일),대면,,2022-10-01,2022-11-30,True,month_range_vague,False,False,True,False
2022년 지역축제 개최 계획(취합).xlsx,세부현황,2022,충남,제19회 성주산단풍축제,기타(주민화합 등),10월~11월 중,대면,,2022-10-01,2022-11-30,True,month_range_vague,False,False,True,False
2022년 지역축제 개최 계획(취합).xlsx,세부현황,2022,충남,제8회 청라 은행마을 단풍축제,생태자연,"11월 첫째주
(예정)",대면,,2022-11-01,2022-11-30,True,month_only_vague,False,False,True,False
2022년 지역축제 개최 계획(취합).xlsx,세부현황,2022,충남,보령 김축제,특산물,11월중,대면,,2022-11-01,2022-11-30,True,month_only_vague,False,False,True,False
2022년 지역축제 개최 계획(취합).xlsx,세부현황,2022,충남,천북 굴축제,특산물,11월중,대면,,2022-11-01,2022-11-30,True,month_only_vague,False,False,True,False
2022년 지역축제 개최 계획(취합).xlsx,세부현황,2022,충남,겨울바다사랑축제,기타,12월중,대면,,2022-12-01,2022-12-31,True,month_only_vague,False,False,True,False
2022년 지역축제 개최 계획(취합).xlsx,세부현황,2022,충남,제60회 성웅이순신축제,기타(주민화합 등),4.29.~5.1,대면,,2022-04-29,2022-05-01,False,exact_or_partial,False,False,True,False
2022년 지역축제 개최 계획(취합).xlsx,세부현황,2022,충남,한여름밤의 신정호 별빛축제,기타(주민화합 등),8월 중,대면,,2022-08-01,2022-08-31,True,month_only_vague,False,False,True,False
2022년 지역축제 개최 계획(취합).xlsx,세부현황,2022,충남,제4회 해미천 벚꽃축제,주민화합,"4월 중순(토, 일)",대면,,2022-04-01,2022-04-30,True,month_only_vague,False,False,True,False
2022년 지역축제 개최 계획(취합).xlsx,세부현황,2022,충남,팔봉산감자축제,특산물,6월중(2~3일),대면,,2022-06-01,2022-06-30,True,month_only_vague,False,False,True,False
2022년 지역축제 개최 계획(취합).xlsx,세부현황,2022,충남,서산갯마을축제,생태자연,"6월 중
(2일간)",대면,,2022-06-01,2022-06-30,True,month_only_vague,False,False,True,False
2022년 지역축제 개최 계획(취합).xlsx,세부현황,2022,충남,서산6쪽마늘축제,특산물,7월중(2~3일),대면,,2022-07-01,2022-07-31,True,month_only_vague,False,False,True,False
2022년 지역축제 개최 계획(취합).xlsx,세부현황,2022,충남,삼길포우럭축제,생태자연,8월중(3일),대면,,2022-08-01,2022-08-31,True,month_only_vague,False,False,True,False
2022년 지역축제 개최 계획(취합).xlsx,세부현황,2022,충남,제19회 서산해미읍성축제,전통역사,10.07.~10.09.,"대면 또는 
대면,비대면 병행",,2022-10-07,2022-10-09,False,exact_or_partial,False,False,True,False
2022년 지역축제 개최 계획(취합).xlsx,세부현황,2022,충남,서산뻘낙지먹물축제,생태자연,"10월중
(2일간)",대면,,2022-10-01,2022-10-31,True,month_only_vague,False,False,True,False
2022년 지역축제 개최 계획(취합).xlsx,세부현황,2022,충남,제23회 서산국화축제,생태자연,11. 4.~11. 13.,대면,,2022-11-04,2022-11-13,False,exact_or_partial,False,False,True,False
2022년 지역축제 개최 계획(취합).xlsx,세부현황,2022,충남,간월도어리굴젓축제,생태자연,11월중(2일),대면,,2022-11-01,2022-11-30,True,month_only_vague,False,False,True,False
2022년 지역축제 개최 계획(취합).xlsx,세부현황,2022,충남,논산딸기축제,특산물,2.23.-2.27.,비대면 개최(온라인),,2022-02-23,2022-02-27,False,exact_or_partial,False,False,True,False
2022년 지역축제 개최 계획(취합).xlsx,세부현황,2022,충남,해바라기축제,특산물,6월중(2일간),현장 개최,,2022-06-01,2022-06-30,True,month_only_vague,False,False,True,False
2022년 지역축제 개최 계획(취합).xlsx,세부현황,2022,충남,콩밭열무축제,특산물,8월중(2일간),현장 개최,,2022-08-01,2022-08-31,True,month_only_vague,False,False,True,False
2022년 지역축제 개최 계획(취합).xlsx,세부현황,2022,충남,상월명품고구마축제,특산물,9월중(2일간),현장 개최,,2022-09-01,2022-09-30,True,month_only_vague,False,False,True,False
2022년 지역축제 개최 계획(취합).xlsx,세부현황,2022,충남,연산대추축제,특산물,"10월 중순
(3일간)",현장 및 비대면 병행 등,,2022-10-01,2022-10-31,True,month_only_vague,False,False,True,False
2022년 지역축제 개최 계획(취합).xlsx,세부현황,2022,충남,강경젓갈축제,특산물,10월중(5일간),온/오프라인 병행,,2022-10-01,2022-10-31,True,month_only_vague,False,False,True,False
2022년 지역축제 개최 계획(취합).xlsx,세부현황,2022,충남,양촌곶감축제,특산물,12월중(2일간),현장 개최,,2022-12-01,2022-12-31,True,month_only_vague,False,False,True,False
2022년 지역축제 개최 계획(취합).xlsx,세부현황,2022,충남,2022계룡세계군문화엑스포,문화예술,10.07.~10.23.,대면,,2022-10-07,2022-10-23,False,exact_or_partial,False,False,True,False
2022년 지역축제 개최 계획(취합).xlsx,세부현황,2022,충남,제20회 면천진달래축제,기타,4월 중,미정,,2022-04-01,2022-04-30,True,month_only_vague,False,False,True,False
2022년 지역축제 개최 계획(취합).xlsx,세부현황,2022,충남,2022년 기지시줄다리기민속축제,전통역사,4월 중,미정,,2022-04-01,2022-04-30,True,month_only_vague,False,False,True,False
2022년 지역축제 개최 계획(취합).xlsx,세부현황,2022,충남,제15회 순성매화벚꽃축제,기타,4월 중,미정,,2022-04-01,2022-04-30,True,month_only_vague,False,False,True,False
2022년 지역축제 개최 계획(취합).xlsx,세부현황,2022,충남,제 17회 장고항실치축제,특산물,4월 중,미정,,2022-04-01,2022-04-30,True,month_only_vague,False,False,True,False
2022년 지역축제 개최 계획(취합).xlsx,세부현황,2022,충남,제 16회 한진포구바지락갯벌체험축제,특산물,4월 중,미정,,2022-04-01,2022-04-30,True,month_only_vague,False,False,True,False
2022년 지역축제 개최 계획(취합).xlsx,세부현황,2022,충남,제13회 순성왕매실&당진맥주축제,특산물,6월 중,미정,,2022-06-01,2022-06-30,True,month_only_vague,False,False,True,True
2022년 지역축제 개최 계획(취합).xlsx,세부현황,2022,충남,제 13회 당진해나루황토감자축제,특산물,6월 중,미정,,2022-06-01,2022-06-30,True,month_only_vague,False,False,True,False
2022년 지역축제 개최 계획(취합).xlsx,세부현황,2022,충남,제5회 합덕제연호문화축제,전통역사,7월 중,미정,,2022-07-01,2022-07-31,True,month_only_vague,False,False,True,False
2022년 지역축제 개최 계획(취합).xlsx,세부현황,2022,충남,제16회 삽교호조개구이축제,특산물,10월 중,미정,,2022-10-01,2022-10-31,True,month_only_vague,False,False,True,False
2022년 지역축제 개최 계획(취합).xlsx,세부현황,2022,충남,제5회 당진해나루황토고구마축제,특산물,10월 중,미정,,2022-10-01,2022-10-31,True,month_only_vague,False,False,True,False
2022년 지역축제 개최 계획(취합).xlsx,세부현황,2022,충남,제34회 남이흥장군문화제,전통역사,10월 중,미정,,2022-10-01,2022-10-31,True,month_only_vague,False,False,True,False
2022년 지역축제 개최 계획(취합).xlsx,세부현황,2022,충남,제14회 당진국화전시회,생태자연,10월 중,미정,,2022-10-01,2022-10-31,True,month_only_vague,False,False,True,False
2022년 지역축제 개최 계획(취합).xlsx,세부현황,2022,충남,제45회 심훈상록문화제,문화예술,10월 중,미정,,2022-10-01,2022-10-31,True,month_only_vague,False,False,True,False
2022년 지역축제 개최 계획(취합).xlsx,세부현황,2022,충남,제18회 당진해나루쌀농특산물축제,특산물,11월 중,미정,,2022-11-01,2022-11-30,True,month_only_vague,False,False,True,False
2022년 지역축제 개최 계획(취합).xlsx,세부현황,2022,충남,제23회 왜목마을해넘이해맞이축제,기타,12.31~1.1,미정,,2022-12-31,2022-12-31,False,exact_or_partial,False,False,True,False
2022년 지역축제 개최 계획(취합).xlsx,세부현황,2022,충남,제13회 금산천 봄꽃축제,주민화합,4월중,대면,,2022-04-01,2022-04-30,True,month_only_vague,False,False,True,False
2022년 지역축제 개최 계획(취합).xlsx,세부현황,2022,충남,제13회 남일면 홍도화축제,주민화합,4월중,대면,,2022-04-01,2022-04-30,True,month_only_vague,False,False,True,False
2022년 지역축제 개최 계획(취합).xlsx,세부현황,2022,충남,제22회 비단고을 산꽃축제,생태자연,4월중,혼합형,,2022-04-01,2022-04-30,True,month_only_vague,False,False,True,False
2022년 지역축제 개최 계획(취합).xlsx,세부현황,2022,충남,제2회 금산삼계탕축제,특산물,7월중,혼합형,,2022-07-01,2022-07-31,True,month_only_vague,False,False,True,False
2022년 지역축제 개최 계획(취합).xlsx,세부현황,2022,충남,제40회 금산인삼축제,특산물,10월중,혼합형,,2022-10-01,2022-10-31,True,month_only_vague,False,False,True,False
2022년 지역축제 개최 계획(취합).xlsx,세부현황,2022,충남,부여세도 방울토마토&유채꽃축제,특산물&생태자연,4.22.~4.24.,혼합형,,2022-04-22,2022-04-24,False,exact_or_partial,False,False,True,False
2022년 지역축제 개최 계획(취합).xlsx,세부현황,2022,충남,부소산 봄 나들이 축제,생태자연&전통역사,"4.30.~5.8.
공연 및 체험프로그램 : 5.5.~5.7.",혼합형,,2022-04-30,2022-04-30,False,exact_or_partial,False,False,True,False
2022년 지역축제 개최 계획(취합).xlsx,세부현황,2022,충남,부여서동연꽃축제,생태자연,"7.14.~7.17.
야간경관 및 편의시설 : 7.1.~7.31.",혼합형,,2022-07-14,2022-07-31,False,exact_or_partial,False,False,True,False
2022년 지역축제 개최 계획(취합).xlsx,세부현황,2022,충남,백제문화제,전통역사,10.1.~10.10.,혼합형,,2022-10-01,2022-10-10,False,exact_or_partial,False,False,True,False
2022년 지역축제 개최 계획(취합).xlsx,세부현황,2022,충남,내산벚꽃축제,생태자연,4월 중,혼합형,,2022-04-01,2022-04-30,True,month_only_vague,False,False,True,False
2022년 지역축제 개최 계획(취합).xlsx,세부현황,2022,충남,제19회 부여국화축제,작품전시,10.27.~11.7.(12일간),혼합형,,2022-10-27,2022-11-07,False,exact_or_partial,False,False,True,False
2022년 지역축제 개최 계획(취합).xlsx,세부현황,2022,충남,옥녀봉 진달래꽃 십리길 축제,특산물&생태자연,4.01~4.10 (기간 중 1일),혼합형,,2022-04-01,2022-04-10,False,exact_or_partial,False,False,True,False
2022년 지역축제 개최 계획(취합).xlsx,세부현황,2022,충남,굿뜨래 알밤축제,특산물,10.21.~10.23.(미정),혼합형,,2022-10-21,2022-10-23,False,exact_or_partial,False,False,True,False
2022년 지역축제 개최 계획(취합).xlsx,세부현황,2022,충남,동백꽃·주꾸미 축제,특산물,3월 중,"대면
(코로나 19 상황에 따라 변동 될수 있음)",,2022-03-01,2022-03-31,True,month_only_vague,False,False,True,False
2022년 지역축제 개최 계획(취합).xlsx,세부현황,2022,충남,광어·도미 축제,특산물,5월 중,"대면
(코로나 19 상황에 따라 변동 될수 있음)",,2022-05-01,2022-05-31,True,month_only_vague,False,False,True,False
2022년 지역축제 개최 계획(취합).xlsx,세부현황,2022,충남,꼴갑축제,특산물,6월 중,"대면
(코로나 19 상황에 따라 변동 될수 있음)",,2022-06-01,2022-06-30,True,month_only_vague,False,False,True,False
2022년 지역축제 개최 계획(취합).xlsx,세부현황,2022,충남,한산모시문화제,특산물,6. 10.~6. 12.,"대면
(코로나 19 상황에 따라 변동 될수 있음)",,2022-06-10,2022-06-12,False,exact_or_partial,False,False,True,False
2022년 지역축제 개최 계획(취합).xlsx,세부현황,2022,충남,춘장대여름문화예술축제,문화예술,7월~8월 중,"대면
(코로나 19 상황에 따라 변동 될수 있음)",,2022-07-01,2022-08-31,True,month_range_vague,False,False,True,False
2022년 지역축제 개최 계획(취합).xlsx,세부현황,2022,충남,홍원항 전어·꽃게 축제,특산물,9월 중,"대면
(코로나 19 상황에 따라 변동 될수 있음)",,2022-09-01,2022-09-30,True,month_only_vague,False,False,True,False
2022년 지역축제 개최 계획(취합).xlsx,세부현황,2022,충남,서천 금강 철새여행,생태자연,11월 중,"대면
(코로나 19 상황에 따라 변동 될수 있음)",,2022-11-01,2022-11-30,True,month_only_vague,False,False,True,False
2022년 지역축제 개최 계획(취합).xlsx,세부현황,2022,충남,마량포 해넘이·해돋이 축제,관광,12. 31.~1. 1.,"대면
(코로나 19 상황에 따라 변동 될수 있음)",,2022-12-31,2022-12-31,False,exact_or_partial,False,False,True,False
2022년 지역축제 개최 계획(취합).xlsx,세부현황,2022,충남,제23회 칠갑산 장승문화축제,전통역사,4월 중,대면,,2022-04-01,2022-04-30,True,month_only_vague,False,False,True,False
2022년 지역축제 개최 계획(취합).xlsx,세부현황,2022,충남,청양고추구기자축제,특산물,8월말~9월초,"대면, 온라인",,2022-08-01,2022-09-30,True,month_range_vague,False,False,True,False
2022년 지역축제 개최 계획(취합).xlsx,세부현황,2022,충남,제19회 홍성남당항새조개축제,특산물,01.21.~30.,온라인,,2022-01-21,2022-01-30,False,exact_or_partial,False,True,False,False
2022년 지역축제 개최 계획(취합).xlsx,세부현황,2022,충남,제27회 홍성남당항대하축제,특산물,9월중,대면,,2022-09-01,2022-09-30,True,month_only_vague,False,False,True,False
2022년 지역축제 개최 계획(취합).xlsx,세부현황,2022,충남,제27회 광천토굴새우젓광천김축제,특산물,10월중,대면,,2022-10-01,2022-10-31,True,month_only_vague,False,False,True,False
2022년 지역축제 개최 계획(취합).xlsx,세부현황,2022,충남,홍성역사인물축제,전통역사,5월13일~15일,대면,,2022-05-13,2022-05-15,False,exact_or_partial,False,False,True,False
2022년 지역축제 개최 계획(취합).xlsx,세부현황,2022,충남,홍성한우바비큐페스티벌,특산물,10월29일~30일,대면,,2022-10-29,2022-10-30,False,exact_or_partial,False,False,True,False
2022년 지역축제 개최 계획(취합).xlsx,세부현황,2022,충남,제49회 윤봉길평화축제,전통역사,4.29.~5.1.,혼합형,,2022-04-29,2022-05-01,False,exact_or_partial,False,False,True,False
2022년 지역축제 개최 계획(취합).xlsx,세부현황,2022,충남,출렁다리불꽃축제,문화예술,8월말,혼합형,,2022-08-01,2022-08-31,True,month_only_vague,False,False,True,False
2022년 지역축제 개최 계획(취합).xlsx,세부현황,2022,충남,예산황새축제,생태자연,9월중,혼합형,,2022-09-01,2022-09-30,True,month_only_vague,False,False,True,False
2022년 지역축제 개최 계획(취합).xlsx,세부현황,2022,충남,제6회예산장터삼국축제,기타(원도심활성화),10.14.~10.20.,혼합형,,2022-10-14,2022-10-20,False,exact_or_partial,False,False,True,False
2022년 지역축제 개최 계획(취합).xlsx,세부현황,2022,충남,제19회 예산황토사과축제,특산물,10월말,혼합형,,2022-10-01,2022-10-31,True,month_only_vague,False,False,True,False
2022년 지역축제 개최 계획(취합).xlsx,세부현황,2022,충남,의좋은형제축제,전통역사,11.5.~11.6.,혼합형,,2022-11-05,2022-11-06,False,exact_or_partial,False,False,True,False
2022년 지역축제 개최 계획(취합).xlsx,세부현황,2022,충남,제18회 태안 국제 모래조각 축제,문화관광,7월,대면,,2022-07-01,2022-07-31,True,month_only_vague,False,False,True,False
2022년 지역축제 개최 계획(취합).xlsx,세부현황,2022,충남,2022 태안거리축제,"기타(특산물,주민화합)",10월중 (1일),대면,,2022-10-01,2022-10-31,True,month_only_vague,False,False,True,False
2022년 지역축제 개최 계획(취합).xlsx,세부현황,2022,충남,11회 태안군 몽산포항 주꾸미&수산물 축제,특산물,4월 중,대면,,2022-04-01,2022-04-30,True,month_only_vague,False,False,True,False
2022년 지역축제 개최 계획(취합).xlsx,세부현황,2022,충남,21회 안면도 백사장 대하 축제,특산물,10월 중,대면,,2022-10-01,2022-10-31,True,month_only_vague,False,False,True,False
2022년 지역축제 개최 계획(취합).xlsx,세부현황,2022,충남,제10회 태안국화축제,기타,10.20.~10.26.,대면,,2022-10-20,2022-10-26,False,exact_or_partial,False,False,True,False
2022년 지역축제 개최 계획(취합).xlsx,세부현황,2022,경기,제58회 수원화성문화제,"문화예술, 전통역사",10월 중(3일간),혼합형,,2022-10-01,2022-10-31,True,month_only_vague,False,False,True,False
2022년 지역축제 개최 계획(취합).xlsx,세부현황,2022,경기,정조대왕 능행차 공동재현,"문화예술, 전통역사",10월 중(2일간),대면,,2022-10-01,2022-10-31,True,month_only_vague,False,False,True,False
2022년 지역축제 개최 계획(취합).xlsx,세부현황,2022,경기,세계유산축전 수원화성,"문화예술, 전통역사",10.1.~10.22.,혼합형,,2022-10-01,2022-10-22,False,exact_or_partial,False,False,True,False
2022년 지역축제 개최 계획(취합).xlsx,세부현황,2022,경기,수원화성 미디어아트쇼,"문화예술, 전통역사",9.3.~10.2.,대면,,2022-09-03,2022-10-02,False,exact_or_partial,False,False,True,False
2022년 지역축제 개최 계획(취합).xlsx,세부현황,2022,경기,수원연극축제,문화예술,5.20.~5.22.,대면,,2022-05-20,2022-05-22,False,exact_or_partial,False,False,True,False
2022년 지역축제 개최 계획(취합).xlsx,세부현황,2022,경기,수원발레축제,문화예술,8.15.~8.21.,대면,,2022-08-15,2022-08-21,False,exact_or_partial,False,False,True,False
2022년 지역축제 개최 계획(취합).xlsx,세부현황,2022,경기,수원재즈페스티벌,문화예술,9.9.~9.10.,대면,,2022-09-09,2022-09-10,False,exact_or_partial,False,False,True,False
2022년 지역축제 개최 계획(취합).xlsx,세부현황,2022,경기,제29회 음식문화축제,기타(주민화합 등),9월 중,대면,,2022-09-01,2022-09-30,True,month_only_vague,False,False,True,False
2022년 지역축제 개최 계획(취합).xlsx,세부현황,2022,경기,제32회 전국 무궁화 수원축제,생태자연,7~8월 중(미정),혼합형,,2022-08-01,2022-08-31,True,month_only_vague,False,False,True,False
2022년 지역축제 개최 계획(취합).xlsx,세부현황,2022,경기,제17회 수원정보과학축제,기타(주민화합 등),10.15.~10.16.,혼합형,,2022-10-15,2022-10-16,False,exact_or_partial,False,False,True,False
2022년 지역축제 개최 계획(취합).xlsx,세부현황,2022,경기,제22회 용인사이버과학축제,기타(주민화합 등),10월 중(2일간),대면,,2022-10-01,2022-10-31,True,month_only_vague,False,False,True,False
2022년 지역축제 개최 계획(취합).xlsx,세부현황,2022,경기,용인패밀리페스티벌,기타(주민화합 등),10월 중(2일간),대면,,2022-10-01,2022-10-31,True,month_only_vague,False,False,True,False
2022년 지역축제 개최 계획(취합).xlsx,세부현황,2022,경기,사계절테마축제(봄),생태자연,4월 중(3일간),대면,,2022-04-01,2022-04-30,True,month_only_vague,False,False,True,False
2022년 지역축제 개최 계획(취합).xlsx,세부현황,2022,경기,사계절테마축제(여름),생태자연,6월 중(3일간),대면,,2022-06-01,2022-06-30,True,month_only_vague,False,False,True,False
2022년 지역축제 개최 계획(취합).xlsx,세부현황,2022,경기,사계절테마축제(가을),생태자연,10월 중(3일간),대면,,2022-10-01,2022-10-31,True,month_only_vague,False,False,True,False
2022년 지역축제 개최 계획(취합).xlsx,세부현황,2022,경기,사계절테마축제(겨울),생태자연,12월 중(3일간),대면,,2022-12-01,2022-12-31,True,month_only_vague,False,False,True,False
2022년 지역축제 개최 계획(취합).xlsx,세부현황,2022,경기,제9회 경안천 창포 축제,전통역사,6.3.~6.4.,대면,,2022-06-03,2022-06-04,False,exact_or_partial,False,False,True,False
2022년 지역축제 개최 계획(취합).xlsx,세부현황,2022,경기,제8회 백암백중문화제,전통역사,8.26.~8.28.,대면,,2022-08-26,2022-08-28,False,exact_or_partial,False,False,True,False
2022년 지역축제 개최 계획(취합).xlsx,세부현황,2022,경기,고양행주문화제,전통역사,5.20.~5.22.,대면,,2022-05-20,2022-05-22,False,exact_or_partial,False,False,True,False
2022년 지역축제 개최 계획(취합).xlsx,세부현황,2022,경기,고양호수예술축제,문화예술,9.30.~10.3.,대면,,2022-09-30,2022-10-03,False,exact_or_partial,False,False,True,False
2022년 지역축제 개최 계획(취합).xlsx,세부현황,2022,경기,성남 축제의 날,문화예술,10.6.~10.9.,대면,,2022-10-06,2022-10-09,False,exact_or_partial,False,False,True,False
2022년 지역축제 개최 계획(취합).xlsx,세부현황,2022,경기,제14회 품앗이 공연예술축제,문화예술,6월 중(4일간),혼합형,,2022-06-01,2022-06-30,True,month_only_vague,False,False,True,False
2022년 지역축제 개최 계획(취합).xlsx,세부현황,2022,경기,제12회 화성뱃놀이축제,생태자연,6~9월 중(3일간),혼합형,,2022-09-01,2022-09-30,True,month_only_vague,False,False,True,False
2022년 지역축제 개최 계획(취합).xlsx,세부현황,2022,경기,화성송산포도축제,특산물,9.3.~9.4.,대면,,2022-09-03,2022-09-04,False,exact_or_partial,False,False,True,False
2022년 지역축제 개최 계획(취합).xlsx,세부현황,2022,경기,화성 평화 행사,"문화예술, 생태자연",9~10월 중,혼합형,,2022-10-01,2022-10-31,True,month_only_vague,False,False,True,False
2022년 지역축제 개최 계획(취합).xlsx,세부현황,2022,경기,정조 효 문화제(정조대왕 능행차 화성구간),전통역사,10월 중(2일간),혼합형,,2022-10-01,2022-10-31,True,month_only_vague,False,False,True,False
2022년 지역축제 개최 계획(취합).xlsx,세부현황,2022,경기,제25회 부천국제만화축제,문화예술,9.22.~9.25.,혼합형,,2022-09-22,2022-09-25,False,exact_or_partial,False,False,True,False
2022년 지역축제 개최 계획(취합).xlsx,세부현황,2022,경기,제6회 국제코스프레 페스티벌,문화예술,9.22.~9.25.,혼합형,,2022-09-22,2022-09-25,False,exact_or_partial,False,False,True,False
2022년 지역축제 개최 계획(취합).xlsx,세부현황,2022,경기,제24회 부천국제애니메이션페스티벌,문화예술,10.21.~10.25.,혼합형,,2022-10-21,2022-10-25,False,exact_or_partial,False,False,True,False
2022년 지역축제 개최 계획(취합).xlsx,세부현황,2022,경기,제36회 정약용문화제,전통역사,9월 중(2일간),혼합형,,2022-09-01,2022-09-30,True,month_only_vague,False,False,True,False
2022년 지역축제 개최 계획(취합).xlsx,세부현황,2022,경기,제18회 안산국제거리극축제,문화예술,5.5.~5.7.,대면,,2022-05-05,2022-05-07,False,exact_or_partial,False,False,True,False
2022년 지역축제 개최 계획(취합).xlsx,세부현황,2022,경기,평택 꽃 나들이,문화예술,4월 중~5월 초,대면,,2022-04-01,2022-05-31,True,month_range_vague,False,False,True,False
2022년 지역축제 개최 계획(취합).xlsx,세부현황,2022,경기,송탄관광특구 한마음대축제,기타(주민화합 등),9월 중,대면,,2022-09-01,2022-09-30,True,month_only_vague,False,False,True,False
2022년 지역축제 개최 계획(취합).xlsx,세부현황,2022,경기,제1회 평택한가락페스타,기타(주민화합 등),10월 중,대면,,2022-10-01,2022-10-31,True,month_only_vague,False,False,True,False
2022년 지역축제 개최 계획(취합).xlsx,세부현황,2022,경기,무형문화재 축제,문화예술,9.23.~9.24.,대면,,2022-09-23,2022-09-24,False,exact_or_partial,False,False,True,False
2022년 지역축제 개최 계획(취합).xlsx,세부현황,2022,경기,한미 어울림 축제,문화예술,7월 중(2일간),대면,,2022-07-01,2022-07-31,True,month_only_vague,False,False,True,False
2022년 지역축제 개최 계획(취합).xlsx,세부현황,2022,경기,한미친선 한마음 축제,문화예술,10월 중(2일간),대면,,2022-10-01,2022-10-31,True,month_only_vague,False,False,True,False
2022년 지역축제 개최 계획(취합).xlsx,세부현황,2022,경기,한미친선 문화 한마당,문화예술,10월 중(2일간),대면,,2022-10-01,2022-10-31,True,month_only_vague,False,False,True,False
2022년 지역축제 개최 계획(취합).xlsx,세부현황,2022,경기,평택 가을 수확축제,문화예술,10월 중,대면,,2022-10-01,2022-10-31,True,month_only_vague,False,False,True,False
2022년 지역축제 개최 계획(취합).xlsx,세부현황,2022,경기,안양충훈벚꽃축제,생태자연,4월 중(3일간),(미정),,2022-04-01,2022-04-30,True,month_only_vague,False,False,True,False
2022년 지역축제 개최 계획(취합).xlsx,세부현황,2022,경기,안양시민축제,기타(주민화합 등),9월 중(3일간),(미정),,2022-09-01,2022-09-30,True,month_only_vague,False,False,True,False
2022년 지역축제 개최 계획(취합).xlsx,세부현황,2022,경기,제17회 시흥갯골축제,생태자연,9월 중,혼합형,,2022-09-01,2022-09-30,True,month_only_vague,False,False,True,False
2022년 지역축제 개최 계획(취합).xlsx,세부현황,2022,경기,제1회 시흥거북썸(SSUM)축제,기타(주민화합 등),6월 중,대면,,2022-06-01,2022-06-30,True,month_only_vague,False,False,True,False
2022년 지역축제 개최 계획(취합).xlsx,세부현황,2022,경기,제6회 김포 아라마린 페스티벌,문화예술,8월 중(2일간),혼합형,,2022-08-01,2022-08-31,True,month_only_vague,False,False,True,False
2022년 지역축제 개최 계획(취합).xlsx,세부현황,2022,경기,월곶 저잣거리 축제,전통역사,9월 중,혼합형,,2022-09-01,2022-09-30,True,month_only_vague,False,False,True,False
2022년 지역축제 개최 계획(취합).xlsx,세부현황,2022,경기,김포 도심축제,문화예술,10월 중,혼합형,,2022-10-01,2022-10-31,True,month_only_vague,False,False,True,False
2022년 지역축제 개최 계획(취합).xlsx,세부현황,2022,경기,파주개성인삼축제,특산물,10.15.~10.16.,대면,,2022-10-15,2022-10-16,False,exact_or_partial,False,False,True,False
2022년 지역축제 개최 계획(취합).xlsx,세부현황,2022,경기,파주장단콩축제,특산물,11.25.~11.27.,대면,,2022-11-25,2022-11-27,False,exact_or_partial,False,False,True,False
2022년 지역축제 개최 계획(취합).xlsx,세부현황,2022,경기,파주북소리축제,문화예술,10월 중,혼합형,,2022-10-01,2022-10-31,True,month_only_vague,False,False,True,False
2022년 지역축제 개최 계획(취합).xlsx,세부현황,2022,경기,제20회 어린이책잔치,문화예술,5.5.~5.8.,혼합형,,2022-05-05,2022-05-08,False,exact_or_partial,False,False,True,False
2022년 지역축제 개최 계획(취합).xlsx,세부현황,2022,경기,제17회 헤이리 예술축제,문화예술,9~11월,혼합형,,2022-11-01,2022-11-30,True,month_only_vague,False,False,True,False
2022년 지역축제 개최 계획(취합).xlsx,세부현황,2022,경기,율곡문화제,전통역사,10월 중,대면,,2022-10-01,2022-10-31,True,month_only_vague,False,False,True,False
2022년 지역축제 개최 계획(취합).xlsx,세부현황,2022,경기,제21회 의정부음악극축제,문화예술,5.3.~5.14.,혼합형,,2022-05-03,2022-05-14,False,exact_or_partial,False,False,True,False
2022년 지역축제 개최 계획(취합).xlsx,세부현황,2022,경기,제4회 블랙뮤직페스티벌,문화예술,8.27.~8.28.,대면,,2022-08-27,2022-08-28,False,exact_or_partial,False,False,True,False
2022년 지역축제 개최 계획(취합).xlsx,세부현황,2022,경기,회룡문화제,전통역사,10.7.~10.9.,대면,,2022-10-07,2022-10-09,False,exact_or_partial,False,False,True,False
2022년 지역축제 개최 계획(취합).xlsx,세부현황,2022,경기,제27회 광주남한산성문화제,전통역사,9.16.09.18.,혼합형,,2022-09-01,2022-09-30,True,month_detected_vague,False,False,True,False
2022년 지역축제 개최 계획(취합).xlsx,세부현황,2022,경기,제25회 광주왕실도자기축제,문화예술,5.5.~5.8.,혼합형,,2022-05-05,2022-05-08,False,exact_or_partial,False,False,True,False
2022년 지역축제 개최 계획(취합).xlsx,세부현황,2022,경기,제2회 광주허난설헌문화제,문화예술,6.17.~6.19.,혼합형,,2022-06-17,2022-06-19,False,exact_or_partial,False,False,True,False
2022년 지역축제 개최 계획(취합).xlsx,세부현황,2022,경기,제1회 곤지암소머리국밥축제,특산물,4.16.~4.17.,대면,,2022-04-16,2022-04-17,False,exact_or_partial,False,False,True,False
2022년 지역축제 개최 계획(취합).xlsx,세부현황,2022,경기,제20회 퇴촌토마토축제,특산물,6.17.~6.19.,대면,,2022-06-17,2022-06-19,False,exact_or_partial,False,False,True,False
2022년 지역축제 개최 계획(취합).xlsx,세부현황,2022,경기,오리문화제,문화예술,5월 중,대면,,2022-05-01,2022-05-31,True,month_only_vague,False,False,True,False
2022년 지역축제 개최 계획(취합).xlsx,세부현황,2022,경기,광명농악대축제,문화예술,10월 중,대면,,2022-10-01,2022-10-31,True,month_only_vague,False,False,True,False
2022년 지역축제 개최 계획(취합).xlsx,세부현황,2022,경기,구름산예술제,문화예술,10월 중,대면,,2022-10-01,2022-10-31,True,month_only_vague,False,False,True,False
2022년 지역축제 개최 계획(취합).xlsx,세부현황,2022,경기,하남이성산성문화축제,전통역사,9월 중,혼합형,,2022-09-01,2022-09-30,True,month_only_vague,False,False,True,False
2022년 지역축제 개최 계획(취합).xlsx,세부현황,2022,경기,군포철쭉축제,생태자연,4월 중,대면,,2022-04-01,2022-04-30,True,month_only_vague,False,False,True,False
2022년 지역축제 개최 계획(취합).xlsx,세부현황,2022,경기,제13회 오산 독산성문화제,전통역사,10.15.~10.16.,혼합형,,2022-10-15,2022-10-16,False,exact_or_partial,False,False,True,False
2022년 지역축제 개최 계획(취합).xlsx,세부현황,2022,경기,양주 회암사지 왕실축제,전통역사,9월 말~10월 초(2일간),혼합형,,2022-09-01,2022-10-31,True,month_range_vague,False,False,True,False
2022년 지역축제 개최 계획(취합).xlsx,세부현황,2022,경기,양주문화재야행,전통역사,9.23.~9.25.,대면,,2022-09-23,2022-09-25,False,exact_or_partial,False,False,True,False
2022년 지역축제 개최 계획(취합).xlsx,세부현황,2022,경기,양주 천만송이 천일홍 축제,생태자연,9월 말~10월 초(2일간),혼합형,,2022-09-01,2022-10-31,True,month_range_vague,False,False,True,False
2022년 지역축제 개최 계획(취합).xlsx,세부현황,2022,경기,이천체험문화축제,기타(주민화합 등),5월 셋째주,대면,,2022-05-01,2022-05-31,True,month_only_vague,False,False,True,False
2022년 지역축제 개최 계획(취합).xlsx,세부현황,2022,경기,제8회 이천인삼축제,특산물,11.4.~11.6.,대면,,2022-11-04,2022-11-06,False,exact_or_partial,False,False,True,False
2022년 지역축제 개최 계획(취합).xlsx,세부현황,2022,경기,제12회 이천시 주민자치평생학습축제,기타(주민화합 등),4~5월 중(3일간),대면,,2022-05-01,2022-05-31,True,month_only_vague,False,False,True,False
2022년 지역축제 개최 계획(취합).xlsx,세부현황,2022,경기,이천시국제일루전페스티벌,문화예술,9월 중,혼합형,,2022-09-01,2022-09-30,True,month_only_vague,False,False,True,False
2022년 지역축제 개최 계획(취합).xlsx,세부현황,2022,경기,제26회 햇사레장호원복숭아축제,특산물,9월 중(3일간),대면,,2022-09-01,2022-09-30,True,month_only_vague,False,False,True,False
2022년 지역축제 개최 계획(취합).xlsx,세부현황,2022,경기,이천백사산수유꽃축제,생태자연,3~4월 중(3일간),대면,,2022-04-01,2022-04-30,True,month_only_vague,False,False,True,False
2022년 지역축제 개최 계획(취합).xlsx,세부현황,2022,경기,구리 행복 365 축제,문화예술,1.1.~12.31.(365일간),혼합형,,2022-01-01,2022-12-31,False,exact_or_partial,False,False,True,False
2022년 지역축제 개최 계획(취합).xlsx,세부현황,2022,경기,제1회 구리 꽃길 축제,문화예술,4월 중,대면,,2022-04-01,2022-04-30,True,month_only_vague,False,False,True,False
2022년 지역축제 개최 계획(취합).xlsx,세부현황,2022,경기,안성맞춤 남사당 바우덕이 축제,문화예술,9월 말~10월 초,혼합형,,2022-09-01,2022-10-31,True,month_range_vague,False,False,True,False
2022년 지역축제 개최 계획(취합).xlsx,세부현황,2022,경기,안성맞춤포도축제,특산물,9월 중,대면,,2022-09-01,2022-09-30,True,month_only_vague,False,False,True,False
2022년 지역축제 개최 계획(취합).xlsx,세부현황,2022,경기,죽주대고려문화축제,전통역사,9월 말~10월 초,대면,,2022-09-01,2022-10-31,True,month_range_vague,False,False,True,False
2022년 지역축제 개최 계획(취합).xlsx,세부현황,2022,경기,제17회 의왕철도축제,기타(주민화합 등),"5월 중
(2일간)",대면,,2022-05-01,2022-05-31,True,month_only_vague,False,False,True,False
2022년 지역축제 개최 계획(취합).xlsx,세부현황,2022,경기,제17회 의왕백운호수축제,기타(주민화합 등),"9월 중
(2일간)",대면,,2022-09-01,2022-09-30,True,month_only_vague,False,False,True,False
2022년 지역축제 개최 계획(취합).xlsx,세부현황,2022,경기,포천 산정호수 명성산 억새꽃 축제,생태자연,10.8.~10.16.(9일간),혼합형,,2022-10-08,2022-10-16,False,exact_or_partial,False,False,True,False
2022년 지역축제 개최 계획(취합).xlsx,세부현황,2022,경기,백운계곡 동장군 축제,생태자연,22.12.24.~23.2.6.,대면,,2022-12-24,2023-02-06,False,exact_or_partial,False,False,True,False
2022년 지역축제 개최 계획(취합).xlsx,세부현황,2022,경기,제23회 양평단월고로쇠축제,특산물,3월 중,혼합형,,2022-03-01,2022-03-31,True,month_only_vague,False,False,True,False
2022년 지역축제 개최 계획(취합).xlsx,세부현황,2022,경기,제19회 양평 산수유 한우 축제,생태자연,3월 중,대면,,2022-03-01,2022-03-31,True,month_only_vague,False,False,True,False
2022년 지역축제 개최 계획(취합).xlsx,세부현황,2022,경기,제11회 용문면 산나물축제,특산물,4.29.~5.1.,혼합형,,2022-04-29,2022-05-01,False,exact_or_partial,False,False,True,False
2022년 지역축제 개최 계획(취합).xlsx,세부현황,2022,경기,제12회 용문산 산나물 축제,특산물,5월 중,혼합형,,2022-05-01,2022-05-31,True,month_only_vague,False,False,True,False
2022년 지역축제 개최 계획(취합).xlsx,세부현황,2022,경기,제9회 양평 워터워 페스티벌(양평 물축제),기타(주민화합 등),7월 중,대면,,2022-07-01,2022-07-31,True,month_only_vague,False,False,True,False
2022년 지역축제 개최 계획(취합).xlsx,세부현황,2022,경기,제4회 양평부추축제,특산물,10.24.~10.25.,대면,,2022-10-24,2022-10-25,False,exact_or_partial,False,False,True,False
2022년 지역축제 개최 계획(취합).xlsx,세부현황,2022,경기,제34회 여주도자기축제,특산물,4.9.~4.17.,혼합형,,2022-04-09,2022-04-17,False,exact_or_partial,False,False,True,False
2022년 지역축제 개최 계획(취합).xlsx,세부현황,2022,경기,여주오곡나루축제,특산물,10월 중(3일간),혼합형,,2022-10-01,2022-10-31,True,month_only_vague,False,False,True,False
2022년 지역축제 개최 계획(취합).xlsx,세부현황,2022,경기,제6회 여주흥천남한강벚꽃축제,생태자연,4.8.~4.10.,혼합형,,2022-04-08,2022-04-10,False,exact_or_partial,False,False,True,False
2022년 지역축제 개최 계획(취합).xlsx,세부현황,2022,경기,제16회 금사참외축제,특산물,5.27.~5.29.,혼합형,,2022-05-27,2022-05-29,False,exact_or_partial,False,False,True,False
2022년 지역축제 개최 계획(취합).xlsx,세부현황,2022,경기,여주선비장터 축제,기타(주민화합 등),10월 초(2일간),대면,,2022-10-01,2022-10-31,True,month_only_vague,False,False,True,False
2022년 지역축제 개최 계획(취합).xlsx,세부현황,2022,경기,제18회 산북품실축제,기타(주민화합 등),10월 중(2일간),혼합형,,2022-10-01,2022-10-31,True,month_only_vague,False,False,True,False
2022년 지역축제 개최 계획(취합).xlsx,세부현황,2022,경기,소요단풍문화제,문화예술,10월 중,대면,,2022-10-01,2022-10-31,True,month_only_vague,False,False,True,False
2022년 지역축제 개최 계획(취합).xlsx,세부현황,2022,경기,동두천락페스티벌,문화예술,10월 중,대면,,2022-10-01,2022-10-31,True,month_only_vague,False,False,True,False
2022년 지역축제 개최 계획(취합).xlsx,세부현황,2022,경기,과천축제,문화예술,9.23.~9.25.,대면,,2022-09-23,2022-09-25,False,exact_or_partial,False,False,True,False
2022년 지역축제 개최 계획(취합).xlsx,세부현황,2022,경기,자라섬 재즈페스티벌,문화예술,"10월 중
(3일간)",대면,,2022-10-01,2022-10-31,True,month_only_vague,False,False,True,False
2022년 지역축제 개최 계획(취합).xlsx,세부현황,2022,경기,제1회 가평 가을꽃 거리축제,문화예술,9~10월 중(3주간),대면,,2022-10-01,2022-10-31,True,month_only_vague,False,False,True,False
2022년 지역축제 개최 계획(취합).xlsx,세부현황,2022,경기,제29회 연천 구석기 축제,전통역사,10월 중,대면,,2022-10-01,2022-10-31,True,month_only_vague,False,False,True,False
2022년 지역축제 개최 계획(취합).xlsx,세부현황,2022,경기,연천율무축제(연천농특산물큰장터),특산물,10월 중,대면,,2022-10-01,2022-10-31,True,month_only_vague,False,False,True,False
2022년 지역축제 개최 계획(취합).xlsx,세부현황,2022,경기,연천국화축제,생태자연,10월 중,대면,,2022-10-01,2022-10-31,True,month_only_vague,False,False,True,False
2022년 지역축제 개최 계획(취합).xlsx,세부현황,2022,경기,제9회 통일바라기 축제,생태자연,9월 중,대면,,2022-09-01,2022-09-30,True,month_only_vague,False,False,True,False
2022년 지역축제 개최 계획(취합).xlsx,세부현황,2022,경기,고려인삼축제,특산물,10월 중,대면,,2022-10-01,2022-10-31,True,month_only_vague,False,False,True,False
2022년 지역축제 개최 계획(취합).xlsx,세부현황,2022,경기,제1회 임진강 댑싸리공원 축제,"문화예술, 생태자연",10월 중,대면,,2022-10-01,2022-10-31,True,month_only_vague,False,False,True,False
2022년 지역축제 개최 계획(취합).xlsx,세부현황,2022,경기,제1회 당포성 별빛 축제,"문화예술, 생태자연",10월 중,대면,,2022-10-01,2022-10-31,True,month_only_vague,False,False,True,False
2022년 지역축제 개최 계획(취합).xlsx,세부현황,2022,대전,제2회 대동천 가든 페스티벌,"ㅇ 문화예술
ㅇ 생태자연","22.4월중
22.9월중",대면,,2022-04-22,2022-04-22,False,exact_or_partial,False,False,True,False
2022년 지역축제 개최 계획(취합).xlsx,세부현황,2022,대전,제2회 대전부르스축제,"ㅇ 문화예술
ㅇ 기타(주민화합등)",22.10.월중,대면,,2022-10-01,2022-10-31,True,month_detected_vague,False,False,True,False
2022년 지역축제 개최 계획(취합).xlsx,세부현황,2022,대전,제4회 대청호벚꽃축제,"ㅇ 문화예술
ㅇ 자연생태
ㅇ 기타(주민화합등)",22.4월중,온택트,,2022-04-01,2022-04-30,True,month_detected_vague,False,False,True,False
2022년 지역축제 개최 계획(취합).xlsx,세부현황,2022,대전,제13회 대전효문화뿌리축제,전통역사,"9~10월 중
(3일)",혼합형,,2022-10-01,2022-10-31,True,month_only_vague,False,False,True,False
2022년 지역축제 개최 계획(취합).xlsx,세부현황,2022,대전,"2022 대전 서구힐링
아트페스티벌",ㅇ 문화예술,"5.27.~5.29.

*코로나19
상황에 따라 변경 가능",ㅇ혼합형,,2022-05-27,2022-05-27,False,exact_or_partial,False,False,True,False
2022년 지역축제 개최 계획(취합).xlsx,세부현황,2022,대전,제27회 유성온천문화축제,ㅇ 문화예술,5.6.~5.8.,ㅇ혼합형,,2022-05-06,2022-05-08,False,exact_or_partial,False,False,True,False
2022년 지역축제 개최 계획(취합).xlsx,세부현황,2022,대전,"2022 대청호
대덕뮤직페스티벌",ㅇ 문화예술,"4.1.~4.10.
(예정)",ㅇ혼합형,,2022-04-01,2022-04-10,False,exact_or_partial,False,False,True,False
2022년 지역축제 개최 계획(취합).xlsx,세부현황,2022,대전,"대청호물빛영화제
(구 대청호가 그린 영화제)",ㅇ 문화예술,"연중 
시상식은
2022년 
10월 중",ㅇ혼합형,,2022-10-01,2022-10-31,True,month_only_vague,False,False,True,False
2022년 지역축제 개최 계획(취합).xlsx,세부현황,2022,대전,2022년 김호연재 여성문화축제,ㅇ 전통문화,2022.9월중,ㅇ혼합형,,2022-09-01,2022-09-30,True,month_detected_vague,False,False,True,False
2022년 지역축제 개최 계획(취합).xlsx,세부현황,2022,대전,2022 대전사이언스페스티벌,기타(과학전시체험 등),"10.21.~10.25.
개최시기 및 일정은 변동될 수 있음",온라인,,2022-10-21,2022-10-25,False,exact_or_partial,False,True,False,False
2022년 지역축제 개최 계획(취합).xlsx,세부현황,2022,대전,농산물 대축제(우리농수산물 소비촉진 캠페인),농특산물,09.30.~10.02.,ㅇ대면,,2022-09-30,2022-10-02,False,exact_or_partial,False,False,True,False
2022년 지역축제 개최 계획(취합).xlsx,세부현황,2022,대전,2022 대전 토토즐 페스티벌,ㅇ 문화예술,"10월 중
(예정)",ㅇ혼합형,,2022-10-01,2022-10-31,True,month_only_vague,False,False,True,False
2022년 지역축제 개최 계획(취합).xlsx,세부현황,2022,대전,2022 대전국제와인페스티벌,문화예술,10.10~16,ㅇ혼합형,,2022-10-10,2022-10-16,False,exact_or_partial,False,False,True,False
2022년 지역축제 개최 계획(취합).xlsx,세부현황,2022,대전,자운대민군화합페스티벌,주민화합,4월예정,대면,,2022-04-01,2022-04-30,True,month_only_vague,False,False,True,False
2022년 지역축제 개최 계획(취합).xlsx,세부현황,2022,대전,반려동물 문화축제,주민화합,9월예정,혼합형,,2022-09-01,2022-09-30,True,month_only_vague,False,False,True,False
2022년 지역축제 개최 계획(취합).xlsx,세부현황,2022,대전,제13회 유성국화전시회,문화예술,10.8.~10.30.,대면 및 온라인,,2022-10-08,2022-10-30,False,exact_or_partial,False,False,True,False
2022년 지역축제 개최 계획(취합).xlsx,세부현황,2022,충북,청원생명축제,특산물,9~10월 중 10일,혼합형,,2022-10-01,2022-10-31,True,month_only_vague,False,False,True,False
2022년 지역축제 개최 계획(취합).xlsx,세부현황,2022,충북,세종대왕과 초정약수축제,역사문화,10.7.~10.9.,혼합형,,2022-10-07,2022-10-09,False,exact_or_partial,False,False,True,False
2022년 지역축제 개최 계획(취합).xlsx,세부현황,2022,충북,청주읍성축제,전통역사,9월 미정,혼합형,,2022-09-01,2022-09-30,True,month_only_vague,False,False,True,False
2022년 지역축제 개최 계획(취합).xlsx,세부현황,2022,충북,청남대재즈토닉페스티벌,문화예술,5월 미정,혼합형,,2022-05-01,2022-05-31,True,month_only_vague,False,False,True,False
2022년 지역축제 개최 계획(취합).xlsx,세부현황,2022,충북,2022 충주호수축제,기타,7.27.~7.31.,대면,,2022-07-27,2022-07-31,False,exact_or_partial,False,False,True,False
2022년 지역축제 개최 계획(취합).xlsx,세부현황,2022,충북,제50회 우륵문화제,문화예술,1.1.~12.31.,대면,,2022-01-01,2022-12-31,False,exact_or_partial,False,False,True,False
2022년 지역축제 개최 계획(취합).xlsx,세부현황,2022,충북,제5회 겨울왕국 제천페스티벌,기타(계절축제),22.12.~23.1.(약 40일 예정),현장개최,,2022-12-01,2022-12-31,True,month_detected_vague,False,False,True,False
2022년 지역축제 개최 계획(취합).xlsx,세부현황,2022,충북,제26회 청풍호 벚꽃축제,생태자연,4월중,현장개최,,2022-04-01,2022-04-30,True,month_only_vague,False,False,True,False
2022년 지역축제 개최 계획(취합).xlsx,세부현황,2022,충북,2022 보은대추축제,특산물,10.14.~.10.31.,혼합형,,2022-10-14,2022-10-31,False,exact_or_partial,False,False,True,False
2022년 지역축제 개최 계획(취합).xlsx,세부현황,2022,충북,속리산 신화여행 축제,전통역사,7말~8월초(3일간),대면,,2022-08-01,2022-08-31,True,month_only_vague,False,False,True,False
2022년 지역축제 개최 계획(취합).xlsx,세부현황,2022,충북,제14회 향수옥천 포도복숭아축제,특산물,7월 중 3일간,혼합형,,2022-07-01,2022-07-31,True,month_only_vague,False,False,True,False
2022년 지역축제 개최 계획(취합).xlsx,세부현황,2022,충북,제35회 지용제,문화예술,5.12~5.15.,혼합형,,2022-05-12,2022-05-15,False,exact_or_partial,False,False,True,False
2022년 지역축제 개최 계획(취합).xlsx,세부현황,2022,충북,제19회 영동곶감축제,특산물,1.5.~1.25.,온라인,,2022-01-05,2022-01-25,False,exact_or_partial,False,True,False,False
2022년 지역축제 개최 계획(취합).xlsx,세부현황,2022,충북,제17회 영동포도축제,특산물,8.25.~8.28.,혼합형,,2022-08-25,2022-08-28,False,exact_or_partial,False,False,True,False
2022년 지역축제 개최 계획(취합).xlsx,세부현황,2022,충북,제53회 영동난계국악축제,문화예술,10.7.~10.10.,오프라인,,2022-10-07,2022-10-10,False,exact_or_partial,False,False,True,False
2022년 지역축제 개최 계획(취합).xlsx,세부현황,2022,충북,제11회 대한민국와인축제,특산물,10.7.~10.10.,혼합형,,2022-10-07,2022-10-10,False,exact_or_partial,False,False,True,False
2022년 지역축제 개최 계획(취합).xlsx,세부현황,2022,충북,증평들노래축제,전통역사,5~6월,미정,,2022-06-01,2022-06-30,True,month_only_vague,False,False,True,False
2022년 지역축제 개최 계획(취합).xlsx,세부현황,2022,충북,증평인삼골축제,특산물(기타),9~10월,미정,,2022-10-01,2022-10-31,True,month_only_vague,False,False,True,False
2022년 지역축제 개최 계획(취합).xlsx,세부현황,2022,충북,제22회 생거진천 농다리축제,전통역사,5월중,미정,,2022-05-01,2022-05-31,True,month_only_vague,False,False,True,False
2022년 지역축제 개최 계획(취합).xlsx,세부현황,2022,충북,제43회 생거진천 문화축제,주민화합,10월중,미정,,2022-10-01,2022-10-31,True,month_only_vague,False,False,True,False
2022년 지역축제 개최 계획(취합).xlsx,세부현황,2022,충북,2022 괴산대학찰옥수수축제,특산물,7월 중순(3일),대면,,2022-07-01,2022-07-31,True,month_only_vague,False,False,True,False
2022년 지역축제 개최 계획(취합).xlsx,세부현황,2022,충북,2022 괴산고추축제,특산물,8월 말일(4일),혼합형,,2022-08-01,2022-08-31,True,month_only_vague,False,False,True,False
2022년 지역축제 개최 계획(취합).xlsx,세부현황,2022,충북,2022 괴산김장축제,특산물,11월 초(3일),혼합형,,2022-11-01,2022-11-30,True,month_only_vague,False,False,True,False
2022년 지역축제 개최 계획(취합).xlsx,세부현황,2022,충북,제23회 음성품바축제,문화예술,9.21.~9.25.,혼합형,,2022-09-21,2022-09-25,False,exact_or_partial,False,False,True,False
2022년 지역축제 개최 계획(취합).xlsx,세부현황,2022,충북,2022 음성명작페스티벌,특산물,9월말~10월초(미정),대면,,2022-09-01,2022-10-31,True,month_range_vague,False,False,True,False
2022년 지역축제 개최 계획(취합).xlsx,세부현황,2022,충북,제38회 소백산철쭉제,기타(주민화합 등),5월 중,대면,,2022-05-01,2022-05-31,True,month_only_vague,False,False,True,False
2022년 지역축제 개최 계획(취합).xlsx,세부현황,2022,충북,제24회 온달문화축제,문화예술,10월 중,대면,,2022-10-01,2022-10-31,True,month_only_vague,False,False,True,False
2022년 지역축제 개최 계획(취합).xlsx,세부현황,2022,충북,제5회 쌍둥이힐링페스티벌,문화예술,5월 중,대면,,2022-05-01,2022-05-31,True,month_only_vague,False,False,True,False
2022년 지역축제 개최 계획(취합).xlsx,세부현황,2022,광주,제19회 추억의 충장축제,문화예술,10월중,혼합형,,2022-10-01,2022-10-31,True,month_only_vague,False,False,True,False
2022년 지역축제 개최 계획(취합).xlsx,세부현황,2022,광주,영산강 서창들녘 억새축제,생태자연,10.7.~10.10.,혼합형,,2022-10-07,2022-10-10,False,exact_or_partial,False,False,True,False
2022년 지역축제 개최 계획(취합).xlsx,세부현황,2022,광주,제39회 고싸움놀이축제,전통역사,2월중,혼합형,,2022-02-01,2022-02-28,True,month_only_vague,False,False,True,False
2022년 지역축제 개최 계획(취합).xlsx,세부현황,2022,광주,제11회 굿모닝!양림,문화예술,10월중,혼합형,,2022-10-01,2022-10-31,True,month_only_vague,False,False,True,False
2022년 지역축제 개최 계획(취합).xlsx,세부현황,2022,대구,대구생활문화제,문화예술,"5월, 10월",혼합형,,2022-05-01,2022-10-31,True,month_range_vague,False,False,True,False
2022년 지역축제 개최 계획(취합).xlsx,세부현황,2022,대구,대구포크페스티벌,문화예술,07.28.~07.30.,혼합형,,2022-07-28,2022-07-30,False,exact_or_partial,False,False,True,False
2022년 지역축제 개최 계획(취합).xlsx,세부현황,2022,대구,대구국제재즈축제,문화예술,10월중,대면,,2022-10-01,2022-10-31,True,month_only_vague,False,False,True,False
2022년 지역축제 개최 계획(취합).xlsx,세부현황,2022,대구,형형색색 달구벌 관등놀이,문화예술,4~5월중,혼합형,,2022-05-01,2022-05-31,True,month_only_vague,False,False,True,False
2022년 지역축제 개최 계획(취합).xlsx,세부현황,2022,대구,대구컬러풀페스티벌,문화예술,05.07.~05.08.,대면,,2022-05-07,2022-05-08,False,exact_or_partial,False,False,True,False
2022년 지역축제 개최 계획(취합).xlsx,세부현황,2022,대구,대구국제뮤지컬페스티벌,문화예술,06.24.~07.11.,혼합형,,2022-06-24,2022-07-11,False,exact_or_partial,False,False,True,False
2022년 지역축제 개최 계획(취합).xlsx,세부현황,2022,대구,대구국제오페라축제,문화예술,09.21.~11.12.,혼합형,,2022-09-21,2022-11-12,False,exact_or_partial,False,False,True,False
2022년 지역축제 개최 계획(취합).xlsx,세부현황,2022,대구,글로벌게임문화축제 e-Fun 2022,기타(산업육성),10월중,혼합형,,2022-10-01,2022-10-31,True,month_only_vague,False,False,True,False
2022년 지역축제 개최 계획(취합).xlsx,세부현황,2022,대구,팔공산 산중전통장터 승시 재연,전통역사,10월중,혼합형,,2022-10-01,2022-10-31,True,month_only_vague,False,False,True,False
2022년 지역축제 개최 계획(취합).xlsx,세부현황,2022,대구,대구치맥페스티벌,기타(산업육성),7월중,대면,,2022-07-01,2022-07-31,True,month_only_vague,False,False,True,True
2022년 지역축제 개최 계획(취합).xlsx,세부현황,2022,대구,대구국제패션문화페스티벌,기타(산업육성),7월중,온라인,,2022-07-01,2022-07-31,True,month_only_vague,False,True,False,False
2022년 지역축제 개최 계획(취합).xlsx,세부현황,2022,대구,대구 약령시 한방문화축제,전통역사,10월중,혼합형,,2022-10-01,2022-10-31,True,month_only_vague,False,False,True,False
2022년 지역축제 개최 계획(취합).xlsx,세부현황,2022,대구,대구패션주얼리위크,특산물,05.13.~05.15.,대면,,2022-05-13,2022-05-15,False,exact_or_partial,False,False,True,False
2022년 지역축제 개최 계획(취합).xlsx,세부현황,2022,대구,대구스트리트모터페스티벌,"기타(주민화합, 산업육성)",05.14.~05.15.,대면,,2022-05-14,2022-05-15,False,exact_or_partial,False,False,True,False
2022년 지역축제 개최 계획(취합).xlsx,세부현황,2022,대구,종로맛길축제,"기타(주민화합, 산업육성)",5월중,대면,,2022-05-01,2022-05-31,True,month_only_vague,False,False,True,False
2022년 지역축제 개최 계획(취합).xlsx,세부현황,2022,대구,"문화재의 밤, 대구로시간여행",문화예술,8월중,혼합형,,2022-08-01,2022-08-31,True,month_only_vague,False,False,True,False
2022년 지역축제 개최 계획(취합).xlsx,세부현황,2022,대구,김광석 나의노래 다시부르기,문화예술,9월중,혼합형,,2022-09-01,2022-09-30,True,month_only_vague,False,False,True,False
2022년 지역축제 개최 계획(취합).xlsx,세부현황,2022,대구,서문시장글로벌대축제,전통역사,10월 중,혼합형,,2022-10-01,2022-10-31,True,month_only_vague,False,False,True,False
2022년 지역축제 개최 계획(취합).xlsx,세부현황,2022,대구,빨간구두이야기,문화예술,10월중,혼합형,,2022-10-01,2022-10-31,True,month_only_vague,False,False,True,False
2022년 지역축제 개최 계획(취합).xlsx,세부현황,2022,대구,교동시장한마음축제,전통역사,10월중,혼합형,,2022-10-01,2022-10-31,True,month_only_vague,False,False,True,False
2022년 지역축제 개최 계획(취합).xlsx,세부현황,2022,대구,동성로축제,"기타(주민화합, 산업육성)",10월중,혼합형,,2022-10-01,2022-10-31,True,month_only_vague,False,False,True,False
2022년 지역축제 개최 계획(취합).xlsx,세부현황,2022,대구,봉산미술제,문화예술,10월중,혼합형,,2022-10-01,2022-10-31,True,month_only_vague,False,False,True,False
2022년 지역축제 개최 계획(취합).xlsx,세부현황,2022,대구,김광석페스티벌,문화예술,10월중,혼합형,,2022-10-01,2022-10-31,True,month_only_vague,False,False,True,False
2022년 지역축제 개최 계획(취합).xlsx,세부현황,2022,대구,대구화교중화문화축제,문화예술,10월중,혼합형,,2022-10-01,2022-10-31,True,month_only_vague,False,False,True,False
2022년 지역축제 개최 계획(취합).xlsx,세부현황,2022,대구,팔공산벚꽃축제,생태자연,4월중,대면,,2022-04-01,2022-04-30,True,month_only_vague,False,False,True,False
2022년 지역축제 개최 계획(취합).xlsx,세부현황,2022,대구,(미정)동구대표축제,주민화합,10월중,대면,,2022-10-01,2022-10-31,True,month_only_vague,False,False,True,False
2022년 지역축제 개최 계획(취합).xlsx,세부현황,2022,대구,용암산성옥샘문화제,전통역사,10월중,대면,,2022-10-01,2022-10-31,True,month_only_vague,False,False,True,False
2022년 지역축제 개최 계획(취합).xlsx,세부현황,2022,대구,팔공산 단품축제,생태자연,10월중,대면,,2022-10-01,2022-10-31,True,month_only_vague,False,False,True,False
2022년 지역축제 개최 계획(취합).xlsx,세부현황,2022,대구,"달구벌목민관 부임
마을축제",전통역사,10월중,대면,,2022-10-01,2022-10-31,True,month_only_vague,False,False,True,False
2022년 지역축제 개최 계획(취합).xlsx,세부현황,2022,대구,대덕제 대구앞산축제,주민화합,4월~6월중,대면,,2022-04-01,2022-06-30,True,month_range_vague,False,False,True,False
2022년 지역축제 개최 계획(취합).xlsx,세부현황,2022,대구,대구할로윈축제,주민화합,10월중,대면,,2022-10-01,2022-10-31,True,month_only_vague,False,False,True,False
2022년 지역축제 개최 계획(취합).xlsx,세부현황,2022,대구,금호강바람소리길축제,문화예술/생태환경,9월~10월중,미정,,2022-09-01,2022-10-31,True,month_range_vague,False,False,True,False
2022년 지역축제 개최 계획(취합).xlsx,세부현황,2022,대구,논두렁밭두렁마을축제,생태환경,10월중,대면,,2022-10-01,2022-10-31,True,month_only_vague,False,False,True,False
2022년 지역축제 개최 계획(취합).xlsx,세부현황,2022,대구,수성못페스티벌,문화예술,09.23.~09.25.,대면,,2022-09-23,2022-09-25,False,exact_or_partial,False,False,True,False
2022년 지역축제 개최 계획(취합).xlsx,세부현황,2022,대구,장미꽃 필 무렵,생태자연,05.20.~05.22.,대면,,2022-05-20,2022-05-22,False,exact_or_partial,False,False,True,False
2022년 지역축제 개최 계획(취합).xlsx,세부현황,2022,대구,선사문화체험축제,전통역사,10.08.~10.09.,대면,,2022-10-08,2022-10-09,False,exact_or_partial,False,False,True,False
2022년 지역축제 개최 계획(취합).xlsx,세부현황,2022,대구,비슬산 참꽃문화제,문화예술,4월중,혼합형,,2022-04-01,2022-04-30,True,month_only_vague,False,False,True,False
2022년 지역축제 개최 계획(취합).xlsx,세부현황,2022,대구,달성100대피아노,문화예술,10월중,혼합형,,2022-10-01,2022-10-31,True,month_only_vague,False,False,True,False
2022년 지역축제 개최 계획(취합).xlsx,세부현황,2022,제주,성산일출축제,생태자연,22. 12. 30 ~ '23.1.1,미정,,2022-12-30,2023-01-01,False,exact_or_partial,False,False,True,False
2022년 지역축제 개최 계획(취합).xlsx,세부현황,2022,제주,탐라문화제,문화예술,10.5.~10.9.,혼합형,,2022-10-05,2022-10-09,False,exact_or_partial,False,False,True,False
2022년 지역축제 개최 계획(취합).xlsx,세부현황,2022,제주,서귀포 칠십리축제,문화예술,10월 중,대면,,2022-10-01,2022-10-31,True,month_only_vague,False,False,True,False
2022년 지역축제 개최 계획(취합).xlsx,세부현황,2022,제주,제17회 제주마축제,문화예술,10월 중,대면,,2022-10-01,2022-10-31,True,month_only_vague,False,False,True,False
2022년 지역축제 개최 계획(취합).xlsx,세부현황,2022,제주,탐라국 입춘굿,전통역사,2월 중,혼합형,,2022-02-01,2022-02-28,True,month_only_vague,False,False,True,False
2022년 지역축제 개최 계획(취합).xlsx,세부현황,2022,제주,제주들불축제,전통역사,3월 중,혼합형,,2022-03-01,2022-03-31,True,month_only_vague,False,False,True,False
2022년 지역축제 개최 계획(취합).xlsx,세부현황,2022,제주,전농로 왕벚꽃축제,문화예술,3월말,미정,,2022-03-01,2022-03-31,True,month_only_vague,False,False,True,False
2022년 지역축제 개최 계획(취합).xlsx,세부현황,2022,제주,제29회 제주왕벚꽃축제,문화예술,3월~4월,혼합형,,2022-03-01,2022-04-30,True,month_range_vague,False,False,True,False
2022년 지역축제 개최 계획(취합).xlsx,세부현황,2022,제주,제39회 제주유채꽃축제,생태자연,3~4월 중,대면,,2022-04-01,2022-04-30,True,month_only_vague,False,False,True,False
2022년 지역축제 개최 계획(취합).xlsx,세부현황,2022,제주,제12회 우도소라축제,특산물,4월 중(3일간),대면,,2022-04-01,2022-04-30,True,month_only_vague,False,False,True,False
2022년 지역축제 개최 계획(취합).xlsx,세부현황,2022,제주,제12회 가파도 청보리축제,문화예술,04.01.~05.08.,대면,,2022-04-01,2022-05-08,False,exact_or_partial,False,False,True,False
2022년 지역축제 개최 계획(취합).xlsx,세부현황,2022,제주,"제26회 한라산 청정
고사리축제",특산물,4~5월 중,미정,,2022-05-01,2022-05-31,True,month_only_vague,False,False,True,False
2022년 지역축제 개최 계획(취합).xlsx,세부현황,2022,제주,제19회 방선문축제,전통역사,5.7.~5.8.,미정,,2022-05-07,2022-05-08,False,exact_or_partial,False,False,True,False
2022년 지역축제 개최 계획(취합).xlsx,세부현황,2022,제주,제4회 은갈치축제,특산물,5월 중,대면,,2022-05-01,2022-05-31,True,month_only_vague,False,False,True,False
2022년 지역축제 개최 계획(취합).xlsx,세부현황,2022,제주,제19회 보목자리돔축제,특산물,5-6월 중(3일간),대면,,2022-06-01,2022-06-30,True,month_only_vague,False,False,True,False
2022년 지역축제 개최 계획(취합).xlsx,세부현황,2022,제주,제7회 돈내코 원앙축제,기타(관광),6~8월중,대면,,2022-08-01,2022-08-31,True,month_only_vague,False,False,True,False
2022년 지역축제 개최 계획(취합).xlsx,세부현황,2022,제주,제4회 하하페스티벌,문화예술,07.08.~07.09.,대면,,2022-07-08,2022-07-09,False,exact_or_partial,False,False,True,False
2022년 지역축제 개최 계획(취합).xlsx,세부현황,2022,제주,표선해비치 해변하얀모래 축제,기타,8.6~8.7(예정),대면,,2022-08-06,2022-08-07,False,exact_or_partial,False,False,True,False
2022년 지역축제 개최 계획(취합).xlsx,세부현황,2022,제주,제21회 삼양검은모래축제,생태자연,07.23.~07.24.,대면,,2022-07-23,2022-07-24,False,exact_or_partial,False,False,True,False
2022년 지역축제 개최 계획(취합).xlsx,세부현황,2022,제주,제 20회 예래생태체험축제,생태자연,7월 중,대면,,2022-07-01,2022-07-31,True,month_only_vague,False,False,True,False
2022년 지역축제 개최 계획(취합).xlsx,세부현황,2022,제주,제17회 이호테우축제,기타,7월말~8월초,대면,,2022-07-01,2022-08-31,True,month_range_vague,False,False,True,False
2022년 지역축제 개최 계획(취합).xlsx,세부현황,2022,제주,제8회 월대천 축제,기타(주민화합 등),7월~8월,대면,,2022-07-01,2022-08-31,True,month_range_vague,False,False,True,False
2022년 지역축제 개최 계획(취합).xlsx,세부현황,2022,제주,제7회 서귀포시 송산동 자구리축제,문화예술,7-8월 중(2일간),대면,,2022-08-01,2022-08-31,True,month_only_vague,False,False,True,False
2022년 지역축제 개최 계획(취합).xlsx,세부현황,2022,제주,제14회 금능원담축제,문화예술,08.01~08.02,대면,,2022-08-01,2022-08-02,False,exact_or_partial,False,False,True,False
2022년 지역축제 개최 계획(취합).xlsx,세부현황,2022,제주,재20회 도두오래물축제,문화예술,08.12~08.14,대면,,2022-08-12,2022-08-14,False,exact_or_partial,False,False,True,False
2022년 지역축제 개최 계획(취합).xlsx,세부현황,2022,제주,제1회 제주레저힐링축제,문화예술 / 레저스포츠,08.01.~11.30.,혼합형,,2022-08-01,2022-11-30,False,exact_or_partial,False,False,True,False
2022년 지역축제 개최 계획(취합).xlsx,세부현황,2022,제주,제18회 쇠소깍축제,기타(관광),8월중(2일),대면,,2022-08-01,2022-08-31,True,month_only_vague,False,False,True,False
2022년 지역축제 개최 계획(취합).xlsx,세부현황,2022,제주,제15회 제주해녀축제,문화예술 / 전통역사 / 기타(주민화합 등),09.23.~09.25.,혼합형,,2022-09-23,2022-09-25,False,exact_or_partial,False,False,True,False
2022년 지역축제 개최 계획(취합).xlsx,세부현황,2022,제주,제14회 추자도 참굴비 축제,특산물,9월 중,대면,,2022-09-01,2022-09-30,True,month_only_vague,False,False,True,False
2022년 지역축제 개최 계획(취합).xlsx,세부현황,2022,제주,제12회 산지천 축제,문화예술,9월 중,대면,,2022-09-01,2022-09-30,True,month_only_vague,False,False,True,False
2022년 지역축제 개최 계획(취합).xlsx,세부현황,2022,제주,제6회 화북동 4.3역사 및 유배길 걸을락(樂) 축제,전통역사,9~10월 중,대면,,2022-10-01,2022-10-31,True,month_only_vague,False,False,True,False
2022년 지역축제 개최 계획(취합).xlsx,세부현황,2022,제주,제7회 고마로마문화축제,전통역사,10.07.~10.08.,대면,,2022-10-07,2022-10-08,False,exact_or_partial,False,False,True,False
2022년 지역축제 개최 계획(취합).xlsx,세부현황,2022,제주,제6회 제주광어 대축제,특산물,10월 중,대면,,2022-10-01,2022-10-31,True,month_only_vague,False,False,True,False
2022년 지역축제 개최 계획(취합).xlsx,세부현황,2022,제주,제6회 FPC 한수위 수산물 대축제,특산물,10월 중,대면,,2022-10-01,2022-10-31,True,month_only_vague,False,False,True,False
2022년 지역축제 개최 계획(취합).xlsx,세부현황,2022,제주,제28회 서귀포칠십리축제,문화예술,10월 중,대면,,2022-10-01,2022-10-31,True,month_only_vague,False,False,True,False
2022년 지역축제 개최 계획(취합).xlsx,세부현황,2022,제주,2022 중문칠선녀축제,주민화합,10월 중,대면,,2022-10-01,2022-10-31,True,month_only_vague,False,False,True,False
2022년 지역축제 개최 계획(취합).xlsx,세부현황,2022,제주,2022 봉개 오름축제,생태자연,10월 중,대면,,2022-10-01,2022-10-31,True,month_only_vague,False,False,True,False
2022년 지역축제 개최 계획(취합).xlsx,세부현황,2022,제주,제9회 삼도풍류축제,전통역사,10월 중,대면,,2022-10-01,2022-10-31,True,month_only_vague,False,False,True,False
2022년 지역축제 개최 계획(취합).xlsx,세부현황,2022,제주,제21회 최남단 방어축제,특산물,11월 중,대면,,2022-11-01,2022-11-30,True,month_only_vague,False,False,True,False
2023년 지역축제 개최 계획(취합).xlsx,세부현황,2023,서울,서울뮤직페스티벌,문화예술,10.20~10.22,혼합형,,2023-10-20,2023-10-22,False,exact_or_partial,False,False,True,False
2023년 지역축제 개최 계획(취합).xlsx,세부현황,2023,서울,차 없는 잠수교 뚜벅뚜벅 축제,문화예술,"-상반기:4.30.~7.2.  
매주 일요일(10회)
-하반기:9.3.~11.12. 매주 일요일(10회)
 * 10. 1.(일) : 추석연휴 제외",대면,,2023-04-30,2023-04-30,False,exact_or_partial,False,False,True,False
2023년 지역축제 개최 계획(취합).xlsx,세부현황,2023,서울,2023 한강페스티벌,문화예술,"봄(5.12.~5.14.).
여름(7.28.~8.13.),
가을(10.14.~10.21.),
겨울(12.1.~12.25.)",대면,,2023-05-12,2023-08-13,False,exact_or_partial,False,False,True,False
2023년 지역축제 개최 계획(취합).xlsx,세부현황,2023,서울,제25회 서울드럼페스티벌,문화예술,05.26.~05.27.,대면,,2023-05-26,2023-05-27,False,exact_or_partial,False,False,True,False
2023년 지역축제 개최 계획(취합).xlsx,세부현황,2023,서울,"2023 석촌호수의 가을과 겨울, 그리고 루미나리에",문화예술,10.27.~12.31.(예정),대면,,2023-10-27,2023-12-31,False,exact_or_partial,False,False,True,False
2023년 지역축제 개최 계획(취합).xlsx,세부현황,2023,서울,2023 커피 페스티벌,문화예술,10.7.~10.8.(예정),대면,,2023-10-07,2023-10-08,False,exact_or_partial,False,False,True,False
2023년 지역축제 개최 계획(취합).xlsx,세부현황,2023,서울,제4회 2023서울도시건축비엔날레,문화예술,09.01.~10.29.,대면,,2023-09-01,2023-10-29,False,exact_or_partial,False,False,True,False
2023년 지역축제 개최 계획(취합).xlsx,세부현황,2023,서울,2023 제15회 서울건축문화제,문화예술,09.01.~09.30.(예정),대면,,2023-09-01,2023-09-30,False,exact_or_partial,False,False,True,False
2023년 지역축제 개최 계획(취합).xlsx,세부현황,2023,서울,종로한복축제,전통역사,09.22.~09.23.,대면,,2023-09-22,2023-09-23,False,exact_or_partial,False,False,True,False
2023년 지역축제 개최 계획(취합).xlsx,세부현황,2023,서울,자문밖 문화축제,문화예술,09.09.~09.11.,혼합형,,2023-09-09,2023-09-11,False,exact_or_partial,False,False,True,False
2023년 지역축제 개최 계획(취합).xlsx,세부현황,2023,서울,국악대축제,전통역사,09.17.,대면,,2023-09-17,2023-09-17,False,exact_or_partial,False,False,True,False
2023년 지역축제 개최 계획(취합).xlsx,세부현황,2023,서울,종로음악이야기,전통역사,09.24.,대면,,2023-09-24,2023-09-24,False,exact_or_partial,False,False,True,False
2023년 지역축제 개최 계획(취합).xlsx,세부현황,2023,서울,종로 문화재 야행,전통역사,09.26.~09.30.,대면,,2023-09-26,2023-09-30,False,exact_or_partial,False,False,True,False
2023년 지역축제 개최 계획(취합).xlsx,세부현황,2023,서울,종로 역사문화 알리기 행사,전통역사,05.16.~05.20.,대면,,2023-05-16,2023-05-20,False,exact_or_partial,False,False,True,False
2023년 지역축제 개최 계획(취합).xlsx,세부현황,2023,서울,2023 D.FESTA 대학로 거리공연축제,문화예술,05.19.~05.21.,혼합형,,2023-05-19,2023-05-21,False,exact_or_partial,False,False,True,False
2023년 지역축제 개최 계획(취합).xlsx,세부현황,2023,서울,2023 아시테지 국제여름축제,문화예술,07.15.~07.31.,대면,,2023-07-15,2023-07-31,False,exact_or_partial,False,False,True,False
2023년 지역축제 개최 계획(취합).xlsx,세부현황,2023,서울,제44회 서울연극제,문화예술,04.30.~05.31.,대면,,2023-04-30,2023-05-31,False,exact_or_partial,False,False,True,False
2023년 지역축제 개최 계획(취합).xlsx,세부현황,2023,서울,제22회 종로구 인왕산 해맞이 축제,전통역사,2023.1.1.(종료),대면,,2023-01-01,2023-01-01,False,exact_or_partial,False,False,True,False
2023년 지역축제 개최 계획(취합).xlsx,세부현황,2023,서울,인왕산 산신제 및 정월대보름 민속놀이 행사,전통역사,2023.2.3.~2.4.(예정),대면,,2023-02-03,2023-02-04,False,exact_or_partial,False,False,True,False
2023년 지역축제 개최 계획(취합).xlsx,세부현황,2023,서울,봄맞이 축제,기타(주민화합 등),2023.4.(예정),대면,,2023-04-01,2023-04-30,True,month_detected_vague,False,False,True,False
2023년 지역축제 개최 계획(취합).xlsx,세부현황,2023,서울,궁중과 사대부가 전통음식축제,문화예술,10.13.,대면,,2023-10-13,2023-10-13,False,exact_or_partial,False,False,True,False
2023년 지역축제 개최 계획(취합).xlsx,세부현황,2023,서울,정순왕후 문화제,문화예술,04.21.,대면,,2023-04-21,2023-04-21,False,exact_or_partial,False,False,True,False
2023년 지역축제 개최 계획(취합).xlsx,세부현황,2023,서울,돈화문로 축제,문화예술,10.13.~10.14.,대면,,2023-10-13,2023-10-14,False,exact_or_partial,False,False,True,False
2023년 지역축제 개최 계획(취합).xlsx,세부현황,2023,서울,북촌(공방)축제,문화예술,10.14.,대면,,2023-10-14,2023-10-14,False,exact_or_partial,False,False,True,False
2023년 지역축제 개최 계획(취합).xlsx,세부현황,2023,서울,부암마실축제(가칭),문화예술,10월 27일~28일(안),대면,,2023-10-27,2023-10-28,False,exact_or_partial,False,False,True,False
2023년 지역축제 개최 계획(취합).xlsx,세부현황,2023,서울,2023 구로G페스티벌,기타(주민화합 등),10월 중(3일간),대면,,2023-10-01,2023-10-31,True,month_only_vague,False,False,True,False
2023년 지역축제 개최 계획(취합).xlsx,세부현황,2023,서울,제21회 허준축제,전통역사,10.13.~10.15.,대면,,2023-10-13,2023-10-15,False,exact_or_partial,False,False,True,False
2023년 지역축제 개최 계획(취합).xlsx,세부현황,2023,서울,제7회 겸재문화예술제,전통역사,5.12.~5.13.,대면,,2023-05-12,2023-05-13,False,exact_or_partial,False,False,True,False
2023년 지역축제 개최 계획(취합).xlsx,세부현황,2023,서울,2023 서리풀페스티벌,문화예술,9.23.~9.24.,대면,,2023-09-23,2023-09-24,False,exact_or_partial,False,False,True,False
2023년 지역축제 개최 계획(취합).xlsx,세부현황,2023,서울,봄밤의 클래식 축제,문화예술,4.15.~4.16.,대면,,2023-04-15,2023-04-16,False,exact_or_partial,False,False,True,False
2023년 지역축제 개최 계획(취합).xlsx,세부현황,2023,서울,제5회 서울국악축제,문화예술,9.30.~10.1.,대면,,2023-09-30,2023-10-01,False,exact_or_partial,False,False,True,False
2023년 지역축제 개최 계획(취합).xlsx,세부현황,2023,서울,서울동화축제,문화예술,5.5~5.6,대면,,2023-05-05,2023-05-06,False,exact_or_partial,False,False,True,False
2023년 지역축제 개최 계획(취합).xlsx,세부현황,2023,서울,송파구 벚꽃축제,문화예술,4.5.~4.9.,대면,,2023-04-05,2023-04-09,False,exact_or_partial,False,False,True,False
2023년 지역축제 개최 계획(취합).xlsx,세부현황,2023,서울,제23회 한성백제문화제,전통역사,9.22.~9.24.,대면,,2023-09-22,2023-09-24,False,exact_or_partial,False,False,True,False
2023년 지역축제 개최 계획(취합).xlsx,세부현황,2023,서울,2023 한강달빛 야시장,기타(주민화합 등),"4.30.~6.4. / 
9.16~10.22.",대면,,2023-04-30,2023-06-04,False,exact_or_partial,False,False,True,False
2023년 지역축제 개최 계획(취합).xlsx,세부현황,2023,서울,제20회 3.1독립운동 기념 행사,전통역사,3.1.,대면,,2023-03-01,2023-03-01,False,exact_or_partial,False,False,True,False
2023년 지역축제 개최 계획(취합).xlsx,세부현황,2023,서울,4.19혁명국민문화제,전통역사,4.8.~4.19.,대면,,2023-04-08,2023-04-19,False,exact_or_partial,False,False,True,False
2023년 지역축제 개최 계획(취합).xlsx,세부현황,2023,서울,종교연합바자회,기타(주민화합 등),10.7.,대면,,2023-10-07,2023-10-07,False,exact_or_partial,False,False,True,False
2023년 지역축제 개최 계획(취합).xlsx,세부현황,2023,서울,우이천 문화관광 행사(가칭),문화예술,3.30.~4.2.,대면,,2023-03-30,2023-04-02,False,exact_or_partial,False,False,True,False
2023년 지역축제 개최 계획(취합).xlsx,세부현황,2023,서울,강북구민 한마음 걷기대회,기타(주민화합 등),5월중,대면,,2023-05-01,2023-05-31,True,month_only_vague,False,False,True,False
2023년 지역축제 개최 계획(취합).xlsx,세부현황,2023,서울,제5회 산악문화제,생태자연,9월 중,대면,,2023-09-01,2023-09-30,True,month_only_vague,False,False,True,False
2023년 지역축제 개최 계획(취합).xlsx,세부현황,2023,서울,2023년 강북구 한마음 체육대회,기타(주민화합 등),10월,대면,,2023-10-01,2023-10-31,True,month_only_vague,False,False,True,False
2023년 지역축제 개최 계획(취합).xlsx,세부현황,2023,서울,금천하모니축제,문화예술,05.19.~05.21.,대면,,2023-05-19,2023-05-21,False,exact_or_partial,False,False,True,False
2023년 지역축제 개최 계획(취합).xlsx,세부현황,2023,서울,정조대왕 능행차 공동행사 재현,전통역사,10.14.,대면,,2023-10-14,2023-10-14,False,exact_or_partial,False,False,True,False
2023년 지역축제 개최 계획(취합).xlsx,세부현황,2023,서울,2023 서울장미축제,문화예술,5월중,대면,,2023-05-01,2023-05-31,True,month_only_vague,False,False,True,False
2023년 지역축제 개최 계획(취합).xlsx,세부현황,2023,서울,2023 용마폭포문화예술축제,문화예술,10월중,대면,,2023-10-01,2023-10-31,True,month_only_vague,False,False,True,False
2023년 지역축제 개최 계획(취합).xlsx,세부현황,2023,서울,우이천 등 축제,문화예술,4. 6. ~ 4. 9.,대면,,2023-04-06,2023-04-09,False,exact_or_partial,False,False,True,False
2023년 지역축제 개최 계획(취합).xlsx,세부현황,2023,서울,도봉산 페스티벌,문화예술,9. 23. ~ 9. 24.,대면,,2023-09-23,2023-09-24,False,exact_or_partial,False,False,True,False
2023년 지역축제 개최 계획(취합).xlsx,세부현황,2023,서울,제11회 도봉구 등 축제,문화예술,10. 19. ~ 10. 22.,대면,,2023-10-19,2023-10-22,False,exact_or_partial,False,False,True,False
2023년 지역축제 개최 계획(취합).xlsx,세부현황,2023,서울,도봉옛길 문화제,문화예술,5월 중,대면,,2023-05-01,2023-05-31,True,month_only_vague,False,False,True,False
2023년 지역축제 개최 계획(취합).xlsx,세부현황,2023,서울,제12회 정의공주와 함께하는 도봉한글잔치,문화예술,10월 중,대면,,2023-10-01,2023-10-31,True,month_only_vague,False,False,True,False
2023년 지역축제 개최 계획(취합).xlsx,세부현황,2023,서울,노원 수제맥주축제,기타(주민화합 등),6.2.~6.3.,대면,,2023-06-02,2023-06-03,False,exact_or_partial,False,False,True,True
2023년 지역축제 개최 계획(취합).xlsx,세부현황,2023,서울,노원달빛산책,문화예술,10.13.~10.29.,대면,,2023-10-13,2023-10-29,False,exact_or_partial,False,False,True,False
2023년 지역축제 개최 계획(취합).xlsx,세부현황,2023,서울,노원탈축제,문화예술,10.7.~10.8.,대면,,2023-10-07,2023-10-08,False,exact_or_partial,False,False,True,False
2023년 지역축제 개최 계획(취합).xlsx,세부현황,2023,서울,2023 서울비보이페스티벌,문화예술,6.03,대면,,2023-06-03,2023-06-03,False,exact_or_partial,False,False,True,False
2023년 지역축제 개최 계획(취합).xlsx,세부현황,2023,서울,"한강노들섬X오페라,발레",문화예술,10월 중,대면,,2023-10-01,2023-10-31,True,month_only_vague,False,False,True,False
2023년 지역축제 개최 계획(취합).xlsx,세부현황,2023,서울,제2회 서울생활예술축제,문화예술,09.23.~09.24.,대면,,2023-09-23,2023-09-24,False,exact_or_partial,False,False,True,False
2023년 지역축제 개최 계획(취합).xlsx,세부현황,2023,서울,2023 서울서커스예술축제,문화예술,05.05~05.07.,대면,,2023-05-05,2023-05-07,False,exact_or_partial,False,False,True,False
2023년 지역축제 개최 계획(취합).xlsx,세부현황,2023,서울,"서울거리예술축제2023
(前 하이서울페스티벌)",문화예술,10.7.~8.(예정),대면,,2023-10-07,2023-10-08,False,exact_or_partial,False,False,True,False
2023년 지역축제 개최 계획(취합).xlsx,세부현황,2023,서울,제2회 서울융합예술페스티벌 언폴드엑스2023,문화예술,"11.20~12.3
(예정)",대면,,2023-11-20,2023-12-03,False,exact_or_partial,False,False,True,False
2023년 지역축제 개최 계획(취합).xlsx,세부현황,2023,서울,제22회 서울억새축제,생태자연,10.14.~10.20.,대면,,2023-10-14,2023-10-20,False,exact_or_partial,False,False,True,False
2023년 지역축제 개최 계획(취합).xlsx,세부현황,2023,서울,서울대공원 벚꽃축제,생태자연,4.8.~4.16.,대면,,2023-04-08,2023-04-16,False,exact_or_partial,False,False,True,False
2023년 지역축제 개최 계획(취합).xlsx,세부현황,2023,서울,제23회 장미원축제,생태자연,5.28.~6.6.,대면,,2023-05-28,2023-06-06,False,exact_or_partial,False,False,True,False
2023년 지역축제 개최 계획(취합).xlsx,세부현황,2023,서울,제5회 호숫가영화제,문화예술,9.23.~9.24.,대면,,2023-09-23,2023-09-24,False,exact_or_partial,False,False,True,False
2023년 지역축제 개최 계획(취합).xlsx,세부현황,2023,서울,제8회 동물원 속 미술관,문화예술,10.21.~10.29.,대면,,2023-10-21,2023-10-29,False,exact_or_partial,False,False,True,False
2023년 지역축제 개최 계획(취합).xlsx,세부현황,2023,서울,서대문독립페스타,전통역사,8.14.~8.15.,대면,,2023-08-14,2023-08-15,False,exact_or_partial,False,False,True,False
2023년 지역축제 개최 계획(취합).xlsx,세부현황,2023,서울,서대문 가을문화 주간,문화예술,10.14.~10.21.,대면,,2023-10-14,2023-10-21,False,exact_or_partial,False,False,True,False
2023년 지역축제 개최 계획(취합).xlsx,세부현황,2023,서울,벚꽃음악회,문화예술,4월 중 벚꽃개화기,대면,,2023-04-01,2023-04-30,True,month_only_vague,False,False,True,False
2023년 지역축제 개최 계획(취합).xlsx,세부현황,2023,서울,서대문대학문화축제,문화예술,10월 중,대면,,2023-10-01,2023-10-31,True,month_only_vague,False,False,True,False
2023년 지역축제 개최 계획(취합).xlsx,세부현황,2023,서울,프랑스거리음악축제,문화예술,6월 중,대면,,2023-06-01,2023-06-30,True,month_only_vague,False,False,True,False
2023년 지역축제 개최 계획(취합).xlsx,세부현황,2023,서울,제17회 영등포 여의도 봄꽃축제,문화예술,4. 4. ~ 4. 9.(예정),대면,,2023-04-04,2023-04-09,False,exact_or_partial,False,False,True,False
2023년 지역축제 개최 계획(취합).xlsx,세부현황,2023,서울,제22회 신길6동 벚꽃축제,문화예술,3월말~4월초,대면,,2023-03-01,2023-04-30,True,month_range_vague,False,False,True,False
2023년 지역축제 개최 계획(취합).xlsx,세부현황,2023,서울,제2회 영등포 지등축제,문화예술,10월 초,대면,,2023-10-01,2023-10-31,True,month_only_vague,False,False,True,False
2023년 지역축제 개최 계획(취합).xlsx,세부현황,2023,서울,응봉산 개나리축제,"문화예술, 생태자연",3월말,대면,,2023-03-01,2023-03-31,True,month_only_vague,False,False,True,False
2023년 지역축제 개최 계획(취합).xlsx,세부현황,2023,서울,두모포 페스티벌,"문화예술, 전통역사",7월초,대면,,2023-07-01,2023-07-31,True,month_only_vague,False,False,True,False
2023년 지역축제 개최 계획(취합).xlsx,세부현황,2023,서울,태조이성계축제,"문화예술,전통역사",9월중,대면,,2023-09-01,2023-09-30,True,month_only_vague,False,False,True,False
2023년 지역축제 개최 계획(취합).xlsx,세부현황,2023,서울,세계민속춤 축제,문화예술,10월초,대면,,2023-10-01,2023-10-31,True,month_only_vague,False,False,True,False
2023년 지역축제 개최 계획(취합).xlsx,세부현황,2023,부산,부산낙동강유채꽃축제,생태자연,4월중,혼합형,,2023-04-01,2023-04-30,True,month_only_vague,False,False,True,False
2023년 지역축제 개최 계획(취합).xlsx,세부현황,2023,부산,조선통신사축제,전통역사,5.5.~5.7.,대면,,2023-05-05,2023-05-07,False,exact_or_partial,False,False,True,False
2023년 지역축제 개최 계획(취합).xlsx,세부현황,2023,부산,부산항축제,기타,"5.27.~5.28.
(예정)",혼합형,,2023-05-27,2023-05-28,False,exact_or_partial,False,False,True,False
2023년 지역축제 개최 계획(취합).xlsx,세부현황,2023,부산,부산원도심골목길축제,전통역사,6월중,대면,,2023-06-01,2023-06-30,True,month_only_vague,False,False,True,False
2023년 지역축제 개최 계획(취합).xlsx,세부현황,2023,부산,부산국제록페스티벌,문화예술,7월중,혼합형,,2023-07-01,2023-07-31,True,month_only_vague,False,False,True,False
2023년 지역축제 개최 계획(취합).xlsx,세부현황,2023,부산,부산바다축제,생태자연,8월중,혼합형,,2023-08-01,2023-08-31,True,month_only_vague,False,False,True,False
2023년 지역축제 개최 계획(취합).xlsx,세부현황,2023,부산,부산불꽃축제,문화예술,10월중,혼합형,,2023-10-01,2023-10-31,True,month_only_vague,False,False,True,False
2023년 지역축제 개최 계획(취합).xlsx,세부현황,2023,부산,시민의 종 타종식,문화예술,12.31.,혼합형,,2023-12-31,2023-12-31,False,exact_or_partial,False,False,True,False
2023년 지역축제 개최 계획(취합).xlsx,세부현황,2023,부산,해운대북극곰축제,생태자연,12월중,혼합형,,2023-12-01,2023-12-31,True,month_only_vague,False,False,True,False
2023년 지역축제 개최 계획(취합).xlsx,세부현황,2023,부산,광복로 연등문화제,문화예술,5월 중,취소,,2023-05-01,2023-05-31,True,month_only_vague,True,False,False,False
2023년 지역축제 개최 계획(취합).xlsx,세부현황,2023,부산,부산자갈치축제,지역특산물,10.14.~10.17.,대면,,2023-10-14,2023-10-17,False,exact_or_partial,False,False,True,False
2023년 지역축제 개최 계획(취합).xlsx,세부현황,2023,부산,"보수동책방골목
문화축제",문화예술,10월중,혼합형,,2023-10-01,2023-10-31,True,month_only_vague,False,False,True,False
2023년 지역축제 개최 계획(취합).xlsx,세부현황,2023,부산,광복로 겨울빛 트리축제,문화예술,"23년12월
~'24년1월",대면,,2023-12-01,2023-01-31,True,month_range_vague,False,False,True,False
2023년 지역축제 개최 계획(취합).xlsx,세부현황,2023,부산,부산고등어축제,지역특산물,10.27.~10.29.,혼합형,,2023-10-27,2023-10-29,False,exact_or_partial,False,False,True,False
2023년 지역축제 개최 계획(취합).xlsx,세부현황,2023,부산,일신여학교 3.1운동 재현행사,문화예술,3.1.,대면,,2023-03-01,2023-03-01,False,exact_or_partial,False,False,True,False
2023년 지역축제 개최 계획(취합).xlsx,세부현황,2023,부산,차이나타운특구축제,문화예술,10월중,혼합형,,2023-10-01,2023-10-31,True,month_only_vague,False,False,True,False
2023년 지역축제 개최 계획(취합).xlsx,세부현황,2023,부산,영도다리축제,문화예술,10.13.~10.15.,대면,,2023-10-13,2023-10-15,False,exact_or_partial,False,False,True,False
2023년 지역축제 개최 계획(취합).xlsx,세부현황,2023,부산,영도 커피페스티벌,문화예술,11.3.~11.5.,대면,,2023-11-03,2023-11-05,False,exact_or_partial,False,False,True,False
2023년 지역축제 개최 계획(취합).xlsx,세부현황,2023,부산,"전포커피축제
(구. 전포카페거리축제)",기타,10월중,혼합형,,2023-10-01,2023-10-31,True,month_only_vague,False,False,True,False
2023년 지역축제 개최 계획(취합).xlsx,세부현황,2023,부산,서면메디컬스트리트 축제,기타,10월중,혼합형,,2023-10-01,2023-10-31,True,month_only_vague,False,False,True,False
2023년 지역축제 개최 계획(취합).xlsx,세부현황,2023,부산,희망 드림 빛 축제,주민화합,"23년11월
~'24년2월",대면,,2023-11-01,2023-02-28,True,month_range_vague,False,False,True,False
2023년 지역축제 개최 계획(취합).xlsx,세부현황,2023,부산,동래 3.1만세운동기념행사,문화예술,3.29.,대면,,2023-03-29,2023-03-29,False,exact_or_partial,False,False,True,False
2023년 지역축제 개최 계획(취합).xlsx,세부현황,2023,부산,동래읍성역사축제,전통역사,10.13.~10.15.,대면,,2023-10-13,2023-10-15,False,exact_or_partial,False,False,True,False
2023년 지역축제 개최 계획(취합).xlsx,세부현황,2023,부산,UN평화축제,주민화합,"10월중
(2일간)",대면,,2023-10-01,2023-10-31,True,month_only_vague,False,False,True,False
2023년 지역축제 개최 계획(취합).xlsx,세부현황,2023,부산,구포장터 3.1만세운동기념행사,문화예술,3.29.,대면,,2023-03-29,2023-03-29,False,exact_or_partial,False,False,True,False
2023년 지역축제 개최 계획(취합).xlsx,세부현황,2023,부산,낙동강 구포나루 축제,기타,10.13.~10.15.,대면,,2023-10-13,2023-10-15,False,exact_or_partial,False,False,True,False
2023년 지역축제 개최 계획(취합).xlsx,세부현황,2023,부산,해운대모래축제,생태자연,5.19.~5.22.,대면,,2023-05-19,2023-05-22,False,exact_or_partial,False,False,True,False
2023년 지역축제 개최 계획(취합).xlsx,세부현황,2023,부산,해운대 달맞이온천축제,문화예술,2.3.~2.6.,취소,,2023-02-03,2023-02-06,False,exact_or_partial,True,False,False,False
2023년 지역축제 개최 계획(취합).xlsx,세부현황,2023,부산,해운대 해양레저축제,생태자연,9월중,대면,,2023-09-01,2023-09-30,True,month_only_vague,False,False,True,False
2023년 지역축제 개최 계획(취합).xlsx,세부현황,2023,부산,해운대 빛축제,문화예술,12월중,대면,,2023-12-01,2023-12-31,True,month_only_vague,False,False,True,False
2023년 지역축제 개최 계획(취합).xlsx,세부현황,2023,부산,"해운대 카운트다운
&해맞이축제",기타,"23.12.31.
~24.1.1.",대면,,2023-12-31,2024-01-01,False,exact_or_partial,False,False,True,False
2023년 지역축제 개최 계획(취합).xlsx,세부현황,2023,부산,부산어묵축제,지역특산물,10월중,대면,,2023-10-01,2023-10-31,True,month_only_vague,False,False,True,False
2023년 지역축제 개최 계획(취합).xlsx,세부현황,2023,부산,다대포 어항문화축제,전통역사,11월중,대면,,2023-11-01,2023-11-30,True,month_only_vague,False,False,True,False
2023년 지역축제 개최 계획(취합).xlsx,세부현황,2023,부산,감천문화마을골목축제,전통역사,"10월중
(3일간)",대면,,2023-10-01,2023-10-31,True,month_only_vague,False,False,True,False
2023년 지역축제 개최 계획(취합).xlsx,세부현황,2023,부산,금정산성축제,문화예술,5월중,혼합형,,2023-05-01,2023-05-31,True,month_only_vague,False,False,True,False
2023년 지역축제 개최 계획(취합).xlsx,세부현황,2023,부산,부산국제공연예술제,문화예술,9월중,혼합형,,2023-09-01,2023-09-30,True,month_only_vague,False,False,True,False
2023년 지역축제 개최 계획(취합).xlsx,세부현황,2023,부산,회동호 숲속 힐링 페스티벌,문화예술,10월중,혼합형,,2023-10-01,2023-10-31,True,month_only_vague,False,False,True,False
2023년 지역축제 개최 계획(취합).xlsx,세부현황,2023,부산,라라라 페스티벌,기타,10월중,혼합형,,2023-10-01,2023-10-31,True,month_only_vague,False,False,True,False
2023년 지역축제 개최 계획(취합).xlsx,세부현황,2023,부산,연제고분판타지축제,전통역사,"3.31.~4.2.
(예정)",대면,,2023-03-31,2023-04-02,False,exact_or_partial,False,False,True,False
2023년 지역축제 개최 계획(취합).xlsx,세부현황,2023,부산,대저토마토축제,지역특산물,4.1.~4.2.,대면,,2023-04-01,2023-04-02,False,exact_or_partial,False,False,True,False
2023년 지역축제 개최 계획(취합).xlsx,세부현황,2023,부산,강서 낙동강30리 벚꽃축제,생태자연,3.31.~4.2.,대면,,2023-03-31,2023-04-02,False,exact_or_partial,False,False,True,False
2023년 지역축제 개최 계획(취합).xlsx,세부현황,2023,부산,명지시장전어축제,지역특산물,8월중,대면,,2023-08-01,2023-08-31,True,month_only_vague,False,False,True,False
2023년 지역축제 개최 계획(취합).xlsx,세부현황,2023,부산,제21회 광안리어방축제,전통역사,5.12.~5.14.,대면,,2023-05-12,2023-05-14,False,exact_or_partial,False,False,True,False
2023년 지역축제 개최 계획(취합).xlsx,세부현황,2023,부산,사상강변축제,주민화합,10월중,대면,,2023-10-01,2023-10-31,True,month_only_vague,False,False,True,False
2023년 지역축제 개최 계획(취합).xlsx,세부현황,2023,부산,정월대보름 달집태우기축제,주민화합,2.5.,대면,,2023-02-05,2023-02-05,False,exact_or_partial,False,False,True,False
2023년 지역축제 개최 계획(취합).xlsx,세부현황,2023,부산,기장멸치축제,지역특산물,4.28.~4.30.,대면,,2023-04-28,2023-04-30,False,exact_or_partial,False,False,True,False
2023년 지역축제 개최 계획(취합).xlsx,세부현황,2023,부산,기장미역다시마축제,지역특산물,4월중,대면,,2023-04-01,2023-04-30,True,month_only_vague,False,False,True,False
2023년 지역축제 개최 계획(취합).xlsx,세부현황,2023,부산,기장 봉한꿀 홍보행사,지역특산물,5월중,대면,,2023-05-01,2023-05-31,True,month_only_vague,False,False,True,False
2023년 지역축제 개최 계획(취합).xlsx,세부현황,2023,부산,기장갯마을축제,주민화합,7~8월중,대면,,2023-08-01,2023-08-31,True,month_only_vague,False,False,True,False
2023년 지역축제 개최 계획(취합).xlsx,세부현황,2023,부산,기장붕장어축제,지역특산물,9~10월중,대면,,2023-10-01,2023-10-31,True,month_only_vague,False,False,True,False
2023년 지역축제 개최 계획(취합).xlsx,세부현황,2023,부산,정관 생태하천 학습문화축제,주민화합,10월중,대면,,2023-10-01,2023-10-31,True,month_only_vague,False,False,True,False
2023년 지역축제 개최 계획(취합).xlsx,세부현황,2023,부산,차성문화제,문화예술,10월중,대면,,2023-10-01,2023-10-31,True,month_only_vague,False,False,True,False
2023년 지역축제 개최 계획(취합).xlsx,세부현황,2023,부산,철마 한우 불고기 축제,지역특산물,10월중,대면,,2023-10-01,2023-10-31,True,month_only_vague,False,False,True,False
2023년 지역축제 개최 계획(취합).xlsx,세부현황,2023,대구,대구포크페스티벌,문화예술,10.6.~10.7.,혼합형,,2023-10-06,2023-10-07,False,exact_or_partial,False,False,True,False
2023년 지역축제 개최 계획(취합).xlsx,세부현황,2023,대구,대구국제재즈축제,문화예술,10.6.~10.8.,대면,,2023-10-06,2023-10-08,False,exact_or_partial,False,False,True,False
2023년 지역축제 개최 계획(취합).xlsx,세부현황,2023,대구,대구생활문화제,문화예술,5.13.~5.14.,혼합형,,2023-05-13,2023-05-14,False,exact_or_partial,False,False,True,False
2023년 지역축제 개최 계획(취합).xlsx,세부현황,2023,대구,파워풀대구페스티벌,문화예술,5.13.~5.14.,대면,,2023-05-13,2023-05-14,False,exact_or_partial,False,False,True,False
2023년 지역축제 개최 계획(취합).xlsx,세부현황,2023,대구,대구국제뮤지컬페스티벌,문화예술,5.19.~6.5.,혼합형,,2023-05-19,2023-06-05,False,exact_or_partial,False,False,True,False
2023년 지역축제 개최 계획(취합).xlsx,세부현황,2023,대구,대구국제오페라축제,문화예술,10.6.~11.11.,대면,,2023-10-06,2023-11-11,False,exact_or_partial,False,False,True,False
2023년 지역축제 개최 계획(취합).xlsx,세부현황,2023,대구,대구콘텐츠페어,기타(산업육성),10.7.~10.8.,혼합형,,2023-10-07,2023-10-08,False,exact_or_partial,False,False,True,False
2023년 지역축제 개최 계획(취합).xlsx,세부현황,2023,대구,팔공산 산중전통장터 승시 축제,전통역사,10월중,대면,,2023-10-01,2023-10-31,True,month_only_vague,False,False,True,False
2023년 지역축제 개최 계획(취합).xlsx,세부현황,2023,대구,대구치맥페스티벌,기타,7월경,대면,,2023-07-01,2023-07-31,True,month_only_vague,False,False,True,True
2023년 지역축제 개최 계획(취합).xlsx,세부현황,2023,대구,제45회대구약령시한방문화축제,전통역사,5.5.~5.7.,대면,,2023-05-05,2023-05-07,False,exact_or_partial,False,False,True,False
2023년 지역축제 개최 계획(취합).xlsx,세부현황,2023,대구,제18회 대구패션주얼리위크,특산물,9월 중,대면,,2023-09-01,2023-09-30,True,month_only_vague,False,False,True,False
2023년 지역축제 개최 계획(취합).xlsx,세부현황,2023,대구,"제10회 빨간구두이야기
(수제화축제)",문화예술,10월 중,대면,,2023-10-01,2023-10-31,True,month_only_vague,False,False,True,False
2023년 지역축제 개최 계획(취합).xlsx,세부현황,2023,대구,서문시장글로벌대축제,전통역사,10월 중,혼합,,2023-10-01,2023-10-31,True,month_only_vague,False,False,True,False
2023년 지역축제 개최 계획(취합).xlsx,세부현황,2023,대구,교동시장한마음축제,전통역사,10월 중,혼합,,2023-10-01,2023-10-31,True,month_only_vague,False,False,True,False
2023년 지역축제 개최 계획(취합).xlsx,세부현황,2023,대구,대구 문화재야행,문화예술,8.18~19.,대면,,2023-08-18,2023-08-19,False,exact_or_partial,False,False,True,False
2023년 지역축제 개최 계획(취합).xlsx,세부현황,2023,대구,제11회 대구스트리트모터페스티벌,기타,5월중,대면,,2023-05-01,2023-05-31,True,month_only_vague,False,False,True,False
2023년 지역축제 개최 계획(취합).xlsx,세부현황,2023,대구,"제11회 김광석, 나의 노래 다시부르기",문화예술,9월중,대면,,2023-09-01,2023-09-30,True,month_only_vague,False,False,True,False
2023년 지역축제 개최 계획(취합).xlsx,세부현황,2023,대구,제34회 동성로축제,기타,5.12.~5.14.,대면,,2023-05-12,2023-05-14,False,exact_or_partial,False,False,True,False
2023년 지역축제 개최 계획(취합).xlsx,세부현황,2023,대구,제31회 봉산미술제,문화예술,5월중,대면,,2023-05-01,2023-05-31,True,month_only_vague,False,False,True,False
2023년 지역축제 개최 계획(취합).xlsx,세부현황,2023,대구,김광석길페스티벌,문화예술,10월중,대면,,2023-10-01,2023-10-31,True,month_only_vague,False,False,True,False
2023년 지역축제 개최 계획(취합).xlsx,세부현황,2023,대구,대구화교중화문화축제,문화예술,10월중,대면,,2023-10-01,2023-10-31,True,month_only_vague,False,False,True,False
2023년 지역축제 개최 계획(취합).xlsx,세부현황,2023,대구,팔공산 벚꽃축제,생태자연,4월중,대면,,2023-04-01,2023-04-30,True,month_only_vague,False,False,True,False
2023년 지역축제 개최 계획(취합).xlsx,세부현황,2023,대구,팔공산 단풍축제,생태자연,10월중,미정,,2023-10-01,2023-10-31,True,month_only_vague,False,False,True,False
2023년 지역축제 개최 계획(취합).xlsx,세부현황,2023,대구,"달구벌목민관 부임
마을축제",전통역사,10월중(2일간),대면,,2023-10-01,2023-10-31,True,month_only_vague,False,False,True,False
2023년 지역축제 개최 계획(취합).xlsx,세부현황,2023,대구,제28회 대덕제 「대구앞산축제」,문화예술,5.5.~5.6.,대면,,2023-05-05,2023-05-06,False,exact_or_partial,False,False,True,False
2023년 지역축제 개최 계획(취합).xlsx,세부현황,2023,대구,제11회 로드페스티벌,문화예술,6.17.~6.18.,대면,,2023-06-17,2023-06-18,False,exact_or_partial,False,False,True,False
2023년 지역축제 개최 계획(취합).xlsx,세부현황,2023,대구,2023 대구할로윈축제,문화예술,10.28.~10.29.,대면,,2023-10-28,2023-10-29,False,exact_or_partial,False,False,True,False
2023년 지역축제 개최 계획(취합).xlsx,세부현황,2023,대구,금호강바람소리길축제,문화예술/생태환경,9월~10월중,대면,,2023-09-01,2023-10-31,True,month_range_vague,False,False,True,False
2023년 지역축제 개최 계획(취합).xlsx,세부현황,2023,대구,떡볶이 페스티벌,문화예술,5~6월 중,대면,,2023-06-01,2023-06-30,True,month_only_vague,False,False,True,False
2023년 지역축제 개최 계획(취합).xlsx,세부현황,2023,대구,논두렁밭두렁마을축제,생태환경,10월중,대면,,2023-10-01,2023-10-31,True,month_only_vague,False,False,True,False
2023년 지역축제 개최 계획(취합).xlsx,세부현황,2023,대구,댕댕이 페스티벌,주민화합,4~5월중,대면,,2023-05-01,2023-05-31,True,month_only_vague,False,False,True,False
2023년 지역축제 개최 계획(취합).xlsx,세부현황,2023,대구,수성못페스티벌,문화예술,9.22.~9.24.,대면,,2023-09-22,2023-09-24,False,exact_or_partial,False,False,True,False
2023년 지역축제 개최 계획(취합).xlsx,세부현황,2023,대구,장미꽃 필 무렵,생태자원,5.19.~5.21.,대면,,2023-05-19,2023-05-21,False,exact_or_partial,False,False,True,False
2023년 지역축제 개최 계획(취합).xlsx,세부현황,2023,대구,선사문화체험축제,전통역사,5.12.~5.13.,대면,,2023-05-12,2023-05-13,False,exact_or_partial,False,False,True,False
2023년 지역축제 개최 계획(취합).xlsx,세부현황,2023,대구,희망달서 큰잔치,주민화합,10월중,대면,,2023-10-01,2023-10-31,True,month_only_vague,False,False,True,False
2023년 지역축제 개최 계획(취합).xlsx,세부현황,2023,대구,제27회 참꽃 문화제,문화예술,4.22.~4.23.,대면,,2023-04-22,2023-04-23,False,exact_or_partial,False,False,True,False
2023년 지역축제 개최 계획(취합).xlsx,세부현황,2023,대구,2023 100대 피아노,문화예술,10.7.,대면,,2023-10-07,2023-10-07,False,exact_or_partial,False,False,True,False
2023년 지역축제 개최 계획(취합).xlsx,세부현황,2023,대구,yes! 키즈존,문화예술,5월/ 10월,대면,,2023-05-01,2023-10-31,True,month_range_vague,False,False,True,False
2023년 지역축제 개최 계획(취합).xlsx,세부현황,2023,인천,송도대표 축제,ㅇ 지역 전통문화,23년 10월중,대면,,2023-10-01,2023-10-31,True,month_only_vague,False,False,True,False
2023년 지역축제 개최 계획(취합).xlsx,세부현황,2023,인천,영종대표축제,ㅇ 지역 전통문화,23년 10월중,대면,,2023-10-01,2023-10-31,True,month_only_vague,False,False,True,False
2023년 지역축제 개최 계획(취합).xlsx,세부현황,2023,인천,청라대표축제,ㅇ 지역 전통문화,23년 10월중,대면,,2023-10-01,2023-10-31,True,month_only_vague,False,False,True,False
2023년 지역축제 개최 계획(취합).xlsx,세부현황,2023,인천,용유 바다축제,ㅇ 지역 전통문화,23년 7.~8월,대면,,2023-08-01,2023-08-31,True,month_only_vague,False,False,True,False
2023년 지역축제 개최 계획(취합).xlsx,세부현황,2023,인천,IFEZ 20주년 경축음악회,ㅇ IFEZ 20주년 기념,23년 10월중,대면,,2023-10-01,2023-10-31,True,month_only_vague,False,False,True,False
2023년 지역축제 개최 계획(취합).xlsx,세부현황,2023,인천,2023년 인천대공원 벚꽃축제,문화예술,"4.15.~4.16.
(일정변경가능)",대면,,2023-04-15,2023-04-16,False,exact_or_partial,False,False,True,False
2023년 지역축제 개최 계획(취합).xlsx,세부현황,2023,인천,제3회 인천도시재생축제,기타,09.22.~09.23.,대면,,2023-09-22,2023-09-23,False,exact_or_partial,False,False,True,False
2023년 지역축제 개최 계획(취합).xlsx,세부현황,2023,인천,2023 인천펜타포트음악축제,문화예술,6~9월,대면,,2023-09-01,2023-09-30,True,month_only_vague,False,False,True,False
2023년 지역축제 개최 계획(취합).xlsx,세부현황,2023,인천,2023 인천개항장문화재야행,문화관광,"6월, 10월",대면,,2023-06-01,2023-10-31,True,month_range_vague,False,False,True,False
2023년 지역축제 개최 계획(취합).xlsx,세부현황,2023,인천,제14회 INK콘서트,문화관광,9. 9.,대면,,2023-09-09,2023-09-09,False,exact_or_partial,False,False,True,False
2023년 지역축제 개최 계획(취합).xlsx,세부현황,2023,인천,제6회 동인천 낭만시장,주민화합,11. 4.~5.,대면,,2023-11-04,2023-11-05,False,exact_or_partial,False,False,True,False
2023년 지역축제 개최 계획(취합).xlsx,세부현황,2023,인천,all nights INCHEON 페스티벌,문화관광,10. 7.~29.,대면,,2023-10-07,2023-10-29,False,exact_or_partial,False,False,True,False
2023년 지역축제 개최 계획(취합).xlsx,세부현황,2023,인천,송도세계문화관광축제(송도맥주축제),일반축제,8월,대면,,2023-08-01,2023-08-31,True,month_only_vague,False,False,True,True
2023년 지역축제 개최 계획(취합).xlsx,세부현황,2023,인천,주섬주섬음악회,일반축제,7월,대면,,2023-07-01,2023-07-31,True,month_only_vague,False,False,True,False
2023년 지역축제 개최 계획(취합).xlsx,세부현황,2023,인천,2023 어린이축제,문화예술,5월,대면,,2023-05-01,2023-05-31,True,month_only_vague,False,False,True,False
2023년 지역축제 개최 계획(취합).xlsx,세부현황,2023,인천,2023 영종국제도시 세계전통음식축제,문화예술,10월,대면,,2023-10-01,2023-10-31,True,month_only_vague,False,False,True,False
2023년 지역축제 개최 계획(취합).xlsx,세부현황,2023,인천,2023 크리스마스 트리축제,문화예술,11월~2024년 1월,대면,,2023-11-01,2023-01-31,True,month_range_vague,False,False,True,False
2023년 지역축제 개최 계획(취합).xlsx,세부현황,2023,인천,북성포구축제,문화예술,9월중,대면,,2023-09-01,2023-09-30,True,month_only_vague,False,False,True,False
2023년 지역축제 개최 계획(취합).xlsx,세부현황,2023,인천,연안부두축제,문화예술,10월중,대면,,2023-10-01,2023-10-31,True,month_only_vague,False,False,True,False
2023년 지역축제 개최 계획(취합).xlsx,세부현황,2023,인천,제9회 계양산국악제,"전통역사, 문화예술",4.21~4.22,혼합형,,2023-04-21,2023-04-22,False,exact_or_partial,False,False,True,False
2023년 지역축제 개최 계획(취합).xlsx,세부현황,2023,인천,계양문화로 빛축제(가칭),문화예술,10월~12월,대면,,2023-10-01,2023-12-31,True,month_range_vague,False,False,True,False
2023년 지역축제 개최 계획(취합).xlsx,세부현황,2023,인천,제5회 서구 평생학습축제,ㅇ 기타(평생학습축제),09.15.~09.16.,대면,,2023-09-15,2023-09-16,False,exact_or_partial,False,False,True,False
2023년 지역축제 개최 계획(취합).xlsx,세부현황,2023,인천,2023 정서진 해넘이 행사,ㅇ 기타(해넘이),12.26.~12.31.,대면,,2023-12-26,2023-12-31,False,exact_or_partial,False,False,True,False
2023년 지역축제 개최 계획(취합).xlsx,세부현황,2023,인천,제23회 소래포구축제,ㅇ 특산물,9~10월중,대면,,2023-10-01,2023-10-31,True,month_only_vague,False,False,True,False
2023년 지역축제 개최 계획(취합).xlsx,세부현황,2023,인천,제27회 부평풍물대축제,문화예술,09.22.~09.24.,대면,,2023-09-22,2023-09-24,False,exact_or_partial,False,False,True,False
2023년 지역축제 개최 계획(취합).xlsx,세부현황,2023,인천,제20회 주안미디어문화축제,기타(주민화합 등),9월 중,대면,,2023-09-01,2023-09-30,True,month_only_vague,False,False,True,False
2023년 지역축제 개최 계획(취합).xlsx,세부현황,2023,인천,수봉산 페스티벌,기타(주민화합 등),10월 중,대면,,2023-10-01,2023-10-31,True,month_only_vague,False,False,True,False
2023년 지역축제 개최 계획(취합).xlsx,세부현황,2023,인천,2023 미추홀윈터마켓,기타,12월 중,대면,,2023-12-01,2023-12-31,True,month_only_vague,False,False,True,False
2023년 지역축제 개최 계획(취합).xlsx,세부현황,2023,인천,제34회 화도진축제,"전통역사, 문화예술",5월 중,대면,,2023-05-01,2023-05-31,True,month_only_vague,False,False,True,False
2023년 지역축제 개최 계획(취합).xlsx,세부현황,2023,인천,고려산진달래축제,생태 자연,04.15.~04-23.,대면,,2023-04-15,2023-05-04,False,exact_or_partial,False,False,True,False
2023년 지역축제 개최 계획(취합).xlsx,세부현황,2023,인천,삼랑성역사문화축제,전통 역사,10.07.~10.15.,대면,,2023-10-07,2023-10-15,False,exact_or_partial,False,False,True,False
2023년 지역축제 개최 계획(취합).xlsx,세부현황,2023,인천,강화 와글와글 원도심 활성화 행사,문화예술,04.22.~04.23.,대면,,2023-04-22,2023-04-23,False,exact_or_partial,False,False,True,False
2023년 지역축제 개최 계획(취합).xlsx,세부현황,2023,인천,강화 화개정원 축제,문화예술,09.23.~09.24.,대면,,2023-09-23,2023-09-24,False,exact_or_partial,False,False,True,False
2023년 지역축제 개최 계획(취합).xlsx,세부현황,2023,인천,2023년 강화문화재야행,전통역사,09.08.~09.09,대면,,2023-09-08,2023-09-09,False,exact_or_partial,False,False,True,False
2023년 지역축제 개최 계획(취합).xlsx,세부현황,2023,인천,강화 새우젓축제,특산물,10월 중,대면,,2023-10-01,2023-10-31,True,month_only_vague,False,False,True,False
2023년 지역축제 개최 계획(취합).xlsx,세부현황,2023,인천,장봉 벚꽃 축제,생태자연,4월 중(미정),대면,,2023-04-01,2023-04-30,True,month_only_vague,False,False,True,False
2023년 지역축제 개최 계획(취합).xlsx,세부현황,2023,인천,연평 꽃게체험 걷기축제,생태자연,5월 중(미정),대면,,2023-05-01,2023-05-31,True,month_only_vague,False,False,True,False
2023년 지역축제 개최 계획(취합).xlsx,세부현황,2023,인천,국사봉 알리기 등산대회,생태자연,4월 중(미정),대면,,2023-04-01,2023-04-30,True,month_only_vague,False,False,True,False
2023년 지역축제 개최 계획(취합).xlsx,세부현황,2023,인천,신시모도 삼형제 보물섬 축제,문화예술,5.27-28.,대면,,2023-05-27,2023-05-28,False,exact_or_partial,False,False,True,False
2023년 지역축제 개최 계획(취합).xlsx,세부현황,2023,인천,백령 심청효 연꽃축제,문화예술,8월 중(미정),대면,,2023-08-01,2023-08-31,True,month_only_vague,False,False,True,False
2023년 지역축제 개최 계획(취합).xlsx,세부현황,2023,인천,옹진 해변 가요제,문화예술,7.29.,대면,,2023-07-29,2023-07-29,False,exact_or_partial,False,False,True,False
2023년 지역축제 개최 계획(취합).xlsx,세부현황,2023,광주,배틀라인업in광주,문화예술,6월중,대면,,2023-06-01,2023-06-30,True,month_only_vague,False,False,True,False
2023년 지역축제 개최 계획(취합).xlsx,세부현황,2023,광주,푸드페스타,문화예술,10월중,대면,,2023-10-01,2023-10-31,True,month_only_vague,False,False,True,False
2023년 지역축제 개최 계획(취합).xlsx,세부현황,2023,광주,2023 광주청년주간,청년축제,9월중,대면,,2023-09-01,2023-09-30,True,month_only_vague,False,False,True,False
2023년 지역축제 개최 계획(취합).xlsx,세부현황,2023,광주,광주미디어아트페스티벌,문화예술,10.04.~10.09.,대면,,2023-10-04,2023-10-09,False,exact_or_partial,False,False,True,False
2023년 지역축제 개최 계획(취합).xlsx,세부현황,2023,광주,광주프린지페스티벌,문화예술,5~10월,대면,,2023-10-01,2023-10-31,True,month_only_vague,False,False,True,False
2023년 지역축제 개최 계획(취합).xlsx,세부현황,2023,광주,아트피크닉,문화예술,4~10월,대면,,2023-10-01,2023-10-31,True,month_only_vague,False,False,True,False
2023년 지역축제 개최 계획(취합).xlsx,세부현황,2023,광주,대인예술시장,문화예술,3~11월,대면,,2023-11-01,2023-11-30,True,month_only_vague,False,False,True,False
2023년 지역축제 개최 계획(취합).xlsx,세부현황,2023,광주,제30회 광주세계김치축제,문화예술,11월중,대면,,2023-11-01,2023-11-30,True,month_only_vague,False,False,True,False
2023년 지역축제 개최 계획(취합).xlsx,세부현황,2023,광주,제20회 광주 추억의 충장축제,문화예술,10.05.~10.09.,대면,,2023-10-05,2023-10-09,False,exact_or_partial,False,False,True,False
2023년 지역축제 개최 계획(취합).xlsx,세부현황,2023,광주,2023 광주 버스커즈 월드페스티벌,문화예술,10.01.~10.09.,대면,,2023-10-01,2023-10-09,False,exact_or_partial,False,False,True,False
2023년 지역축제 개최 계획(취합).xlsx,세부현황,2023,광주,제8회 영산강 서창들녘 억새축제,생태자연,10.13.~10.22.,대면,,2023-10-13,2023-10-22,False,exact_or_partial,False,False,True,False
2023년 지역축제 개최 계획(취합).xlsx,세부현황,2023,광주,제40회 고싸움놀이축제,문화예술,2.3~2.5.,대면,,2023-02-03,2023-02-05,False,exact_or_partial,False,False,True,False
2023년 지역축제 개최 계획(취합).xlsx,세부현황,2023,광주,제12회 굿모닝!양림,문화예술,10월중,대면,,2023-10-01,2023-10-31,True,month_only_vague,False,False,True,False
2023년 지역축제 개최 계획(취합).xlsx,세부현황,2023,광주,2023 양림&크리스마스 문화축제,문화예술,12.1.~12.31,대면,,2023-12-01,2023-12-31,False,exact_or_partial,False,False,True,False
2023년 지역축제 개최 계획(취합).xlsx,세부현황,2023,광주,광산뮤직페스티벌(가칭),문화예술,8월중,대면,,2023-08-01,2023-08-31,True,month_only_vague,False,False,True,False
2023년 지역축제 개최 계획(취합).xlsx,세부현황,2023,대전,2023 대전 0시 축제,문화관광,8.11.~8.17.,대면,,2023-08-11,2023-08-17,False,exact_or_partial,False,False,True,False
2023년 지역축제 개최 계획(취합).xlsx,세부현황,2023,대전,2023 대전 0시 뮤직페스티벌,문화예술,"5.19.~20.
5.26.~27. 
/ 2회",대면,,2023-05-19,2023-05-19,False,exact_or_partial,False,False,True,False
2023년 지역축제 개최 계획(취합).xlsx,세부현황,2023,대전,2023 대전사이언스페스티벌,문화예술,10.19~10.22.,대면,,2023-10-19,2023-10-22,False,exact_or_partial,False,False,True,False
2023년 지역축제 개최 계획(취합).xlsx,세부현황,2023,대전,제2회 자운대 민군화합 페스티벌,기타(민군화합),10월(예정),대면,,2023-10-01,2023-10-31,True,month_only_vague,False,False,True,False
2023년 지역축제 개최 계획(취합).xlsx,세부현황,2023,대전,2023 대전 반려동물 문화축제,문화예술,10월 중,대면,,2023-10-01,2023-10-31,True,month_only_vague,False,False,True,False
2023년 지역축제 개최 계획(취합).xlsx,세부현황,2023,대전,충청권 생활문화축제,문화예술,10월 중,대면,,2023-10-01,2023-10-31,True,month_only_vague,False,False,True,False
2023년 지역축제 개최 계획(취합).xlsx,세부현황,2023,대전,대전빵축제,시민축제,5월예정,대면,,2023-05-01,2023-05-31,True,month_only_vague,False,False,True,False
2023년 지역축제 개최 계획(취합).xlsx,세부현황,2023,대전,2023 대전 서구힐링 아트페스티벌,문화예술,10월,대면,,2023-10-01,2023-10-31,True,month_only_vague,False,False,True,False
2023년 지역축제 개최 계획(취합).xlsx,세부현황,2023,대전,제14회 대전효문화뿌리축제,전통역사,"9월~10월 중
(3일간)",혼합형,,2023-09-01,2023-10-31,True,month_range_vague,False,False,True,False
2023년 지역축제 개최 계획(취합).xlsx,세부현황,2023,대전,2022년 제4회 대청호 벚꽃축제,생태자연,04.07.~04.09.,대면,,2023-04-07,2023-04-09,False,exact_or_partial,False,False,True,False
2023년 지역축제 개최 계획(취합).xlsx,세부현황,2023,대전,2023 소제RED블루스페스티벌(가칭),기타(주민화합 등),6월 말(예정),대면,,2023-06-01,2023-06-30,True,month_only_vague,False,False,True,False
2023년 지역축제 개최 계획(취합).xlsx,세부현황,2023,대전,오감만족 인쇄UP아트페스티벌,문화예술,9월 초(예정),대면,,2023-09-01,2023-09-30,True,month_only_vague,False,False,True,False
2023년 지역축제 개최 계획(취합).xlsx,세부현황,2023,대전,2023년 대동천 소문난 청춘 페스티벌,기타(주민화합 등),10.13.~10.15.,대면,,2023-10-13,2023-10-15,False,exact_or_partial,False,False,True,False
2023년 지역축제 개최 계획(취합).xlsx,세부현황,2023,대전,제1회 캠핑요리축제,기타(주민화합 등),04.29.~04.30.,대면,,2023-04-29,2023-04-30,False,exact_or_partial,False,False,True,False
2023년 지역축제 개최 계획(취합).xlsx,세부현황,2023,대전,제2회 낭월이 뜬다 축제,기타(주민화합 등),11월(예정),대면,,2023-11-01,2023-11-30,True,month_only_vague,False,False,True,False
2023년 지역축제 개최 계획(취합).xlsx,세부현황,2023,대전,2023 유성온천문화축제,문화예술,5.12.~5.14.,대면,,2023-05-12,2023-05-14,False,exact_or_partial,False,False,True,False
2023년 지역축제 개최 계획(취합).xlsx,세부현황,2023,대전,2023 유성 재즈&맥주 페스타,문화예술,8.25.~8.26.,대면,,2023-08-25,2023-08-26,False,exact_or_partial,False,False,True,True
2023년 지역축제 개최 계획(취합).xlsx,세부현황,2023,대전,2023 유성크리스마스축제,문화예술,12.2.~12.3.,대면,,2023-12-02,2023-12-03,False,exact_or_partial,False,False,True,False
2023년 지역축제 개최 계획(취합).xlsx,세부현황,2023,대전,2023 대덕축제(가칭),문화예술,4.7.~5.7.,대면,,2023-04-07,2023-05-07,False,exact_or_partial,False,False,True,False
2023년 지역축제 개최 계획(취합).xlsx,세부현황,2023,울산,울산대공원 장미축제,관광(산업)자원,05.24.~05.28.,대면,,2023-05-24,2023-05-28,False,exact_or_partial,False,False,True,False
2023년 지역축제 개최 계획(취합).xlsx,세부현황,2023,울산,울산태화강 대숲납량축제,기타,08.11.~08.14.,대면,,2023-08-11,2023-08-14,False,exact_or_partial,False,False,True,False
2023년 지역축제 개최 계획(취합).xlsx,세부현황,2023,울산,울산서머페스티벌,문화예술,8월 중,대면,,2023-08-01,2023-08-31,True,month_only_vague,False,False,True,False
2023년 지역축제 개최 계획(취합).xlsx,세부현황,2023,울산,아시아 퍼시픽 뮤직 페스티벌,문화예술,9월 중,대면,,2023-09-01,2023-09-30,True,month_only_vague,False,False,True,False
2023년 지역축제 개최 계획(취합).xlsx,세부현황,2023,울산,외솔한글한마당,문화예술,10월 중,대면,,2023-10-01,2023-10-31,True,month_only_vague,False,False,True,False
2023년 지역축제 개최 계획(취합).xlsx,세부현황,2023,울산,울산대공원 빛축제,대규모행사,12 ~1월(45일간),대면,,2023-01-01,2023-01-31,True,month_only_vague,False,False,True,False
2023년 지역축제 개최 계획(취합).xlsx,세부현황,2023,울산,119안전문화축제,대규모행사,10월 중,대면,,2023-10-01,2023-10-31,True,month_only_vague,False,False,True,False
2023년 지역축제 개최 계획(취합).xlsx,세부현황,2023,울산,울산산업문화축제,기타(주민화합 등),06.01.~06.04.,대면,,2023-06-01,2023-06-04,False,exact_or_partial,False,False,True,False
2023년 지역축제 개최 계획(취합).xlsx,세부현황,2023,울산,제1회 태화강 억새정원 나들이,생태자연,10월중(3일간),대면,,2023-10-01,2023-10-31,True,month_only_vague,False,False,True,False
2023년 지역축제 개최 계획(취합).xlsx,세부현황,2023,울산,태화강 국가정원 봄꽃축제,문화예술,05.12.~05.14.,대면,,2023-05-12,2023-05-14,False,exact_or_partial,False,False,True,False
2023년 지역축제 개최 계획(취합).xlsx,세부현황,2023,울산,태화강 국가정원 가을축제,문화예술,10.20.~10.22.,대면,,2023-10-20,2023-10-22,False,exact_or_partial,False,False,True,False
2023년 지역축제 개최 계획(취합).xlsx,세부현황,2023,울산,태화강마두희축제,전통역사,06.23.~06.25.,대면,,2023-06-23,2023-06-25,False,exact_or_partial,False,False,True,False
2023년 지역축제 개최 계획(취합).xlsx,세부현황,2023,울산,눈꽃축제,주민화합,12월중,대면,,2023-12-01,2023-12-31,True,month_only_vague,False,False,True,False
2023년 지역축제 개최 계획(취합).xlsx,세부현황,2023,울산,태화강국제재즈페스티벌,문화예술,5월 중,대면,,2023-05-01,2023-05-31,True,month_only_vague,False,False,True,False
2023년 지역축제 개최 계획(취합).xlsx,세부현황,2023,울산,제27회 울산고래축제,"기타(문화,관광)",05.11.~05.14.,대면,,2023-05-11,2023-05-14,False,exact_or_partial,False,False,True,False
2023년 지역축제 개최 계획(취합).xlsx,세부현황,2023,울산,장생포 수국페스티벌,기타(관광),6월 중,대면,,2023-06-01,2023-06-30,True,month_only_vague,False,False,True,False
2023년 지역축제 개최 계획(취합).xlsx,세부현황,2023,울산,장생포 한여름 밤의 호러페스티벌,기타(관광),8월 중,대면,,2023-08-01,2023-08-31,True,month_only_vague,False,False,True,False
2023년 지역축제 개최 계획(취합).xlsx,세부현황,2023,울산,2023 삼호 버드페스티벌,생태자연,11.11.~11.12,대면,,2023-11-11,2023-11-12,False,exact_or_partial,False,False,True,False
2023년 지역축제 개최 계획(취합).xlsx,세부현황,2023,울산,즐겨보개 펫스티벌,기타(반려동물),5~6월,대면,,2023-06-01,2023-06-30,True,month_only_vague,False,False,True,False
2023년 지역축제 개최 계획(취합).xlsx,세부현황,2023,울산,궁거랑 벚꽃 한마당,문화예술,03.31.~04.01.,대면,,2023-03-31,2023-04-01,False,exact_or_partial,False,False,True,False
2023년 지역축제 개최 계획(취합).xlsx,세부현황,2023,울산,남구문화예술제,문화예술,9월 중,대면,,2023-09-01,2023-09-30,True,month_only_vague,False,False,True,False
2023년 지역축제 개최 계획(취합).xlsx,세부현황,2023,울산,남구강변영화제,문화예술,6월~10월 중(3회),대면,,2023-06-01,2023-10-31,True,month_range_vague,False,False,True,False
2023년 지역축제 개최 계획(취합).xlsx,세부현황,2023,울산,태화강 빛 축제,문화예술,10월 중,대면,,2023-10-01,2023-10-31,True,month_only_vague,False,False,True,False
2023년 지역축제 개최 계획(취합).xlsx,세부현황,2023,울산,2023 울산조선해양축제,기타,07.21.~07.23.,대면,,2023-07-21,2023-07-23,False,exact_or_partial,False,False,True,False
2023년 지역축제 개최 계획(취합).xlsx,세부현황,2023,울산,제19회 울산쇠부리축제,전통역사,05.12.~05.14.,혼합형,,2023-05-12,2023-05-14,False,exact_or_partial,False,False,True,False
2023년 지역축제 개최 계획(취합).xlsx,세부현황,2023,울산,작천정 벚꽃축제,생태자연,03.20~04.10.,대면,,2023-03-20,2023-04-10,False,exact_or_partial,False,False,True,False
2023년 지역축제 개최 계획(취합).xlsx,세부현황,2023,울산,제12회 우시산국축제,전통역사,04.10~04.30.,대면,,2023-04-10,2023-04-30,False,exact_or_partial,False,False,True,False
2023년 지역축제 개최 계획(취합).xlsx,세부현황,2023,울산,2023년 울산옹기축제,전통역사,05.05~05.07.,혼합형,,2023-05-05,2023-05-07,False,exact_or_partial,False,False,True,False
2023년 지역축제 개최 계획(취합).xlsx,세부현황,2023,울산,간절곶해맞이축제,생태자연,12.31.~01.01.,대면,,2023-12-31,2023-12-31,False,exact_or_partial,False,False,True,False
2023년 지역축제 개최 계획(취합).xlsx,세부현황,2023,울산,봉계한우불고기 축제,특산물,09.01~11.01,대면,,2023-09-01,2023-11-01,False,exact_or_partial,False,False,True,False
2023년 지역축제 개최 계획(취합).xlsx,세부현황,2023,울산,울산울주세계산악영화제,문화예술,10.20.~10.29.,혼합형,,2023-10-20,2023-10-29,False,exact_or_partial,False,False,True,False
2023년 지역축제 개최 계획(취합).xlsx,세부현황,2023,울산,울주음식문화축제,특산물,10월 중,대면,,2023-10-01,2023-10-31,True,month_only_vague,False,False,True,False
2023년 지역축제 개최 계획(취합).xlsx,세부현황,2023,세종,제16회 세종전의조경수묘목축제,생태자연,"(예정)3월, 5월",대면,,2023-03-01,2023-05-31,True,month_range_vague,False,False,True,False
2023년 지역축제 개최 계획(취합).xlsx,세부현황,2023,세종,조치원봄꽃축제,기타(주민화합 등),(예정)4월,대면,,2023-04-01,2023-04-30,True,month_only_vague,False,False,True,False
2023년 지역축제 개최 계획(취합).xlsx,세부현황,2023,세종,벚꽃축제,기타(주민화합 등),04.08.~04.09.,대면,,2023-04-08,2023-04-09,False,exact_or_partial,False,False,True,False
2023년 지역축제 개최 계획(취합).xlsx,세부현황,2023,세종,낙화놀이축제,기타(주민화합 등),(예정)5월,대면,,2023-05-01,2023-05-31,True,month_only_vague,False,False,True,False
2023년 지역축제 개최 계획(취합).xlsx,세부현황,2023,세종,제21회 세종조치원복숭아축제,특산물,7월말~8월초,대면,,2023-07-01,2023-08-31,True,month_range_vague,False,False,True,False
2023년 지역축제 개최 계획(취합).xlsx,세부현황,2023,세종,세종축제,기타(문화관광),10.7.~10.9.,대면,,2023-10-07,2023-10-09,False,exact_or_partial,False,False,True,False
2023년 지역축제 개최 계획(취합).xlsx,세부현황,2023,세종,김종서장군문화제,기타(주민화합 등),(예정)10월 중,대면,,2023-10-01,2023-10-31,True,month_only_vague,False,False,True,False
2023년 지역축제 개최 계획(취합).xlsx,세부현황,2023,세종,2023 세종빛축제,기타(문화관광),(예정)11월~1월,대면,,2023-11-01,2023-01-31,True,month_range_vague,False,False,True,False
2023년 지역축제 개최 계획(취합).xlsx,세부현황,2023,경기,제60회 수원화성문화제,"문화예술, 전통역사",10.7.(토)~10.9.(월),대면,,2023-10-07,2023-10-09,False,exact_or_partial,False,False,True,False
2023년 지역축제 개최 계획(취합).xlsx,세부현황,2023,경기,정조대왕 능행차 공동재현,"문화예술, 전통역사",10.8.(일)~10.9.(월),대면,,2023-10-08,2023-10-09,False,exact_or_partial,False,False,True,False
2023년 지역축제 개최 계획(취합).xlsx,세부현황,2023,경기,세계유산축전 수원화성,"문화예술, 전통역사",9.23.(토)~10.14.(토),대면,,2023-09-23,2023-10-14,False,exact_or_partial,False,False,True,False
2023년 지역축제 개최 계획(취합).xlsx,세부현황,2023,경기,수원화성 미디어아트쇼,"문화예술, 전통역사",9.16.(토)~10.15.(일),대면,,2023-09-16,2023-10-15,False,exact_or_partial,False,False,True,False
2023년 지역축제 개최 계획(취합).xlsx,세부현황,2023,경기,성남 e스포츠(SeN) 페스티벌,문화예술,9.9.~9.10.,대면,,2023-09-09,2023-09-10,False,exact_or_partial,False,False,True,False
2023년 지역축제 개최 계획(취합).xlsx,세부현황,2023,경기,2023년 반려동물 페스티벌(가칭),기타,10월중(예정),대면,,2023-10-01,2023-10-31,True,month_only_vague,False,False,True,False
2023년 지역축제 개최 계획(취합).xlsx,세부현황,2023,경기,제9회 복정 어울림 빛 축제,기타(주민화합 등),2023.12월 중,대면,,2023-12-01,2023-12-31,True,month_detected_vague,False,False,True,False
2023년 지역축제 개최 계획(취합).xlsx,세부현황,2023,경기,고양행주문화제,전통역사,05.19~05.21,대면,,2023-05-19,2023-05-21,False,exact_or_partial,False,False,True,False
2023년 지역축제 개최 계획(취합).xlsx,세부현황,2023,경기,고양호수예술축제,문화예술,10.06~10.09,대면,,2023-10-06,2023-10-09,False,exact_or_partial,False,False,True,False
2023년 지역축제 개최 계획(취합).xlsx,세부현황,2023,경기,제3회 행주가 예술이야,"문화예술, 전통역사","04.28.~05.14.
(예정)",대면,,2023-04-28,2023-05-14,False,exact_or_partial,False,False,True,False
2023년 지역축제 개최 계획(취합).xlsx,세부현황,2023,경기,도농어울림행사(전 사계절테마축제),기타(체험 및 전시),"04.29.~05.07.
10.14.~10.22.",대면,,2023-04-29,2023-04-29,False,exact_or_partial,False,False,True,False
2023년 지역축제 개최 계획(취합).xlsx,세부현황,2023,경기,제10회 경안천 창포 축제,전통역사,6월중,대면,,2023-06-01,2023-06-30,True,month_only_vague,False,False,True,False
2023년 지역축제 개최 계획(취합).xlsx,세부현황,2023,경기,제9회 백암 백중문화제,기타(주민화합 등),"09.01.~09.03
(유동적)",대면,,2023-09-01,2023-09-03,False,exact_or_partial,False,False,True,False
2023년 지역축제 개최 계획(취합).xlsx,세부현황,2023,경기,신갈오거리마을축제(가제),"문화예술, 기타(주민화합 등)",9~10월 중(3일간),대면,,2023-10-01,2023-10-31,True,month_only_vague,False,False,True,False
2023년 지역축제 개최 계획(취합).xlsx,세부현황,2023,경기,포은문화제,전통역사,10.13.~10.15.,대면,,2023-10-13,2023-10-15,False,exact_or_partial,False,False,True,False
2023년 지역축제 개최 계획(취합).xlsx,세부현황,2023,경기,제23회 용인사이버과학축제,기타(주민화합 등),10.14.~10.15.,대면,,2023-10-14,2023-10-15,False,exact_or_partial,False,False,True,False
2023년 지역축제 개최 계획(취합).xlsx,세부현황,2023,경기,제26회 부천국제만화축제,문화예술,09.21.~09.24(예정),혼합형,,2023-09-21,2023-09-24,False,exact_or_partial,False,False,True,False
2023년 지역축제 개최 계획(취합).xlsx,세부현황,2023,경기,제7회 국제코스프레 페스티벌,문화예술,09.21.~09.24(예정),혼합형,,2023-09-21,2023-09-24,False,exact_or_partial,False,False,True,False
2023년 지역축제 개최 계획(취합).xlsx,세부현황,2023,경기,제25회 부천국제애니메이션페스티벌,문화예술,10.20.~10.24.,혼합형,,2023-10-20,2023-10-24,False,exact_or_partial,False,False,True,False
2023년 지역축제 개최 계획(취합).xlsx,세부현황,2023,경기,제26회 성호문화제,전통역사,5월중 2일,대면,,2023-05-01,2023-05-31,True,month_only_vague,False,False,True,False
2023년 지역축제 개최 계획(취합).xlsx,세부현황,2023,경기,제19회 안산국제거리극축제,문화예술,5.5.~5.7.,대면,,2023-05-05,2023-05-07,False,exact_or_partial,False,False,True,False
2023년 지역축제 개최 계획(취합).xlsx,세부현황,2023,경기,"정조대왕 능행차 공동재현
(제13회 안산읍성 문화예술제)",전통역사,10월중 1일,대면,,2023-10-01,2023-10-31,True,month_only_vague,False,False,True,False
2023년 지역축제 개최 계획(취합).xlsx,세부현황,2023,경기,제4회 안산 김홍도 축제,문화예술,10.13. ~ 10.15.,대면,,2023-10-13,2023-10-15,False,exact_or_partial,False,False,True,False
2023년 지역축제 개최 계획(취합).xlsx,세부현황,2023,경기,안양충훈벚꽃축제,생태자연,4월 중(3일간),대면,,2023-04-01,2023-04-30,True,month_only_vague,False,False,True,False
2023년 지역축제 개최 계획(취합).xlsx,세부현황,2023,경기,제32회 안양예술제,예술축제,5월중(2일간),대면,,2023-05-01,2023-05-31,True,month_only_vague,False,False,True,False
2023년 지역축제 개최 계획(취합).xlsx,세부현황,2023,경기,안양시민축제,기타(주민화합 등),9월 중(3일간),대면,,2023-09-01,2023-09-30,True,month_only_vague,False,False,True,False
2023년 지역축제 개최 계획(취합).xlsx,세부현황,2023,경기,안양1번가 넘버원 페스티벌,패션뷰티축제,11월중(9일간),대면,,2023-11-01,2023-11-30,True,month_only_vague,False,False,True,False
2023년 지역축제 개최 계획(취합).xlsx,세부현황,2023,경기,제7회 안양공공예술프로젝트(APAP7),예술축제,8.25~11.2(70일간),대면,,2023-08-25,2023-11-02,False,exact_or_partial,False,False,True,False
2023년 지역축제 개최 계획(취합).xlsx,세부현황,2023,경기,제37회 정약용문화제,전통역사,10.14.~10.15.,대면,,2023-10-14,2023-10-15,False,exact_or_partial,False,False,True,False
2023년 지역축제 개최 계획(취합).xlsx,세부현황,2023,경기,제13회 화성뱃놀이축제,생태자연,6.9.~6.11.,대면,,2023-06-09,2023-06-11,False,exact_or_partial,False,False,True,False
2023년 지역축제 개최 계획(취합).xlsx,세부현황,2023,경기,제15회 품앗이 공연예술축제,문화예술,8.25.~8.27.,대면,,2023-08-25,2023-08-27,False,exact_or_partial,False,False,True,False
2023년 지역축제 개최 계획(취합).xlsx,세부현황,2023,경기,제9회 화성송산포도축제,특산물,9.2.~9.3.,대면,,2023-09-02,2023-09-03,False,exact_or_partial,False,False,True,False
2023년 지역축제 개최 계획(취합).xlsx,세부현황,2023,경기,제1회 도농 어울림 축제,주민화합,9.23.~9.24.,대면,,2023-09-23,2023-09-24,False,exact_or_partial,False,False,True,False
2023년 지역축제 개최 계획(취합).xlsx,세부현황,2023,경기,평택호 물빛축제,문화예술,9월중(2일간),대면,,2023-09-01,2023-09-30,True,month_only_vague,False,False,True,False
2023년 지역축제 개최 계획(취합).xlsx,세부현황,2023,경기,가족캠핑 스마트 영상 축제,문화예술,10월 초(2박3일),대면,,2023-10-01,2023-10-31,True,month_only_vague,False,False,True,False
2023년 지역축제 개최 계획(취합).xlsx,세부현황,2023,경기,한미 어울림 축제,문화예술,10월 중(2일간),대면,,2023-10-01,2023-10-31,True,month_only_vague,False,False,True,False
2023년 지역축제 개최 계획(취합).xlsx,세부현황,2023,경기,한미친선 한마음 축제,문화예술,5월 중(2일간),대면,,2023-05-01,2023-05-31,True,month_only_vague,False,False,True,False
2023년 지역축제 개최 계획(취합).xlsx,세부현황,2023,경기,한미친선 문화 한마당,문화예술,10월 중(2일간),대면,,2023-10-01,2023-10-31,True,month_only_vague,False,False,True,False
2023년 지역축제 개최 계획(취합).xlsx,세부현황,2023,경기,할로윈축제(신장),문화예술,10월 말,대면,,2023-10-01,2023-10-31,True,month_only_vague,False,False,True,False
2023년 지역축제 개최 계획(취합).xlsx,세부현황,2023,경기,할로윈축제(팽성),문화예술,10월 말,대면,,2023-10-01,2023-10-31,True,month_only_vague,False,False,True,False
2023년 지역축제 개최 계획(취합).xlsx,세부현황,2023,경기,평택 꽃 나들이,문화예술,2023. 4. 22.~2023. 4. 30.,대면,,2023-04-22,2023-04-30,False,exact_or_partial,False,False,True,False
2023년 지역축제 개최 계획(취합).xlsx,세부현황,2023,경기,평택 가을 수확축제,문화예술,2023. 10. 중,대면,,2023-10-01,2023-10-31,True,month_detected_vague,False,False,True,False
2023년 지역축제 개최 계획(취합).xlsx,세부현황,2023,경기,송탄관광특구 한마음대축제,기타(주민화합 등),9월 중,대면,,2023-09-01,2023-09-30,True,month_only_vague,False,False,True,False
2023년 지역축제 개최 계획(취합).xlsx,세부현황,2023,경기,정조 효 문화제(정조대왕 능행차 화성구간),전통역사,10.7.~10.8.,대면,,2023-10-07,2023-10-08,False,exact_or_partial,False,False,True,False
2023년 지역축제 개최 계획(취합).xlsx,세부현황,2023,경기,제22회 의정부 음악극 축제,문화예술,6.1.~6.10.,대면,,2023-06-01,2023-06-10,False,exact_or_partial,False,False,True,False
2023년 지역축제 개최 계획(취합).xlsx,세부현황,2023,경기,제5회 블랙뮤직페스티벌,문화예술,9.1.~9.2.,대면,,2023-09-01,2023-09-02,False,exact_or_partial,False,False,True,False
2023년 지역축제 개최 계획(취합).xlsx,세부현황,2023,경기,제38회 회룡문화제,전통역사,9.22.~9.24.,대면,,2023-09-22,2023-09-24,False,exact_or_partial,False,False,True,False
2023년 지역축제 개최 계획(취합).xlsx,세부현황,2023,경기,제18회 시흥갯골축제,생태자연,9월 중,대면,,2023-09-01,2023-09-30,True,month_only_vague,False,False,True,False
2023년 지역축제 개최 계획(취합).xlsx,세부현황,2023,경기,시흥거북섬 축제,기타(주민화합 등),7월 중,대면,,2023-07-01,2023-07-31,True,month_only_vague,False,False,True,False
2023년 지역축제 개최 계획(취합).xlsx,세부현황,2023,경기,연성문화제,전통역사,10월 중,대면,,2023-10-01,2023-10-31,True,month_only_vague,False,False,True,False
2023년 지역축제 개최 계획(취합).xlsx,세부현황,2023,경기,제30회 물왕예술제,문화예술,05.12~05.14,대면,,2023-05-12,2023-05-14,False,exact_or_partial,False,False,True,False
2023년 지역축제 개최 계획(취합).xlsx,세부현황,2023,경기,은계호수공원가을콘서트,문화예술,10.07~10.08,대면,,2023-10-07,2023-10-08,False,exact_or_partial,False,False,True,False
2023년 지역축제 개최 계획(취합).xlsx,세부현황,2023,경기,파주개성인삼축제,특산물,10.21~10.22.,대면,,2023-10-21,2023-10-22,False,exact_or_partial,False,False,True,False
2023년 지역축제 개최 계획(취합).xlsx,세부현황,2023,경기,파주장단콩축제,특산물,11.24.~11.26.,대면,,2023-11-24,2023-11-26,False,exact_or_partial,False,False,True,False
2023년 지역축제 개최 계획(취합).xlsx,세부현황,2023,경기,파주북소리 축제,문화예술,10월 중,혼합형,,2023-10-01,2023-10-31,True,month_only_vague,False,False,True,False
2023년 지역축제 개최 계획(취합).xlsx,세부현황,2023,경기,파주출판도시 어린이책잔치,문화예술,5.5.~5.7.,혼합형,,2023-05-05,2023-05-07,False,exact_or_partial,False,False,True,False
2023년 지역축제 개최 계획(취합).xlsx,세부현황,2023,경기,파주 헤이리 예술축제,문화예술,9~11월,혼합형,,2023-11-01,2023-11-30,True,month_only_vague,False,False,True,False
2023년 지역축제 개최 계획(취합).xlsx,세부현황,2023,경기,제33회 율곡문화제,전통역사,10월중,대면,,2023-10-01,2023-10-31,True,month_only_vague,False,False,True,False
2023년 지역축제 개최 계획(취합).xlsx,세부현황,2023,경기,광명동굴 대한민국 와인페스티벌,문화예술,9월 중,대면,,2023-09-01,2023-09-30,True,month_only_vague,False,False,True,False
2023년 지역축제 개최 계획(취합).xlsx,세부현황,2023,경기,오리문화제,문화예술,5월 중,대면,,2023-05-01,2023-05-31,True,month_only_vague,False,False,True,False
2023년 지역축제 개최 계획(취합).xlsx,세부현황,2023,경기,제15회 광명농악대축제,문화예술,10월 중,대면,,2023-10-01,2023-10-31,True,month_only_vague,False,False,True,False
2023년 지역축제 개최 계획(취합).xlsx,세부현황,2023,경기,2023 김포 아라마린 페스티벌,문화예술,5월 중,혼합형,,2023-05-01,2023-05-31,True,month_only_vague,False,False,True,False
2023년 지역축제 개최 계획(취합).xlsx,세부현황,2023,경기,월곶 저잣거리 축제,전통역사,9월 중,혼합형,,2023-09-01,2023-09-30,True,month_only_vague,False,False,True,False
2023년 지역축제 개최 계획(취합).xlsx,세부현황,2023,경기,김포 도심축제,문화예술,11월 중,혼합형,,2023-11-01,2023-11-30,True,month_only_vague,False,False,True,False
2023년 지역축제 개최 계획(취합).xlsx,세부현황,2023,경기,군포철쭉축제,생태자연,4월 28~30(예정),대면,,2023-04-28,2023-04-30,False,exact_or_partial,False,False,True,False
2023년 지역축제 개최 계획(취합).xlsx,세부현황,2023,경기,이천체험문화축제,기타(주민화합),5.20.~5.21.,대면,,2023-05-20,2023-05-21,False,exact_or_partial,False,False,True,False
2023년 지역축제 개최 계획(취합).xlsx,세부현황,2023,경기,제23회 이천쌀문화축제,"문화예술, 체험, 전통역사, 특산물, 
기타(주민화합 등)",10.18~10.22,대면,,2023-10-18,2023-10-22,False,exact_or_partial,False,False,True,False
2023년 지역축제 개최 계획(취합).xlsx,세부현황,2023,경기,제37회 이천도자기축제,"문화예술, 전통역사, 특산물(품)",4.26~5.7,대면,,2023-04-26,2023-05-07,False,exact_or_partial,False,False,True,False
2023년 지역축제 개최 계획(취합).xlsx,세부현황,2023,경기,제8회 이천인삼축제,특산물,11.3~11.5,대면,,2023-11-03,2023-11-05,False,exact_or_partial,False,False,True,False
2023년 지역축제 개최 계획(취합).xlsx,세부현황,2023,경기,제13회 이천시 평생학습축제,기타,5~6월중,대면,,2023-06-01,2023-06-30,True,month_only_vague,False,False,True,False
2023년 지역축제 개최 계획(취합).xlsx,세부현황,2023,경기,제26회 햇사레장호원복숭아축제,특산물,9.22~24.,대면,,2023-09-22,2023-09-24,False,exact_or_partial,False,False,True,False
2023년 지역축제 개최 계획(취합).xlsx,세부현황,2023,경기,이천백사산수유꽃축제,생태자연,3월말~4월초,대면,,2023-03-01,2023-04-30,True,month_range_vague,False,False,True,False
2023년 지역축제 개최 계획(취합).xlsx,세부현황,2023,경기,양주 천일홍 축제,생태자연,9월~10월 초(2일간),대면,,2023-09-01,2023-10-31,True,month_range_vague,False,False,True,False
2023년 지역축제 개최 계획(취합).xlsx,세부현황,2023,경기,양주 회암사지 왕실축제,전통역사,5월중(2일),혼합형,,2023-05-01,2023-05-31,True,month_only_vague,False,False,True,False
2023년 지역축제 개최 계획(취합).xlsx,세부현황,2023,경기,양주문화재야행,전통역사,2023. 9월 중(3일 간),대면,,2023-09-01,2023-09-30,True,month_detected_vague,False,False,True,False
2023년 지역축제 개최 계획(취합).xlsx,세부현황,2023,경기,제14회 오산 독산성문화제,전통역사,10.21. ~ 10.22.,대면,,2023-10-21,2023-10-22,False,exact_or_partial,False,False,True,False
2023년 지역축제 개최 계획(취합).xlsx,세부현황,2023,경기,야맥축제,주민화합,"5월, 10월",대면,,2023-05-01,2023-10-31,True,month_range_vague,False,False,True,False
2023년 지역축제 개최 계획(취합).xlsx,세부현황,2023,경기,구리시 빛축제,문화예술,11월 중(20일간),대면,,2023-11-01,2023-11-30,True,month_only_vague,False,False,True,False
2023년 지역축제 개최 계획(취합).xlsx,세부현황,2023,경기,구리 유채꽃 한강예술제,문화예술,5월 중(2일),대면,,2023-05-01,2023-05-31,True,month_only_vague,False,False,True,False
2023년 지역축제 개최 계획(취합).xlsx,세부현황,2023,경기,구리 코스모스 한강예술제,문화예술,10월 중(3일),대면,,2023-10-01,2023-10-31,True,month_only_vague,False,False,True,False
2023년 지역축제 개최 계획(취합).xlsx,세부현황,2023,경기,안성맞춤 남사당 바우덕이 축제,문화예술,9월 말~10월 초,대면,,2023-09-01,2023-10-31,True,month_range_vague,False,False,True,False
2023년 지역축제 개최 계획(취합).xlsx,세부현황,2023,경기,안성맞춤포도축제,특산물,9월 중,대면,,2023-09-01,2023-09-30,True,month_only_vague,False,False,True,False
2023년 지역축제 개최 계획(취합).xlsx,세부현황,2023,경기,죽주대고려문화축제,전통역사,9월 말~10월 초,대면,,2023-09-01,2023-10-31,True,month_range_vague,False,False,True,False
2023년 지역축제 개최 계획(취합).xlsx,세부현황,2023,경기,포천 시민의날 축제,기타(주민화합 등),2023. 10.,대면,,2023-10-01,2023-10-31,True,month_detected_vague,False,False,True,False
2023년 지역축제 개최 계획(취합).xlsx,세부현황,2023,경기,포천 산정호수 명성산 억새꽃 축제,생태자연,2023. 10.13.~10. 29.,혼합형,,2023-10-13,2023-10-29,False,exact_or_partial,False,False,True,False
2023년 지역축제 개최 계획(취합).xlsx,세부현황,2023,경기,백운계곡 동장군 축제,생태자연,23.12.23.~24.2.4.,대면,,2023-12-23,2024-02-04,False,exact_or_partial,False,False,True,False
2023년 지역축제 개최 계획(취합).xlsx,세부현황,2023,경기,포천아트밸리 축제,문화예술,2023. 5.,대면,,2023-05-01,2023-05-31,True,month_detected_vague,False,False,True,False
2023년 지역축제 개최 계획(취합).xlsx,세부현황,2023,경기,포천 시민의날 축제,기타(주민화합 등),2023. 10.,대면,,2023-10-01,2023-10-31,True,month_detected_vague,False,False,True,False
2023년 지역축제 개최 계획(취합).xlsx,세부현황,2023,경기,한탄강 지오페스티벌 개최,"문화예술, 생태 자연",2023. 6.,대면,,2023-06-01,2023-06-30,True,month_detected_vague,False,False,True,False
2023년 지역축제 개최 계획(취합).xlsx,세부현황,2023,경기,의왕철도축제,기타(주민화합 등),05. 05.~05. 06.,대면,,2023-05-05,2023-05-06,False,exact_or_partial,False,False,True,False
2023년 지역축제 개최 계획(취합).xlsx,세부현황,2023,경기,의왕백운호수축제,기타(주민화합 등),9월 중(2일간),대면,,2023-09-01,2023-09-30,True,month_only_vague,False,False,True,False
2023년 지역축제 개최 계획(취합).xlsx,세부현황,2023,경기,의왕왕송호수 겨울축제,기타(주민화합 등),23. 12월~24. 1월 중(20일간),대면,,2023-12-01,2023-12-31,True,month_detected_vague,False,False,True,False
2023년 지역축제 개최 계획(취합).xlsx,세부현황,2023,경기,제35회 여주도자기축제,특산물,05.19~29.,대면,,2023-05-19,2023-05-29,False,exact_or_partial,False,False,True,False
2023년 지역축제 개최 계획(취합).xlsx,세부현황,2023,경기,2023 여주오곡나루축제,특산물,10. 20. ~22.(예정),대면,,2023-10-20,2023-10-22,False,exact_or_partial,False,False,True,False
2023년 지역축제 개최 계획(취합).xlsx,세부현황,2023,경기,제3회 선비장터축제,"특산물, 주민화합",10.14.~10.15.,대면,,2023-10-14,2023-10-15,False,exact_or_partial,False,False,True,False
2023년 지역축제 개최 계획(취합).xlsx,세부현황,2023,경기,제17회 금사참외축제,특산물,05.26.~05.28.,대면,,2023-05-26,2023-05-28,False,exact_or_partial,False,False,True,False
2023년 지역축제 개최 계획(취합).xlsx,세부현황,2023,경기,제18회 산북품실축제,전통역사,10.27.~10.28.(예정),대면,,2023-10-27,2023-10-28,False,exact_or_partial,False,False,True,False
2023년 지역축제 개최 계획(취합).xlsx,세부현황,2023,경기,제7회여주흥천남한강벚꽃축제,생태자연,04.07~04.09,대면,,2023-04-07,2023-04-09,False,exact_or_partial,False,False,True,False
2023년 지역축제 개최 계획(취합).xlsx,세부현황,2023,경기,제24회 양평단월고로쇠축제,특산물,3.18.~3.19.,혼합형,,2023-03-18,2023-03-19,False,exact_or_partial,False,False,True,False
2023년 지역축제 개최 계획(취합).xlsx,세부현황,2023,경기,제6회 갈산누리봄축제,"문화예술, 생태자연",4월 중,대면,,2023-04-01,2023-04-30,True,month_only_vague,False,False,True,False
2023년 지역축제 개최 계획(취합).xlsx,세부현황,2023,경기,제19회 양평 산수유 한우 축제,생태자연,4.1.~4.2.,대면,,2023-04-01,2023-04-02,False,exact_or_partial,False,False,True,False
2023년 지역축제 개최 계획(취합).xlsx,세부현황,2023,경기,제12회 용문산 산나물 축제,특산물,4.28.~4.30.,혼합형,,2023-04-28,2023-04-30,False,exact_or_partial,False,False,True,False
2023년 지역축제 개최 계획(취합).xlsx,세부현황,2023,경기,제13회 양평 용문산 산나물축제(용문역 일원),특산물,5.5.~5.7.,혼합형,,2023-05-05,2023-05-07,False,exact_or_partial,False,False,True,False
2023년 지역축제 개최 계획(취합).xlsx,세부현황,2023,경기,제9회 양평 워터워 페스티벌(양평 물축제),기타(주민화합 등),7월중,대면,,2023-07-01,2023-07-31,True,month_only_vague,False,False,True,False
2023년 지역축제 개최 계획(취합).xlsx,세부현황,2023,경기,제4회 양평부추축제,특산물,9.16.~9.17.,대면,,2023-09-16,2023-09-17,False,exact_or_partial,False,False,True,False
2023년 지역축제 개최 계획(취합).xlsx,세부현황,2023,경기,제35회 소요단풍문화제,문화예술,10월중,대면,,2023-10-01,2023-10-31,True,month_only_vague,False,False,True,False
2023년 지역축제 개최 계획(취합).xlsx,세부현황,2023,경기,제23회 동두천락페스티벌,문화예술,9월중,대면,,2023-09-01,2023-09-30,True,month_only_vague,False,False,True,False
2023년 지역축제 개최 계획(취합).xlsx,세부현황,2023,경기,제4회 DDC 할로윈 거리예술 축제,문화예술,10월말,대면,,2023-10-01,2023-10-31,True,month_only_vague,False,False,True,False
2023년 지역축제 개최 계획(취합).xlsx,세부현황,2023,경기,과천축제,문화예술,9.22.~9.24.,대면,,2023-09-22,2023-09-24,False,exact_or_partial,False,False,True,False
2023년 지역축제 개최 계획(취합).xlsx,세부현황,2023,경기,자라섬 봄 꽃 축제,"생태자연, 특산물",05.20.~06.09.,대면,,2023-05-20,2023-06-09,False,exact_or_partial,False,False,True,False
2023년 지역축제 개최 계획(취합).xlsx,세부현황,2023,경기,자라섬 가을 꽃 축제,"생태자연, 특산물",09.16.~10.13.,대면,,2023-09-16,2023-10-13,False,exact_or_partial,False,False,True,False
2023년 지역축제 개최 계획(취합).xlsx,세부현황,2023,경기,청춘역1979 페스티벌,문화예술,6.2~6.4.,대면,,2023-06-02,2023-06-04,False,exact_or_partial,False,False,True,False
2023년 지역축제 개최 계획(취합).xlsx,세부현황,2023,경기,제20회 자라섬 재즈페스티벌,문화예술,10.6.~10.8.,대면,,2023-10-06,2023-10-08,False,exact_or_partial,False,False,True,False
2023년 지역축제 개최 계획(취합).xlsx,세부현황,2023,경기,제30회 연천 구석기 축제,전통역사,05.04.~05.07.,대면,,2023-05-04,2023-05-07,False,exact_or_partial,False,False,True,False
2023년 지역축제 개최 계획(취합).xlsx,세부현황,2023,경기,2023 연천 거리문화축제,"문화예술, 전통역사, 주민화합",05.05.~05.07.,대면,,2023-05-05,2023-05-07,False,exact_or_partial,False,False,True,False
2023년 지역축제 개최 계획(취합).xlsx,세부현황,2023,경기,연천 국화 전시회,생태자연,10월 중,대면,,2023-10-01,2023-10-31,True,month_only_vague,False,False,True,False
2023년 지역축제 개최 계획(취합).xlsx,세부현황,2023,경기,제8회 연천장남 통일바라기축제,생태자연,8~9월 중,대면,,2023-09-01,2023-09-30,True,month_only_vague,False,False,True,False
2023년 지역축제 개최 계획(취합).xlsx,세부현황,2023,경기,제2회 연천 당포성 별빛 축제,"문화예술, 생태자연, 전통역사, 주민화합",10월 중,대면,,2023-10-01,2023-10-31,True,month_only_vague,False,False,True,False
2023년 지역축제 개최 계획(취합).xlsx,세부현황,2023,경기,연천율무축제(연천농특산물큰장터),특산물,10월 중,대면,,2023-10-01,2023-10-31,True,month_only_vague,False,False,True,False
2023년 지역축제 개최 계획(취합).xlsx,세부현황,2023,경기,고려인삼축제,특산물,10월 중,대면,,2023-10-01,2023-10-31,True,month_only_vague,False,False,True,False
2023년 지역축제 개최 계획(취합).xlsx,세부현황,2023,강원,춘천호수 드론 라이트쇼,문화예술,05.06.~07.31.,대면,,2023-05-06,2023-07-31,False,exact_or_partial,False,False,True,False
2023년 지역축제 개최 계획(취합).xlsx,세부현황,2023,강원,2023 춘천마임축제,문화예술,05.28.~06.04.,대면,,2023-05-28,2023-06-04,False,exact_or_partial,False,False,True,False
2023년 지역축제 개최 계획(취합).xlsx,세부현황,2023,강원,춘천막국수닭갈비축제,특산물,06.13.~06.18.,대면,,2023-06-13,2023-06-18,False,exact_or_partial,False,False,True,False
2023년 지역축제 개최 계획(취합).xlsx,세부현황,2023,강원,제35회 춘천인형극제,문화예술,06.26.~12.24.,대면,,2023-06-26,2023-12-24,False,exact_or_partial,False,False,True,False
2023년 지역축제 개최 계획(취합).xlsx,세부현황,2023,강원,춘천 토이페스티벌,기타(관광),9월 중,대면,,2023-09-01,2023-09-30,True,month_only_vague,False,False,True,False
2023년 지역축제 개최 계획(취합).xlsx,세부현황,2023,강원,소양강문화제,문화예술,9월 중,대면,,2023-09-01,2023-09-30,True,month_only_vague,False,False,True,False
2023년 지역축제 개최 계획(취합).xlsx,세부현황,2023,강원,제25회 원주한지문화제,특산물,05.05.~05.14.,혼합형,,2023-05-05,2023-05-14,False,exact_or_partial,False,False,True,False
2023년 지역축제 개최 계획(취합).xlsx,세부현황,2023,강원,제16회 용수골꽃양귀비축제,생태자연,05.23.~06.11.,대면,,2023-05-23,2023-06-11,False,exact_or_partial,False,False,True,False
2023년 지역축제 개최 계획(취합).xlsx,세부현황,2023,강원,제21회 장미축제,생태자연,05.30.~06.01.,대면,,2023-05-30,2023-06-01,False,exact_or_partial,False,False,True,False
2023년 지역축제 개최 계획(취합).xlsx,세부현황,2023,강원,제13회 남한강축제,생태자연,07.29.~07.30.,대면,,2023-07-29,2023-07-30,False,exact_or_partial,False,False,True,False
2023년 지역축제 개최 계획(취합).xlsx,세부현황,2023,강원,치악산찰옥수수축제,특산물,7월 중,대면,,2023-07-01,2023-07-31,True,month_only_vague,False,False,True,False
2023년 지역축제 개최 계획(취합).xlsx,세부현황,2023,강원,치악산복숭아축제,특산물,8월 중,대면,,2023-08-01,2023-08-31,True,month_only_vague,False,False,True,False
2023년 지역축제 개최 계획(취합).xlsx,세부현황,2023,강원,원주삼토페스티벌,전통역사,09.14.~09.17.,대면,,2023-09-14,2023-09-17,False,exact_or_partial,False,False,True,False
2023년 지역축제 개최 계획(취합).xlsx,세부현황,2023,강원,2023 원주다이내믹댄싱카니발,문화예술,09.22.~09.24.,대면,,2023-09-22,2023-09-24,False,exact_or_partial,False,False,True,False
2023년 지역축제 개최 계획(취합).xlsx,세부현황,2023,강원,치악산한우축제,특산물,10월 중,대면,,2023-10-01,2023-10-31,True,month_only_vague,False,False,True,False
2023년 지역축제 개최 계획(취합).xlsx,세부현황,2023,강원,원주 독서대전,문화예술,10월 중,대면,,2023-10-01,2023-10-31,True,month_only_vague,False,False,True,False
2023년 지역축제 개최 계획(취합).xlsx,세부현황,2023,강원,원주 평생학습 축제,기타(주민화합),10.06.~10.07.,대면,,2023-10-06,2023-10-07,False,exact_or_partial,False,False,True,False
2023년 지역축제 개최 계획(취합).xlsx,세부현황,2023,강원,치악산배축제,특산물,11월 중,대면,,2023-11-01,2023-11-30,True,month_only_vague,False,False,True,False
2023년 지역축제 개최 계획(취합).xlsx,세부현황,2023,강원,2023 경포벚꽃잔치,기타,4월 중,대면,,2023-04-01,2023-04-30,True,month_only_vague,False,False,True,False
2023년 지역축제 개최 계획(취합).xlsx,세부현황,2023,강원,강릉단오제,전통역사,06.18.~06.25.,대면,,2023-06-18,2023-06-25,False,exact_or_partial,False,False,True,False
2023년 지역축제 개최 계획(취합).xlsx,세부현황,2023,강원,강릉문화재야행,기타,07.06.~07.09.,대면,,2023-07-06,2023-07-09,False,exact_or_partial,False,False,True,False
2023년 지역축제 개최 계획(취합).xlsx,세부현황,2023,강원,제2회 강릉 비치비어페스티벌,기타,07.07.~07.09.,대면,,2023-07-07,2023-07-09,False,exact_or_partial,False,False,True,True
2023년 지역축제 개최 계획(취합).xlsx,세부현황,2023,강원,주문진해변축제,기타,07.08.~08.21.,대면,,2023-07-08,2023-08-21,False,exact_or_partial,False,False,True,False
2023년 지역축제 개최 계획(취합).xlsx,세부현황,2023,강원,2023 경포 썸머 페스티벌,기타,08.01.~08.04.,대면,,2023-08-01,2023-08-04,False,exact_or_partial,False,False,True,False
2023년 지역축제 개최 계획(취합).xlsx,세부현황,2023,강원,제2회 강릉 와인축제,기타,9월 중,대면,,2023-09-01,2023-09-30,True,month_only_vague,False,False,True,False
2023년 지역축제 개최 계획(취합).xlsx,세부현황,2023,강원,제15회 강릉 커피축제,문화예술,10.06.~10.09.,대면,,2023-10-06,2023-10-09,False,exact_or_partial,False,False,True,False
2023년 지역축제 개최 계획(취합).xlsx,세부현황,2023,강원,주문진오징어축제,기타,10.06.~10.09.,대면,,2023-10-06,2023-10-09,False,exact_or_partial,False,False,True,False
2023년 지역축제 개최 계획(취합).xlsx,세부현황,2023,강원,2023 강릉 누들 축제,특산물,11.10.~11.12.,대면,,2023-11-10,2023-11-12,False,exact_or_partial,False,False,True,False
2023년 지역축제 개최 계획(취합).xlsx,세부현황,2023,강원,2024 해돋이 행사,기타,'23.12.31.~`24.01.01.,대면,,2023-12-31,2024-01-01,False,exact_or_partial,False,False,True,False
2023년 지역축제 개최 계획(취합).xlsx,세부현황,2023,강원,2023 부곡동 유천문화축제,주민화합,5월 중,대면,,2023-05-01,2023-05-31,True,month_only_vague,False,False,True,False
2023년 지역축제 개최 계획(취합).xlsx,세부현황,2023,강원,제2회 묵호도째비페스타,문화관광,7월 중,대면,,2023-07-01,2023-07-31,True,month_only_vague,False,False,True,False
2023년 지역축제 개최 계획(취합).xlsx,세부현황,2023,강원,제3회 송정오감막걸리축제,특산물,9월 중,대면,,2023-09-01,2023-09-30,True,month_only_vague,False,False,True,False
2023년 지역축제 개최 계획(취합).xlsx,세부현황,2023,강원,제36회 동해무릉제,문화예술,9월 중,대면,,2023-09-01,2023-09-30,True,month_only_vague,False,False,True,False
2023년 지역축제 개최 계획(취합).xlsx,세부현황,2023,강원,"제3회 동해시 평생학습축제
(책문화 축제 병행 운영)",문화예술,10월 중,대면,,2023-10-01,2023-10-31,True,month_only_vague,False,False,True,False
2023년 지역축제 개최 계획(취합).xlsx,세부현황,2023,강원,묵호등대 논골담길 축제,문화관광,12월 중,대면,,2023-12-01,2023-12-31,True,month_only_vague,False,False,True,False
2023년 지역축제 개최 계획(취합).xlsx,세부현황,2023,강원,제30회 태백산 눈축제,생태자연,01.27.~01.31.,대면,,2023-01-27,2023-01-31,False,exact_or_partial,False,False,True,False
2023년 지역축제 개최 계획(취합).xlsx,세부현황,2023,강원,제8회 한강 낙동강 발원지 축제,생태자연,7.28.~08.06.,대면,,2023-07-28,2023-08-06,False,exact_or_partial,False,False,True,False
2023년 지역축제 개최 계획(취합).xlsx,세부현황,2023,강원,제10회 구문소 용축제,전통문화,6월 중,대면,,2023-06-01,2023-06-30,True,month_only_vague,False,False,True,False
2023년 지역축제 개최 계획(취합).xlsx,세부현황,2023,강원,제2회 삼수 매봉산 바람개비 축제,기타(주민화합),8월 중,대면,,2023-08-01,2023-08-31,True,month_only_vague,False,False,True,False
2023년 지역축제 개최 계획(취합).xlsx,세부현황,2023,강원,제3회 탄탄마을축제,기타(주민화합),9월 중,대면,,2023-09-01,2023-09-30,True,month_only_vague,False,False,True,False
2023년 지역축제 개최 계획(취합).xlsx,세부현황,2023,강원,황지연못 황부자 며느리 축제,"문화예술, 기타",9월 중,대면,,2023-09-01,2023-09-30,True,month_only_vague,False,False,True,False
2023년 지역축제 개최 계획(취합).xlsx,세부현황,2023,강원,제4회 태백커플축제,기타(주민화합),09.15.~09.17.,대면,,2023-09-15,2023-09-17,False,exact_or_partial,False,False,True,False
2023년 지역축제 개최 계획(취합).xlsx,세부현황,2023,강원,제13회 철암단풍축제,생태자연,10.13.~10.15.,대면,,2023-10-13,2023-10-15,False,exact_or_partial,False,False,True,False
2023년 지역축제 개최 계획(취합).xlsx,세부현황,2023,강원,설악벚꽃축제,생태자연,04.08.~04.09.,대면,,2023-04-08,2023-04-09,False,exact_or_partial,False,False,True,False
2023년 지역축제 개최 계획(취합).xlsx,세부현황,2023,강원,2023 실향민문화축제,문화예술,6월 초,대면,,2023-06-01,2023-06-30,True,month_only_vague,False,False,True,False
2023년 지역축제 개최 계획(취합).xlsx,세부현황,2023,강원,2023 속초음식문화제,전통역사,09.22.~09.24.,대면,,2023-09-22,2023-09-24,False,exact_or_partial,False,False,True,False
2023년 지역축제 개최 계획(취합).xlsx,세부현황,2023,강원,제58회 설악문화제,문화예술,10.06.~10.08.,대면,,2023-10-06,2023-10-08,False,exact_or_partial,False,False,True,False
2023년 지역축제 개최 계획(취합).xlsx,세부현황,2023,강원,2023 삼척정월대보름제,전통역사,02.03.~02.05.,혼합형,,2023-02-03,2023-02-05,False,exact_or_partial,False,False,True,False
2023년 지역축제 개최 계획(취합).xlsx,세부현황,2023,강원,삼척맹방유채꽃축제,문화예술,4월 중,대면,,2023-04-01,2023-04-30,True,month_only_vague,False,False,True,False
2023년 지역축제 개최 계획(취합).xlsx,세부현황,2023,강원,제11회 두타산 산나물축제,기타(주민화합),05.19.~05.21.,대면,,2023-05-19,2023-05-21,False,exact_or_partial,False,False,True,False
2023년 지역축제 개최 계획(취합).xlsx,세부현황,2023,강원,삼척 장미축제,생태자연,5월 중,혼합형,,2023-05-01,2023-05-31,True,month_only_vague,False,False,True,False
2023년 지역축제 개최 계획(취합).xlsx,세부현황,2023,강원,삼척비치 썸 페스티벌,문화예술,8월 중,대면,,2023-08-01,2023-08-31,True,month_only_vague,False,False,True,False
2023년 지역축제 개최 계획(취합).xlsx,세부현황,2023,강원,삼척동해왕이사부축제,문화예술,10월 중,대면,,2023-10-01,2023-10-31,True,month_only_vague,False,False,True,False
2023년 지역축제 개최 계획(취합).xlsx,세부현황,2023,강원,2024 삼척해변카운트다운,문화예술,12월 중,대면,,2023-12-01,2023-12-31,True,month_only_vague,False,False,True,False
2023년 지역축제 개최 계획(취합).xlsx,세부현황,2023,강원,제11회 홍천강 꽁꽁축제,생태자연,01.13.~01.24.,대면,,2023-01-13,2023-01-24,False,exact_or_partial,False,False,True,False
2023년 지역축제 개최 계획(취합).xlsx,세부현황,2023,강원,제5회 홍천산나물축제,특산물,4월 말,혼합형,,2023-04-01,2023-04-30,True,month_only_vague,False,False,True,False
2023년 지역축제 개최 계획(취합).xlsx,세부현황,2023,강원,제27회 홍천찰옥수수축제,특산물,7월 말,혼합형,,2023-07-01,2023-07-31,True,month_only_vague,False,False,True,False
2023년 지역축제 개최 계획(취합).xlsx,세부현황,2023,강원,제7회 홍천강 별빛음악 맥주축제,특산물,8월 초,혼합형,,2023-08-01,2023-08-31,True,month_only_vague,False,False,True,True
2023년 지역축제 개최 계획(취합).xlsx,세부현황,2023,강원,제21회 강원홍천 인삼한우 명품축제,특산물,10월 초,혼합형,,2023-10-01,2023-10-31,True,month_only_vague,False,False,True,False
2023년 지역축제 개최 계획(취합).xlsx,세부현황,2023,강원,제34회 횡성회다지소리 민속문화제,전통역사,4월 중(2일),대면,,2023-04-01,2023-04-30,True,month_only_vague,False,False,True,False
2023년 지역축제 개최 계획(취합).xlsx,세부현황,2023,강원,동횡성네덜란드꽃축제,"생태자연,역사,문화예술 등",5월 중(7일),대면,,2023-05-01,2023-05-31,True,month_only_vague,False,False,True,False
2023년 지역축제 개최 계획(취합).xlsx,세부현황,2023,강원,제12회 둔내고랭지토마토축제,특산물,8월 중(3일),대면,,2023-08-01,2023-08-31,True,month_only_vague,False,False,True,False
2023년 지역축제 개최 계획(취합).xlsx,세부현황,2023,강원,소(牛)맥 프리미엄 페스티벌,기타(체육 등),8월 중(3일),대면,,2023-08-01,2023-08-31,True,month_only_vague,False,False,True,False
2023년 지역축제 개최 계획(취합).xlsx,세부현황,2023,강원,제10회 횡성더덕축제,특산물,9월 중(3일),대면,,2023-09-01,2023-09-30,True,month_only_vague,False,False,True,False
2023년 지역축제 개최 계획(취합).xlsx,세부현황,2023,강원,제4회 횡성호수길축제,생태자연,9월 중(2일),대면,,2023-09-01,2023-09-30,True,month_only_vague,False,False,True,False
2023년 지역축제 개최 계획(취합).xlsx,세부현황,2023,강원,제15회 안흥찐빵축제,특산물,10월 중(3일),대면,,2023-10-01,2023-10-31,True,month_only_vague,False,False,True,False
2023년 지역축제 개최 계획(취합).xlsx,세부현황,2023,강원,제19회 횡성한우축제,특산물,10월 중(5일),대면,,2023-10-01,2023-10-31,True,month_only_vague,False,False,True,False
2023년 지역축제 개최 계획(취합).xlsx,세부현황,2023,강원,제4회 태종노구문화제,전통역사,10월 중(2일),대면,,2023-10-01,2023-10-31,True,month_only_vague,False,False,True,False
2023년 지역축제 개최 계획(취합).xlsx,세부현황,2023,강원,단종문화제,전통역사,04.28.~04.30.,혼합형,,2023-04-28,2023-04-30,False,exact_or_partial,False,False,True,False
2023년 지역축제 개최 계획(취합).xlsx,세부현황,2023,강원,동강국제사진제,문화예술,07.01.~09.30.,혼합형,,2023-07-01,2023-09-30,False,exact_or_partial,False,False,True,False
2023년 지역축제 개최 계획(취합).xlsx,세부현황,2023,강원,동강뗏목축제,문화예술,7~8월 중,혼합형,,2023-08-01,2023-08-31,True,month_only_vague,False,False,True,False
2023년 지역축제 개최 계획(취합).xlsx,세부현황,2023,강원,김삿갓문화제,전통역사,10.06.~10.08.,혼합형,,2023-10-06,2023-10-08,False,exact_or_partial,False,False,True,False
2023년 지역축제 개최 계획(취합).xlsx,세부현황,2023,강원,계촌클래식축제,문화예술,5월 중,대면,,2023-05-01,2023-05-31,True,month_only_vague,False,False,True,False
2023년 지역축제 개최 계획(취합).xlsx,세부현황,2023,강원,평창더위사냥축제,생태자연,7~8월 중,대면,,2023-08-01,2023-08-31,True,month_only_vague,False,False,True,False
2023년 지역축제 개최 계획(취합).xlsx,세부현황,2023,강원,평창농악축제,문화예술,9월 중,대면,,2023-09-01,2023-09-30,True,month_only_vague,False,False,True,False
2023년 지역축제 개최 계획(취합).xlsx,세부현황,2023,강원,평창효석문화제,문화예술,9월 중,대면,,2023-09-01,2023-09-30,True,month_only_vague,False,False,True,False
2023년 지역축제 개최 계획(취합).xlsx,세부현황,2023,강원,평창백일홍축제,생태자연,9월 중,대면,,2023-09-01,2023-09-30,True,month_only_vague,False,False,True,False
2023년 지역축제 개최 계획(취합).xlsx,세부현황,2023,강원,평창송어축제,특산물,'23.12월~'24.2월 중,대면,,2023-12-01,2023-12-31,True,month_detected_vague,False,False,True,False
2023년 지역축제 개최 계획(취합).xlsx,세부현황,2023,강원,대관령눈꽃축제,생태자연,'23.12월~'24.2월 중,대면,,2023-12-01,2023-12-31,True,month_detected_vague,False,False,True,False
2023년 지역축제 개최 계획(취합).xlsx,세부현황,2023,강원,제17회 정선 동강할미꽃 축제,생태자연,03.27.~04.07.,대면,,2023-03-27,2023-04-07,False,exact_or_partial,False,False,True,False
2023년 지역축제 개최 계획(취합).xlsx,세부현황,2023,강원,2023 정선토속음식 축제,기타,04.15.~04.16.,대면,,2023-04-15,2023-04-16,False,exact_or_partial,False,False,True,False
2023년 지역축제 개최 계획(취합).xlsx,세부현황,2023,강원,제31회 화암약수제,기타(주민화합 등),04.29.~04.30.,대면,,2023-04-29,2023-04-30,False,exact_or_partial,False,False,True,False
2023년 지역축제 개최 계획(취합).xlsx,세부현황,2023,강원,두위봉 철쭉축제,생태자연,6월 중,대면,,2023-06-01,2023-06-30,True,month_only_vague,False,False,True,False
2023년 지역축제 개최 계획(취합).xlsx,세부현황,2023,강원,사북석탄문화제,문화예술,07.28.~07.30.,대면,,2023-07-28,2023-07-30,False,exact_or_partial,False,False,True,False
2023년 지역축제 개최 계획(취합).xlsx,세부현황,2023,강원,제31회 아우라지뗏목축제,문화예술,07.28.~07.30.,대면,,2023-07-28,2023-07-30,False,exact_or_partial,False,False,True,False
2023년 지역축제 개최 계획(취합).xlsx,세부현황,2023,강원,함백산야생화축제,생태자연,7월 말,대면,,2023-07-01,2023-07-31,True,month_only_vague,False,False,True,False
2023년 지역축제 개최 계획(취합).xlsx,세부현황,2023,강원,민둥산은빛억새축제,생태자연,09.16.~10.30.,대면,,2023-09-16,2023-10-30,False,exact_or_partial,False,False,True,False
2023년 지역축제 개최 계획(취합).xlsx,세부현황,2023,강원,제48회 정선아리랑제,문화예술,9~10월 중,대면,,2023-10-01,2023-10-31,True,month_only_vague,False,False,True,False
2023년 지역축제 개최 계획(취합).xlsx,세부현황,2023,강원,고성산성문화제,전통역사,10월 말,대면,,2023-10-01,2023-10-31,True,month_only_vague,False,False,True,False
2023년 지역축제 개최 계획(취합).xlsx,세부현황,2023,강원,제17회 철원 화강 다슬기축제,생태자연,8월 중(4일),대면,,2023-08-01,2023-08-31,True,month_only_vague,False,False,True,False
2023년 지역축제 개최 계획(취합).xlsx,세부현황,2023,강원,철원 DMZ 평화 꽃송이 축제,문화예술,9월 중,대면,,2023-09-01,2023-09-30,True,month_only_vague,False,False,True,False
2023년 지역축제 개최 계획(취합).xlsx,세부현황,2023,강원,제41회 태봉제,"문화예술,전통역사",10월 중(3일),대면,,2023-10-01,2023-10-31,True,month_only_vague,False,False,True,False
2023년 지역축제 개최 계획(취합).xlsx,세부현황,2023,강원,철원 오대쌀 축제,특산물,10월 중(3일),대면,,2023-10-01,2023-10-31,True,month_only_vague,False,False,True,False
2023년 지역축제 개최 계획(취합).xlsx,세부현황,2023,강원,2023 얼음나라화천 산천어축제,생태자연,01.07.~01.29,대면,,2023-01-07,2023-01-29,False,exact_or_partial,False,False,True,False
2023년 지역축제 개최 계획(취합).xlsx,세부현황,2023,강원,물의나라 화천 쪽배축제,생태자연,7월 말~8월 초,대면,,2023-07-01,2023-08-31,True,month_range_vague,False,False,True,False
2023년 지역축제 개최 계획(취합).xlsx,세부현황,2023,강원,화천토마토축제,특산물,8월 초,대면,,2023-08-01,2023-08-31,True,month_only_vague,False,False,True,False
2023년 지역축제 개최 계획(취합).xlsx,세부현황,2023,강원,2023 양구 곰취축제,특산물,05.05.~05.07.,대면,,2023-05-05,2023-05-07,False,exact_or_partial,False,False,True,False
2023년 지역축제 개최 계획(취합).xlsx,세부현황,2023,강원,2023 도솔산지구전투 전승행사,전통역사,06.16.~06.17.,대면,,2023-06-16,2023-06-17,False,exact_or_partial,False,False,True,False
2023년 지역축제 개최 계획(취합).xlsx,세부현황,2023,강원,2023 국토정중앙 양구 배꼽축제,문화예술,09.01.~09.03.,대면,,2023-09-01,2023-09-03,False,exact_or_partial,False,False,True,False
2023년 지역축제 개최 계획(취합).xlsx,세부현황,2023,강원,제38회 양록제,기타,10.12.~10.14.,대면,,2023-10-12,2023-10-14,False,exact_or_partial,False,False,True,False
2023년 지역축제 개최 계획(취합).xlsx,세부현황,2023,강원,2023 청춘양구 펀치볼 시래기 사과축제,특산물,10.28.~10.29.,대면,,2023-10-28,2023-10-29,False,exact_or_partial,False,False,True,False
2023년 지역축제 개최 계획(취합).xlsx,세부현황,2023,강원,제23회 인제빙어축제,생태자연,01.20.~01.29.,대면,,2023-01-20,2023-01-29,False,exact_or_partial,False,False,True,False
2023년 지역축제 개최 계획(취합).xlsx,세부현황,2023,강원,제23회 용대황태축제,특산물,5월 중,대면,,2023-05-01,2023-05-31,True,month_only_vague,False,False,True,False
2023년 지역축제 개최 계획(취합).xlsx,세부현황,2023,강원,제5회 인제가을꽃축제,생태자연,10월 중,대면,,2023-10-01,2023-10-31,True,month_only_vague,False,False,True,False
2023년 지역축제 개최 계획(취합).xlsx,세부현황,2023,강원,제41회 합강문화제,문화예술,10월 중,대면,,2023-10-01,2023-10-31,True,month_only_vague,False,False,True,False
2023년 지역축제 개최 계획(취합).xlsx,세부현황,2023,강원,2023 삼포해변 서핑축제,기타(관광행사),7월 중(3일),대면,,2023-07-01,2023-07-31,True,month_only_vague,False,False,True,False
2023년 지역축제 개최 계획(취합).xlsx,세부현황,2023,강원,2023 해안선 레저스포츠 페스티벌,기타(관광행사),8월 중(2일),대면,,2023-08-01,2023-08-31,True,month_only_vague,False,False,True,False
2023년 지역축제 개최 계획(취합).xlsx,세부현황,2023,강원,제41회 고성군민의 날 및 수성문화제,기타(주민화합 등),09.21.~09.23.,대면,,2023-09-21,2023-09-23,False,exact_or_partial,False,False,True,False
2023년 지역축제 개최 계획(취합).xlsx,세부현황,2023,강원,제23회 고성통일명태축제,특산물,10.19.~10.22.,혼합형,,2023-10-19,2023-10-22,False,exact_or_partial,False,False,True,False
2023년 지역축제 개최 계획(취합).xlsx,세부현황,2023,강원,정월대보름 달맞이축제,기타(주민화합),02.03.~02.05.,대면,,2023-02-03,2023-02-05,False,exact_or_partial,False,False,True,False
2023년 지역축제 개최 계획(취합).xlsx,세부현황,2023,강원,아기연어 보내기 체험행사,생태자연,4월 중,대면,,2023-04-01,2023-04-30,True,month_only_vague,False,False,True,False
2023년 지역축제 개최 계획(취합).xlsx,세부현황,2023,강원,양양 남대천 은어축제,생태자연,6월 중,대면,,2023-06-01,2023-06-30,True,month_only_vague,False,False,True,False
2023년 지역축제 개최 계획(취합).xlsx,세부현황,2023,강원,양양 비치 불꽃 페스티벌,문화예술,7~8월 중,대면,,2023-08-01,2023-08-31,True,month_only_vague,False,False,True,False
2023년 지역축제 개최 계획(취합).xlsx,세부현황,2023,강원,양양 월드 클래식 뮤직 페스티벌,문화예술,8월 중,대면,,2023-08-01,2023-08-31,True,month_only_vague,False,False,True,False
2023년 지역축제 개최 계획(취합).xlsx,세부현황,2023,강원,양양송이축제,특산물,9~10월 중,대면,,2023-10-01,2023-10-31,True,month_only_vague,False,False,True,False
2023년 지역축제 개최 계획(취합).xlsx,세부현황,2023,강원,양양연어축제,생태자연,9~10월 중,대면,,2023-10-01,2023-10-31,True,month_only_vague,False,False,True,False
2023년 지역축제 개최 계획(취합).xlsx,세부현황,2023,강원,뚝방꽃길축제,생태자연,10~11월 중,대면,,2023-11-01,2023-11-30,True,month_only_vague,False,False,True,False
2023년 지역축제 개최 계획(취합).xlsx,세부현황,2023,강원,해맞이축제,생태자연,'23.12.31.~'24.1.1.,대면,,2023-12-31,2024-01-01,False,exact_or_partial,False,False,True,False
2023년 지역축제 개최 계획(취합).xlsx,세부현황,2023,충북,영춘제,문화예술,04.22.~05.07.,대면,,2023-04-22,2023-05-07,False,exact_or_partial,False,False,True,False
2023년 지역축제 개최 계획(취합).xlsx,세부현황,2023,충북,청주읍성축제,전통역사,09.08.~09.10.,대면,,2023-09-08,2023-09-10,False,exact_or_partial,False,False,True,False
2023년 지역축제 개최 계획(취합).xlsx,세부현황,2023,충북,청원생명축제,특산물,10.06.~10.15,대면,,2023-10-06,2023-10-15,False,exact_or_partial,False,False,True,False
2023년 지역축제 개최 계획(취합).xlsx,세부현황,2023,충북,세종대왕과 초정약수축제,전통역사,10.20.~10.22.,대면,,2023-10-20,2023-10-22,False,exact_or_partial,False,False,True,False
2023년 지역축제 개최 계획(취합).xlsx,세부현황,2023,충북,청남대재즈토닉페스티벌,문화예술,5월중,대면,,2023-05-01,2023-05-31,True,month_only_vague,False,False,True,False
2023년 지역축제 개최 계획(취합).xlsx,세부현황,2023,충북,2023 충주호수축제,기타(주민화합 등),6월중,대면,,2023-06-01,2023-06-30,True,month_only_vague,False,False,True,False
2023년 지역축제 개최 계획(취합).xlsx,세부현황,2023,충북,제39회 수안보온천제,기타(주민화합 등),4월중,대면,,2023-04-01,2023-04-30,True,month_only_vague,False,False,True,False
2023년 지역축제 개최 계획(취합).xlsx,세부현황,2023,충북,제51회 우륵문화제,문화예술,9월중,대면,,2023-09-01,2023-09-30,True,month_only_vague,False,False,True,False
2023년 지역축제 개최 계획(취합).xlsx,세부현황,2023,충북,2023충주씨브랜드페스티벌,특산물,10월중,혼합형,,2023-10-01,2023-10-31,True,month_only_vague,False,False,True,False
2023년 지역축제 개최 계획(취합).xlsx,세부현황,2023,충북,의림지 농경문화 예술제,생태자연,10.12.~10.14.,대면,,2023-10-12,2023-10-14,False,exact_or_partial,False,False,True,False
2023년 지역축제 개최 계획(취합).xlsx,세부현황,2023,충북,슬로시티수산 힐링 축제,생태자연,09.21..~09.23.,대면,,2023-09-21,2023-09-23,False,exact_or_partial,False,False,True,False
2023년 지역축제 개최 계획(취합).xlsx,세부현황,2023,충북,제27회 청풍호 벚꽃축제,생태자연,4월중,대면,,2023-04-01,2023-04-30,True,month_only_vague,False,False,True,False
2023년 지역축제 개최 계획(취합).xlsx,세부현황,2023,충북,제19회 제천국제음악영화제,문화예술,8월중,대면,,2023-08-01,2023-08-31,True,month_only_vague,False,False,True,False
2023년 지역축제 개최 계획(취합).xlsx,세부현황,2023,충북,2023 속리산 신화여행 축제,전통역사,5월~6월,대면,,2023-05-01,2023-06-30,True,month_range_vague,False,False,True,False
2023년 지역축제 개최 계획(취합).xlsx,세부현황,2023,충북,2023 보은대추축제,특산물,10.13.~10.22.,대면,,2023-10-13,2023-10-22,False,exact_or_partial,False,False,True,False
2023년 지역축제 개최 계획(취합).xlsx,세부현황,2023,충북,제36회 지용제,문화예술,9월중,대면,,2023-09-01,2023-09-30,True,month_only_vague,False,False,True,False
2023년 지역축제 개최 계획(취합).xlsx,세부현황,2023,충북,제21회 옥천묘목축제,특산물,03.31.~04.02.,대면,,2023-03-31,2023-04-02,False,exact_or_partial,False,False,True,False
2023년 지역축제 개최 계획(취합).xlsx,세부현황,2023,충북,제14회 옥천참옻축제,특산물,04.29.~04.30.,대면,,2023-04-29,2023-04-30,False,exact_or_partial,False,False,True,False
2023년 지역축제 개최 계획(취합).xlsx,세부현황,2023,충북,제15회 향수옥천 포도복숭아축제,특산물,07.28.~07.30.,대면,,2023-07-28,2023-07-30,False,exact_or_partial,False,False,True,False
2023년 지역축제 개최 계획(취합).xlsx,세부현황,2023,충북,제1회 향수옥천 유채꽃축제,생태자연,04.15.~05.10.(예정),대면,,2023-04-15,2023-05-10,False,exact_or_partial,False,False,True,False
2023년 지역축제 개최 계획(취합).xlsx,세부현황,2023,충북,2023 영동곶감축제,특산물,01.06~01.08.,혼합형,,2023-01-06,2023-01-08,False,exact_or_partial,False,False,True,False
2023년 지역축제 개최 계획(취합).xlsx,세부현황,2023,충북,2023 영동포도축제,특산물,8월중,대면,,2023-08-01,2023-08-31,True,month_only_vague,False,False,True,False
2023년 지역축제 개최 계획(취합).xlsx,세부현황,2023,충북,제54회 난계국악축제,문화예술,10월중,대면,,2023-10-01,2023-10-31,True,month_only_vague,False,False,True,False
2023년 지역축제 개최 계획(취합).xlsx,세부현황,2023,충북,제12회 대한민국와인축제,특산물,10월중,대면,,2023-10-01,2023-10-31,True,month_only_vague,False,False,True,False
2023년 지역축제 개최 계획(취합).xlsx,세부현황,2023,충북,증평인삼골축제,특산물,10월 중,대면,,2023-10-01,2023-10-31,True,month_only_vague,False,False,True,False
2023년 지역축제 개최 계획(취합).xlsx,세부현황,2023,충북,증평들노래축제,전통역사,6월중,대면,,2023-06-01,2023-06-30,True,month_only_vague,False,False,True,False
2023년 지역축제 개최 계획(취합).xlsx,세부현황,2023,충북,제23회 생거진천 농다리축제,전통역사,5월중,대면,,2023-05-01,2023-05-31,True,month_only_vague,False,False,True,False
2023년 지역축제 개최 계획(취합).xlsx,세부현황,2023,충북,제44회 생거진천 문화축제,문화예술,10월중,대면,,2023-10-01,2023-10-31,True,month_only_vague,False,False,True,False
2023년 지역축제 개최 계획(취합).xlsx,세부현황,2023,충북,괴산고추축제,특산물,9월초,대면,,2023-09-01,2023-09-30,True,month_only_vague,False,False,True,False
2023년 지역축제 개최 계획(취합).xlsx,세부현황,2023,충북,괴산김장축제,특산물,11월초,대면,,2023-11-01,2023-11-30,True,month_only_vague,False,False,True,False
2023년 지역축제 개최 계획(취합).xlsx,세부현황,2023,충북,제24회 음성품바축제,문화예술,05.17.~05.21.,대면,,2023-05-17,2023-05-21,False,exact_or_partial,False,False,True,False
2023년 지역축제 개최 계획(취합).xlsx,세부현황,2023,충북,제42회 설성문화제,전통역사,9월중,대면,,2023-09-01,2023-09-30,True,month_only_vague,False,False,True,False
2023년 지역축제 개최 계획(취합).xlsx,세부현황,2023,충북,2023 음성명작페스티벌,특산물,10월중,대면,,2023-10-01,2023-10-31,True,month_only_vague,False,False,True,False
2023년 지역축제 개최 계획(취합).xlsx,세부현황,2023,충북,제39회 단양 소백산철쭉제,기타(주민,05.31.~06.05.,대면,,2023-05-31,2023-06-05,False,exact_or_partial,False,False,True,False
2023년 지역축제 개최 계획(취합).xlsx,세부현황,2023,충북,제25회 단양 온달문화축제,문화예술,10.06.~10.09.,대면,,2023-10-06,2023-10-09,False,exact_or_partial,False,False,True,False
2023년 지역축제 개최 계획(취합).xlsx,세부현황,2023,충남,제8회 천안위례벚꽃축제,생태자연,4월중,대면,,2023-04-01,2023-04-30,True,month_only_vague,False,False,True,False
2023년 지역축제 개최 계획(취합).xlsx,세부현황,2023,충남,입장거봉포도축제,특산물,9월중,대면,,2023-09-01,2023-09-30,True,month_only_vague,False,False,True,False
2023년 지역축제 개최 계획(취합).xlsx,세부현황,2023,충남,천안흥타령춤축제 2023,문화관광,10.05.~10.09.,대면,,2023-10-05,2023-10-09,False,exact_or_partial,False,False,True,False
2023년 지역축제 개최 계획(취합).xlsx,세부현황,2023,충남,겨울공주 군밤축제,특산물,01.06.~01.08.,대면,,2023-01-06,2023-01-08,False,exact_or_partial,False,False,True,False
2023년 지역축제 개최 계획(취합).xlsx,세부현황,2023,충남,계룡산 벚꽃축제,생태자연,03.25.~04.02.,대면,,2023-03-25,2023-04-02,False,exact_or_partial,False,False,True,False
2023년 지역축제 개최 계획(취합).xlsx,세부현황,2023,충남,갑사황매화축제,생태자연,04.15.~04.16.,대면,,2023-04-15,2023-04-16,False,exact_or_partial,False,False,True,False
2023년 지역축제 개최 계획(취합).xlsx,세부현황,2023,충남,계룡산산신제,전통역사,04.22.~04.23.,대면,,2023-04-22,2023-04-23,False,exact_or_partial,False,False,True,False
2023년 지역축제 개최 계획(취합).xlsx,세부현황,2023,충남,공주 석장리 구석기축제,전통역사,05.05.~05.07.,대면,,2023-05-05,2023-05-07,False,exact_or_partial,False,False,True,False
2023년 지역축제 개최 계획(취합).xlsx,세부현황,2023,충남,마곡사 신록축제,문화예술,05.06.~05.07.,대면,,2023-05-06,2023-05-07,False,exact_or_partial,False,False,True,False
2023년 지역축제 개최 계획(취합).xlsx,세부현황,2023,충남,유구색동수국정원 꽃축제,생태자연,06.23.~06.25.,대면,,2023-06-23,2023-06-25,False,exact_or_partial,False,False,True,False
2023년 지역축제 개최 계획(취합).xlsx,세부현황,2023,충남,2023 대백제전,전통역사,09.23.~10.09.,대면,,2023-09-23,2023-10-09,False,exact_or_partial,False,False,True,False
2023년 지역축제 개최 계획(취합).xlsx,세부현황,2023,충남,공주항공축제,문화관광,10.07.~10.08.,대면,,2023-10-07,2023-10-08,False,exact_or_partial,False,False,True,False
2023년 지역축제 개최 계획(취합).xlsx,세부현황,2023,충남,구절산 구절초 축제,생태자연,10.14.~10.15.,대면,,2023-10-14,2023-10-15,False,exact_or_partial,False,False,True,False
2023년 지역축제 개최 계획(취합).xlsx,세부현황,2023,충남,무창포 주꾸미 도다리 축제,특산물,3월~4월,대면,,2023-03-01,2023-04-30,True,month_range_vague,False,False,True,False
2023년 지역축제 개최 계획(취합).xlsx,세부현황,2023,충남,제17회 주산봄꽃축제,생태자연,4월중,대면,,2023-04-01,2023-04-30,True,month_only_vague,False,False,True,False
2023년 지역축제 개최 계획(취합).xlsx,세부현황,2023,충남,대천항수산물축제,특산물,5월중,대면,,2023-05-01,2023-05-31,True,month_only_vague,False,False,True,False
2023년 지역축제 개최 계획(취합).xlsx,세부현황,2023,충남,오천항키조개축제,특산물,5월중,대면,,2023-05-01,2023-05-31,True,month_only_vague,False,False,True,False
2023년 지역축제 개최 계획(취합).xlsx,세부현황,2023,충남,대천해수욕장 조개구이 축제,특산물,05.27.~05.29.,대면,,2023-05-27,2023-05-29,False,exact_or_partial,False,False,True,False
2023년 지역축제 개최 계획(취합).xlsx,세부현황,2023,충남,제2회 보령AMC모터페스티벌,문화관광,05.27.~05.29.,대면,,2023-05-27,2023-05-29,False,exact_or_partial,False,False,True,False
2023년 지역축제 개최 계획(취합).xlsx,세부현황,2023,충남,제26회 보령머드축제,문화관광,07.21.~08.06.,대면,,2023-07-21,2023-08-06,False,exact_or_partial,False,False,True,False
2023년 지역축제 개최 계획(취합).xlsx,세부현황,2023,충남,원산도 한여름밤의 별빛 콘서트,문화예술,8월중,대면,,2023-08-01,2023-08-31,True,month_only_vague,False,False,True,False
2023년 지역축제 개최 계획(취합).xlsx,세부현황,2023,충남,무창포 대하전어축제,특산물,9월중,대면,,2023-09-01,2023-09-30,True,month_only_vague,False,False,True,False
2023년 지역축제 개최 계획(취합).xlsx,세부현황,2023,충남,보령예술제,문화예술,9월중,대면,,2023-09-01,2023-09-30,True,month_only_vague,False,False,True,False
2023년 지역축제 개최 계획(취합).xlsx,세부현황,2023,충남,무창포 신비의 바닷길 축제,문화관광,10월중,대면,,2023-10-01,2023-10-31,True,month_only_vague,False,False,True,False
2023년 지역축제 개최 계획(취합).xlsx,세부현황,2023,충남,제2회 원산도·효자도 머드 붕장어축제,특산물,10월중,대면,,2023-10-01,2023-10-31,True,month_only_vague,False,False,True,False
2023년 지역축제 개최 계획(취합).xlsx,세부현황,2023,충남,청라은행마을축제,농촌문화,10.28.~10.29.,대면,,2023-10-28,2023-10-29,False,exact_or_partial,False,False,True,False
2023년 지역축제 개최 계획(취합).xlsx,세부현황,2023,충남,제20회 성주산 단풍축제,생태자연,10월~11월중,대면,,2023-10-01,2023-11-30,True,month_range_vague,False,False,True,False
2023년 지역축제 개최 계획(취합).xlsx,세부현황,2023,충남,제15회 온새미로 축제,농촌문화,11.02.~11.04.,대면,,2023-11-02,2023-11-04,False,exact_or_partial,False,False,True,False
2023년 지역축제 개최 계획(취합).xlsx,세부현황,2023,충남,보령 김축제,특산물,11월중,대면,,2023-11-01,2023-11-30,True,month_only_vague,False,False,True,False
2023년 지역축제 개최 계획(취합).xlsx,세부현황,2023,충남,천북 굴축제,특산물,11월중,대면,,2023-11-01,2023-11-30,True,month_only_vague,False,False,True,False
2023년 지역축제 개최 계획(취합).xlsx,세부현황,2023,충남,대천겨울바다사랑축제,문화관광,12.23.~12.25.,대면,,2023-12-23,2023-12-25,False,exact_or_partial,False,False,True,False
2023년 지역축제 개최 계획(취합).xlsx,세부현황,2023,충남,아산 성웅 이순신 축제,전통역사,4.28.~4.30.,대면,,2023-04-28,2023-04-30,False,exact_or_partial,False,False,True,False
2023년 지역축제 개최 계획(취합).xlsx,세부현황,2023,충남,신정호 아트밸리 별빛음악제,공연예술,8.25.~8.27.,대면,,2023-08-25,2023-08-27,False,exact_or_partial,False,False,True,False
2023년 지역축제 개최 계획(취합).xlsx,세부현황,2023,충남,설화예술제,문화예술,10.7.~10.9.,대면,,2023-10-07,2023-10-09,False,exact_or_partial,False,False,True,False
2023년 지역축제 개최 계획(취합).xlsx,세부현황,2023,충남,짚풀문화제,전통역사,10.20.~10.22.,대면,,2023-10-20,2023-10-22,False,exact_or_partial,False,False,True,False
2023년 지역축제 개최 계획(취합).xlsx,세부현황,2023,충남,왕산포갯마을축제,특산물,4월중,대면,,2023-04-01,2023-04-30,True,month_only_vague,False,False,True,False
2023년 지역축제 개최 계획(취합).xlsx,세부현황,2023,충남,제4회 해미벚꽃축제,생태자연,04.15.~04.16.,대면,,2023-04-15,2023-04-16,False,exact_or_partial,False,False,True,False
2023년 지역축제 개최 계획(취합).xlsx,세부현황,2023,충남,제15회 류방택 별축제,역사과학,5월중,대면,,2023-05-01,2023-05-31,True,month_only_vague,False,False,True,False
2023년 지역축제 개최 계획(취합).xlsx,세부현황,2023,충남,제22회 팔봉산감자축제,특산물,6월중,대면,,2023-06-01,2023-06-30,True,month_only_vague,False,False,True,False
2023년 지역축제 개최 계획(취합).xlsx,세부현황,2023,충남,제14회 서산6쪽마늘축제,특산물,7월중,대면,,2023-07-01,2023-07-31,True,month_only_vague,False,False,True,False
2023년 지역축제 개최 계획(취합).xlsx,세부현황,2023,충남,삼길포우럭축제,특산물,7월중,대면,,2023-07-01,2023-07-31,True,month_only_vague,False,False,True,False
2023년 지역축제 개최 계획(취합).xlsx,세부현황,2023,충남,서산뻘낙지먹물축제,특산물,10월중,대면,,2023-10-01,2023-10-31,True,month_only_vague,False,False,True,False
2023년 지역축제 개최 계획(취합).xlsx,세부현황,2023,충남,간월도어리굴젓축제,특산물,10월중,대면,,2023-10-01,2023-10-31,True,month_only_vague,False,False,True,False
2023년 지역축제 개최 계획(취합).xlsx,세부현황,2023,충남,제20회 서산해미읍성축제,전통역사,10월중,대면,,2023-10-01,2023-10-31,True,month_only_vague,False,False,True,False
2023년 지역축제 개최 계획(취합).xlsx,세부현황,2023,충남,제24회 서산국화축제,생태자연,11월중,대면,,2023-11-01,2023-11-30,True,month_only_vague,False,False,True,False
2023년 지역축제 개최 계획(취합).xlsx,세부현황,2023,충남,논산딸기축제,특산물,3.08.~3.12.,대면,,2023-03-08,2023-03-12,False,exact_or_partial,False,False,True,False
2023년 지역축제 개최 계획(취합).xlsx,세부현황,2023,충남,해바라기축제,특산물,6월중,대면,,2023-06-01,2023-06-30,True,month_only_vague,False,False,True,False
2023년 지역축제 개최 계획(취합).xlsx,세부현황,2023,충남,콩밭열무축제,특산물,8월중,대면,,2023-08-01,2023-08-31,True,month_only_vague,False,False,True,False
2023년 지역축제 개최 계획(취합).xlsx,세부현황,2023,충남,연산대추축제,특산물,10월중,대면,,2023-10-01,2023-10-31,True,month_only_vague,False,False,True,False
2023년 지역축제 개최 계획(취합).xlsx,세부현황,2023,충남,강경젓갈축제,특산물,10월중,대면,,2023-10-01,2023-10-31,True,month_only_vague,False,False,True,False
2023년 지역축제 개최 계획(취합).xlsx,세부현황,2023,충남,양촌곶감축제,특산물,12월중,대면,,2023-12-01,2023-12-31,True,month_only_vague,False,False,True,False
2023년 지역축제 개최 계획(취합).xlsx,세부현황,2023,충남,2023계룡군문화축제,문화관광,10월중,대면,,2023-10-01,2023-10-31,True,month_only_vague,False,False,True,False
2023년 지역축제 개최 계획(취합).xlsx,세부현황,2023,충남,제24회 장고항실치축제,특산물,04.10.~04.30.,대면,,2023-04-10,2023-04-30,False,exact_or_partial,False,False,True,False
2023년 지역축제 개최 계획(취합).xlsx,세부현황,2023,충남,기지시줄다리기민속축제,전통역사,04.19.~04.23.,대면,,2023-04-19,2023-04-23,False,exact_or_partial,False,False,True,False
2023년 지역축제 개최 계획(취합).xlsx,세부현황,2023,충남,제23회 면천진달래민속축제,전통역사,4월중,대면,,2023-04-01,2023-04-30,True,month_only_vague,False,False,True,False
2023년 지역축제 개최 계획(취합).xlsx,세부현황,2023,충남,제19회 순성매화벚꽃축제,생태자연,4월중,대면,,2023-04-01,2023-04-30,True,month_only_vague,False,False,True,False
2023년 지역축제 개최 계획(취합).xlsx,세부현황,2023,충남,제19회 한진포구바지락갯벌체험축제,특산물,05.01.~05.31.,대면,,2023-05-01,2023-05-31,False,exact_or_partial,False,False,True,False
2023년 지역축제 개최 계획(취합).xlsx,세부현황,2023,충남,제15회 순성왕매실&당진맥주축제,문화관광,6월중,대면,,2023-06-01,2023-06-30,True,month_only_vague,False,False,True,True
2023년 지역축제 개최 계획(취합).xlsx,세부현황,2023,충남,제7회 합덕제연호문화축제,전통역사,07.08.~07.16.,대면,,2023-07-08,2023-07-16,False,exact_or_partial,False,False,True,False
2023년 지역축제 개최 계획(취합).xlsx,세부현황,2023,충남,심훈상록문화제,문화제,9월중,대면,,2023-09-01,2023-09-30,True,month_only_vague,False,False,True,False
2023년 지역축제 개최 계획(취합).xlsx,세부현황,2023,충남,제16회 삽교호조개구이축제,특산물,10월중,대면,,2023-10-01,2023-10-31,True,month_only_vague,False,False,True,False
2023년 지역축제 개최 계획(취합).xlsx,세부현황,2023,충남,제33회 남이흥장군문화제,문화제,10월중,대면,,2023-10-01,2023-10-31,True,month_only_vague,False,False,True,False
2023년 지역축제 개최 계획(취합).xlsx,세부현황,2023,충남,제23회 왜목마을해넘이해맞이축제,문화관광,12.31.~01.01.,대면,,2023-12-31,2023-12-31,False,exact_or_partial,False,False,True,False
2023년 지역축제 개최 계획(취합).xlsx,세부현황,2023,충남,2023년 비단고을 산꽃축제,생태자연,4월중,대면,,2023-04-01,2023-04-30,True,month_only_vague,False,False,True,False
2023년 지역축제 개최 계획(취합).xlsx,세부현황,2023,충남,제13회 금산천 봄꽃축제,생태자연,4월중,대면,,2023-04-01,2023-04-30,True,month_only_vague,False,False,True,False
2023년 지역축제 개최 계획(취합).xlsx,세부현황,2023,충남,제13회 남일면 홍도화축제,생태자연,4월중,대면,,2023-04-01,2023-04-30,True,month_only_vague,False,False,True,False
2023년 지역축제 개최 계획(취합).xlsx,세부현황,2023,충남,제3회 금산삼계탕축제,특산물,07.07.~07.09.,대면,,2023-07-07,2023-07-09,False,exact_or_partial,False,False,True,False
2023년 지역축제 개최 계획(취합).xlsx,세부현황,2023,충남,재41회 금산세계인삼축제,특산물,09.30.~10.09.,대면,,2023-09-30,2023-10-09,False,exact_or_partial,False,False,True,False
2023년 지역축제 개최 계획(취합).xlsx,세부현황,2023,충남,2023 부여세도 방울토마토&유채꽃 축제,생태자연,04.21~04.23,대면,,2023-04-21,2023-04-23,False,exact_or_partial,False,False,True,False
2023년 지역축제 개최 계획(취합).xlsx,세부현황,2023,충남,옥녀봉 진달래꽃 십리길 축제(미정),생태자연,4월중,대면,,2023-04-01,2023-04-30,True,month_only_vague,False,False,True,False
2023년 지역축제 개최 계획(취합).xlsx,세부현황,2023,충남,내산벚꽃축제(미정),생태자연,4월중,대면,,2023-04-01,2023-04-30,True,month_only_vague,False,False,True,False
2023년 지역축제 개최 계획(취합).xlsx,세부현황,2023,충남,제5회 봄나들이 축제,문화예술,5월중,대면,,2023-05-01,2023-05-31,True,month_only_vague,False,False,True,False
2023년 지역축제 개최 계획(취합).xlsx,세부현황,2023,충남,제21회 부여서동연꽃축제,문화예술,7월중,대면,,2023-07-01,2023-07-31,True,month_only_vague,False,False,True,False
2023년 지역축제 개최 계획(취합).xlsx,세부현황,2023,충남,2023 대백제전,전통역사,09.23.~10.09,대면,,2023-09-23,2023-10-09,False,exact_or_partial,False,False,True,False
2023년 지역축제 개최 계획(취합).xlsx,세부현황,2023,충남,2023년 제18회 부여 굿뜨래 알밤축제,특산물,10.02.~11.30.,비대면,,2023-10-02,2023-11-30,False,exact_or_partial,False,False,True,False
2023년 지역축제 개최 계획(취합).xlsx,세부현황,2023,충남,제20회 백제고도부여국화축제,생태자연,10~11월중,대면,,2023-11-01,2023-11-30,True,month_only_vague,False,False,True,False
2023년 지역축제 개최 계획(취합).xlsx,세부현황,2023,충남,서천 동백꽃 주꾸미 축제,특산물,03.18.~04.02.,대면,,2023-03-18,2023-04-02,False,exact_or_partial,False,False,True,False
2023년 지역축제 개최 계획(취합).xlsx,세부현황,2023,충남,서천 자연산 광어 도미 축제,특산물,5월중,대면,,2023-05-01,2023-05-31,True,month_only_vague,False,False,True,False
2023년 지역축제 개최 계획(취합).xlsx,세부현황,2023,충남,장항항 꼴갑축제,특산물,5월중,대면,,2023-05-01,2023-05-31,True,month_only_vague,False,False,True,False
2023년 지역축제 개최 계획(취합).xlsx,세부현황,2023,충남,한산모시문화제,특산물,6. 9.~6. 11.,대면,,2023-06-09,2023-06-11,False,exact_or_partial,False,False,True,False
2023년 지역축제 개최 계획(취합).xlsx,세부현황,2023,충남,장항 송림숲 맥문동 축제,생태자연,8월중,대면,,2023-08-01,2023-08-31,True,month_only_vague,False,False,True,False
2023년 지역축제 개최 계획(취합).xlsx,세부현황,2023,충남,홍원항 자연산 전어 꽃게 축제,특산물,9월중,대면,,2023-09-01,2023-09-30,True,month_only_vague,False,False,True,False
2023년 지역축제 개최 계획(취합).xlsx,세부현황,2023,충남,제22회 칠갑문화제,일반축제,04.01.~04.30.,대면,,2023-04-01,2023-04-30,False,exact_or_partial,False,False,True,False
2023년 지역축제 개최 계획(취합).xlsx,세부현황,2023,충남,제24회 청양고추구기자축제,특산물,09.08~09.10.,대면,,2023-09-08,2023-09-10,False,exact_or_partial,False,False,True,False
2023년 지역축제 개최 계획(취합).xlsx,세부현황,2023,충남,제24회 칠갑산 장승문화축제,전통역사,10월중,대면,,2023-10-01,2023-10-31,True,month_only_vague,False,False,True,False
2023년 지역축제 개최 계획(취합).xlsx,세부현황,2023,충남,홍성남당항새조개축제,특산물,01.14.~01.31.,대면,,2023-01-14,2023-01-31,False,exact_or_partial,False,False,True,False
2023년 지역축제 개최 계획(취합).xlsx,세부현황,2023,충남,홍성역사인물축제,전통역사,05.05.~05.06.,대면,,2023-05-05,2023-05-06,False,exact_or_partial,False,False,True,False
2023년 지역축제 개최 계획(취합).xlsx,세부현황,2023,충남,홍성남당항대하축제,특산물,9월중,대면,,2023-09-01,2023-09-30,True,month_only_vague,False,False,True,False
2023년 지역축제 개최 계획(취합).xlsx,세부현황,2023,충남,광천토굴새우젓축제,특산물,10월중,대면,,2023-10-01,2023-10-31,True,month_only_vague,False,False,True,False
2023년 지역축제 개최 계획(취합).xlsx,세부현황,2023,충남,홍성한우바비큐페스티벌,특산물,10.20.~10.22.,대면,,2023-10-20,2023-10-22,False,exact_or_partial,False,False,True,False
2023년 지역축제 개최 계획(취합).xlsx,세부현황,2023,충남,광천김축제,특산물,12.01~12.31.,대면,,2023-12-01,2023-12-31,False,exact_or_partial,False,False,True,False
2023년 지역축제 개최 계획(취합).xlsx,세부현황,2023,충남,제50회 윤봉길 평화축제,역사인물,4월~5월중,대면,,2023-04-01,2023-05-31,True,month_range_vague,False,False,True,False
2023년 지역축제 개최 계획(취합).xlsx,세부현황,2023,충남,예산황새축제,생태자연,9월중,대면,,2023-09-01,2023-09-30,True,month_only_vague,False,False,True,False
2023년 지역축제 개최 계획(취합).xlsx,세부현황,2023,충남,제7회 예산장터삼국축제,생태자연,10.20.~10.26.,대면,,2023-10-20,2023-10-26,False,exact_or_partial,False,False,True,False
2023년 지역축제 개최 계획(취합).xlsx,세부현황,2023,충남,제20회 예산황토사과축제,특산물,11월중,대면,,2023-11-01,2023-11-30,True,month_only_vague,False,False,True,False
2023년 지역축제 개최 계획(취합).xlsx,세부현황,2023,충남,2023 의좋은형제축제,전통역사,11월중,대면,,2023-11-01,2023-11-30,True,month_only_vague,False,False,True,False
2023년 지역축제 개최 계획(취합).xlsx,세부현황,2023,충남,제11회 몽산포항 주꾸미축제,특산물,4월중,대면,,2023-04-01,2023-04-30,True,month_only_vague,False,False,True,False
2023년 지역축제 개최 계획(취합).xlsx,세부현황,2023,충남,제19회 태안 국제 모래조각 페스티벌,생태자연,5~6월중,대면,,2023-06-01,2023-06-30,True,month_only_vague,False,False,True,False
2023년 지역축제 개최 계획(취합).xlsx,세부현황,2023,충남,2023년 태안거리축제,문화관광,10월중,대면,,2023-10-01,2023-10-31,True,month_only_vague,False,False,True,False
2023년 지역축제 개최 계획(취합).xlsx,세부현황,2023,충남,2023 태안국화축제,생태자연,10.27~11.05,대면,,2023-10-27,2023-11-05,False,exact_or_partial,False,False,True,False
2023년 지역축제 개최 계획(취합).xlsx,세부현황,2023,충남,2023년 대한민국 사구축제,생태자연,11월중,대면,,2023-11-01,2023-11-30,True,month_only_vague,False,False,True,False
2023년 지역축제 개최 계획(취합).xlsx,세부현황,2023,전북,전주세계소리축제,문화예술,9월 중,대면,,2023-09-01,2023-09-30,True,month_only_vague,False,False,True,False
2023년 지역축제 개최 계획(취합).xlsx,세부현황,2023,전북,전주국제영화제,문화예술,4.27.~5.6.,혼합형,,2023-04-27,2023-05-06,False,exact_or_partial,False,False,True,False
2023년 지역축제 개최 계획(취합).xlsx,세부현황,2023,전북,전주 단오,전통역사,6.22.~6.24.,혼합형,,2023-06-22,2023-06-24,False,exact_or_partial,False,False,True,False
2023년 지역축제 개최 계획(취합).xlsx,세부현황,2023,전북,전주얼티밋뮤직페스티벌,문화예술,8.4.~8.6.(예정),혼합형,,2023-08-04,2023-08-06,False,exact_or_partial,False,False,True,False
2023년 지역축제 개최 계획(취합).xlsx,세부현황,2023,전북,전주비빔밥축제,특산물,10.6~10.9,대면,,2023-10-06,2023-10-09,False,exact_or_partial,False,False,True,False
2023년 지역축제 개최 계획(취합).xlsx,세부현황,2023,전북,얼굴없는천사 축제,전통역사,10.3~10.4,혼합형,,2023-10-03,2023-10-04,False,exact_or_partial,False,False,True,False
2023년 지역축제 개최 계획(취합).xlsx,세부현황,2023,전북,제18회 꽁당보리축제,특산물,05.04~05.07,대면,,2023-05-04,2023-05-07,False,exact_or_partial,False,False,True,False
2023년 지역축제 개최 계획(취합).xlsx,세부현황,2023,전북,군산 수제맥주 & 블루스 페스티벌,"문화예술
특산물",6~9월 중,대면,,2023-09-01,2023-09-30,True,month_only_vague,False,False,True,True
2023년 지역축제 개최 계획(취합).xlsx,세부현황,2023,전북,제6회 우체통거리 손편지축제,기타(주민화합 등),09.08~09.09,대면,,2023-09-08,2023-09-09,False,exact_or_partial,False,False,True,False
2023년 지역축제 개최 계획(취합).xlsx,세부현황,2023,전북,제55회 진포예술제,문화예술,10.01~10.05,대면,,2023-10-01,2023-10-05,False,exact_or_partial,False,False,True,False
2023년 지역축제 개최 계획(취합).xlsx,세부현황,2023,전북,제11회 군산시간여행축제,"전통역사
문화예술",10월 중,혼합형,,2023-10-01,2023-10-31,True,month_only_vague,False,False,True,False
2023년 지역축제 개최 계획(취합).xlsx,세부현황,2023,전북,제3회 짬뽕페스티벌,기타,10.08~10.09,대면,,2023-10-08,2023-10-09,False,exact_or_partial,False,False,True,False
2023년 지역축제 개최 계획(취합).xlsx,세부현황,2023,전북,2023 익산서동축제,문화예술,10월 중,대면,,2023-10-01,2023-10-31,True,month_only_vague,False,False,True,False
2023년 지역축제 개최 계획(취합).xlsx,세부현황,2023,전북,제20회 익산 천만송이 국화축제,생태자연,10월 중,대면,,2023-10-01,2023-10-31,True,month_only_vague,False,False,True,False
2023년 지역축제 개최 계획(취합).xlsx,세부현황,2023,전북,두동편백마을 힐링숲축제,생태자연,11.03~11.04,대면,,2023-11-03,2023-11-04,False,exact_or_partial,False,False,True,False
2023년 지역축제 개최 계획(취합).xlsx,세부현황,2023,전북,정읍 내장산 얼음축제,기타,01.13~01.17,대면,,2023-01-13,2023-01-17,False,exact_or_partial,False,False,True,False
2023년 지역축제 개최 계획(취합).xlsx,세부현황,2023,전북,정읍 벚꽃축제,생태자연,4월초(5일간),대면,,2023-04-01,2023-04-30,True,month_only_vague,False,False,True,False
2023년 지역축제 개최 계획(취합).xlsx,세부현황,2023,전북,정읍 물빛축제,기타,8월 중,대면,,2023-08-01,2023-08-31,True,month_only_vague,False,False,True,False
2023년 지역축제 개최 계획(취합).xlsx,세부현황,2023,전북,정읍 구절초 꽃축제,생태자연,10.05~10.15,대면,,2023-10-05,2023-10-15,False,exact_or_partial,False,False,True,False
2023년 지역축제 개최 계획(취합).xlsx,세부현황,2023,전북,솔티모시 달빛축제,생태자연,10월초(2일),대면,,2023-10-01,2023-10-31,True,month_only_vague,False,False,True,False
2023년 지역축제 개최 계획(취합).xlsx,세부현황,2023,전북,제93회 춘향제,문화예술,5.24~5.28,대면,,2023-05-24,2023-05-28,False,exact_or_partial,False,False,True,False
2023년 지역축제 개최 계획(취합).xlsx,세부현황,2023,전북,제31회 흥부제,문화예술,10.27~10.29,대면,,2023-10-27,2023-10-29,False,exact_or_partial,False,False,True,False
2023년 지역축제 개최 계획(취합).xlsx,세부현황,2023,전북,지리산 뱀사골 고로쇠 약수제,생태자연,2월 중,대면,,2023-02-01,2023-02-28,True,month_only_vague,False,False,True,False
2023년 지역축제 개최 계획(취합).xlsx,세부현황,2023,전북,지리산바래봉 눈꽃축제,생태자연,1월~2월 중,대면,,2023-01-01,2023-02-28,True,month_range_vague,False,False,True,False
2023년 지역축제 개최 계획(취합).xlsx,세부현황,2023,전북,지리산 바래봉 철쭉제,생태자연,4월말~5월초(30일정도),대면,,2023-04-01,2023-05-31,True,month_range_vague,False,False,True,False
2023년 지역축제 개최 계획(취합).xlsx,세부현황,2023,전북,봉화산 철쭉제,생태자연,4~5월,대면,,2023-05-01,2023-05-31,True,month_only_vague,False,False,True,False
2023년 지역축제 개최 계획(취합).xlsx,세부현황,2023,전북,지리산 뱀사골 단풍제,생태자연,10월 중(1일간),대면,,2023-10-01,2023-10-31,True,month_only_vague,False,False,True,False
2023년 지역축제 개최 계획(취합).xlsx,세부현황,2023,전북,혼불문학 신행길 축제,문화예술,10월 중(2일간),대면,,2023-10-01,2023-10-31,True,month_only_vague,False,False,True,False
2023년 지역축제 개최 계획(취합).xlsx,세부현황,2023,전북,남원 막걸리축제,지역특산물,9월중(2일간),대면,,2023-09-01,2023-09-30,True,month_only_vague,False,False,True,False
2023년 지역축제 개최 계획(취합).xlsx,세부현황,2023,전북,남원요천 벚꽃축제,생태자연,4월중(2일간),대면,,2023-04-01,2023-04-30,True,month_only_vague,False,False,True,False
2023년 지역축제 개최 계획(취합).xlsx,세부현황,2023,전북,남원요천 물놀이축제,생태자연,7~8월(30일간),대면,,2023-08-01,2023-08-31,True,month_only_vague,False,False,True,False
2023년 지역축제 개최 계획(취합).xlsx,세부현황,2023,전북,요천미디어아트 빛축제,문화예술,10월(30일간),대면,,2023-10-01,2023-10-31,True,month_only_vague,False,False,True,False
2023년 지역축제 개최 계획(취합).xlsx,세부현황,2023,전북,동동동화축제,"생태자연, 기타",12월 (14일간),대면,,2023-12-01,2023-12-31,True,month_only_vague,False,False,True,False
2023년 지역축제 개최 계획(취합).xlsx,세부현황,2023,전북,김제지평선축제,문화예술,10.05.~10.09.,대면,,2023-10-05,2023-10-09,False,exact_or_partial,False,False,True,False
2023년 지역축제 개최 계획(취합).xlsx,세부현황,2023,전북,김제모악산축제,문화예술,04.28.~04.30.,대면,,2023-04-28,2023-04-30,False,exact_or_partial,False,False,True,False
2023년 지역축제 개최 계획(취합).xlsx,세부현황,2023,전북,지평선추억의 보리밭 축제,"생태자연, 특산물",05.05~05.07.,대면,,2023-05-05,2023-05-07,False,exact_or_partial,False,False,True,False
2023년 지역축제 개최 계획(취합).xlsx,세부현황,2023,전북,지평선광활햇감자축제,특산물,04.15~04.16.(예정),대면,,2023-04-15,2023-04-16,False,exact_or_partial,False,False,True,False
2023년 지역축제 개최 계획(취합).xlsx,세부현황,2023,전북,2023 꽃빛드리 축제,문화예술,04.07.~04.09.(예정),대면,,2023-04-07,2023-04-09,False,exact_or_partial,False,False,True,False
2023년 지역축제 개최 계획(취합).xlsx,세부현황,2023,전북,W윈터푸드축제,문화예술,12.23~12.24,대면,,2023-12-23,2023-12-24,False,exact_or_partial,False,False,True,False
2023년 지역축제 개최 계획(취합).xlsx,세부현황,2023,전북,완주 삼례딸기 축제,특산물,03.17~03.19,대면,,2023-03-17,2023-03-19,False,exact_or_partial,False,False,True,False
2023년 지역축제 개최 계획(취합).xlsx,세부현황,2023,전북,제11회 와일드&로컬푸드축제,특산물,9~10월 중,혼합형,,2023-10-01,2023-10-31,True,month_only_vague,False,False,True,False
2023년 지역축제 개최 계획(취합).xlsx,세부현황,2023,전북,제6회 오성한옥마을 오픈가든축제,기타(주민화합),5월 중,대면,,2023-05-01,2023-05-31,True,month_only_vague,False,False,True,False
2023년 지역축제 개최 계획(취합).xlsx,세부현황,2023,전북,제9회 곶감축제,특산물,12월 중,대면,,2023-12-01,2023-12-31,True,month_only_vague,False,False,True,False
2023년 지역축제 개최 계획(취합).xlsx,세부현황,2023,전북,제1회 완주 대둔산축제,기타(주민화합),5~6월 중,대면,,2023-06-01,2023-06-30,True,month_only_vague,False,False,True,False
2023년 지역축제 개최 계획(취합).xlsx,세부현황,2023,전북,(가칭)제1회 완주 모악산축제,기타(주민화합),4~5월 중,대면,,2023-05-01,2023-05-31,True,month_only_vague,False,False,True,False
2023년 지역축제 개최 계획(취합).xlsx,세부현황,2023,전북,제19회 진안고원 운장산 고로쇠축제,특산물,03.11~03.12,대면,,2023-03-11,2023-03-12,False,exact_or_partial,False,False,True,False
2023년 지역축제 개최 계획(취합).xlsx,세부현황,2023,전북,제13회 진안고원 수박축제,특산물,07.29~07.30,대면,,2023-07-29,2023-07-30,False,exact_or_partial,False,False,True,False
2023년 지역축제 개최 계획(취합).xlsx,세부현황,2023,전북,2023 진안홍삼축제,특산물,10.07~10.09,대면,,2023-10-07,2023-10-09,False,exact_or_partial,False,False,True,False
2023년 지역축제 개최 계획(취합).xlsx,세부현황,2023,전북,제5회 가족공동체 김장문화축제,특산물,11.17~11.19,대면,,2023-11-17,2023-11-19,False,exact_or_partial,False,False,True,False
2023년 지역축제 개최 계획(취합).xlsx,세부현황,2023,전북,2023 마이산 겨울동화축제,기타(주민화합),12.23~12.25,대면,,2023-12-23,2023-12-25,False,exact_or_partial,False,False,True,False
2023년 지역축제 개최 계획(취합).xlsx,세부현황,2023,전북,제27회 무주반딧불축제,생태자연,09.02~09.10,대면,,2023-09-02,2023-09-10,False,exact_or_partial,False,False,True,False
2023년 지역축제 개최 계획(취합).xlsx,세부현황,2023,전북,무주산골영화제,문화예술,06.02~06.06,대면,,2023-06-02,2023-06-06,False,exact_or_partial,False,False,True,False
2023년 지역축제 개최 계획(취합).xlsx,세부현황,2023,전북,안성두문낙화놀이축제,전통역사,08.04.~08.05.,대면,,2023-08-04,2023-08-05,False,exact_or_partial,False,False,True,False
2023년 지역축제 개최 계획(취합).xlsx,세부현황,2023,전북,통안마을'나비야놀자'축제,생태자연,06.16~06.25.,대면,,2023-06-16,2023-06-25,False,exact_or_partial,False,False,True,False
2023년 지역축제 개최 계획(취합).xlsx,세부현황,2023,전북,무주꽁꽁놀이축제,기타(주민화합),2023.12..30~2024.01.28.,대면,,2023-12-30,2024-01-28,False,exact_or_partial,False,False,True,False
2023년 지역축제 개최 계획(취합).xlsx,세부현황,2023,전북,고로쇠축제,기타(주민화합),2월말~3월초,대면,,2023-02-01,2023-03-31,True,month_range_vague,False,False,True,False
2023년 지역축제 개최 계획(취합).xlsx,세부현황,2023,전북,제17회 장수 한우랑 사과랑 축제,특산물,09.14~09.17,대면,,2023-09-14,2023-09-17,False,exact_or_partial,False,False,True,False
2023년 지역축제 개최 계획(취합).xlsx,세부현황,2023,전북,계곡과 함께하는 한여름 예술문화축제(가칭),생태자연,7~8월 중,대면,,2023-08-01,2023-08-31,True,month_only_vague,False,False,True,False
2023년 지역축제 개최 계획(취합).xlsx,세부현황,2023,전북,제7회 번암물빛축제,생태자연,07.29~07.30,대면,,2023-07-29,2023-07-30,False,exact_or_partial,False,False,True,False
2023년 지역축제 개최 계획(취합).xlsx,세부현황,2023,전북,제4회 산서희망무지개축제,주민화합,09.02~09.03,대면,,2023-09-02,2023-09-03,False,exact_or_partial,False,False,True,False
2023년 지역축제 개최 계획(취합).xlsx,세부현황,2023,전북,제1회 계북수박&토마토축제,특산물,07.29~07.30.,대면,,2023-07-29,2023-07-30,False,exact_or_partial,False,False,True,False
2023년 지역축제 개최 계획(취합).xlsx,세부현황,2023,전북,임실N치즈축제,특산물,10.06~10.09,혼합형,,2023-10-06,2023-10-09,False,exact_or_partial,False,False,True,False
2023년 지역축제 개최 계획(취합).xlsx,세부현황,2023,전북,아쿠아페스티벌,기타(주민화합),7~8월 중,대면,,2023-08-01,2023-08-31,True,month_only_vague,False,False,True,False
2023년 지역축제 개최 계획(취합).xlsx,세부현황,2023,전북,산타축제,기타(주민화합),12.23~12.25,대면,,2023-12-23,2023-12-25,False,exact_or_partial,False,False,True,False
2023년 지역축제 개최 계획(취합).xlsx,세부현황,2023,전북,의견문화제,문화예술,050.5~05.07,대면,,2023-05-07,2023-05-07,False,exact_or_partial,False,False,True,False
2023년 지역축제 개최 계획(취합).xlsx,세부현황,2023,전북,필봉마을굿축제,문화예술,08.12~08.14,대면,,2023-08-12,2023-08-14,False,exact_or_partial,False,False,True,False
2023년 지역축제 개최 계획(취합).xlsx,세부현황,2023,전북,사선문화제,문화예술,09.22~09.24,대면,,2023-09-22,2023-09-24,False,exact_or_partial,False,False,True,False
2023년 지역축제 개최 계획(취합).xlsx,세부현황,2023,전북,옥정호벚꽃축제,기타(주민화합),04.08~04.09,대면,,2023-04-08,2023-04-09,False,exact_or_partial,False,False,True,False
2023년 지역축제 개최 계획(취합).xlsx,세부현황,2023,전북,제20회 옥천골벚꽃축제,생태자연,4월 중,대면,,2023-04-01,2023-04-30,True,month_only_vague,False,False,True,False
2023년 지역축제 개최 계획(취합).xlsx,세부현황,2023,전북,제4회 슬로슬로 발효마을 축제,특산물,05.05~05.07,대면,,2023-05-05,2023-05-07,False,exact_or_partial,False,False,True,False
2023년 지역축제 개최 계획(취합).xlsx,세부현황,2023,전북,제18회 순창장류축제,특산물,10.13.~10.15,대면,,2023-10-13,2023-10-15,False,exact_or_partial,False,False,True,False
2023년 지역축제 개최 계획(취합).xlsx,세부현황,2023,전북,고창 청보리밭축제,생태자연,04.22~05.14,대면,,2023-04-22,2023-05-14,False,exact_or_partial,False,False,True,False
2023년 지역축제 개최 계획(취합).xlsx,세부현황,2023,전북,고창 복분자와수박축제,특산물,06.16~06.18,혼합형,,2023-06-16,2023-06-18,False,exact_or_partial,False,False,True,False
2023년 지역축제 개최 계획(취합).xlsx,세부현황,2023,전북,고창 갯벌축제,생태자연,6월 중,대면,,2023-06-01,2023-06-30,True,month_only_vague,False,False,True,False
2023년 지역축제 개최 계획(취합).xlsx,세부현황,2023,전북,고창 바지락축제,특산물,05.05~05.07,대면,,2023-05-05,2023-05-07,False,exact_or_partial,False,False,True,False
2023년 지역축제 개최 계획(취합).xlsx,세부현황,2023,전북,고창 해풍고추축제,특산물,8월 중,대면,,2023-08-01,2023-08-31,True,month_only_vague,False,False,True,False
2023년 지역축제 개최 계획(취합).xlsx,세부현황,2023,전북,고창 모양성제,전통역사,10.19~10.23(예정),대면,,2023-10-19,2023-10-23,False,exact_or_partial,False,False,True,False
2023년 지역축제 개최 계획(취합).xlsx,세부현황,2023,전북,상서개암동벚꽃축제,생태자연,04.08~04.09,대면,,2023-04-08,2023-04-09,False,exact_or_partial,False,False,True,False
2023년 지역축제 개최 계획(취합).xlsx,세부현황,2023,전북,부안마실축제,문화예술,05.04-05.06,대면,,2023-05-04,2023-05-06,False,exact_or_partial,False,False,True,False
2023년 지역축제 개최 계획(취합).xlsx,세부현황,2023,전북,"제2회 바이썬비치파티
(변산바다로페스티벌)",문화예술,08.04~08.06,대면,,2023-08-04,2023-08-06,False,exact_or_partial,False,False,True,False
2023년 지역축제 개최 계획(취합).xlsx,세부현황,2023,전북,님의뽕축제,전통역사,7~8월 중,대면,,2023-08-01,2023-08-31,True,month_only_vague,False,False,True,False
2023년 지역축제 개최 계획(취합).xlsx,세부현황,2023,전북,부안노을축제,생태자연,10월 중,대면,,2023-10-01,2023-10-31,True,month_only_vague,False,False,True,False
2023년 지역축제 개최 계획(취합).xlsx,세부현황,2023,전북,곰소젓갈발효축제,특산물,10월 중,대면,,2023-10-01,2023-10-31,True,month_only_vague,False,False,True,False
2023년 지역축제 개최 계획(취합).xlsx,세부현황,2023,전북,부안가을愛국화축제,생태자연,10.27~11.05,대면,,2023-10-27,2023-11-05,False,exact_or_partial,False,False,True,False
2023년 지역축제 개최 계획(취합).xlsx,세부현황,2023,전북,부안설숭어축제,특산물,12월 중,대면,,2023-12-01,2023-12-31,True,month_only_vague,False,False,True,False
2023년 지역축제 개최 계획(취합).xlsx,세부현황,2023,전북,위도호박축제,특산물,10월중,대면,,2023-10-01,2023-10-31,True,month_only_vague,False,False,True,False
2023년 지역축제 개최 계획(취합).xlsx,세부현황,2023,전북,변산 해넘이축제,문화예술,12.30~01.01,대면,,2023-12-30,2023-12-30,False,exact_or_partial,False,False,True,False
2023년 지역축제 개최 계획(취합).xlsx,세부현황,2023,전남,2023 명량대첩축제,전통역사,09.08.~09.10.,대면,,2023-09-08,2023-09-10,False,exact_or_partial,False,False,True,False
2023년 지역축제 개최 계획(취합).xlsx,세부현황,2023,전남,2023 국제남도음식문화큰잔치,특산물,10.06.~10.8.,대면,,2023-10-06,2023-10-08,False,exact_or_partial,False,False,True,False
2023년 지역축제 개최 계획(취합).xlsx,세부현황,2023,전남,2023 유달산 봄축제,생태자연,4.8.~4.9.,대면,,2023-04-08,2023-04-09,False,exact_or_partial,False,False,True,False
2023년 지역축제 개최 계획(취합).xlsx,세부현황,2023,전남,2023 목포항구축제,생태자연,10.20.~10.22.,대면,,2023-10-20,2023-10-22,False,exact_or_partial,False,False,True,False
2023년 지역축제 개최 계획(취합).xlsx,세부현황,2023,전남,제31회 여수영취산진달래체험행사,생태자연,3월 중,혼합형,,2023-03-01,2023-03-31,True,month_only_vague,False,False,True,False
2023년 지역축제 개최 계획(취합).xlsx,세부현황,2023,전남,2022 여수밤바다 불꽃축제,문화예술,4월 중,혼합형,,2023-04-01,2023-04-30,True,month_only_vague,False,False,True,False
2023년 지역축제 개최 계획(취합).xlsx,세부현황,2023,전남,제56회 여수거북선축제,전통역사,5. 5. ~ 5. 7.,혼합형,,2023-05-05,2023-05-07,False,exact_or_partial,False,False,True,False
2023년 지역축제 개최 계획(취합).xlsx,세부현황,2023,전남,제20회 거문도백도 은빛바다 체험행사,기타(주민화합),8월 중,혼합형,,2023-08-01,2023-08-31,True,month_only_vague,False,False,True,False
2023년 지역축제 개최 계획(취합).xlsx,세부현황,2023,전남,여수여자만갯벌노을체험행사,생태자연,9월 중,혼합형,,2023-09-01,2023-09-30,True,month_only_vague,False,False,True,False
2023년 지역축제 개최 계획(취합).xlsx,세부현황,2023,전남,여수동동북축제,전통역사,10. 21. ~ 10. 22.,혼합형,,2023-10-21,2023-10-22,False,exact_or_partial,False,False,True,False
2023년 지역축제 개최 계획(취합).xlsx,세부현황,2023,전남,제27회 여수향일암일출제,생태자연,23. 12. 31. ~ 24. 1. 1.,혼합형,,2023-12-31,2024-01-01,False,exact_or_partial,False,False,True,False
2023년 지역축제 개최 계획(취합).xlsx,세부현황,2023,전남,제7회 순천푸드앤아트페스티벌,문화예술,9월경,대면,,2023-09-01,2023-09-30,True,month_only_vague,False,False,True,False
2023년 지역축제 개최 계획(취합).xlsx,세부현황,2023,전남,제7회 대한민국 마한문화제,문화예술,10월중,대면,,2023-10-01,2023-10-31,True,month_only_vague,False,False,True,False
2023년 지역축제 개최 계획(취합).xlsx,세부현황,2023,전남,제19회 영산포 홍어축제,특산물,4월중,대면,,2023-04-01,2023-04-30,True,month_only_vague,False,False,True,False
2023년 지역축제 개최 계획(취합).xlsx,세부현황,2023,전남,제3회 천년나주목읍성문화축제,문화예술,5월중,대면,,2023-05-01,2023-05-31,True,month_only_vague,False,False,True,False
2023년 지역축제 개최 계획(취합).xlsx,세부현황,2023,전남,광양매화축제,생태자연,3월중(9~10일),대면,,2023-03-01,2023-03-31,True,month_only_vague,False,False,True,False
2023년 지역축제 개최 계획(취합).xlsx,세부현황,2023,전남,광양동백축제,생태자연,3월중(3일),대면,,2023-03-01,2023-03-31,True,month_only_vague,False,False,True,False
2023년 지역축제 개최 계획(취합).xlsx,세부현황,2023,전남,백운산국사봉철쭉축제,생태자연,4월중(3일),대면,,2023-04-01,2023-04-30,True,month_only_vague,False,False,True,False
2023년 지역축제 개최 계획(취합).xlsx,세부현황,2023,전남,(가칭)광양2022 K-POP 슈퍼 페스티벌,문화예술,5월중(3일),혼합형,,2023-05-01,2023-05-31,True,month_only_vague,False,False,True,False
2023년 지역축제 개최 계획(취합).xlsx,세부현황,2023,전남,광양전어축제,특산물,8월중(3일),대면,,2023-08-01,2023-08-31,True,month_only_vague,False,False,True,False
2023년 지역축제 개최 계획(취합).xlsx,세부현황,2023,전남,광양전통숯불구이축제,특산물,10월중(3~4일),대면,,2023-10-01,2023-10-31,True,month_only_vague,False,False,True,False
2023년 지역축제 개최 계획(취합).xlsx,세부현황,2023,전남,2023 뱀부페스티벌,생태자연,5.3.~5.7(6일),대면,,2023-05-03,2023-05-03,False,exact_or_partial,False,False,True,False
2023년 지역축제 개최 계획(취합).xlsx,세부현황,2023,전남,용면 추월산 벚꽃축제,생태자연,4월초(2일),대면,,2023-04-01,2023-04-30,True,month_only_vague,False,False,True,False
2023년 지역축제 개최 계획(취합).xlsx,세부현황,2023,전남,한여름밤의 별빛달빛축제,문화예술,8월말(3일),대면,,2023-08-01,2023-08-31,True,month_only_vague,False,False,True,False
2023년 지역축제 개최 계획(취합).xlsx,세부현황,2023,전남,고서포도축제,특산물,8월중(3일),대면,,2023-08-01,2023-08-31,True,month_only_vague,False,False,True,False
2023년 지역축제 개최 계획(취합).xlsx,세부현황,2023,전남,담양산타축제,문화예술,12월중(10일),대면,,2023-12-01,2023-12-31,True,month_only_vague,False,False,True,False
2023년 지역축제 개최 계획(취합).xlsx,세부현황,2023,전남,제13회 곡성세계장미축제,생태자연,5.20.~5.29.,대면,,2023-05-20,2023-05-29,False,exact_or_partial,False,False,True,False
2023년 지역축제 개최 계획(취합).xlsx,세부현황,2023,전남,2023 곡성아이스크림페스티벌,주민화합,7.14.~7.16.,대면,,2023-07-14,2023-07-16,False,exact_or_partial,False,False,True,False
2023년 지역축제 개최 계획(취합).xlsx,세부현황,2023,전남,제23회 곡성심청어린이대축제,문화예술,10.6.~10.9.,대면,,2023-10-06,2023-10-09,False,exact_or_partial,False,False,True,False
2023년 지역축제 개최 계획(취합).xlsx,세부현황,2023,전남,제24회 구례산수유꽃축제,생태자연,3.11.~3.19.,대면,,2023-03-11,2023-03-19,False,exact_or_partial,False,False,True,False
2023년 지역축제 개최 계획(취합).xlsx,세부현황,2023,전남,구례300리 벚꽃축제,생태자연,3.31.~4.2.,대면,,2023-03-31,2023-04-02,False,exact_or_partial,False,False,True,False
2023년 지역축제 개최 계획(취합).xlsx,세부현황,2023,전남,제79회 지리산남악제 및 42회 군민의 날 행사,전통역사,4.20.~4.22.예정,대면,,2023-04-20,2023-04-22,False,exact_or_partial,False,False,True,False
2023년 지역축제 개최 계획(취합).xlsx,세부현황,2023,전남,구례자연드림 뮤직페스티벌,문화예술,8.19.~8.20.예정,대면,,2023-08-19,2023-08-20,False,exact_or_partial,False,False,True,False
2023년 지역축제 개최 계획(취합).xlsx,세부현황,2023,전남,화엄음악제,문화예술,10.6.~10.8.예정,대면,,2023-10-06,2023-10-08,False,exact_or_partial,False,False,True,False
2023년 지역축제 개최 계획(취합).xlsx,세부현황,2023,전남,2023 구례동편소리축제,문화예술,10.13.~10.15.예정,대면,,2023-10-13,2023-10-15,False,exact_or_partial,False,False,True,False
2023년 지역축제 개최 계획(취합).xlsx,세부현황,2023,전남,제47회 지리산피아골단풍 축제,생태자연,11.4.~11.5.예정,대면,,2023-11-04,2023-11-05,False,exact_or_partial,False,False,True,False
2023년 지역축제 개최 계획(취합).xlsx,세부현황,2023,전남,제13회 고흥우주항공축제,기타,04.21~04.23,대면,,2023-04-21,2023-04-23,False,exact_or_partial,False,False,True,False
2023년 지역축제 개최 계획(취합).xlsx,세부현황,2023,전남,제21회 녹동바다불꽃축제,기타,05.18~05.21,대면,,2023-05-18,2023-05-21,False,exact_or_partial,False,False,True,False
2023년 지역축제 개최 계획(취합).xlsx,세부현황,2023,전남,제3회 고흥 유자석류 축제,특산물,11.02~11.05,혼합형,,2023-11-02,2023-11-05,False,exact_or_partial,False,False,True,False
2023년 지역축제 개최 계획(취합).xlsx,세부현황,2023,전남,보성다향대축제,특산물,04.29.~05.07.,대면,,2023-04-29,2023-05-07,False,exact_or_partial,False,False,True,False
2023년 지역축제 개최 계획(취합).xlsx,세부현황,2023,전남,서편제보성소리축제,문화예술,04.29.~05.01.,대면,,2023-04-29,2023-05-01,False,exact_or_partial,False,False,True,False
2023년 지역축제 개최 계획(취합).xlsx,세부현황,2023,전남,율포해변 불꽃축제,기타(주민화합 등),5월중,대면,,2023-05-01,2023-05-31,True,month_only_vague,False,False,True,False
2023년 지역축제 개최 계획(취합).xlsx,세부현황,2023,전남,보성전어축제,특산물,8월중,대면,,2023-08-01,2023-08-31,True,month_only_vague,False,False,True,False
2023년 지역축제 개최 계획(취합).xlsx,세부현황,2023,전남,벌교꼬막&문학축제,특산물,11월중,대면,,2023-11-01,2023-11-30,True,month_only_vague,False,False,True,False
2023년 지역축제 개최 계획(취합).xlsx,세부현황,2023,전남,보성차밭빛축제,기타(주민화합 등),12월중,대면,,2023-12-01,2023-12-31,True,month_only_vague,False,False,True,False
2023년 지역축제 개최 계획(취합).xlsx,세부현황,2023,전남,봄꽃과 함께하는 화순 고인돌 축제,전통역사,04.21.~04.30.,대면,,2023-04-21,2023-04-30,False,exact_or_partial,False,False,True,False
2023년 지역축제 개최 계획(취합).xlsx,세부현황,2023,전남,화순 캠핑뮤직페스티벌,문화예술,7월중,대면,,2023-07-01,2023-07-31,True,month_only_vague,False,False,True,False
2023년 지역축제 개최 계획(취합).xlsx,세부현황,2023,전남,화순 고인돌과 함께하는 국화향연,생태자연,10~11월중,대면,,2023-11-01,2023-11-30,True,month_only_vague,False,False,True,False
2023년 지역축제 개최 계획(취합).xlsx,세부현황,2023,전남,화순 고인돌 별빛 소나타,문화예술,12월중,대면,,2023-12-01,2023-12-31,True,month_only_vague,False,False,True,False
2023년 지역축제 개최 계획(취합).xlsx,세부현황,2023,전남,동구리호수공원 봄축제,생태자연,4월중,대면,,2023-04-01,2023-04-30,True,month_only_vague,False,False,True,False
2023년 지역축제 개최 계획(취합).xlsx,세부현황,2023,전남,백아산 철쭉제,생태자연,5월중,대면,,2023-05-01,2023-05-31,True,month_only_vague,False,False,True,False
2023년 지역축제 개최 계획(취합).xlsx,세부현황,2023,전남,운주문화축제,문화예술,5월중,대면,,2023-05-01,2023-05-31,True,month_only_vague,False,False,True,False
2023년 지역축제 개최 계획(취합).xlsx,세부현황,2023,전남,적벽문화축제,생태자연,4~5월중,대면,,2023-05-01,2023-05-31,True,month_only_vague,False,False,True,False
2023년 지역축제 개최 계획(취합).xlsx,세부현황,2023,전남,2023 정남진장흥키조개축제,특산물,5월초,대면,,2023-05-01,2023-05-31,True,month_only_vague,False,False,True,False
2023년 지역축제 개최 계획(취합).xlsx,세부현황,2023,전남,제16회 정남진장흥물축제,생태자연,7.29.~8.6.,대면,,2023-07-29,2023-08-06,False,exact_or_partial,False,False,True,False
2023년 지역축제 개최 계획(취합).xlsx,세부현황,2023,전남,2023 회령포 문화축제,전통역사,10월중,대면,,2023-10-01,2023-10-31,True,month_only_vague,False,False,True,False
2023년 지역축제 개최 계획(취합).xlsx,세부현황,2023,전남,제12회 장평명품호두축제,특산물,10월중,대면,,2023-10-01,2023-10-31,True,month_only_vague,False,False,True,False
2023년 지역축제 개최 계획(취합).xlsx,세부현황,2023,전남,2023 장흥표고버섯축제,특산물,10월중,대면,,2023-10-01,2023-10-31,True,month_only_vague,False,False,True,False
2023년 지역축제 개최 계획(취합).xlsx,세부현황,2023,전남,제51회 강진청자축제,전통역사,02.23.~03.01.,대면,,2023-02-23,2023-03-01,False,exact_or_partial,False,False,True,False
2023년 지역축제 개최 계획(취합).xlsx,세부현황,2023,전남,강진 성전월출산 봄소풍가는날,생태자연,03.26.~03.28.,대면,,2023-03-26,2023-03-28,False,exact_or_partial,False,False,True,False
2023년 지역축제 개최 계획(취합).xlsx,세부현황,2023,전남,제6회 강진금곡사 벚꽃삼십리길축제,생태자연,03.31.~04.02.,대면,,2023-03-31,2023-04-02,False,exact_or_partial,False,False,True,False
2023년 지역축제 개최 계획(취합).xlsx,세부현황,2023,전남,제26회 전라병영성축제,전통역사,04.19.~04.24.,대면,,2023-04-19,2023-04-24,False,exact_or_partial,False,False,True,False
2023년 지역축제 개최 계획(취합).xlsx,세부현황,2023,전남,제13회 마량미항찰전어축제,특산물,09.28.~09.30.,대면,,2023-09-28,2023-09-30,False,exact_or_partial,False,False,True,False
2023년 지역축제 개최 계획(취합).xlsx,세부현황,2023,전남,제8회 강진만춤추는갈대축제,생태자연,10.07.~11.05.,대면,,2023-10-07,2023-11-05,False,exact_or_partial,False,False,True,False
2023년 지역축제 개최 계획(취합).xlsx,세부현황,2023,전남,땅끝매화축제,생태자연,3월중,대면,,2023-03-01,2023-03-31,True,month_only_vague,False,False,True,False
2023년 지역축제 개최 계획(취합).xlsx,세부현황,2023,전남,달마고도 힐링축제,생태자연,3월 중,대면,,2023-03-01,2023-03-31,True,month_only_vague,False,False,True,False
2023년 지역축제 개최 계획(취합).xlsx,세부현황,2023,전남,땅끝해남 어린이 공룡대축제,생태자연,5. 5. ~ 5. 7.,대면,,2023-05-05,2023-05-07,False,exact_or_partial,False,False,True,False
2023년 지역축제 개최 계획(취합).xlsx,세부현황,2023,전남,송호해변 여름축제,생태자연,7월~8월중,대면,,2023-07-01,2023-08-31,True,month_range_vague,False,False,True,False
2023년 지역축제 개최 계획(취합).xlsx,세부현황,2023,전남,오시아노 뮤직페스티벌,문화예술,8월중,대면,,2023-08-01,2023-08-31,True,month_only_vague,False,False,True,False
2023년 지역축제 개최 계획(취합).xlsx,세부현황,2023,전남,해남미남축제,특산물,10월말~11월초,대면,,2023-10-01,2023-11-30,True,month_range_vague,False,False,True,False
2023년 지역축제 개최 계획(취합).xlsx,세부현황,2023,전남,땅끝해넘이해맞이축제,생태자연,12.31.~'23.1.1.,대면,,2023-12-31,2023-12-31,False,exact_or_partial,False,False,True,False
2023년 지역축제 개최 계획(취합).xlsx,세부현황,2023,전남,영암왕인문화축제,문화예술,04.06.~04.09.,대면,,2023-04-06,2023-04-09,False,exact_or_partial,False,False,True,False
2023년 지역축제 개최 계획(취합).xlsx,세부현황,2023,전남,월출산국화축제,생태자연,10월~11월,대면,,2023-10-01,2023-11-30,True,month_range_vague,False,False,True,False
2023년 지역축제 개최 계획(취합).xlsx,세부현황,2023,전남,마한축제,전통역사,10월중,대면,,2023-10-01,2023-10-31,True,month_only_vague,False,False,True,False
2023년 지역축제 개최 계획(취합).xlsx,세부현황,2023,전남,영암무화과축제,특산물,9월중,미정,,2023-09-01,2023-09-30,True,month_only_vague,False,False,True,False
2023년 지역축제 개최 계획(취합).xlsx,세부현황,2023,전남,2023 무안겨울숭어축제,특산물,2023.1.14.~1.15.,대면,,2023-01-14,2023-01-15,False,exact_or_partial,False,False,True,False
2023년 지역축제 개최 계획(취합).xlsx,세부현황,2023,전남,제9회 황토갯벌축제,생태자연,2023.6.9.~6.11.,대면,,2023-06-09,2023-06-11,False,exact_or_partial,False,False,True,False
2023년 지역축제 개최 계획(취합).xlsx,세부현황,2023,전남,제26회 무안연꽃축제,생태자연,2023.7.20.~7.23.,대면,,2023-07-20,2023-07-23,False,exact_or_partial,False,False,True,False
2023년 지역축제 개최 계획(취합).xlsx,세부현황,2023,전남,제3회 무안YD 페스티벌,문화예술,2023.10.6.~10.8.,대면,,2023-10-06,2023-10-08,False,exact_or_partial,False,False,True,False
2023년 지역축제 개최 계획(취합).xlsx,세부현황,2023,전남,제25회 함평나비대축제,생태자연,4. 27. ~ 5. 7.,혼합형,,2023-04-27,2023-05-07,False,exact_or_partial,False,False,True,False
2023년 지역축제 개최 계획(취합).xlsx,세부현황,2023,전남,2023 대한민국 국향대전,생태자연,10. 20. ~ 11. 5.,혼합형,,2023-10-20,2023-11-05,False,exact_or_partial,False,False,True,False
2023년 지역축제 개최 계획(취합).xlsx,세부현황,2023,전남,2023 꽃무릇 큰잔치,생태자연,9월중,대면,,2023-09-01,2023-09-30,True,month_only_vague,False,False,True,False
2023년 지역축제 개최 계획(취합).xlsx,세부현황,2023,전남,2023 대한민국 난명품대제전,특산물,3. 25. ~ 3. 26.,대면,,2023-03-25,2023-03-26,False,exact_or_partial,False,False,True,False
2023년 지역축제 개최 계획(취합).xlsx,세부현황,2023,전남,제9회 영광찰보리문화축제,생태자연,5.5.~5.6.,혼합형,,2023-05-05,2023-05-06,False,exact_or_partial,False,False,True,False
2023년 지역축제 개최 계획(취합).xlsx,세부현황,2023,전남,2023 영광법성포단오제,문화예술,6.22.~6.25.,혼합형,,2023-06-22,2023-06-25,False,exact_or_partial,False,False,True,False
2023년 지역축제 개최 계획(취합).xlsx,세부현황,2023,전남,제23회 영광불갑산상사화축제,생태자연,9.16.~9.25.,혼합형,,2023-09-16,2023-09-25,False,exact_or_partial,False,False,True,False
2023년 지역축제 개최 계획(취합).xlsx,세부현황,2023,전남,제22회 황룡강 (洪)길동무 꽃길 축제,생태자연,05.19~05.21.,대면,,2023-05-19,2023-05-21,False,exact_or_partial,False,False,True,False
2023년 지역축제 개최 계획(취합).xlsx,세부현황,2023,전남,제1회 어울림 음악회,기타,7월 중,대면,,2023-07-01,2023-07-31,True,month_only_vague,False,False,True,False
2023년 지역축제 개최 계획(취합).xlsx,세부현황,2023,전남,제14회 축령산 편백산소축제,생태자연,7~10월 중,대면,,2023-10-01,2023-10-31,True,month_only_vague,False,False,True,False
2023년 지역축제 개최 계획(취합).xlsx,세부현황,2023,전남,제8회 황룡강 가을꽃축제,생태자연,10.07.~10.15.,대면,,2023-10-07,2023-10-15,False,exact_or_partial,False,False,True,False
2023년 지역축제 개최 계획(취합).xlsx,세부현황,2023,전남,제24회 백양단풍축제,생태자연,"4월, 11월 중",대면,,2023-04-01,2023-11-30,True,month_range_vague,False,False,True,False
2023년 지역축제 개최 계획(취합).xlsx,세부현황,2023,전남,2023 청산도슬로걷기축제,생태자연,4. 8. ~ 5. 7.,대면,,2023-04-08,2023-05-07,False,exact_or_partial,False,False,True,False
2023년 지역축제 개최 계획(취합).xlsx,세부현황,2023,전남,2023 완도장보고수산물축제,전통역사,5. 4. ~ 5. 7.,대면,,2023-05-04,2023-05-07,False,exact_or_partial,False,False,True,False
2023년 지역축제 개최 계획(취합).xlsx,세부현황,2023,전남,2023 청정완도 가을섬여행,문화예술,10월중,대면,,2023-10-01,2023-10-31,True,month_only_vague,False,False,True,False
2023년 지역축제 개최 계획(취합).xlsx,세부현황,2023,전남,제43회 진도신비의바닷길축제,생태자연,4.20.~4.22.,대면,,2023-04-20,2023-04-22,False,exact_or_partial,False,False,True,False
2023년 지역축제 개최 계획(취합).xlsx,세부현황,2023,전남,제9회 진도개페스티벌,특산물,5.5.~5.7.,대면,,2023-05-05,2023-05-07,False,exact_or_partial,False,False,True,False
2023년 지역축제 개최 계획(취합).xlsx,세부현황,2023,전남,진도문화예술제,문화예술,"10월~11월중
(16일간)",대면,,2023-10-01,2023-11-30,True,month_range_vague,False,False,True,False
2023년 지역축제 개최 계획(취합).xlsx,세부현황,2023,전남,2023년 섬 튤립축제,생태자연,4월중 (10일),혼합형,,2023-04-01,2023-04-30,True,month_only_vague,False,False,True,False
2023년 지역축제 개최 계획(취합).xlsx,세부현황,2023,전남,2023년 섬 겨울꽃 축제,생태자연,12.1. ~ 24.1.,혼합형,,2023-12-01,2023-12-01,False,exact_or_partial,False,False,True,False
2023년 지역축제 개최 계획(취합).xlsx,세부현황,2023,전남,2023 섬 수국 축제,생태자연,6월중,혼합형,,2023-06-01,2023-06-30,True,month_only_vague,False,False,True,False
2023년 지역축제 개최 계획(취합).xlsx,세부현황,2023,경북,호미곶한민족해맞이축전,"생태자연, 문화예술",2023.12.31.~2024.1.1.,대면,,2023-12-31,2024-01-01,False,exact_or_partial,False,False,True,False
2023년 지역축제 개최 계획(취합).xlsx,세부현황,2023,경북,포항국제불빛축제,"문화예술, 주민화합",2023. 5.,혼합형,,2023-05-01,2023-05-31,True,month_detected_vague,False,False,True,False
2023년 지역축제 개최 계획(취합).xlsx,세부현황,2023,경북,포항해병대문화축제,"문화예술, 주민화합",2023. 4.,대면,,2023-04-01,2023-04-30,True,month_detected_vague,False,False,True,False
2023년 지역축제 개최 계획(취합).xlsx,세부현황,2023,경북,포항운하축제,"문화예술, 주민화합",2023. 9.,대면,,2023-09-01,2023-09-30,True,month_detected_vague,False,False,True,False
2023년 지역축제 개최 계획(취합).xlsx,세부현황,2023,경북,포항철길숲야행축제,"문화예술, 주민화합",2023. 8.,대면,,2023-08-01,2023-08-31,True,month_detected_vague,False,False,True,False
2023년 지역축제 개최 계획(취합).xlsx,세부현황,2023,경북,포항 구룡포 대게 축제,수산물 축제,2023. 3.,대면,,2023-03-01,2023-03-31,True,month_detected_vague,False,False,True,False
2023년 지역축제 개최 계획(취합).xlsx,세부현황,2023,경북,포항 호미곶 돌문어 축제,수산물 축제,2023. 4.,대면,,2023-04-01,2023-04-30,True,month_detected_vague,False,False,True,False
2023년 지역축제 개최 계획(취합).xlsx,세부현황,2023,경북,포항 영일만 검은돌장어 축제,수산물 축제,2023. 7.,대면,,2023-07-01,2023-07-31,True,month_detected_vague,False,False,True,False
2023년 지역축제 개최 계획(취합).xlsx,세부현황,2023,경북,포항 수산물 FESTIVAL,수산물 축제,2023. 9.,대면,,2023-09-01,2023-09-30,True,month_detected_vague,False,False,True,False
2023년 지역축제 개최 계획(취합).xlsx,세부현황,2023,경북,포항 구룡포 과메기 축제,수산물 축제,2023. 11.,대면,,2023-11-01,2023-11-30,True,month_detected_vague,False,False,True,False
2023년 지역축제 개최 계획(취합).xlsx,세부현황,2023,경북,포항 구룡포 과메기&겨울바다 축제,수산물 축제,2023.12.31.~2024.1.1.,대면,,2023-12-31,2024-01-01,False,exact_or_partial,False,False,True,False
2023년 지역축제 개최 계획(취합).xlsx,세부현황,2023,경북,부조장터문화축제,"전통역사, 주민화합",2023. 10.,대면,,2023-10-01,2023-10-31,True,month_detected_vague,False,False,True,False
2023년 지역축제 개최 계획(취합).xlsx,세부현황,2023,경북,장기산딸기문화축제,특산물 축제,2023. 5.,대면,,2023-05-01,2023-05-31,True,month_detected_vague,False,False,True,False
2023년 지역축제 개최 계획(취합).xlsx,세부현황,2023,경북,"흥해 황금들녁 
허수아비 문화축제","문화예술, 주민화합",10월중,대면,,2023-10-01,2023-10-31,True,month_only_vague,False,False,True,False
2023년 지역축제 개최 계획(취합).xlsx,세부현황,2023,경북,제2회 흥해9경문화축제,문화예술,9월중,혼합형,,2023-09-01,2023-09-30,True,month_only_vague,False,False,True,False
2023년 지역축제 개최 계획(취합).xlsx,세부현황,2023,경북,경주벚꽃축제,관광,3~4월중,혼합형,,2023-04-01,2023-04-30,True,month_only_vague,False,False,True,False
2023년 지역축제 개최 계획(취합).xlsx,세부현황,2023,경북,김천자두축제,농특산물,6월중(5일),혼합형,,2023-06-01,2023-06-30,True,month_only_vague,False,False,True,False
2023년 지역축제 개최 계획(취합).xlsx,세부현황,2023,경북,김천포도축제,농특산물,10월중(3일),혼합형,,2023-10-01,2023-10-31,True,month_only_vague,False,False,True,False
2023년 지역축제 개최 계획(취합).xlsx,세부현황,2023,경북,제 12회 농촌체험페스티벌,문화예술,10월중(미정),대면,,2023-10-01,2023-10-31,True,month_only_vague,False,False,True,False
2023년 지역축제 개최 계획(취합).xlsx,세부현황,2023,경북,김천시민주간(김천시민의 날 행사),기타(시민화합),10.02.~10.15.,대면,,2023-10-02,2023-10-15,False,exact_or_partial,False,False,True,False
2023년 지역축제 개최 계획(취합).xlsx,세부현황,2023,경북,안동 암산 얼음축제,생태자연,1.28.~2.5.,대면,,2023-01-28,2023-02-05,False,exact_or_partial,False,False,True,False
2023년 지역축제 개최 계획(취합).xlsx,세부현황,2023,경북,안동 민속축제,전통역사,5.4.~5.8.,대면,,2023-05-04,2023-05-08,False,exact_or_partial,False,False,True,False
2023년 지역축제 개최 계획(취합).xlsx,세부현황,2023,경북,안동 벚꽃축제,생태자연,4월 초,대면,,2023-04-01,2023-04-30,True,month_only_vague,False,False,True,False
2023년 지역축제 개최 계획(취합).xlsx,세부현황,2023,경북,안동 썸머페스티벌,주민화합,7월~8월 중,대면,,2023-07-01,2023-08-31,True,month_range_vague,False,False,True,False
2023년 지역축제 개최 계획(취합).xlsx,세부현황,2023,경북,2023 문화재 야행(월영야행),전통역사,7.28.~8..6.,대면,,2023-07-28,2023-08-06,False,exact_or_partial,False,False,True,False
2023년 지역축제 개최 계획(취합).xlsx,세부현황,2023,경북,안동국제탈춤페스티벌,문화예술,9월~10월 중,대면,,2023-09-01,2023-10-31,True,month_range_vague,False,False,True,False
2023년 지역축제 개최 계획(취합).xlsx,세부현황,2023,경북,안동눈빛축제,주민화합,12월 중,대면,,2023-12-01,2023-12-31,True,month_only_vague,False,False,True,False
2023년 지역축제 개최 계획(취합).xlsx,세부현황,2023,경북,"2023 청춘, 금오천 2.4km",문화예술,4월중,대면,,2023-04-01,2023-04-30,True,month_only_vague,False,False,True,False
2023년 지역축제 개최 계획(취합).xlsx,세부현황,2023,경북,구미라면축제,"문화예술
기타(주민화합)",10월중,대면,,2023-10-01,2023-10-31,True,month_only_vague,False,False,True,False
2023년 지역축제 개최 계획(취합).xlsx,세부현황,2023,경북,2023 제2회 구미푸드 페스티벌,기타(주민화합),10.27.~10.28.,대면,,2023-10-27,2023-10-28,False,exact_or_partial,False,False,True,False
2023년 지역축제 개최 계획(취합).xlsx,세부현황,2023,경북,한국선비문화축제,문화예술,05.05~05.07.,대면,,2023-05-05,2023-05-07,False,exact_or_partial,False,False,True,False
2023년 지역축제 개최 계획(취합).xlsx,세부현황,2023,경북,소백산철쭉제,생태자연,05.27~05.28.,대면,,2023-05-27,2023-05-28,False,exact_or_partial,False,False,True,False
2023년 지역축제 개최 계획(취합).xlsx,세부현황,2023,경북,무섬외나무다리축제,전통역사,10.07.~10.08.,대면,,2023-10-07,2023-10-08,False,exact_or_partial,False,False,True,False
2023년 지역축제 개최 계획(취합).xlsx,세부현황,2023,경북,영주풍기인삼축제,특산물,10월 중,대면,,2023-10-01,2023-10-31,True,month_only_vague,False,False,True,False
2023년 지역축제 개최 계획(취합).xlsx,세부현황,2023,경북,영주사과축제,특산물,10월 중,대면,,2023-10-01,2023-10-31,True,month_only_vague,False,False,True,False
2023년 지역축제 개최 계획(취합).xlsx,세부현황,2023,경북,여름축제(가제),주민화합,7~8월 중,대면,,2023-08-01,2023-08-31,True,month_only_vague,False,False,True,False
2023년 지역축제 개최 계획(취합).xlsx,세부현황,2023,경북,제20회 영천보현사별빛축제,천문과학,10월 중[3일간],대면+온라인,,2023-10-01,2023-10-31,True,month_only_vague,False,False,True,False
2023년 지역축제 개최 계획(취합).xlsx,세부현황,2023,경북,제22회 영천과일축제,특산물,9월중 예정,대면,,2023-09-01,2023-09-30,True,month_only_vague,False,False,True,False
2023년 지역축제 개최 계획(취합).xlsx,세부현황,2023,경북,제21회 영천한약축제,특산물,9월~10월 중(미정),대면,,2023-09-01,2023-10-31,True,month_range_vague,False,False,True,False
2023년 지역축제 개최 계획(취합).xlsx,세부현황,2023,경북,제11회 영천와인페스타,특산물,9월~10월 중(미정),대면,,2023-09-01,2023-10-31,True,month_range_vague,False,False,True,False
2023년 지역축제 개최 계획(취합).xlsx,세부현황,2023,경북,제49회 영천문화예술제,문화예술,10월 중[3일간],대면,,2023-10-01,2023-10-31,True,month_only_vague,False,False,True,False
2023년 지역축제 개최 계획(취합).xlsx,세부현황,2023,경북,2023 상주 소울푸드 페스티벌,문화관광,10월 중,대면,,2023-10-01,2023-10-31,True,month_only_vague,False,False,True,False
2023년 지역축제 개최 계획(취합).xlsx,세부현황,2023,경북,2023 상주곶감축제,특산물,12월 중,대면,,2023-12-01,2023-12-31,True,month_only_vague,False,False,True,False
2023년 지역축제 개최 계획(취합).xlsx,세부현황,2023,경북,상주 전국한우축제,특산물,10월 중,대면,,2023-10-01,2023-10-31,True,month_only_vague,False,False,True,False
2023년 지역축제 개최 계획(취합).xlsx,세부현황,2023,경북,제4회 상주 청보리 축제,"문화예술, 생태자연",5.4.~5.5.,대면,,2023-05-04,2023-05-05,False,exact_or_partial,False,False,True,False
2023년 지역축제 개최 계획(취합).xlsx,세부현황,2023,경북,문경찻사발축제,문화예술,4.29~5.8.,대면,,2023-04-29,2023-05-08,False,exact_or_partial,False,False,True,False
2023년 지역축제 개최 계획(취합).xlsx,세부현황,2023,경북,문경사과축제,특산물,10월 중,대면,,2023-10-01,2023-10-31,True,month_only_vague,False,False,True,False
2023년 지역축제 개최 계획(취합).xlsx,세부현황,2023,경북,문경오미자축제,특산물,9월 중,대면,,2023-09-01,2023-09-30,True,month_only_vague,False,False,True,False
2023년 지역축제 개최 계획(취합).xlsx,세부현황,2023,경북,문경약돌한우축제,특산물,10월 중,대면,,2023-10-01,2023-10-31,True,month_only_vague,False,False,True,False
2023년 지역축제 개최 계획(취합).xlsx,세부현황,2023,경북,경산자인단오제,"문화예술,전통역사",6.22.~6.24.,대면,,2023-06-22,2023-06-24,False,exact_or_partial,False,False,True,False
2023년 지역축제 개최 계획(취합).xlsx,세부현황,2023,경북,경산갓바위소원성취축제,"문화예술,전통역사",9~10월중(2일간),대면,,2023-10-01,2023-10-31,True,month_only_vague,False,False,True,False
2023년 지역축제 개최 계획(취합).xlsx,세부현황,2023,경북,제12회 경산대추축제(가칭),특산물,10.14.~10.15.(미정),대면,,2023-10-14,2023-10-15,False,exact_or_partial,False,False,True,False
2023년 지역축제 개최 계획(취합).xlsx,세부현황,2023,경북,제2회 한여름밤 문화행사,문화예술,8.12.~10.4.,대면,,2023-08-12,2023-10-04,False,exact_or_partial,False,False,True,False
2023년 지역축제 개최 계획(취합).xlsx,세부현황,2023,경북,군위장군단오제,문화예술,6.3,미정,,2023-06-03,2023-06-03,False,exact_or_partial,False,False,True,False
2023년 지역축제 개최 계획(취합).xlsx,세부현황,2023,경북,러브하트 페스티벌,주민화합,4~5월,미정,,2023-05-01,2023-05-31,True,month_only_vague,False,False,True,False
2023년 지역축제 개최 계획(취합).xlsx,세부현황,2023,경북,제6회 의성슈퍼푸드마늘축제,특산물,10월 중 3일 (변경 가능),대면,,2023-10-01,2023-10-31,True,month_only_vague,False,False,True,False
2023년 지역축제 개최 계획(취합).xlsx,세부현황,2023,경북,제1회 남대천 벚꽃축제,생태자연,4월 중 3일,대면,,2023-04-01,2023-04-30,True,month_only_vague,False,False,True,False
2023년 지역축제 개최 계획(취합).xlsx,세부현황,2023,경북,산수유마을꽃맞이행사,생태자연,3월 중 9일,대면,,2023-03-01,2023-03-31,True,month_only_vague,False,False,True,False
2023년 지역축제 개최 계획(취합).xlsx,세부현황,2023,경북,제17회 청송사과축제,특산물,11.01.~11.05.,대면+온라인,,2023-11-01,2023-11-05,False,exact_or_partial,False,False,True,False
2023년 지역축제 개최 계획(취합).xlsx,세부현황,2023,경북,제18회 영양산나물축제,특산물,05.11.~05.14.,대면,,2023-05-11,2023-05-14,False,exact_or_partial,False,False,True,False
2023년 지역축제 개최 계획(취합).xlsx,세부현황,2023,경북,영양고추 H.O.T Festival,특산물,09.10.~09.12.,대면,,2023-09-10,2023-09-12,False,exact_or_partial,False,False,True,False
2023년 지역축제 개최 계획(취합).xlsx,세부현황,2023,경북,캠핑과 함께하는 별빛 반딧불이 체럼,생태자연,08.25.~08.26.,대면,,2023-08-25,2023-08-26,False,exact_or_partial,False,False,True,False
2023년 지역축제 개최 계획(취합).xlsx,세부현황,2023,경북,수비면 능이축제,특산물,10.07.~10.08.,대면,,2023-10-07,2023-10-08,False,exact_or_partial,False,False,True,False
2023년 지역축제 개최 계획(취합).xlsx,세부현황,2023,경북,제26회 영덕대게축제,특산물,02.24.~02.26.,대면,,2023-02-24,2023-02-26,False,exact_or_partial,False,False,True,False
2023년 지역축제 개최 계획(취합).xlsx,세부현황,2023,경북,2023 축산 스트릿 씨푸드파티,특산물,02.24.~02.26.,대면,,2023-02-24,2023-02-26,False,exact_or_partial,False,False,True,False
2023년 지역축제 개최 계획(취합).xlsx,세부현황,2023,경북,영덕황금은어축제,특산물,07.29.~08.01.(예정),대면,,2023-07-29,2023-08-01,False,exact_or_partial,False,False,True,False
2023년 지역축제 개최 계획(취합).xlsx,세부현황,2023,경북,경북대종타종식 및 해맞이행사,문화예술,12.31.~01.01.,대면,,2023-12-31,2023-12-31,False,exact_or_partial,False,False,True,False
2023년 지역축제 개최 계획(취합).xlsx,세부현황,2023,경북,청도소싸움축제,전통역사,4.14.~4.16.,대면,,2023-04-14,2023-04-16,False,exact_or_partial,False,False,True,False
2023년 지역축제 개최 계획(취합).xlsx,세부현황,2023,경북,청도반시축제,특산물,10월,대면,,2023-10-01,2023-10-31,True,month_only_vague,False,False,True,False
2023년 지역축제 개최 계획(취합).xlsx,세부현황,2023,경북,청도세계코미디아트페스티벌,문화예술,10월,대면,,2023-10-01,2023-10-31,True,month_only_vague,False,False,True,False
2023년 지역축제 개최 계획(취합).xlsx,세부현황,2023,경북,2023 고령 대가야축제,전통역사,03.31~04.01,혼합형,,2023-03-31,2023-04-01,False,exact_or_partial,False,False,True,False
2023년 지역축제 개최 계획(취합).xlsx,세부현황,2023,경북,2023성주생명문화&참외축제,문화예술,23.5.18.~21,대면,,2023-05-18,2023-05-21,False,exact_or_partial,False,False,True,False
2023년 지역축제 개최 계획(취합).xlsx,세부현황,2023,경북,2023성주가야산황금들녘메뚜기축제,생태자원,23.10월중,대면,,2023-10-01,2023-10-31,True,month_detected_vague,False,False,True,False
2023년 지역축제 개최 계획(취합).xlsx,세부현황,2023,경북,제10회 낙동강세계평화 문화 대축전,문화예술,10월 중 3일간,대면,,2023-10-01,2023-10-31,True,month_only_vague,False,False,True,False
2023년 지역축제 개최 계획(취합).xlsx,세부현황,2023,경북,2023 예천세계활축제,문화예술,10.7.~10.9.(예정),대면,,2023-10-07,2023-10-09,False,exact_or_partial,False,False,True,False
2023년 지역축제 개최 계획(취합).xlsx,세부현황,2023,경북,2023 삼강주막 나루터축제,생태자연,9월중(추석예정),대면,,2023-09-01,2023-09-30,True,month_only_vague,False,False,True,False
2023년 지역축제 개최 계획(취합).xlsx,세부현황,2023,경북,용궁순대축제,특산물,9월중,대면,,2023-09-01,2023-09-30,True,month_only_vague,False,False,True,False
2023년 지역축제 개최 계획(취합).xlsx,세부현황,2023,경북,예천장터 농산물대축제,특산물,11월중,대면,,2023-11-01,2023-11-30,True,month_only_vague,False,False,True,False
2023년 지역축제 개최 계획(취합).xlsx,세부현황,2023,경북,제25회 봉화은어축제,특산물,7월~8월중,대면,,2023-07-01,2023-08-31,True,month_range_vague,False,False,True,False
2023년 지역축제 개최 계획(취합).xlsx,세부현황,2023,경북,제27회 봉화송이축제,특산물,9월~10월중,대면,,2023-09-01,2023-10-31,True,month_range_vague,False,False,True,False
2023년 지역축제 개최 계획(취합).xlsx,세부현황,2023,경북,분천 한여름·겨울 산타마을,기타(관광자원),12월~2월중,대면,,2023-12-01,2023-02-28,True,month_range_vague,False,False,True,False
2023년 지역축제 개최 계획(취합).xlsx,세부현황,2023,경북,울진대게와 붉은대게 축제,특산물,2.23~2.26,대면,,2023-02-23,2023-02-26,False,exact_or_partial,False,False,True,False
2023년 지역축제 개최 계획(취합).xlsx,세부현황,2023,경북,죽변항 수산물 축제,특산물,12월중,대면,,2023-12-01,2023-12-31,True,month_only_vague,False,False,True,False
2023년 지역축제 개최 계획(취합).xlsx,세부현황,2023,경북,제21회 울릉도 오징어 축제,특산물,8월 중,대면,,2023-08-01,2023-08-31,True,month_only_vague,False,False,True,False
2023년 지역축제 개최 계획(취합).xlsx,세부현황,2023,경북,2023년 울릉도 눈축제,생태자연,02.03.~02.05.,대면,,2023-02-03,2023-02-05,False,exact_or_partial,False,False,True,False
2023년 지역축제 개최 계획(취합).xlsx,세부현황,2023,경남,기업사랑 시민축제,기타(주민화합 등),5월 중,혼합형,,2023-05-01,2023-05-31,True,month_only_vague,False,False,True,False
2023년 지역축제 개최 계획(취합).xlsx,세부현황,2023,경남,마산어시장 축제,특산물,9~10월 중,대면,,2023-10-01,2023-10-31,True,month_only_vague,False,False,True,False
2023년 지역축제 개최 계획(취합).xlsx,세부현황,2023,경남,이주민 문화다양성 축제(MAMF),기타(주민화합 등),10.20~10.22,대면,,2023-10-20,2023-10-22,False,exact_or_partial,False,False,True,False
2023년 지역축제 개최 계획(취합).xlsx,세부현황,2023,경남,전통시장 맥주축제,기타(주민화합 등),10월 중,대면,,2023-10-01,2023-10-31,True,month_only_vague,False,False,True,True
2023년 지역축제 개최 계획(취합).xlsx,세부현황,2023,경남,진해중앙시장 축제,기타(주민화합 등),10월 중,대면,,2023-10-01,2023-10-31,True,month_only_vague,False,False,True,False
2023년 지역축제 개최 계획(취합).xlsx,세부현황,2023,경남,눈 내리는 창동 거리 축제,기타(주민화합 등),10~12월 중,대면,,2023-12-01,2023-12-31,True,month_only_vague,False,False,True,False
2023년 지역축제 개최 계획(취합).xlsx,세부현황,2023,경남,충무지구 근대군항 문화페스타,전통역사,10월 중,대면,,2023-10-01,2023-10-31,True,month_only_vague,False,False,True,False
2023년 지역축제 개최 계획(취합).xlsx,세부현황,2023,경남,천주산 진달래축제,생태자연,3~4월 중,대면,,2023-04-01,2023-04-30,True,month_only_vague,False,False,True,False
2023년 지역축제 개최 계획(취합).xlsx,세부현황,2023,경남,진동불꽃낙화축제,기타(주민화합 등),4.14~4.16,대면,,2023-04-14,2023-04-16,False,exact_or_partial,False,False,True,False
2023년 지역축제 개최 계획(취합).xlsx,세부현황,2023,경남,"진해군항제
(군악의장페스티벌, 승전행차 포함)",생태자연,3.25~4.3,대면,,2023-03-25,2023-04-03,False,exact_or_partial,False,False,True,False
2023년 지역축제 개최 계획(취합).xlsx,세부현황,2023,경남,마산국화축제,생태자연,10~11월 중,대면,,2023-11-01,2023-11-30,True,month_only_vague,False,False,True,False
2023년 지역축제 개최 계획(취합).xlsx,세부현황,2023,경남,마금산온천축제,특산물,10월 중,대면,,2023-10-01,2023-10-31,True,month_only_vague,False,False,True,False
2023년 지역축제 개최 계획(취합).xlsx,세부현황,2023,경남,창원진동미더덕축제,특산물,4월 중,대면,,2023-04-01,2023-04-30,True,month_only_vague,False,False,True,False
2023년 지역축제 개최 계획(취합).xlsx,세부현황,2023,경남,진해만싱싱수산물축제,특산물,9~10월 중,대면,,2023-10-01,2023-10-31,True,month_only_vague,False,False,True,False
2023년 지역축제 개최 계획(취합).xlsx,세부현황,2023,경남,창원홍하비축제,특산물,11월 중,대면,,2023-11-01,2023-11-30,True,month_only_vague,False,False,True,False
2023년 지역축제 개최 계획(취합).xlsx,세부현황,2023,경남,창원단감축제,특산물,10월 중,대면,,2023-10-01,2023-10-31,True,month_only_vague,False,False,True,False
2023년 지역축제 개최 계획(취합).xlsx,세부현황,2023,경남,동읍 무점마을 코스모스축제,생태자연,9~10월 중,대면,,2023-10-01,2023-10-31,True,month_only_vague,False,False,True,False
2023년 지역축제 개최 계획(취합).xlsx,세부현황,2023,경남,소계동 산 벚꽃 축제,생태자연,3~4월 중,대면,,2023-04-01,2023-04-30,True,month_only_vague,False,False,True,False
2023년 지역축제 개최 계획(취합).xlsx,세부현황,2023,경남,제9회 산호공원 꽃무릇축제,생태자연,9월 중,대면,,2023-09-01,2023-09-30,True,month_only_vague,False,False,True,False
2023년 지역축제 개최 계획(취합).xlsx,세부현황,2023,경남,제22회 진주논개제,전통역사,5월 중,대면,,2023-05-01,2023-05-31,True,month_only_vague,False,False,True,False
2023년 지역축제 개최 계획(취합).xlsx,세부현황,2023,경남,2023 진주남강유등축제,전통역사,10월 중,대면,,2023-10-01,2023-10-31,True,month_only_vague,False,False,True,False
2023년 지역축제 개최 계획(취합).xlsx,세부현황,2023,경남,제72회 개천예술제,전통역사,10월 중,대면,,2023-10-01,2023-10-31,True,month_only_vague,False,False,True,False
2023년 지역축제 개최 계획(취합).xlsx,세부현황,2023,경남,2023 코리아드라마페스티벌,문화예술,10월 중,대면,,2023-10-01,2023-10-31,True,month_only_vague,False,False,True,False
2023년 지역축제 개최 계획(취합).xlsx,세부현황,2023,경남,진주 M2(뮤직&미디어)페스티벌,문화예술,8월 초,대면,,2023-08-01,2023-08-31,True,month_only_vague,False,False,True,False
2023년 지역축제 개최 계획(취합).xlsx,세부현황,2023,경남,제62회 통영한산대첩축제,문화예술,8월 중,대면,,2023-08-01,2023-08-31,True,month_only_vague,False,False,True,False
2023년 지역축제 개최 계획(취합).xlsx,세부현황,2023,경남,제7회 광도빛길 수국축제,생태자연,6월 중,대면,,2023-06-01,2023-06-30,True,month_only_vague,False,False,True,False
2023년 지역축제 개최 계획(취합).xlsx,세부현황,2023,경남,제18회 봉숫골 꽃나들이 축제,문화예술,4월 중,대면,,2023-04-01,2023-04-30,True,month_only_vague,False,False,True,False
2023년 지역축제 개최 계획(취합).xlsx,세부현황,2023,경남,"전통사찰과 함께하는 차 
문화체험 행사","문화예술
전통역사
기타(주민화합 등)",05.04.~06.03.,대면,,2023-05-04,2023-06-03,False,exact_or_partial,False,False,True,False
2023년 지역축제 개최 계획(취합).xlsx,세부현황,2023,경남,제15회 밝은땅 다솔축제,문화예술,5월 중,대면,,2023-05-01,2023-05-31,True,month_only_vague,False,False,True,False
2023년 지역축제 개최 계획(취합).xlsx,세부현황,2023,경남,제25회 사천와룡문화제,문화예술,04.28.~04.30.,대면,,2023-04-28,2023-04-30,False,exact_or_partial,False,False,True,False
2023년 지역축제 개최 계획(취합).xlsx,세부현황,2023,경남,제1회 사천읍성 꽃무릇축제 (가칭),문화예술,9~10월 중,대면,,2023-10-01,2023-10-31,True,month_only_vague,False,False,True,False
2023년 지역축제 개최 계획(취합).xlsx,세부현황,2023,경남,제6회 곤양비봉내축제,"전통역사
기타(주민화합)",10월 중,대면,,2023-10-01,2023-10-31,True,month_only_vague,False,False,True,False
2023년 지역축제 개최 계획(취합).xlsx,세부현황,2023,경남,제15회 사천시농업한마당축제,특산물,10.27.~10.29.,대면,,2023-10-27,2023-10-29,False,exact_or_partial,False,False,True,False
2023년 지역축제 개최 계획(취합).xlsx,세부현황,2023,경남,제8회 사천시 비토별주부전축제,"문화예술
기타(주민화합 등)",4월 중,대면,,2023-04-01,2023-04-30,True,month_only_vague,False,False,True,False
2023년 지역축제 개최 계획(취합).xlsx,세부현황,2023,경남,제4회 선진리성벚꽃축제,문화예술,03.25~04.02.,대면,,2023-03-25,2023-04-02,False,exact_or_partial,False,False,True,False
2023년 지역축제 개최 계획(취합).xlsx,세부현황,2023,경남,"2023 사천우주항공축제
(가칭)
<문화체육과 주관 
대한민국 NASA 사천 
페스티벌 연계 추진>",기타(주민화합 등),10월 중,대면,,2023-10-01,2023-10-31,True,month_only_vague,False,False,True,False
2023년 지역축제 개최 계획(취합).xlsx,세부현황,2023,경남,제13회 사천시 주민복지 박람회,기타(주민화합 등),6.9.~6.10.,대면,,2023-06-09,2023-06-10,False,exact_or_partial,False,False,True,False
2023년 지역축제 개최 계획(취합).xlsx,세부현황,2023,경남,2023 사천시 삼천포항 수산물축제,특산물,4.21.~4.23.,대면,,2023-04-21,2023-04-23,False,exact_or_partial,False,False,True,False
2023년 지역축제 개최 계획(취합).xlsx,세부현황,2023,경남,제20회 사천시 삼천포항 자연산 전어축제,특산물,7.27.~7.30.,대면,,2023-07-27,2023-07-30,False,exact_or_partial,False,False,True,False
2023년 지역축제 개최 계획(취합).xlsx,세부현황,2023,경남,허왕후신행길 축제,문화예술,10월 중,대면,,2023-10-01,2023-10-31,True,month_only_vague,False,False,True,False
2023년 지역축제 개최 계획(취합).xlsx,세부현황,2023,경남,제28회 김해분청도자기축제,문화예술,10월 중,대면,,2023-10-01,2023-10-31,True,month_only_vague,False,False,True,False
2023년 지역축제 개최 계획(취합).xlsx,세부현황,2023,경남,(가칭)제1회 봄의 하얀 눈꽃 축제,기타(주민화합 등),3월 중,대면,,2023-03-01,2023-03-31,True,month_only_vague,False,False,True,False
2023년 지역축제 개최 계획(취합).xlsx,세부현황,2023,경남,불암장어문화축제,특산물,6. 24.~6. 25.,대면,,2023-06-24,2023-06-25,False,exact_or_partial,False,False,True,False
2023년 지역축제 개최 계획(취합).xlsx,세부현황,2023,경남,세계크리스마스문화축제,기타(주민화합 등),12. 1.~12. 31.,대면,,2023-12-01,2023-12-31,False,exact_or_partial,False,False,True,False
2023년 지역축제 개최 계획(취합).xlsx,세부현황,2023,경남,2023년 가야문화축제,문화예술,5. 5. ~ 5. 7.,대면,,2023-05-05,2023-05-07,False,exact_or_partial,False,False,True,False
2023년 지역축제 개최 계획(취합).xlsx,세부현황,2023,경남,제8회 김해꽃축제,특산물,5월 중,혼합형,,2023-05-01,2023-05-31,True,month_only_vague,False,False,True,False
2023년 지역축제 개최 계획(취합).xlsx,세부현황,2023,경남,제39회 김해진영단감축제,특산물,10. 27. - 10. 29.,대면,,2023-10-27,2023-10-29,False,exact_or_partial,False,False,True,False
2023년 지역축제 개최 계획(취합).xlsx,세부현황,2023,경남,제3회 김해국제의생명과학축제,기타(주민화합 등),6. 16. ~ 6. 17.,혼합형,,2023-06-16,2023-06-17,False,exact_or_partial,False,False,True,False
2023년 지역축제 개최 계획(취합).xlsx,세부현황,2023,경남,김해시평생학습과학축제,기타(주민화합 등),10. 21. ~ 10. 22.,대면,,2023-10-21,2023-10-22,False,exact_or_partial,False,False,True,False
2023년 지역축제 개최 계획(취합).xlsx,세부현황,2023,경남,제5회 김해독서대전,문화예술,10월 중,대면,,2023-10-01,2023-10-31,True,month_only_vague,False,False,True,False
2023년 지역축제 개최 계획(취합).xlsx,세부현황,2023,경남,김해 한우축제,특산물,5월 중,대면,,2023-05-01,2023-05-31,True,month_only_vague,False,False,True,False
2023년 지역축제 개최 계획(취합).xlsx,세부현황,2023,경남,제65회 밀양아리랑대축제,전통역사,5.18.~5.21.,대면,,2023-05-18,2023-05-21,False,exact_or_partial,False,False,True,False
2023년 지역축제 개최 계획(취합).xlsx,세부현황,2023,경남,2023 가을 밀양강 오딧세이,문화예술,10월 중,대면,,2023-10-01,2023-10-31,True,month_only_vague,False,False,True,False
2023년 지역축제 개최 계획(취합).xlsx,세부현황,2023,경남,밀양공연예술축제,문화예술,7.29.~8.5.,대면,,2023-07-29,2023-08-05,False,exact_or_partial,False,False,True,False
2023년 지역축제 개최 계획(취합).xlsx,세부현황,2023,경남,제14회 밀양대추축제,특산물,10월 중,대면,,2023-10-01,2023-10-31,True,month_only_vague,False,False,True,False
2023년 지역축제 개최 계획(취합).xlsx,세부현황,2023,경남,밀양무안맛나향고추 소비지행사,특산물,12.8.~12.10.,대면,,2023-12-08,2023-12-10,False,exact_or_partial,False,False,True,False
2023년 지역축제 개최 계획(취합).xlsx,세부현황,2023,경남,제25회 밀양얼음골사과축제,특산물,11.04.~11.05.,대면,,2023-11-04,2023-11-05,False,exact_or_partial,False,False,True,False
2023년 지역축제 개최 계획(취합).xlsx,세부현황,2023,경남,"초동연가길 축제(꽃양귀비, 코스모스)",생태자연,"양귀비 5.19.~5.21.
코스모스 10.7.~10.9.",대면,,2023-05-19,2023-10-09,False,exact_or_partial,False,False,True,False
2023년 지역축제 개최 계획(취합).xlsx,세부현황,2023,경남,거제맹종대나무축제,특산물,3~4월 중,대면,,2023-04-01,2023-04-30,True,month_only_vague,False,False,True,False
2023년 지역축제 개최 계획(취합).xlsx,세부현황,2023,경남,제61회 거제옥포대첩축제,"문화예술
전통역사",6.16.~6.18.,대면,,2023-06-16,2023-06-18,False,exact_or_partial,False,False,True,False
2023년 지역축제 개최 계획(취합).xlsx,세부현황,2023,경남,제4회 남부면 수국축제,생태자연,7월 중,대면,,2023-07-01,2023-07-31,True,month_only_vague,False,False,True,False
2023년 지역축제 개최 계획(취합).xlsx,세부현황,2023,경남,2023 거제 바다로세계로,기타(주민화합 등),7.28~7.30,대면,,2023-07-28,2023-07-30,False,exact_or_partial,False,False,True,False
2023년 지역축제 개최 계획(취합).xlsx,세부현황,2023,경남,제12회 거제둔덕포도축제,특산물,9.15.~9.17.,혼합형,,2023-09-15,2023-09-17,False,exact_or_partial,False,False,True,False
2023년 지역축제 개최 계획(취합).xlsx,세부현황,2023,경남,제11회 청사초롱 가을추억 만들기 축제,생태자연,10.22.,대면,,2023-10-22,2023-10-22,False,exact_or_partial,False,False,True,False
2023년 지역축제 개최 계획(취합).xlsx,세부현황,2023,경남,제17회 거제섬꽃축제,문화예술,10.28.~11.5.,대면,,2023-10-28,2023-11-05,False,exact_or_partial,False,False,True,False
2023년 지역축제 개최 계획(취합).xlsx,세부현황,2023,경남,제16회 거제대구수산물축제,특산물,12월 중,대면,,2023-12-01,2023-12-31,True,month_only_vague,False,False,True,False
2023년 지역축제 개최 계획(취합).xlsx,세부현황,2023,경남,제15회 원동고로쇠축제,특산물,02.15.~3.15.,대면,,2023-02-15,2023-03-15,False,exact_or_partial,False,False,True,False
2023년 지역축제 개최 계획(취합).xlsx,세부현황,2023,경남,제6회 원동미나리축제,특산물,02.21.~.4.30.,대면,,2023-02-21,2023-04-30,False,exact_or_partial,False,False,True,False
2023년 지역축제 개최 계획(취합).xlsx,세부현황,2023,경남,제17회 원동매화축제,특산물,3.18.~3.19.,대면,,2023-03-18,2023-03-19,False,exact_or_partial,False,False,True,False
2023년 지역축제 개최 계획(취합).xlsx,세부현황,2023,경남,제14회 배내골사과축제,특산물,11.4.~11.5.,대면,,2023-11-04,2023-11-05,False,exact_or_partial,False,False,True,False
2023년 지역축제 개최 계획(취합).xlsx,세부현황,2023,경남,제5회 양산차문화축제,특산물,10월 중,대면,,2023-10-01,2023-10-31,True,month_only_vague,False,False,True,False
2023년 지역축제 개최 계획(취합).xlsx,세부현황,2023,경남,2023 양산삽량문화축전,"문화예술
전통역사
기타(주민화합 등)",10월 중,대면,,2023-10-01,2023-10-31,True,month_only_vague,False,False,True,False
2023년 지역축제 개최 계획(취합).xlsx,세부현황,2023,경남,2023 웅상회야제,기타(주민화합 등),5월 중,대면,,2023-05-01,2023-05-31,True,month_only_vague,False,False,True,False
2023년 지역축제 개최 계획(취합).xlsx,세부현황,2023,경남,2023 양산봄꽃축제,생태자연,4월 중,대면,,2023-04-01,2023-04-30,True,month_only_vague,False,False,True,False
2023년 지역축제 개최 계획(취합).xlsx,세부현황,2023,경남,2023 양산국화향연,생태자연,10. 28 ~11.12.,대면,,2023-10-28,2023-11-12,False,exact_or_partial,False,False,True,False
2023년 지역축제 개최 계획(취합).xlsx,세부현황,2023,경남,제48회 의령 홍의장군축제,전통역사,04.20~04.23,대면,,2023-04-20,2023-04-23,False,exact_or_partial,False,False,True,False
2023년 지역축제 개최 계획(취합).xlsx,세부현황,2023,경남,한우산 철쭉제,생태자연,5월 중,대면,,2023-05-01,2023-05-31,True,month_only_vague,False,False,True,False
2023년 지역축제 개최 계획(취합).xlsx,세부현황,2023,경남,2023 의령 신번문화축제,"문화예술
전통역사",9월 중,대면,,2023-09-01,2023-09-30,True,month_only_vague,False,False,True,False
2023년 지역축제 개최 계획(취합).xlsx,세부현황,2023,경남,2023 의령 리치리치 페스티벌,문화예술,10월 중,대면,,2023-10-01,2023-10-31,True,month_only_vague,False,False,True,False
2023년 지역축제 개최 계획(취합).xlsx,세부현황,2023,경남,의령 기강 댑싸리축제,생태자연,10월 중,대면,,2023-10-01,2023-10-31,True,month_only_vague,False,False,True,False
2023년 지역축제 개최 계획(취합).xlsx,세부현황,2023,경남,제12회 함안곶감축제,특산물,1. 6. ~ 1. 8.,대면,,2023-01-06,2023-01-08,False,exact_or_partial,False,False,True,False
2023년 지역축제 개최 계획(취합).xlsx,세부현황,2023,경남,제29회 함안수박 축제,특산물,4.15.~5.10.,혼합형,,2023-04-15,2023-05-10,False,exact_or_partial,False,False,True,False
2023년 지역축제 개최 계획(취합).xlsx,세부현황,2023,경남,제1회 청보리.작약 축제,생태자연,5.5.~5.7.,대면,,2023-05-05,2023-05-07,False,exact_or_partial,False,False,True,False
2023년 지역축제 개최 계획(취합).xlsx,세부현황,2023,경남,제11회 강주해바라기 축제,생태자연,7.7.~7.16.,대면,,2023-07-07,2023-07-16,False,exact_or_partial,False,False,True,False
2023년 지역축제 개최 계획(취합).xlsx,세부현황,2023,경남,함안문화재야행,전통역사,9.22.~9.24.,대면,,2023-09-22,2023-09-24,False,exact_or_partial,False,False,True,False
2023년 지역축제 개최 계획(취합).xlsx,세부현황,2023,경남,"제2회 '함안의 맛' 
아라가야 향토음식
 전국요리 경연대회",특산물,10월 중,대면,,2023-10-01,2023-10-31,True,month_only_vague,False,False,True,False
2023년 지역축제 개최 계획(취합).xlsx,세부현황,2023,경남,제35회 아라가야문화제,전통역사,10월 중,대면,,2023-10-01,2023-10-31,True,month_only_vague,False,False,True,False
2023년 지역축제 개최 계획(취합).xlsx,세부현황,2023,경남,말이산고분군 미디어아트 페스티벌,전통역사,10월~11월중,대면,,2023-10-01,2023-11-30,True,month_range_vague,False,False,True,False
2023년 지역축제 개최 계획(취합).xlsx,세부현황,2023,경남,제18회 창녕낙동강유채축제,생태자연,04.13.~04.16.,대면,,2023-04-13,2023-04-16,False,exact_or_partial,False,False,True,False
2023년 지역축제 개최 계획(취합).xlsx,세부현황,2023,경남,제28회 부곡온천축제,전통역사,03.31.~04.02.,대면,,2023-03-31,2023-04-02,False,exact_or_partial,False,False,True,False
2023년 지역축제 개최 계획(취합).xlsx,세부현황,2023,경남,제62회 3.1민속문화제,전통역사,2.28~3.3.,대면,,2023-02-28,2023-03-03,False,exact_or_partial,False,False,True,False
2023년 지역축제 개최 계획(취합).xlsx,세부현황,2023,경남,창녕문화재 야행 '가소로운 비사벌',전통역사,5월 중,대면,,2023-05-01,2023-05-31,True,month_only_vague,False,False,True,False
2023년 지역축제 개최 계획(취합).xlsx,세부현황,2023,경남,제37회 우포따오기와 함께하는 비사벌문화제,문화예술,10월 중,대면,,2023-10-01,2023-10-31,True,month_only_vague,False,False,True,False
2023년 지역축제 개최 계획(취합).xlsx,세부현황,2023,경남,제19회 창녕 전국 민속 소힘겨루기대회,전통역사,3월 중,대면,,2023-03-01,2023-03-31,True,month_only_vague,False,False,True,False
2023년 지역축제 개최 계획(취합).xlsx,세부현황,2023,경남,제24회 창녕 상설 민속 소힘겨루기대회,전통역사,9월 중,대면,,2023-09-01,2023-09-30,True,month_only_vague,False,False,True,False
2023년 지역축제 개최 계획(취합).xlsx,세부현황,2023,경남,"2023 기월 안뜰 경관농업
지구 봄꽃 축제",생태자연,4월 중,대면,,2023-04-01,2023-04-30,True,month_only_vague,False,False,True,False
2023년 지역축제 개최 계획(취합).xlsx,세부현황,2023,경남,당항포대첩 축제,전통역사,5월 중,대면,,2023-05-01,2023-05-31,True,month_only_vague,False,False,True,False
2023년 지역축제 개최 계획(취합).xlsx,세부현황,2023,경남,촌스런 축제,기타(주민화합 등),7~8월 중,대면,,2023-08-01,2023-08-31,True,month_only_vague,False,False,True,False
2023년 지역축제 개최 계획(취합).xlsx,세부현황,2023,경남,"2023 기월 안뜰 경관농업
지구 가을꽃 축제",생태자연,9월 중,대면,,2023-09-01,2023-09-30,True,month_only_vague,False,False,True,False
2023년 지역축제 개최 계획(취합).xlsx,세부현황,2023,경남,"제7회 고성 가리비
수산물 축제",특산물,9월 중,대면,,2023-09-01,2023-09-30,True,month_only_vague,False,False,True,False
2023년 지역축제 개최 계획(취합).xlsx,세부현황,2023,경남,제1회 고성갯벌 축제,생태자연,9월 중,대면,,2023-09-01,2023-09-30,True,month_only_vague,False,False,True,False
2023년 지역축제 개최 계획(취합).xlsx,세부현황,2023,경남,제11회 엄홍길대장과 함께하는 거류산 등산 축제,생태자연,10월 중,대면,,2023-10-01,2023-10-31,True,month_only_vague,False,False,True,False
2023년 지역축제 개최 계획(취합).xlsx,세부현황,2023,경남,마이페스트,문화예술,4월 중,대면,,2023-04-01,2023-04-30,True,month_only_vague,False,False,True,False
2023년 지역축제 개최 계획(취합).xlsx,세부현황,2023,경남,보물섬남해 설천 참굴 축제,특산물,4월 중,대면,,2023-04-01,2023-04-30,True,month_only_vague,False,False,True,False
2023년 지역축제 개최 계획(취합).xlsx,세부현황,2023,경남,제5회 창선고사리삼합축제,특산물,5월 중,대면,,2023-05-01,2023-05-31,True,month_only_vague,False,False,True,False
2023년 지역축제 개최 계획(취합).xlsx,세부현황,2023,경남,제18회 남해 마늘한우 축제,특산물,6월 중,대면,,2023-06-01,2023-06-30,True,month_only_vague,False,False,True,False
2023년 지역축제 개최 계획(취합).xlsx,세부현황,2023,경남,보물섬갈화 왕새우축제,특산물,8~9월 중,대면,,2023-09-01,2023-09-30,True,month_only_vague,False,False,True,False
2023년 지역축제 개최 계획(취합).xlsx,세부현황,2023,경남,독일마을맥주축제,문화예술,10월 중,대면,,2023-10-01,2023-10-31,True,month_only_vague,False,False,True,True
2023년 지역축제 개최 계획(취합).xlsx,세부현황,2023,경남,"제29회
군민의 날 및 화전 문화제",문화예술,10.26. ~ 10.28.,대면,,2023-10-26,2023-10-28,False,exact_or_partial,False,False,True,False
2023년 지역축제 개최 계획(취합).xlsx,세부현황,2023,경남,남해바래길 가을소풍 걷기축제,기타(주민화합 등),11월 중,대면,,2023-11-01,2023-11-30,True,month_only_vague,False,False,True,False
2023년 지역축제 개최 계획(취합).xlsx,세부현황,2023,경남,제25회 화개장터 벚꽃축제,전통역사,03.31.~04.02.,대면,,2023-03-31,2023-04-02,False,exact_or_partial,False,False,True,False
2023년 지역축제 개최 계획(취합).xlsx,세부현황,2023,경남,제26회 하동야생차문화축제,특산물,05.04~06.03.,대면,,2023-05-04,2023-06-03,False,exact_or_partial,False,False,True,False
2023년 지역축제 개최 계획(취합).xlsx,세부현황,2023,경남,제10회 하동 술상 맛 전어축제,특산물,08.03.~08.05.,대면,,2023-08-03,2023-08-05,False,exact_or_partial,False,False,True,False
2023년 지역축제 개최 계획(취합).xlsx,세부현황,2023,경남,제7회 하동섬진강문화재첩축제,특산물,8월 중,대면,,2023-08-01,2023-08-31,True,month_only_vague,False,False,True,False
2023년 지역축제 개최 계획(취합).xlsx,세부현황,2023,경남,제9회 하동북천 꽃 양귀비 축제,생태자연,05.12.~05.21.,대면,,2023-05-12,2023-05-21,False,exact_or_partial,False,False,True,False
2023년 지역축제 개최 계획(취합).xlsx,세부현황,2023,경남,제17회 하동북천 코스모스 메밀꽃 축제,생태자연,09.15.~10.03.,대면,,2023-09-15,2023-10-03,False,exact_or_partial,False,False,True,False
2023년 지역축제 개최 계획(취합).xlsx,세부현황,2023,경남,제23회 산청한방약초축제,특산물,10.6.~10.10.,대면,,2023-10-06,2023-10-10,False,exact_or_partial,False,False,True,False
2023년 지역축제 개최 계획(취합).xlsx,세부현황,2023,경남,제47회 남명선비문화축제,문화예술,10.20.~10.21.,대면,,2023-10-20,2023-10-21,False,exact_or_partial,False,False,True,False
2023년 지역축제 개최 계획(취합).xlsx,세부현황,2023,경남,제38회 산청황매산철쭉제,생태자연,5.1.~5.14.,대면,,2023-05-01,2023-05-14,False,exact_or_partial,False,False,True,False
2023년 지역축제 개최 계획(취합).xlsx,세부현황,2023,경남,산청 경호강변 여름밤 축제,생태자연,8월 중,대면,,2023-08-01,2023-08-31,True,month_only_vague,False,False,True,False
2023년 지역축제 개최 계획(취합).xlsx,세부현황,2023,경남,생초꽃잔디축제,생태자연,4.15 .~ 5.5.,대면,,2023-04-15,2023-05-05,False,exact_or_partial,False,False,True,False
2023년 지역축제 개최 계획(취합).xlsx,세부현황,2023,경남,제62회 천령문화제,"문화예술
전통역사
기타(주민화합 등)",5월 중,대면,,2023-05-01,2023-05-31,True,month_only_vague,False,False,True,False
2023년 지역축제 개최 계획(취합).xlsx,세부현황,2023,경남,연암문화제,"문화예술
전통역사",8월 중,대면,,2023-08-01,2023-08-31,True,month_only_vague,False,False,True,False
2023년 지역축제 개최 계획(취합).xlsx,세부현황,2023,경남,제18회 함양산삼축제,특산물,9월 중,대면,,2023-09-01,2023-09-30,True,month_only_vague,False,False,True,False
2023년 지역축제 개최 계획(취합).xlsx,세부현황,2023,경남,제4회 거창韓 거창산양삼축제,특산물,5.4.~5.7,대면,,2023-05-04,2023-05-07,False,exact_or_partial,False,False,True,False
2023년 지역축제 개최 계획(취합).xlsx,세부현황,2023,경남,제33회거창국제연극제,문화예술,7.28~8.11,대면,,2023-07-28,2023-08-11,False,exact_or_partial,False,False,True,False
2023년 지역축제 개최 계획(취합).xlsx,세부현황,2023,경남,2023 거창한마당대축제,기타(주민화합 등),9.28.~10.1.,대면,,2023-09-28,2023-10-01,False,exact_or_partial,False,False,True,False
2023년 지역축제 개최 계획(취합).xlsx,세부현황,2023,경남,감악산 꽃&별 여행,생태자연,9월~10월 중,대면,,2023-09-01,2023-10-31,True,month_range_vague,False,False,True,False
2023년 지역축제 개최 계획(취합).xlsx,세부현황,2023,경남,2023 합천기록문화축제,"문화예술
전통역사",10월 중,대면,,2023-10-01,2023-10-31,True,month_only_vague,False,False,True,False
2023년 지역축제 개최 계획(취합).xlsx,세부현황,2023,경남,합천바캉스축제,기타(주민화합 등),7월~8월 중,대면,,2023-07-01,2023-08-31,True,month_range_vague,False,False,True,False
2023년 지역축제 개최 계획(취합).xlsx,세부현황,2023,경남,제39회 대야문화제,기타(주민화합 등),09.23.~09.25.,대면,,2023-09-23,2023-09-25,False,exact_or_partial,False,False,True,False
2023년 지역축제 개최 계획(취합).xlsx,세부현황,2023,경남,제27회 황매산철쭉제,생태자연,4월~5월 중,대면,,2023-04-01,2023-05-31,True,month_range_vague,False,False,True,False
2023년 지역축제 개최 계획(취합).xlsx,세부현황,2023,경남,제2회 황매산억새축제,생태자연,10월~11월 중,대면,,2023-10-01,2023-11-30,True,month_range_vague,False,False,True,False
2023년 지역축제 개최 계획(취합).xlsx,세부현황,2023,제주,2023 계묘년 탐라국 입춘굿,전통역사,1.20.~2.4.,대면,,2023-01-20,2023-02-04,False,exact_or_partial,False,False,True,False
2023년 지역축제 개최 계획(취합).xlsx,세부현황,2023,제주,2023 제주들불축제,전통역사,3. 9. ~ 3. 12.,대면,,2023-03-09,2023-03-12,False,exact_or_partial,False,False,True,False
2023년 지역축제 개최 계획(취합).xlsx,세부현황,2023,제주,2023 제주레저힐링축제,문화예술,9월 말~10월 중,대면,,2023-09-01,2023-10-31,True,month_range_vague,False,False,True,False
2023년 지역축제 개최 계획(취합).xlsx,세부현황,2023,제주,2023 중문칠선녀축제,기타(주민화합 등),11월 중(2일),대면,,2023-11-01,2023-11-30,True,month_only_vague,False,False,True,False
2023년 지역축제 개최 계획(취합).xlsx,세부현황,2023,제주,2023년 애월읍 농수축박람회,기타(주민화합 등),11월 중,대면,,2023-11-01,2023-11-30,True,month_only_vague,False,False,True,False
2023년 지역축제 개최 계획(취합).xlsx,세부현황,2023,제주,제10회 삼성혈 문화의 거리 공연 '모흥골 그디글락',문화예술,10월 중,대면,,2023-10-01,2023-10-31,True,month_only_vague,False,False,True,False
2023년 지역축제 개최 계획(취합).xlsx,세부현황,2023,제주,제12회 가파도 청보리축제,문화예술,4.1.~5.8.,대면,,2023-04-01,2023-05-08,False,exact_or_partial,False,False,True,False
2023년 지역축제 개최 계획(취합).xlsx,세부현황,2023,제주,제12회 우도 소라축제,특산물,4월 중(예정),대면,,2023-04-01,2023-04-30,True,month_only_vague,False,False,True,False
2023년 지역축제 개최 계획(취합).xlsx,세부현황,2023,제주,제13회 산지천 축제,문화예술,9월 중,대면,,2023-09-01,2023-09-30,True,month_only_vague,False,False,True,False
2023년 지역축제 개최 계획(취합).xlsx,세부현황,2023,제주,제15회 금능원담축제,전통역사,8월 중,대면,,2023-08-01,2023-08-31,True,month_only_vague,False,False,True,False
2023년 지역축제 개최 계획(취합).xlsx,세부현황,2023,제주,제15회 추자도 참굴비 대축제,특산물,9월 중(예정),대면,,2023-09-01,2023-09-30,True,month_only_vague,False,False,True,False
2023년 지역축제 개최 계획(취합).xlsx,세부현황,2023,제주,제16회 전농로 왕벚꽃축제,생태자연,3. 31~4. 2,대면,,2023-03-31,2023-04-02,False,exact_or_partial,False,False,True,False
2023년 지역축제 개최 계획(취합).xlsx,세부현황,2023,제주,제16회 제주해녀축제,문화예술,9.22.~9.24,대면,,2023-09-22,2023-09-24,False,exact_or_partial,False,False,True,False
2023년 지역축제 개최 계획(취합).xlsx,세부현황,2023,제주,제19회 보목자리돔 축제,특산물,5-6월 중(3일),대면,,2023-06-01,2023-06-30,True,month_only_vague,False,False,True,False
2023년 지역축제 개최 계획(취합).xlsx,세부현황,2023,제주,제19회 쇠소깍 축제,생태자연,8.12.~8.13.(예정),대면,,2023-08-12,2023-08-13,False,exact_or_partial,False,False,True,False
2023년 지역축제 개최 계획(취합).xlsx,세부현황,2023,제주,제20회 방선문축제,전통역사,5.6.~5.7.,대면,,2023-05-06,2023-05-07,False,exact_or_partial,False,False,True,False
2023년 지역축제 개최 계획(취합).xlsx,세부현황,2023,제주,제21회 도두오래물축제,기타(주민화합 등),8.11.~8.13.,대면,,2023-08-11,2023-08-13,False,exact_or_partial,False,False,True,False
2023년 지역축제 개최 계획(취합).xlsx,세부현황,2023,제주,제23회 최남단 방어 축제,특산물,11월 중(예정),대면,,2023-11-01,2023-11-30,True,month_only_vague,False,False,True,False
2023년 지역축제 개최 계획(취합).xlsx,세부현황,2023,제주,제29회 서귀포칠십리축제,문화예술,10.13.~10.15.(예정),대면,,2023-10-13,2023-10-15,False,exact_or_partial,False,False,True,False
2023년 지역축제 개최 계획(취합).xlsx,세부현황,2023,제주,제40회 서귀포유채꽃축제,생태자연,3.31.~4.2.(예정),대면,,2023-03-31,2023-04-02,False,exact_or_partial,False,False,True,False
2023년 지역축제 개최 계획(취합).xlsx,세부현황,2023,제주,제4회 서귀포 은갈치 축제,특산물,9월 중(예정),대면,,2023-09-01,2023-09-30,True,month_only_vague,False,False,True,False
2023년 지역축제 개최 계획(취합).xlsx,세부현황,2023,제주,제6회 제주광어 대축제,특산물,10월 중(예정),대면,,2023-10-01,2023-10-31,True,month_only_vague,False,False,True,False
2023년 지역축제 개최 계획(취합).xlsx,세부현황,2023,제주,제7회 FPC 한수위 수산물 대축제,특산물,10월 중(예정),대면,,2023-10-01,2023-10-31,True,month_only_vague,False,False,True,False
2023년 지역축제 개최 계획(취합).xlsx,세부현황,2023,제주,제7회 서귀포시 송산동 자구리축제,문화예술,7~8월 중(2일),대면,,2023-08-01,2023-08-31,True,month_only_vague,False,False,True,False
2023년 지역축제 개최 계획(취합).xlsx,세부현황,2023,제주,제8회 돈내코계곡 원앙축제,생태자연,6~8월 중,대면,,2023-08-01,2023-08-31,True,month_only_vague,False,False,True,False
2023년 지역축제 개최 계획(취합).xlsx,세부현황,2023,제주,제6회 하하페스티벌,문화예술,5월 중(예정),대면,,2023-05-01,2023-05-31,True,month_only_vague,False,False,True,False
2023년 지역축제 개최 계획(취합).xlsx,세부현황,2023,제주,제19회 삼양검은모래축제,생태자연,7월 중(미정),대면,,2023-07-01,2023-07-31,True,month_only_vague,False,False,True,False
2023년 지역축제 개최 계획(취합).xlsx,세부현황,2023,제주,제62회 탐라문화제,문화예술,10월 초(미정),대면,,2023-10-01,2023-10-31,True,month_only_vague,False,False,True,False
2023년 지역축제 개최 계획(취합).xlsx,세부현황,2023,제주,제28회 표선해변 하얀모래축제,생태자연,7월말~8월초,대면,,2023-07-01,2023-08-31,True,month_range_vague,False,False,True,False
2023년 지역축제 개최 계획(취합).xlsx,세부현황,2023,제주,한라산 청정 고사리축제,특산물,4. 22 ~ 4. 23.(예정),대면,,2023-04-22,2023-04-23,False,exact_or_partial,False,False,True,False
2023년 지역축제 개최 계획(취합).xlsx,세부현황,2023,제주,제30회 덕수리 전통민속재현행사,전통행장,10월 중(2일),대면,,2023-10-01,2023-10-31,True,month_only_vague,False,False,True,False
2023년 지역축제 개최 계획(취합).xlsx,세부현황,2023,제주,2023년 장전리 왕벚꽃축제,기타(주민화합 등),3~4월 중,대면,,2023-04-01,2023-04-30,True,month_only_vague,False,False,True,False
2023년 지역축제 개최 계획(취합).xlsx,세부현황,2023,제주,고마로 馬문화 축제,문화예술,10월 중,대면,,2023-10-01,2023-10-31,True,month_only_vague,False,False,True,False
2023년 지역축제 개최 계획(취합).xlsx,세부현황,2023,제주,성산일출축제,생태자연,2023.12.30.~2024. 1.1.,대면,,2023-12-30,2024-01-01,False,exact_or_partial,False,False,True,False
2023년 지역축제 개최 계획(취합).xlsx,세부현황,2023,제주,제9회 월대천 축제,기타(주민화합 등),7~8월 중,대면,,2023-08-01,2023-08-31,True,month_only_vague,False,False,True,False
2023년 지역축제 개최 계획(취합).xlsx,세부현황,2023,제주,2023년 하고수동 해수욕장 썸머 페스티벌,문화예술,6~8월 중 (예정),대면,,2023-08-01,2023-08-31,True,month_only_vague,False,False,True,False
2023년 지역축제 개최 계획(취합).xlsx,세부현황,2023,제주,2023 서귀포베라벨책정원,문화예술,10.9 (예정),대면,,2023-10-09,2023-10-09,False,exact_or_partial,False,False,True,False
2023년 지역축제 개최 계획(취합).xlsx,세부현황,2023,제주,이호테우축제,전통역사,7~8월 중,대면,,2023-08-01,2023-08-31,True,month_only_vague,False,False,True,False
2023년 지역축제 개최 계획(취합).xlsx,세부현황,2023,제주,제주 성읍마을 전통민속 재연축제,전통역사,10월 중,대면,,2023-10-01,2023-10-31,True,month_only_vague,False,False,True,False
2023년 지역축제 개최 계획(취합).xlsx,세부현황,2023,제주,정의현성 이전 600주년 기념행사,전통역사,10월 중,대면,,2023-10-01,2023-10-31,True,month_only_vague,False,False,True,False
2023년 지역축제 개최 계획(취합).xlsx,세부현황,2023,제주,혼인지 축제,전통역사,10월 중,대면,,2023-10-01,2023-10-31,True,month_only_vague,False,False,True,False
2023년 지역축제 개최 계획(취합).xlsx,세부현황,2023,제주,제21회 예래생태체험축제,생태자연,7.29.~7.30.,대면,,2023-07-29,2023-07-30,False,exact_or_partial,False,False,True,False
2024년 지역축제 개최계획(홈페이지 게시)0930.xlsx,세부현황,2024,서울,서울드럼페스티벌,문화예술,5.25~5.26,대면,,2024-05-25,2024-05-26,False,exact_or_partial,False,False,True,False
2024년 지역축제 개최계획(홈페이지 게시)0930.xlsx,세부현황,2024,서울,서울뮤직페스티벌,문화예술,9.27~9.29,대면,,2024-09-27,2024-09-29,False,exact_or_partial,False,False,True,False
2024년 지역축제 개최계획(홈페이지 게시)0930.xlsx,세부현황,2024,서울,서울국악축제,전통역사,9월 중,대면,,2024-09-01,2024-09-30,True,month_only_vague,False,False,True,False
2024년 지역축제 개최계획(홈페이지 게시)0930.xlsx,세부현황,2024,서울,서울페스타 2024,문화예술,5.1.~5.6.,대면,,2024-05-01,2024-05-06,False,exact_or_partial,False,False,True,False
2024년 지역축제 개최계획(홈페이지 게시)0930.xlsx,세부현황,2024,서울,서울 바비큐 페스티벌,기타,5.4.~5.5.,대면,,2024-05-04,2024-05-05,False,exact_or_partial,False,False,True,False
2024년 지역축제 개최계획(홈페이지 게시)0930.xlsx,세부현황,2024,서울,2024 한강 불빛 공연(드론 라이트 쇼),문화예술,상반기(5~6월) 5회 / 하반기(9~10월) 5회 공연(총 10회 예정),대면,,2024-06-01,2024-10-31,True,month_range_vague,False,False,True,False
2024년 지역축제 개최계획(홈페이지 게시)0930.xlsx,세부현황,2024,서울,2024년 추석 농수특산물 서울장터,특산물,9.2~9.7중 3일간 예정,대면,,2024-09-02,2024-09-02,False,exact_or_partial,False,False,True,False
2024년 지역축제 개최계획(홈페이지 게시)0930.xlsx,세부현황,2024,서울,한강페스티벌,"문화예술, 생태자연","봄: 5. 10.~5. 12.
여름: 7. 26.~8. 11.
가을: 10. 11.~10. 20.
겨울: 12. 20.~12. 25.",대면,,2024-05-10,2024-05-10,False,exact_or_partial,False,False,True,False
2024년 지역축제 개최계획(홈페이지 게시)0930.xlsx,세부현황,2024,서울,2024 책읽는 한강공원,문화예술,"5~6월, 9~10월 
매주 토요일",대면,,2024-06-01,2024-10-31,True,month_range_vague,False,False,True,False
2024년 지역축제 개최계획(홈페이지 게시)0930.xlsx,세부현황,2024,서울,제18회 서울안전한마당,안전문화,05.02.~05.04.,대면,,2024-05-02,2024-05-04,False,exact_or_partial,False,False,True,False
2024년 지역축제 개최계획(홈페이지 게시)0930.xlsx,세부현황,2024,서울,2024 서울세계도시문화축제,문화예술,5.25.~26,대면,,2024-05-25,2024-05-26,False,exact_or_partial,False,False,True,False
2024년 지역축제 개최계획(홈페이지 게시)0930.xlsx,세부현황,2024,서울,서울라이트 한강 빛섬축제,문화예술,10.5.~10.13.,대면,,2024-10-05,2024-10-13,False,exact_or_partial,False,False,True,False
2024년 지역축제 개최계획(홈페이지 게시)0930.xlsx,세부현황,2024,서울,서울라이트 광화문,문화예술,24. 12. 20. ~ '25. 1. 12.,대면,,2024-12-20,2025-01-12,False,exact_or_partial,False,False,True,False
2024년 지역축제 개최계획(홈페이지 게시)0930.xlsx,세부현황,2024,서울,차없는 잠수교 뚜벅뚜벅 축제,문화예술,5.5.~6.23./9.1.~10.27.,대면,,2024-05-05,2024-06-23,False,exact_or_partial,False,False,True,False
2024년 지역축제 개최계획(홈페이지 게시)0930.xlsx,세부현황,2024,서울,한강서래섬유채꽃축제,생태자연,05.10.~05.19.,대면,,2024-05-10,2024-05-19,False,exact_or_partial,False,False,True,False
2024년 지역축제 개최계획(홈페이지 게시)0930.xlsx,세부현황,2024,서울,한강종이비행기축제,기타,09.07.,대면,,2024-09-07,2024-09-07,False,exact_or_partial,False,False,True,False
2024년 지역축제 개최계획(홈페이지 게시)0930.xlsx,세부현황,2024,서울,2024 서울대공원 벚꽃축제,생태자연,4월 초,대면,,2024-04-01,2024-04-30,True,month_only_vague,False,False,True,False
2024년 지역축제 개최계획(홈페이지 게시)0930.xlsx,세부현황,2024,서울,제24회 서울대공원 장미원축제,생태자연,5.24.~6.9.,대면,,2024-05-24,2024-06-09,False,exact_or_partial,False,False,True,False
2024년 지역축제 개최계획(홈페이지 게시)0930.xlsx,세부현황,2024,서울,제9회 동물원 밖 동물원,문화예술,10~12월,대면,,2024-12-01,2024-12-31,True,month_only_vague,False,False,True,False
2024년 지역축제 개최계획(홈페이지 게시)0930.xlsx,세부현황,2024,서울,제13회 강남페스티벌,문화예술,9월중,혼합형,,2024-09-01,2024-09-30,True,month_only_vague,False,False,True,False
2024년 지역축제 개최계획(홈페이지 게시)0930.xlsx,세부현황,2024,서울,제5회강남디자인위크,문화예술,5.24.~5.28.,대면,,2024-05-24,2024-05-28,False,exact_or_partial,False,False,True,False
2024년 지역축제 개최계획(홈페이지 게시)0930.xlsx,세부현황,2024,서울,제4회 강남 G-KPOP 콘서트,문화예술,5월중,대면,,2024-05-01,2024-05-31,True,month_only_vague,False,False,True,False
2024년 지역축제 개최계획(홈페이지 게시)0930.xlsx,세부현황,2024,서울,제29회 강동선사문화축제,전통역사,10.11.~10.13.,대면,,2024-10-11,2024-10-13,False,exact_or_partial,False,False,True,False
2024년 지역축제 개최계획(홈페이지 게시)0930.xlsx,세부현황,2024,서울,419혁명국민문화제,전통역사,4.12.~4.19.,대면,,2024-04-12,2024-04-19,False,exact_or_partial,False,False,True,False
2024년 지역축제 개최계획(홈페이지 게시)0930.xlsx,세부현황,2024,서울,천변라이프 강북페스타2024,문화예술,5.31.~6.2.,대면,,2024-05-31,2024-06-02,False,exact_or_partial,False,False,True,False
2024년 지역축제 개최계획(홈페이지 게시)0930.xlsx,세부현황,2024,서울,제2회 맥주축제,기타(시장활성화),9월중 2일간,대면,,2024-09-01,2024-09-30,True,month_only_vague,False,False,True,True
2024년 지역축제 개최계획(홈페이지 게시)0930.xlsx,세부현황,2024,서울,제2회 크리스마스 마켓,기타(상권활성화),12.20~12.22,대면,,2024-12-20,2024-12-22,False,exact_or_partial,False,False,True,False
2024년 지역축제 개최계획(홈페이지 게시)0930.xlsx,세부현황,2024,서울,제2회 미아달빛시장,기타(상권활성화),10월~11월중 2일간,대면,,2024-10-01,2024-11-30,True,month_range_vague,False,False,True,False
2024년 지역축제 개최계획(홈페이지 게시)0930.xlsx,세부현황,2024,서울,제2회 광진청년문화Street페스티벌,문화예술,9월 중,대면,,2024-09-01,2024-09-30,True,month_only_vague,False,False,True,False
2024년 지역축제 개최계획(홈페이지 게시)0930.xlsx,세부현황,2024,서울,제2회 금천 청년축제,기타,09.28.(예정),대면,,2024-09-28,2024-09-28,False,exact_or_partial,False,False,True,False
2024년 지역축제 개최계획(홈페이지 게시)0930.xlsx,세부현황,2024,서울,제6회 금천과학축제,문화예술(과학),09.06.~09.07.,대면,,2024-09-06,2024-09-07,False,exact_or_partial,False,False,True,False
2024년 지역축제 개최계획(홈페이지 게시)0930.xlsx,세부현황,2024,서울,2024 금천하모니축제,문화예술,05.10.~05.12.,대면,,2024-05-10,2024-05-12,False,exact_or_partial,False,False,True,False
2024년 지역축제 개최계획(홈페이지 게시)0930.xlsx,세부현황,2024,서울,2024년 제7회 정조대왕 능행차 공동재현 행사,전통역사,10.05-10.06.,대면,,2024-10-05,2024-10-06,False,exact_or_partial,False,False,True,False
2024년 지역축제 개최계획(홈페이지 게시)0930.xlsx,세부현황,2024,서울,감로천 축제,기타(주민화합 등),10.19.,대면,,2024-10-19,2024-10-19,False,exact_or_partial,False,False,True,False
2024년 지역축제 개최계획(홈페이지 게시)0930.xlsx,세부현황,2024,서울,제4회 금천패션영화제,문화예술,11.01.~11.04.,대면,,2024-11-01,2024-11-04,False,exact_or_partial,False,False,True,False
2024년 지역축제 개최계획(홈페이지 게시)0930.xlsx,세부현황,2024,서울,노원 수제맥주축제,기타,5.31.~6.1.,대면,,2024-05-31,2024-06-01,False,exact_or_partial,False,False,True,True
2024년 지역축제 개최계획(홈페이지 게시)0930.xlsx,세부현황,2024,서울,노원달빛산책,문화예술,10.11.~11.3.,대면,,2024-10-11,2024-11-03,False,exact_or_partial,False,False,True,False
2024년 지역축제 개최계획(홈페이지 게시)0930.xlsx,세부현황,2024,서울,댄싱노원,문화예술,9.28.~9.29.,대면,,2024-09-28,2024-09-29,False,exact_or_partial,False,False,True,False
2024년 지역축제 개최계획(홈페이지 게시)0930.xlsx,세부현황,2024,서울,우이천 벚꽃 축제,문화예술,04.03.~04.07.,대면,,2024-04-03,2024-04-07,False,exact_or_partial,False,False,True,False
2024년 지역축제 개최계획(홈페이지 게시)0930.xlsx,세부현황,2024,서울,제12회 도봉구 등 축제,문화예술,10. 4. ~ 10. 12.,대면,,2024-10-04,2024-10-12,False,exact_or_partial,False,False,True,False
2024년 지역축제 개최계획(홈페이지 게시)0930.xlsx,세부현황,2024,서울,동대문구 봄꽃축제,생태자연,3.30.~3.31.,대면,,2024-03-30,2024-03-31,False,exact_or_partial,False,False,True,False
2024년 지역축제 개최계획(홈페이지 게시)0930.xlsx,세부현황,2024,서울,선농대제,전통역사,4.20.,대면,,2024-04-20,2024-04-20,False,exact_or_partial,False,False,True,False
2024년 지역축제 개최계획(홈페이지 게시)0930.xlsx,세부현황,2024,서울,청룡문화제,전통역사,10.26.,대면,,2024-10-26,2024-10-26,False,exact_or_partial,False,False,True,False
2024년 지역축제 개최계획(홈페이지 게시)0930.xlsx,세부현황,2024,서울,제17회 마포나루 새우젓축제,"전통역사
특산물",10.18.~10.20.,대면,,2024-10-18,2024-10-20,False,exact_or_partial,False,False,True,False
2024년 지역축제 개최계획(홈페이지 게시)0930.xlsx,세부현황,2024,서울,제21회 마포음식문화축제,기타(주민화합 등),10월 중,대면,,2024-10-01,2024-10-31,True,month_only_vague,False,False,True,False
2024년 지역축제 개최계획(홈페이지 게시)0930.xlsx,세부현황,2024,서울,하늘길 페스타,기타(상권활성화),10. 4.~10.5.,대면,,2024-10-04,2024-10-05,False,exact_or_partial,False,False,True,False
2024년 지역축제 개최계획(홈페이지 게시)0930.xlsx,세부현황,2024,서울,제4회 상암동 통통통 물통통 마을축제,기타,7월중(1일),대면,,2024-07-01,2024-07-31,True,month_only_vague,False,False,True,False
2024년 지역축제 개최계획(홈페이지 게시)0930.xlsx,세부현황,2024,서울,2024년 연남동주민화합대축제,기타(주민화합),10월 중,대면,,2024-10-01,2024-10-31,True,month_only_vague,False,False,True,False
2024년 지역축제 개최계획(홈페이지 게시)0930.xlsx,세부현황,2024,서울,서대문 벚꽃 축제,문화예술,4월중,대면,,2024-04-01,2024-04-30,True,month_only_vague,False,False,True,False
2024년 지역축제 개최계획(홈페이지 게시)0930.xlsx,세부현황,2024,서울,서대문독립축제,"문화예술, 전통역사",8월중,대면,,2024-08-01,2024-08-31,True,month_only_vague,False,False,True,False
2024년 지역축제 개최계획(홈페이지 게시)0930.xlsx,세부현황,2024,서울,신촌글로벌대학문화축제,문화예술,9.25~9.27,대면,,2024-09-25,2024-09-27,False,exact_or_partial,False,False,True,False
2024년 지역축제 개최계획(홈페이지 게시)0930.xlsx,세부현황,2024,서울,신촌카운트다운 콘서트,문화예술,12.31.,대면,,2024-12-31,2024-12-31,False,exact_or_partial,False,False,True,False
2024년 지역축제 개최계획(홈페이지 게시)0930.xlsx,세부현황,2024,서울,봄밤의 클래식 축제,문화예술,4월중,대면,,2024-04-01,2024-04-30,True,month_only_vague,False,False,True,False
2024년 지역축제 개최계획(홈페이지 게시)0930.xlsx,세부현황,2024,서울,서초뮤직앤아트페스티벌,문화예술,6월중,대면,,2024-06-01,2024-06-30,True,month_only_vague,False,False,True,False
2024년 지역축제 개최계획(홈페이지 게시)0930.xlsx,세부현황,2024,서울,2024 서리풀페스티벌,문화예술,9월중,대면,,2024-09-01,2024-09-30,True,month_only_vague,False,False,True,False
2024년 지역축제 개최계획(홈페이지 게시)0930.xlsx,세부현황,2024,서울,제18회 영등포 여의도 봄꽃축제,"문화예술, 생태자연",3월말 중,대면,,2024-03-01,2024-03-31,True,month_only_vague,False,False,True,False
2024년 지역축제 개최계획(홈페이지 게시)0930.xlsx,세부현황,2024,서울,선유로운 축제,문화예술,5월 중,대면,,2024-05-01,2024-05-31,True,month_only_vague,False,False,True,False
2024년 지역축제 개최계획(홈페이지 게시)0930.xlsx,세부현황,2024,서울,안양천 썸머 페스티벌,생태자연,7월말~8월초,대면,,2024-07-01,2024-08-31,True,month_range_vague,False,False,True,False
2024년 지역축제 개최계획(홈페이지 게시)0930.xlsx,세부현황,2024,서울,선유로운 축제,문화예술,9~10월 중,대면,,2024-10-01,2024-10-31,True,month_only_vague,False,False,True,False
2024년 지역축제 개최계획(홈페이지 게시)0930.xlsx,세부현황,2024,서울,안양천 수변문화축제,"문화예술, 생태자연",9월~10월 중,대면,,2024-09-01,2024-10-31,True,month_range_vague,False,False,True,False
2024년 지역축제 개최계획(홈페이지 게시)0930.xlsx,세부현황,2024,서울,2024 이태원 지구촌 축제,문화예술,9월 중,혼합형(대면 중심),,2024-09-01,2024-09-30,True,month_only_vague,False,False,True,False
2024년 지역축제 개최계획(홈페이지 게시)0930.xlsx,세부현황,2024,서울,제42회 남이장군사당제,전통역사,11.1.~11.5.,대면,,2024-11-01,2024-11-05,False,exact_or_partial,False,False,True,False
2024년 지역축제 개최계획(홈페이지 게시)0930.xlsx,세부현황,2024,서울,용산 문화유산 야행,전통역사,9.27.~9.28.,대면,,2024-09-27,2024-09-28,False,exact_or_partial,False,False,True,False
2024년 지역축제 개최계획(홈페이지 게시)0930.xlsx,세부현황,2024,서울,제16회 정순왕후 문화제,전통역사,4월중,대면,,2024-04-01,2024-04-30,True,month_only_vague,False,False,True,False
2024년 지역축제 개최계획(홈페이지 게시)0930.xlsx,세부현황,2024,서울,궁중과 사대부가 전통음식축제,전통역사,10월중,대면,,2024-10-01,2024-10-31,True,month_only_vague,False,False,True,False
2024년 지역축제 개최계획(홈페이지 게시)0930.xlsx,세부현황,2024,서울,종로청계야 놀자,문화예술,10월중,대면,,2024-10-01,2024-10-31,True,month_only_vague,False,False,True,False
2024년 지역축제 개최계획(홈페이지 게시)0930.xlsx,세부현황,2024,서울,돈화문로 문화축제,문화예술,10월중,대면,,2024-10-01,2024-10-31,True,month_only_vague,False,False,True,False
2024년 지역축제 개최계획(홈페이지 게시)0930.xlsx,세부현황,2024,서울,북촌공방축제,문화예술,10월중,대면,,2024-10-01,2024-10-31,True,month_only_vague,False,False,True,False
2024년 지역축제 개최계획(홈페이지 게시)0930.xlsx,세부현황,2024,서울,정동야행축제,문화예술,05.24.~05.25.,대면,,2024-05-24,2024-05-25,False,exact_or_partial,False,False,True,False
2024년 지역축제 개최계획(홈페이지 게시)0930.xlsx,세부현황,2024,서울,2023 서울장미축제,문화예술,5월중,대면,,2024-05-01,2024-05-31,True,month_only_vague,False,False,True,False
2024년 지역축제 개최계획(홈페이지 게시)0930.xlsx,세부현황,2024,서울,2023 용마폭포문화예술축제,문화예술,10월중,대면,,2024-10-01,2024-10-31,True,month_only_vague,False,False,True,False
2024년 지역축제 개최계획(홈페이지 게시)0930.xlsx,세부현황,2024,서울,2024 성북천 봄꽃축제,기타,04.12~04.13(예정),대면,,2024-04-12,2024-04-13,False,exact_or_partial,False,False,True,False
2024년 지역축제 개최계획(홈페이지 게시)0930.xlsx,세부현황,2024,서울,제13회 유러피안 크리스마스 마켓,문화예술,12월 중(미정) 2일간,대면,,2024-12-01,2024-12-31,True,month_only_vague,False,False,True,False
2024년 지역축제 개최계획(홈페이지 게시)0930.xlsx,세부현황,2024,서울,사각사각 가을축제,문화예술,10월 중(2일간),대면,,2024-10-01,2024-10-31,True,month_only_vague,False,False,True,False
2024년 지역축제 개최계획(홈페이지 게시)0930.xlsx,세부현황,2024,부산,조선통신사축제,전통역사,5.3.~5.5.,대면,,2024-05-03,2024-05-05,False,exact_or_partial,False,False,True,False
2024년 지역축제 개최계획(홈페이지 게시)0930.xlsx,세부현황,2024,부산,부산원도심활성화축제,문화예술,5월중,대면,,2024-05-01,2024-05-31,True,month_only_vague,False,False,True,False
2024년 지역축제 개최계획(홈페이지 게시)0930.xlsx,세부현황,2024,부산,부산항축제,기타,"5월중
(예정)",혼합형,,2024-05-01,2024-05-31,True,month_only_vague,False,False,True,False
2024년 지역축제 개최계획(홈페이지 게시)0930.xlsx,세부현황,2024,부산,부산바다축제,문화예술,7월말,대면,,2024-07-01,2024-07-31,True,month_only_vague,False,False,True,False
2024년 지역축제 개최계획(홈페이지 게시)0930.xlsx,세부현황,2024,부산,부산국제록페스티벌,문화예술,10월중,대면,,2024-10-01,2024-10-31,True,month_only_vague,False,False,True,False
2024년 지역축제 개최계획(홈페이지 게시)0930.xlsx,세부현황,2024,부산,부산불꽃축제,문화예술,11월중,대면,,2024-11-01,2024-11-30,True,month_only_vague,False,False,True,False
2024년 지역축제 개최계획(홈페이지 게시)0930.xlsx,세부현황,2024,부산,해운대북극곰축제,생태자연,12월중,대면,,2024-12-01,2024-12-31,True,month_only_vague,False,False,True,False
2024년 지역축제 개최계획(홈페이지 게시)0930.xlsx,세부현황,2024,부산,부산 시민의종 타종행사,문화예술,12.31.,대면,,2024-12-31,2024-12-31,False,exact_or_partial,False,False,True,False
2024년 지역축제 개최계획(홈페이지 게시)0930.xlsx,세부현황,2024,부산,광복로 연등문화제,문화예술,5월중,대면,,2024-05-01,2024-05-31,True,month_only_vague,False,False,True,False
2024년 지역축제 개최계획(홈페이지 게시)0930.xlsx,세부현황,2024,부산,유라리건맥축제,지역특산물,9월중,대면,,2024-09-01,2024-09-30,True,month_only_vague,False,False,True,False
2024년 지역축제 개최계획(홈페이지 게시)0930.xlsx,세부현황,2024,부산,부산자갈치축제,지역특산물,10월중,대면,,2024-10-01,2024-10-31,True,month_only_vague,False,False,True,False
2024년 지역축제 개최계획(홈페이지 게시)0930.xlsx,세부현황,2024,부산,보수동책방골목 문화축제,문화예술,10월중,대면,,2024-10-01,2024-10-31,True,month_only_vague,False,False,True,False
2024년 지역축제 개최계획(홈페이지 게시)0930.xlsx,세부현황,2024,부산,광복로 겨울빛 트리축제,문화예술,24.12.~25.1.,대면,,2024-12-01,2024-12-31,True,month_detected_vague,False,False,True,False
2024년 지역축제 개최계획(홈페이지 게시)0930.xlsx,세부현황,2024,부산,부산고등어축제,지역특산물,10월중,혼합형,,2024-10-01,2024-10-31,True,month_only_vague,False,False,True,False
2024년 지역축제 개최계획(홈페이지 게시)0930.xlsx,세부현황,2024,부산,부산 서구 의료관광축제,기타(지역산업),10월중,대면,,2024-10-01,2024-10-31,True,month_only_vague,False,False,True,False
2024년 지역축제 개최계획(홈페이지 게시)0930.xlsx,세부현황,2024,부산,부산차이나타운문화축제,문화예술,10.18.~10.20.,혼합형,,2024-10-18,2024-10-20,False,exact_or_partial,False,False,True,False
2024년 지역축제 개최계획(홈페이지 게시)0930.xlsx,세부현황,2024,부산,동구 3.1절 기념 행사,문화예술,3.9.,대면,,2024-03-09,2024-03-09,False,exact_or_partial,False,False,True,False
2024년 지역축제 개최계획(홈페이지 게시)0930.xlsx,세부현황,2024,부산,웹툰이바구길축제,문화예술,10월중,대면,,2024-10-01,2024-10-31,True,month_only_vague,False,False,True,False
2024년 지역축제 개최계획(홈페이지 게시)0930.xlsx,세부현황,2024,부산,영도다리축제,문화예술,10월중,대면,,2024-10-01,2024-10-31,True,month_only_vague,False,False,True,False
2024년 지역축제 개최계획(홈페이지 게시)0930.xlsx,세부현황,2024,부산,영도커피페스티벌,문화예술,5.24.~5.26.,대면,,2024-05-24,2024-05-26,False,exact_or_partial,False,False,True,False
2024년 지역축제 개최계획(홈페이지 게시)0930.xlsx,세부현황,2024,부산,"전포커피축제
(구. 전포카페거리축제)",기타,10월중,대면,,2024-10-01,2024-10-31,True,month_only_vague,False,False,True,False
2024년 지역축제 개최계획(홈페이지 게시)0930.xlsx,세부현황,2024,부산,서면메디컬스트리트축제,기타,10월중,대면,,2024-10-01,2024-10-31,True,month_only_vague,False,False,True,False
2024년 지역축제 개최계획(홈페이지 게시)0930.xlsx,세부현황,2024,부산,서면 빛 축제,주민화합,24.10.~25.1.,대면,,2024-10-01,2024-10-31,True,month_detected_vague,False,False,True,False
2024년 지역축제 개최계획(홈페이지 게시)0930.xlsx,세부현황,2024,부산,동래읍성역사축제,전통역사,10.11.~10.13.,대면,,2024-10-11,2024-10-13,False,exact_or_partial,False,False,True,False
2024년 지역축제 개최계획(홈페이지 게시)0930.xlsx,세부현황,2024,부산,동래 3.1만세운동재현행사,문화예술,3.1.,대면,,2024-03-01,2024-03-01,False,exact_or_partial,False,False,True,False
2024년 지역축제 개최계획(홈페이지 게시)0930.xlsx,세부현황,2024,부산,UN평화축제,문화예술,10.19.~10.20.,대면,,2024-10-19,2024-10-20,False,exact_or_partial,False,False,True,False
2024년 지역축제 개최계획(홈페이지 게시)0930.xlsx,세부현황,2024,부산,구포장터 3.1만세운동기념행사,문화예술,3.29.,대면,,2024-03-29,2024-03-29,False,exact_or_partial,False,False,True,False
2024년 지역축제 개최계획(홈페이지 게시)0930.xlsx,세부현황,2024,부산,낙동강 구포나루 축제,문화예술,10월중(3일간),대면,,2024-10-01,2024-10-31,True,month_only_vague,False,False,True,False
2024년 지역축제 개최계획(홈페이지 게시)0930.xlsx,세부현황,2024,부산,해운대 달맞이온천축제,전통역사,2.22.~2.24.,대면,,2024-02-22,2024-02-24,False,exact_or_partial,False,False,True,False
2024년 지역축제 개최계획(홈페이지 게시)0930.xlsx,세부현황,2024,부산,해운대모래축제,생태자연,5.24.~5.27.,대면,,2024-05-24,2024-05-27,False,exact_or_partial,False,False,True,False
2024년 지역축제 개최계획(홈페이지 게시)0930.xlsx,세부현황,2024,부산,해운대 해양레저축제,문화예술,8.24.~8.25.,대면,,2024-08-24,2024-08-25,False,exact_or_partial,False,False,True,False
2024년 지역축제 개최계획(홈페이지 게시)0930.xlsx,세부현황,2024,부산,해운대 빛축제,문화예술,12월중,대면,,2024-12-01,2024-12-31,True,month_only_vague,False,False,True,False
2024년 지역축제 개최계획(홈페이지 게시)0930.xlsx,세부현황,2024,부산,"해운대 카운트다운
&해맞이축제",기타,"24.12.31.
~25.1.1.",대면,,2024-12-31,2025-01-01,False,exact_or_partial,False,False,True,False
2024년 지역축제 개최계획(홈페이지 게시)0930.xlsx,세부현황,2024,부산,다대포어항문화축제,전통역사,10월중,대면,,2024-10-01,2024-10-31,True,month_only_vague,False,False,True,False
2024년 지역축제 개최계획(홈페이지 게시)0930.xlsx,세부현황,2024,부산,감천문화마을골목축제,문화예술,10월중,대면,,2024-10-01,2024-10-31,True,month_only_vague,False,False,True,False
2024년 지역축제 개최계획(홈페이지 게시)0930.xlsx,세부현황,2024,부산,금정산성축제,문화예술,5.24.~5.26.,혼합형,,2024-05-24,2024-05-26,False,exact_or_partial,False,False,True,False
2024년 지역축제 개최계획(홈페이지 게시)0930.xlsx,세부현황,2024,부산,부산국제공연예술제,문화예술,9월중,혼합형,,2024-09-01,2024-09-30,True,month_only_vague,False,False,True,False
2024년 지역축제 개최계획(홈페이지 게시)0930.xlsx,세부현황,2024,부산,회동호 가을빛 축제,문화예술,10월중,혼합형,,2024-10-01,2024-10-31,True,month_only_vague,False,False,True,False
2024년 지역축제 개최계획(홈페이지 게시)0930.xlsx,세부현황,2024,부산,라라라 페스티벌,기타,10월중,혼합형,,2024-10-01,2024-10-31,True,month_only_vague,False,False,True,False
2024년 지역축제 개최계획(홈페이지 게시)0930.xlsx,세부현황,2024,부산,연제고분판타지축제,전통역사,3.22.~3.24.,대면,,2024-03-22,2024-03-24,False,exact_or_partial,False,False,True,False
2024년 지역축제 개최계획(홈페이지 게시)0930.xlsx,세부현황,2024,부산,강서 낙동강30리 벚꽃축제,생태자연,"3.29.~3.31.
(예정)",대면,,2024-03-29,2024-03-31,False,exact_or_partial,False,False,True,False
2024년 지역축제 개최계획(홈페이지 게시)0930.xlsx,세부현황,2024,부산,명지시장 전어축제,특산물,8월말,대면,,2024-08-01,2024-08-31,True,month_only_vague,False,False,True,False
2024년 지역축제 개최계획(홈페이지 게시)0930.xlsx,세부현황,2024,부산,대저토마토축제,특산물,3.23.~3.24.,대면,,2024-03-23,2024-03-24,False,exact_or_partial,False,False,True,False
2024년 지역축제 개최계획(홈페이지 게시)0930.xlsx,세부현황,2024,부산,광안리어방축제,전통역사,5.10.~5.12.,대면,,2024-05-10,2024-05-12,False,exact_or_partial,False,False,True,False
2024년 지역축제 개최계획(홈페이지 게시)0930.xlsx,세부현황,2024,부산,사상강변축제,문화예술,"10월중
(2일간)",대면,,2024-10-01,2024-10-31,True,month_only_vague,False,False,True,False
2024년 지역축제 개최계획(홈페이지 게시)0930.xlsx,세부현황,2024,부산,삼락벚꽃축제,문화예술,3.30.~31.,대면,,2024-03-30,2024-03-31,False,exact_or_partial,False,False,True,False
2024년 지역축제 개최계획(홈페이지 게시)0930.xlsx,세부현황,2024,부산,기장멸치축제,특산물,4월중,대면,,2024-04-01,2024-04-30,True,month_only_vague,False,False,True,False
2024년 지역축제 개최계획(홈페이지 게시)0930.xlsx,세부현황,2024,부산,기장미역다시마 축제,특산물,4월중,대면,,2024-04-01,2024-04-30,True,month_only_vague,False,False,True,False
2024년 지역축제 개최계획(홈페이지 게시)0930.xlsx,세부현황,2024,부산,정관생태하천학습문화축제,문화예술,6월중(하루),대면,,2024-06-01,2024-06-30,True,month_only_vague,False,False,True,False
2024년 지역축제 개최계획(홈페이지 게시)0930.xlsx,세부현황,2024,부산,기장갯마을축제,주민화합,7~8월중,대면,,2024-08-01,2024-08-31,True,month_only_vague,False,False,True,False
2024년 지역축제 개최계획(홈페이지 게시)0930.xlsx,세부현황,2024,부산,기장붕장어축제,특산물,9~10월중,대면,,2024-10-01,2024-10-31,True,month_only_vague,False,False,True,False
2024년 지역축제 개최계획(홈페이지 게시)0930.xlsx,세부현황,2024,부산,차성문화제,문화예술,10월중,대면,,2024-10-01,2024-10-31,True,month_only_vague,False,False,True,False
2024년 지역축제 개최계획(홈페이지 게시)0930.xlsx,세부현황,2024,부산,철마한우불고기축제,특산물,"10월중
(예정)",대면,,2024-10-01,2024-10-31,True,month_only_vague,False,False,True,False
2024년 지역축제 개최계획(홈페이지 게시)0930.xlsx,세부현황,2024,부산,기장군 가을꽃나들이 홍보행사,특산물,"10.17.~10.20.
(예정)",대면,,2024-10-17,2024-10-20,False,exact_or_partial,False,False,True,False
2024년 지역축제 개최계획(홈페이지 게시)0930.xlsx,세부현황,2024,부산,기장 쪽파파전 홍보행사,특산물,"11.9.~11.10.
(예정)",대면,,2024-11-09,2024-11-10,False,exact_or_partial,False,False,True,False
2024년 지역축제 개최계획(홈페이지 게시)0930.xlsx,세부현황,2024,대구,제46회 대구약령시한방문화축제,전통역사,05.08.~05.12.,대면,,2024-05-08,2024-05-12,False,exact_or_partial,False,False,True,False
2024년 지역축제 개최계획(홈페이지 게시)0930.xlsx,세부현황,2024,대구,파워풀대구페스티벌,문화예술,05.11.~05.12.,대면,,2024-05-11,2024-05-12,False,exact_or_partial,False,False,True,False
2024년 지역축제 개최계획(홈페이지 게시)0930.xlsx,세부현황,2024,대구,대구생활문화제,문화예술,05.11.~05.12.,대면,,2024-05-11,2024-05-12,False,exact_or_partial,False,False,True,False
2024년 지역축제 개최계획(홈페이지 게시)0930.xlsx,세부현황,2024,대구,형형색색 달구벌 관등놀이,전통역사,5월경,혼합형,,2024-05-01,2024-05-31,True,month_only_vague,False,False,True,False
2024년 지역축제 개최계획(홈페이지 게시)0930.xlsx,세부현황,2024,대구,제18회 대구국제뮤지컬페스티벌,문화예술,06.21.~07.08.,대면,,2024-06-21,2024-07-08,False,exact_or_partial,False,False,True,False
2024년 지역축제 개최계획(홈페이지 게시)0930.xlsx,세부현황,2024,대구,대구치맥페스티벌,기타(산업육성),7월초(5일간),대면,,2024-07-01,2024-07-31,True,month_only_vague,False,False,True,True
2024년 지역축제 개최계획(홈페이지 게시)0930.xlsx,세부현황,2024,대구,제21회 대구국제오페라축제,문화예술,10.04.~11.08.,대면,,2024-10-04,2024-11-08,False,exact_or_partial,False,False,True,False
2024년 지역축제 개최계획(홈페이지 게시)0930.xlsx,세부현황,2024,대구,대구콘텐츠페어,기타(산업육성),10.11.~10.12.,혼합형,,2024-10-11,2024-10-12,False,exact_or_partial,False,False,True,False
2024년 지역축제 개최계획(홈페이지 게시)0930.xlsx,세부현황,2024,대구,팔공산 산중전통장터 승시 축제,전통역사,10월중,대면,,2024-10-01,2024-10-31,True,month_only_vague,False,False,True,False
2024년 지역축제 개최계획(홈페이지 게시)0930.xlsx,세부현황,2024,대구,대구포크페스티벌,문화예술,10월중,혼합형,,2024-10-01,2024-10-31,True,month_only_vague,False,False,True,False
2024년 지역축제 개최계획(홈페이지 게시)0930.xlsx,세부현황,2024,대구,월드오케스트라페스티벌,문화예술,10~11월중,대면,,2024-11-01,2024-11-30,True,month_only_vague,False,False,True,False
2024년 지역축제 개최계획(홈페이지 게시)0930.xlsx,세부현황,2024,대구,제35회 동성로축제,기타,05.10.~05.12.,대면,,2024-05-10,2024-05-12,False,exact_or_partial,False,False,True,False
2024년 지역축제 개최계획(홈페이지 게시)0930.xlsx,세부현황,2024,대구,대구 문화유산 야행,문화예술,08.30.~08.31.(예정),대면,,2024-08-30,2024-08-31,False,exact_or_partial,False,False,True,False
2024년 지역축제 개최계획(홈페이지 게시)0930.xlsx,세부현황,2024,대구,제11회 대구스트리트모터페스티벌,기타,9월중,대면,,2024-09-01,2024-09-30,True,month_only_vague,False,False,True,False
2024년 지역축제 개최계획(홈페이지 게시)0930.xlsx,세부현황,2024,대구,제19회 패션주얼리위크,문화예술,9월중,대면,,2024-09-01,2024-09-30,True,month_only_vague,False,False,True,False
2024년 지역축제 개최계획(홈페이지 게시)0930.xlsx,세부현황,2024,대구,서문시장글로벌대축제,전통역사,10월중,혼합형,,2024-10-01,2024-10-31,True,month_only_vague,False,False,True,False
2024년 지역축제 개최계획(홈페이지 게시)0930.xlsx,세부현황,2024,대구,교동시장한마음축제,전통역사,10월중,혼합형,,2024-10-01,2024-10-31,True,month_only_vague,False,False,True,False
2024년 지역축제 개최계획(홈페이지 게시)0930.xlsx,세부현황,2024,대구,김광석길페스티벌,문화예술,10월중,대면,,2024-10-01,2024-10-31,True,month_only_vague,False,False,True,False
2024년 지역축제 개최계획(홈페이지 게시)0930.xlsx,세부현황,2024,대구,대구화교중화문화축제,문화예술,10월중,대면,,2024-10-01,2024-10-31,True,month_only_vague,False,False,True,False
2024년 지역축제 개최계획(홈페이지 게시)0930.xlsx,세부현황,2024,대구,제13회 팔공산 벚꽃축제,생태자연,4월중,대면,,2024-04-01,2024-04-30,True,month_only_vague,False,False,True,False
2024년 지역축제 개최계획(홈페이지 게시)0930.xlsx,세부현황,2024,대구,제23회 팔공산 단풍축제,생태자연,10월중,대면,,2024-10-01,2024-10-31,True,month_only_vague,False,False,True,False
2024년 지역축제 개최계획(홈페이지 게시)0930.xlsx,세부현황,2024,대구,"달구벌목민관 부임
마을축제",전통역사,10월중,대면,,2024-10-01,2024-10-31,True,month_only_vague,False,False,True,False
2024년 지역축제 개최계획(홈페이지 게시)0930.xlsx,세부현황,2024,대구,제29회 대덕제 「대구앞산축제」,문화예술,05.25.~05.26.,대면,,2024-05-25,2024-05-26,False,exact_or_partial,False,False,True,False
2024년 지역축제 개최계획(홈페이지 게시)0930.xlsx,세부현황,2024,대구,제12회 로드페스티벌,문화예술,6월 예정,대면,,2024-06-01,2024-06-30,True,month_only_vague,False,False,True,False
2024년 지역축제 개최계획(홈페이지 게시)0930.xlsx,세부현황,2024,대구,2024 대구할로윈축제,문화예술,10월 예정,대면,,2024-10-01,2024-10-31,True,month_only_vague,False,False,True,False
2024년 지역축제 개최계획(홈페이지 게시)0930.xlsx,세부현황,2024,대구,제4회 떡볶이 페스티벌,문화예술,5월중,대면,,2024-05-01,2024-05-31,True,month_only_vague,False,False,True,False
2024년 지역축제 개최계획(홈페이지 게시)0930.xlsx,세부현황,2024,대구,2024 금호강 바람소리길 축제,문화예술,9~10월중,대면,,2024-10-01,2024-10-31,True,month_only_vague,False,False,True,False
2024년 지역축제 개최계획(홈페이지 게시)0930.xlsx,세부현황,2024,대구,수성못페스티벌,문화예술,09.22.~09.24.,대면,,2024-09-22,2024-09-24,False,exact_or_partial,False,False,True,False
2024년 지역축제 개최계획(홈페이지 게시)0930.xlsx,세부현황,2024,대구,장미꽃 필 무렵,생태자연,05.17.~05.19.,대면,,2024-05-17,2024-05-19,False,exact_or_partial,False,False,True,False
2024년 지역축제 개최계획(홈페이지 게시)0930.xlsx,세부현황,2024,대구,선사문화체험축제,전통역사,5월중,대면,,2024-05-01,2024-05-31,True,month_only_vague,False,False,True,False
2024년 지역축제 개최계획(홈페이지 게시)0930.xlsx,세부현황,2024,대구,희망달서 대축제,기타(주민화합),10월중,대면,,2024-10-01,2024-10-31,True,month_only_vague,False,False,True,False
2024년 지역축제 개최계획(홈페이지 게시)0930.xlsx,세부현황,2024,대구,제28회 비슬산 참꽃 문화제,문화예술,4월중(2일),대면,,2024-04-01,2024-04-30,True,month_only_vague,False,False,True,False
2024년 지역축제 개최계획(홈페이지 게시)0930.xlsx,세부현황,2024,대구,2024 yes! 키즈존,문화예술,"5월, 10월중(각1일)",대면,,2024-05-01,2024-10-31,True,month_range_vague,False,False,True,False
2024년 지역축제 개최계획(홈페이지 게시)0930.xlsx,세부현황,2024,인천,송도 바람축제,문화예술,5월 중,대면,,2024-05-01,2024-05-31,True,month_only_vague,False,False,True,False
2024년 지역축제 개최계획(홈페이지 게시)0930.xlsx,세부현황,2024,인천,청라 페스티벌,문화예술,5월 중,대면,,2024-05-01,2024-05-31,True,month_only_vague,False,False,True,False
2024년 지역축제 개최계획(홈페이지 게시)0930.xlsx,세부현황,2024,인천,영종 세계음식축제,문화예술,9월 중,대면,,2024-09-01,2024-09-30,True,month_only_vague,False,False,True,False
2024년 지역축제 개최계획(홈페이지 게시)0930.xlsx,세부현황,2024,인천,청라 와인페스티벌,문화예술,10월 중,대면,,2024-10-01,2024-10-31,True,month_only_vague,False,False,True,False
2024년 지역축제 개최계획(홈페이지 게시)0930.xlsx,세부현황,2024,인천,2024년 인천대공원 벚꽃축제,문화예술,4. 6. ~ 4. 7.(예정),대면,,2024-04-06,2024-04-07,False,exact_or_partial,False,False,True,False
2024년 지역축제 개최계획(홈페이지 게시)0930.xlsx,세부현황,2024,인천,제4회 인천도시재생축제,기타,10월 중 (협의중),대면,,2024-10-01,2024-10-31,True,month_only_vague,False,False,True,False
2024년 지역축제 개최계획(홈페이지 게시)0930.xlsx,세부현황,2024,인천,인천펜타포트음악축제,문화예술,5월~9월,대면,,2024-05-01,2024-09-30,True,month_range_vague,False,False,True,False
2024년 지역축제 개최계획(홈페이지 게시)0930.xlsx,세부현황,2024,인천,INK콘서트,문화예술,9월,대면,,2024-09-01,2024-09-30,True,month_only_vague,False,False,True,False
2024년 지역축제 개최계획(홈페이지 게시)0930.xlsx,세부현황,2024,인천,동인천 낭만축제,주민화합,10월,대면,,2024-10-01,2024-10-31,True,month_only_vague,False,False,True,False
2024년 지역축제 개최계획(홈페이지 게시)0930.xlsx,세부현황,2024,인천,(가제) 상플 1·8부두 야시장,주민화합,6월 예정,대면,,2024-06-01,2024-06-30,True,month_only_vague,False,False,True,False
2024년 지역축제 개최계획(홈페이지 게시)0930.xlsx,세부현황,2024,인천,인천개항장문화재야행,전통역사,"6월, 10월",대면,,2024-06-01,2024-10-31,True,month_range_vague,False,False,True,False
2024년 지역축제 개최계획(홈페이지 게시)0930.xlsx,세부현황,2024,인천,연안부두축제,문화예술,10월중,대면,,2024-10-01,2024-10-31,True,month_only_vague,False,False,True,False
2024년 지역축제 개최계획(홈페이지 게시)0930.xlsx,세부현황,2024,인천,2024 가족의달 어린이축제,문화예술,5. 4. ~ 5.,대면,,2024-05-04,2024-05-05,False,exact_or_partial,False,False,True,False
2024년 지역축제 개최계획(홈페이지 게시)0930.xlsx,세부현황,2024,인천,2024 자유공원축제,문화예술,5월,대면,,2024-05-01,2024-05-31,True,month_only_vague,False,False,True,False
2024년 지역축제 개최계획(홈페이지 게시)0930.xlsx,세부현황,2024,인천,2024 동인천고고축제,문화예술,5월,대면,,2024-05-01,2024-05-31,True,month_only_vague,False,False,True,False
2024년 지역축제 개최계획(홈페이지 게시)0930.xlsx,세부현황,2024,인천,2024 크리스마스 트리축제,문화예술,11월~2025년 1월,대면,,2024-11-01,2024-01-31,True,month_range_vague,False,False,True,False
2024년 지역축제 개최계획(홈페이지 게시)0930.xlsx,세부현황,2024,인천,제35회 화도진축제,"전통역사, 문화예술",5월 중,대면,,2024-05-01,2024-05-31,True,month_only_vague,False,False,True,False
2024년 지역축제 개최계획(홈페이지 게시)0930.xlsx,세부현황,2024,인천,화수부두 축제,"특산물, 기타",10월 중,대면,,2024-10-01,2024-10-31,True,month_only_vague,False,False,True,False
2024년 지역축제 개최계획(홈페이지 게시)0930.xlsx,세부현황,2024,인천,2024. 수봉산 문화공연,기타(주민화합 등),4월 중,대면,,2024-04-01,2024-04-30,True,month_only_vague,False,False,True,False
2024년 지역축제 개최계획(홈페이지 게시)0930.xlsx,세부현황,2024,인천,제4회 수봉산페스티벌,기타(주민화합 등),9월 중,대면,,2024-09-01,2024-09-30,True,month_only_vague,False,False,True,False
2024년 지역축제 개최계획(홈페이지 게시)0930.xlsx,세부현황,2024,인천,제21회 미추홀미디어문화축제,기타(주민화합 등),9월 중,대면,,2024-09-01,2024-09-30,True,month_only_vague,False,False,True,False
2024년 지역축제 개최계획(홈페이지 게시)0930.xlsx,세부현황,2024,인천,크리스마스트리 축제,기타(주민화합 등),12월 중,대면,,2024-12-01,2024-12-31,True,month_only_vague,False,False,True,False
2024년 지역축제 개최계획(홈페이지 게시)0930.xlsx,세부현황,2024,인천,제24회 소래포구축제,생태자연,9~10월중,대면,,2024-10-01,2024-10-31,True,month_only_vague,False,False,True,False
2024년 지역축제 개최계획(홈페이지 게시)0930.xlsx,세부현황,2024,인천,주민자치 축제 한마당,기타(주민화합),9~10월중,대면,,2024-10-01,2024-10-31,True,month_only_vague,False,False,True,False
2024년 지역축제 개최계획(홈페이지 게시)0930.xlsx,세부현황,2024,인천,2024년 제28회 부평풍물대축제,문화예술,09.27.~09.29.,대면,,2024-09-27,2024-09-29,False,exact_or_partial,False,False,True,False
2024년 지역축제 개최계획(홈페이지 게시)0930.xlsx,세부현황,2024,인천,정서진 해넘이 행사,기타,12.1.~12.31.,대면,,2024-12-01,2024-12-31,False,exact_or_partial,False,False,True,False
2024년 지역축제 개최계획(홈페이지 게시)0930.xlsx,세부현황,2024,인천,"크리스마스트리 문화행사
정서진 with 크리스마스",기타,12.1.~12.31.,대면,,2024-12-01,2024-12-31,False,exact_or_partial,False,False,True,False
2024년 지역축제 개최계획(홈페이지 게시)0930.xlsx,세부현황,2024,인천,고려산 진달래꽃구경,생태자연,4월중,대면,,2024-04-01,2024-04-30,True,month_only_vague,False,False,True,False
2024년 지역축제 개최계획(홈페이지 게시)0930.xlsx,세부현황,2024,인천,삼랑성역사문화축제,전통역사,10월중,대면,,2024-10-01,2024-10-31,True,month_only_vague,False,False,True,False
2024년 지역축제 개최계획(홈페이지 게시)0930.xlsx,세부현황,2024,인천,"강화 와글와글 원도심 
활성화 행사",기타,"5월, 10월중",대면,,2024-05-01,2024-10-31,True,month_range_vague,False,False,True,False
2024년 지역축제 개최계획(홈페이지 게시)0930.xlsx,세부현황,2024,인천,강화문화재야행,전통역사,9월중,대면,,2024-09-01,2024-09-30,True,month_only_vague,False,False,True,False
2024년 지역축제 개최계획(홈페이지 게시)0930.xlsx,세부현황,2024,인천,강화 화개정원 축제,생태자연,10월 중,대면,,2024-10-01,2024-10-31,True,month_only_vague,False,False,True,False
2024년 지역축제 개최계획(홈페이지 게시)0930.xlsx,세부현황,2024,인천,연평꽃게걷기축제,특산물,06.10.~06.11.,대면,,2024-06-10,2024-06-11,False,exact_or_partial,False,False,True,False
2024년 지역축제 개최계획(홈페이지 게시)0930.xlsx,세부현황,2024,인천,영흥풍어기원제,전통역사,03.04.,대면,,2024-03-04,2024-03-04,False,exact_or_partial,False,False,True,False
2024년 지역축제 개최계획(홈페이지 게시)0930.xlsx,세부현황,2024,인천,섬마을밴드음악축제,문화예술,10.01.,대면,,2024-10-01,2024-10-01,False,exact_or_partial,False,False,True,False
2024년 지역축제 개최계획(홈페이지 게시)0930.xlsx,세부현황,2024,인천,"제8회 옹진군수배
전국바다낚시대회",기타,4. 19.(예상),대면,,2024-04-19,2024-04-19,False,exact_or_partial,False,False,True,False
2024년 지역축제 개최계획(홈페이지 게시)0930.xlsx,세부현황,2024,인천,"영흥수협 수산물 
소비축제 지원",특산물,9. 28.~29.(예상),대면,,2024-09-28,2024-09-29,False,exact_or_partial,False,False,True,False
2024년 지역축제 개최계획(홈페이지 게시)0930.xlsx,세부현황,2024,인천,제12회 장봉도 벚꽃축제,생태자연,4.13.(변경가능),대면,,2024-04-13,2024-04-13,False,exact_or_partial,False,False,True,False
2024년 지역축제 개최계획(홈페이지 게시)0930.xlsx,세부현황,2024,광주,아트피크닉,문화예술,4월~11월(예정),대면,,2024-04-01,2024-11-30,True,month_range_vague,False,False,True,False
2024년 지역축제 개최계획(홈페이지 게시)0930.xlsx,세부현황,2024,광주,대인예술시장,문화예술,5월~12월(예정),대면,,2024-05-01,2024-12-31,True,month_range_vague,False,False,True,False
2024년 지역축제 개최계획(홈페이지 게시)0930.xlsx,세부현황,2024,광주,제12회 도서관문화마당,문화예술,05.10.~05.11.,대면,,2024-05-10,2024-05-11,False,exact_or_partial,False,False,True,False
2024년 지역축제 개최계획(홈페이지 게시)0930.xlsx,세부현황,2024,광주,제16회 세계인의 날 기념행사,기타(주민화합 등),05.20.,대면,,2024-05-20,2024-05-20,False,exact_or_partial,False,False,True,False
2024년 지역축제 개최계획(홈페이지 게시)0930.xlsx,세부현황,2024,광주,2024 광주스트릿컬처 페스타,문화예술,06.06~06.09,대면,,2024-06-06,2024-06-09,False,exact_or_partial,False,False,True,False
2024년 지역축제 개최계획(홈페이지 게시)0930.xlsx,세부현황,2024,광주,2024 광주청년주간,문화예술,9월중,대면,,2024-09-01,2024-09-30,True,month_only_vague,False,False,True,False
2024년 지역축제 개최계획(홈페이지 게시)0930.xlsx,세부현황,2024,광주,광주국제미술전람회 '아트광주24',문화예술,09.26.~09.29.,대면,,2024-09-26,2024-09-29,False,exact_or_partial,False,False,True,False
2024년 지역축제 개최계획(홈페이지 게시)0930.xlsx,세부현황,2024,광주,제15회 광주비엔날레,문화예술,09.07.~12.01.,대면,,2024-09-07,2024-12-01,False,exact_or_partial,False,False,True,False
2024년 지역축제 개최계획(홈페이지 게시)0930.xlsx,세부현황,2024,광주,2024 프린지페스티벌,문화예술,09.27.~09.29.,대면,,2024-09-27,2024-09-29,False,exact_or_partial,False,False,True,False
2024년 지역축제 개최계획(홈페이지 게시)0930.xlsx,세부현황,2024,광주,제31회 광주김치축제,전통역사,10월중(예정),대면,,2024-10-01,2024-10-31,True,month_only_vague,False,False,True,False
2024년 지역축제 개최계획(홈페이지 게시)0930.xlsx,세부현황,2024,광주,제21회 광주 추억의 충장축제,문화예술,10.02.~10.06.,대면,,2024-10-02,2024-10-06,False,exact_or_partial,False,False,True,False
2024년 지역축제 개최계획(홈페이지 게시)0930.xlsx,세부현황,2024,광주,제3회 광주 버스킹 월드컵,문화예술,10.02.~10.06.,혼합형,,2024-10-02,2024-10-06,False,exact_or_partial,False,False,True,False
2024년 지역축제 개최계획(홈페이지 게시)0930.xlsx,세부현황,2024,광주,2024 광주 문화유산 야행 '돌의 기억',문화예술,04.26.~04.27.,대면,,2024-04-26,2024-04-27,False,exact_or_partial,False,False,True,False
2024년 지역축제 개최계획(홈페이지 게시)0930.xlsx,세부현황,2024,광주,제4회 동명동 커피산책,문화예술,10~12월 중(미정),대면,,2024-12-01,2024-12-31,True,month_only_vague,False,False,True,False
2024년 지역축제 개최계획(홈페이지 게시)0930.xlsx,세부현황,2024,광주,2024 무등산인문축제,문화예술,06.01.~06.02.,대면,,2024-06-01,2024-06-02,False,exact_or_partial,False,False,True,False
2024년 지역축제 개최계획(홈페이지 게시)0930.xlsx,세부현황,2024,광주,2024 양림&크리스마스 문화축제,문화예술,12.01.~12.31,대면,,2024-12-01,2024-12-31,False,exact_or_partial,False,False,True,False
2024년 지역축제 개최계획(홈페이지 게시)0930.xlsx,세부현황,2024,광주,제41회 고싸움놀이축제,문화예술,02.23. ~ 02.25.,대면,,2024-02-23,2024-02-25,False,exact_or_partial,False,False,True,False
2024년 지역축제 개최계획(홈페이지 게시)0930.xlsx,세부현황,2024,광주,인문학축제 제13회 굿모닝양림,문화예술,10월중(약2주간),대면,,2024-10-01,2024-10-31,True,month_only_vague,False,False,True,False
2024년 지역축제 개최계획(홈페이지 게시)0930.xlsx,세부현황,2024,광주,제9회 광주서창억새축제,생태자연,10월 초,대면,,2024-10-01,2024-10-31,True,month_only_vague,False,False,True,False
2024년 지역축제 개최계획(홈페이지 게시)0930.xlsx,세부현황,2024,광주,제2회 양동통맥축제,기타(주민화합 등),"4월 / 3~4주 금,토",대면,,2024-04-01,2024-04-30,True,month_only_vague,False,False,True,False
2024년 지역축제 개최계획(홈페이지 게시)0930.xlsx,세부현황,2024,광주,제2회 광산뮤직ON페스티벌,문화예술,05.04.~05.05.,대면,,2024-05-04,2024-05-05,False,exact_or_partial,False,False,True,False
2024년 지역축제 개최계획(홈페이지 게시)0930.xlsx,세부현황,2024,대전,대청호 봄축제(가칭),생태자연,03.29.~03.31.,대면,,2024-03-29,2024-03-31,False,exact_or_partial,False,False,True,False
2024년 지역축제 개최계획(홈페이지 게시)0930.xlsx,세부현황,2024,대전,2024년 상소캠핑요리축제,기타,5.18.~5.19.,대면,,2024-05-18,2024-05-19,False,exact_or_partial,False,False,True,False
2024년 지역축제 개최계획(홈페이지 게시)0930.xlsx,세부현황,2024,대전,"문화재 야행 「밤하늘, 달콤한 문화산책」",문화예술,5.24~5.25.,대면,,2024-05-24,2024-05-25,False,exact_or_partial,False,False,True,False
2024년 지역축제 개최계획(홈페이지 게시)0930.xlsx,세부현황,2024,대전,2024 대전 0시 축제,문화예술,8.9.~8.17.,대면,,2024-08-09,2024-08-17,False,exact_or_partial,False,False,True,False
2024년 지역축제 개최계획(홈페이지 게시)0930.xlsx,세부현황,2024,대전,대전 동구동락 축제,문화예술,10월중,대면,,2024-10-01,2024-10-31,True,month_only_vague,False,False,True,False
2024년 지역축제 개최계획(홈페이지 게시)0930.xlsx,세부현황,2024,대전,인쇄UP 아트페스티벌,문화예술,9~10월중,대면,,2024-10-01,2024-10-31,True,month_only_vague,False,False,True,False
2024년 지역축제 개최계획(홈페이지 게시)0930.xlsx,세부현황,2024,대전,제15회 대전효문화뿌리축제,전통역사,9월~10월중,대면,,2024-09-01,2024-10-31,True,month_range_vague,False,False,True,False
2024년 지역축제 개최계획(홈페이지 게시)0930.xlsx,세부현황,2024,대전,2024 대전 서구 아트페스티벌,문화예술,10.11.~10.13.(예정),대면,,2024-10-11,2024-10-13,False,exact_or_partial,False,False,True,False
2024년 지역축제 개최계획(홈페이지 게시)0930.xlsx,세부현황,2024,대전,제14회 녹색체험여행,생태자연,10.04.~10.05.(예정),대면,,2024-10-04,2024-10-05,False,exact_or_partial,False,False,True,False
2024년 지역축제 개최계획(홈페이지 게시)0930.xlsx,세부현황,2024,대전,2024 유성온천문화축제,문화예술,05.10.~05.12.,대면,,2024-05-10,2024-05-12,False,exact_or_partial,False,False,True,False
2024년 지역축제 개최계획(홈페이지 게시)0930.xlsx,세부현황,2024,대전,2024 유성재즈&맥주 페스타,문화예술,08.23.~08.25.,대면,,2024-08-23,2024-08-25,False,exact_or_partial,False,False,True,True
2024년 지역축제 개최계획(홈페이지 게시)0930.xlsx,세부현황,2024,대전,2024 유성온천 크리스마스축제,문화예술,12.06~12.08.,대면,,2024-12-06,2024-12-08,False,exact_or_partial,False,False,True,False
2024년 지역축제 개최계획(홈페이지 게시)0930.xlsx,세부현황,2024,대전,2024 대한민국 과학축제,문화예술,4.26.~4.28.,대면,,2024-04-26,2024-04-28,False,exact_or_partial,False,False,True,False
2024년 지역축제 개최계획(홈페이지 게시)0930.xlsx,세부현황,2024,대전,2024 대전사이언스페스티벌,문화예술,10.18.~10.20.,대면,,2024-10-18,2024-10-20,False,exact_or_partial,False,False,True,False
2024년 지역축제 개최계획(홈페이지 게시)0930.xlsx,세부현황,2024,대전,2024 대덕물빛축제,문화예술,03.29.~05.06.,대면,,2024-03-29,2024-05-06,False,exact_or_partial,False,False,True,False
2024년 지역축제 개최계획(홈페이지 게시)0930.xlsx,세부현황,2024,대전,제27회 동춘당문화제,전통역사,4.27,대면,,2024-04-27,2024-04-27,False,exact_or_partial,False,False,True,False
2024년 지역축제 개최계획(홈페이지 게시)0930.xlsx,세부현황,2024,대전,2024 대덕거리 맥주페스티벌,문화예술,2024.5월 중(미정),대면,,2024-05-01,2024-05-31,True,month_detected_vague,False,False,True,True
2024년 지역축제 개최계획(홈페이지 게시)0930.xlsx,세부현황,2024,대전,제13회 김호연재 여성문화축제,전통역사,9월중,대면,,2024-09-01,2024-09-30,True,month_only_vague,False,False,True,False
2024년 지역축제 개최계획(홈페이지 게시)0930.xlsx,세부현황,2024,대전,2024년 제8회 장동계족산 코스모스축제,생태자연,9월~10월중,대면,,2024-09-01,2024-10-31,True,month_range_vague,False,False,True,False
2024년 지역축제 개최계획(홈페이지 게시)0930.xlsx,세부현황,2024,울산,2024 울산공업축제,기타(주민화합 등),10.10.~10.13.,대면,,2024-10-10,2024-10-13,False,exact_or_partial,False,False,True,False
2024년 지역축제 개최계획(홈페이지 게시)0930.xlsx,세부현황,2024,울산,울산태화강 대숲납량축제,기타,08.11.~08.14.,대면,,2024-08-11,2024-08-14,False,exact_or_partial,False,False,True,False
2024년 지역축제 개최계획(홈페이지 게시)0930.xlsx,세부현황,2024,울산,울산서머페스티벌,문화예술,8월 중,대면,,2024-08-01,2024-08-31,True,month_only_vague,False,False,True,False
2024년 지역축제 개최계획(홈페이지 게시)0930.xlsx,세부현황,2024,울산,아시아 퍼시픽 뮤직 페스티벌,문화예술,9월 중,대면,,2024-09-01,2024-09-30,True,month_only_vague,False,False,True,False
2024년 지역축제 개최계획(홈페이지 게시)0930.xlsx,세부현황,2024,울산,울산 추억 감성 대향연,기타(주민화합 등),10월 중,대면,,2024-10-01,2024-10-31,True,month_only_vague,False,False,True,False
2024년 지역축제 개최계획(홈페이지 게시)0930.xlsx,세부현황,2024,울산,제16회 울산대공원 장미축제,생태자연,05.22.~05.26,대면,,2024-05-22,2024-05-26,False,exact_or_partial,False,False,True,False
2024년 지역축제 개최계획(홈페이지 게시)0930.xlsx,세부현황,2024,울산,태화강국가정원 봄꽃축제,생태자연,05.17.~05.19.,대면,,2024-05-17,2024-05-19,False,exact_or_partial,False,False,True,False
2024년 지역축제 개최계획(홈페이지 게시)0930.xlsx,세부현황,2024,울산,태화강국가정원 가을축제,생태자연,10.25.~10.27.,대면,,2024-10-25,2024-10-27,False,exact_or_partial,False,False,True,False
2024년 지역축제 개최계획(홈페이지 게시)0930.xlsx,세부현황,2024,울산,태화강 억새나들이,생태자연,10.21.~10.22.,대면,,2024-10-21,2024-10-22,False,exact_or_partial,False,False,True,False
2024년 지역축제 개최계획(홈페이지 게시)0930.xlsx,세부현황,2024,울산,정원생태문화축제,생태자연,4월 중,대면,,2024-04-01,2024-04-30,True,month_only_vague,False,False,True,False
2024년 지역축제 개최계획(홈페이지 게시)0930.xlsx,세부현황,2024,울산,119안전문화축제,문화예술,06.28.~06.29.,혼합형,,2024-06-28,2024-06-29,False,exact_or_partial,False,False,True,False
2024년 지역축제 개최계획(홈페이지 게시)0930.xlsx,세부현황,2024,울산,태화강마두희축제,전통역사,6월 중순,대면,,2024-06-01,2024-06-30,True,month_only_vague,False,False,True,False
2024년 지역축제 개최계획(홈페이지 게시)0930.xlsx,세부현황,2024,울산,눈꽃축제,기타(주민화합 등),12월 중,대면,,2024-12-01,2024-12-31,True,month_only_vague,False,False,True,False
2024년 지역축제 개최계획(홈페이지 게시)0930.xlsx,세부현황,2024,울산,태화강국제재즈음악제,문화예술,5월 중,대면,,2024-05-01,2024-05-31,True,month_only_vague,False,False,True,False
2024년 지역축제 개최계획(홈페이지 게시)0930.xlsx,세부현황,2024,울산,반려동물 축제,생태자연,5월 중,대면,,2024-05-01,2024-05-31,True,month_only_vague,False,False,True,False
2024년 지역축제 개최계획(홈페이지 게시)0930.xlsx,세부현황,2024,울산,2024 삼호 버드페스티벌,생태자연,11.09.~11.10.,대면,,2024-11-09,2024-11-10,False,exact_or_partial,False,False,True,False
2024년 지역축제 개최계획(홈페이지 게시)0930.xlsx,세부현황,2024,울산,2024 울산 남구 청년 페스타,문화예술,9월 중,대면,,2024-09-01,2024-09-30,True,month_only_vague,False,False,True,False
2024년 지역축제 개최계획(홈페이지 게시)0930.xlsx,세부현황,2024,울산,궁거랑 벚꽃 한마당,"기타(문화,관광)",3월 중,대면,,2024-03-01,2024-03-31,True,month_only_vague,False,False,True,False
2024년 지역축제 개최계획(홈페이지 게시)0930.xlsx,세부현황,2024,울산,남구강변영화제,문화예술,8월 중,대면,,2024-08-01,2024-08-31,True,month_only_vague,False,False,True,False
2024년 지역축제 개최계획(홈페이지 게시)0930.xlsx,세부현황,2024,울산,태화강 빛 축제,문화예술,9월 중,대면,,2024-09-01,2024-09-30,True,month_only_vague,False,False,True,False
2024년 지역축제 개최계획(홈페이지 게시)0930.xlsx,세부현황,2024,울산,그린 차박 페스티벌 in 울산,기타(관광),04.26.~04.28.,대면,,2024-04-26,2024-04-28,False,exact_or_partial,False,False,True,False
2024년 지역축제 개최계획(홈페이지 게시)0930.xlsx,세부현황,2024,울산,장생포 수국페스티벌,기타(관광),6월 중,대면,,2024-06-01,2024-06-30,True,month_only_vague,False,False,True,False
2024년 지역축제 개최계획(홈페이지 게시)0930.xlsx,세부현황,2024,울산,장생포 한여름 밤의 호러페스티벌,기타(관광),8월 중,대면,,2024-08-01,2024-08-31,True,month_only_vague,False,False,True,False
2024년 지역축제 개최계획(홈페이지 게시)0930.xlsx,세부현황,2024,울산,제28회 울산고래축제,"기타(문화,관광)",09.26.~09.29.,대면,,2024-09-26,2024-09-29,False,exact_or_partial,False,False,True,False
2024년 지역축제 개최계획(홈페이지 게시)0930.xlsx,세부현황,2024,울산,제16회 울산조선해양축제,기타,07.19.~07.21.(예정),대면,,2024-07-19,2024-07-21,False,exact_or_partial,False,False,True,False
2024년 지역축제 개최계획(홈페이지 게시)0930.xlsx,세부현황,2024,울산,제20회 울산쇠부리축제,전통역사,05.10.~05.12.,혼합형,,2024-05-10,2024-05-12,False,exact_or_partial,False,False,True,False
2024년 지역축제 개최계획(홈페이지 게시)0930.xlsx,세부현황,2024,울산,제24회 울산옹기축제,전통역사,05.04.~05.06.,대면,,2024-05-04,2024-05-06,False,exact_or_partial,False,False,True,False
2024년 지역축제 개최계획(홈페이지 게시)0930.xlsx,세부현황,2024,울산,2024 울주 트레일 나인피크 대회,기타(스포츠관광),10.24.~10.27.,대면,,2024-10-24,2024-10-27,False,exact_or_partial,False,False,True,False
2024년 지역축제 개최계획(홈페이지 게시)0930.xlsx,세부현황,2024,울산,울주해양레포츠 대축전,기타,08.24.~08.25.,대면,,2024-08-24,2024-08-25,False,exact_or_partial,False,False,True,False
2024년 지역축제 개최계획(홈페이지 게시)0930.xlsx,세부현황,2024,울산,언양 한우불고기 축제,특산물,9.~10월(예정),대면,,2024-10-01,2024-10-31,True,month_only_vague,False,False,True,False
2024년 지역축제 개최계획(홈페이지 게시)0930.xlsx,세부현황,2024,울산,2024년 울산울주세계산악영화제,문화예술,10월 중,혼합형,,2024-10-01,2024-10-31,True,month_only_vague,False,False,True,False
2024년 지역축제 개최계획(홈페이지 게시)0930.xlsx,세부현황,2024,울산,간절곶해맞이축제,기타(주민화합 등),12.31.~25.01.01.,대면,,2024-12-31,2025-01-01,False,exact_or_partial,False,False,True,False
2024년 지역축제 개최계획(홈페이지 게시)0930.xlsx,세부현황,2024,울산,울산배축제,특산물,10월 중,대면,,2024-10-01,2024-10-31,True,month_only_vague,False,False,True,False
2024년 지역축제 개최계획(홈페이지 게시)0930.xlsx,세부현황,2024,울산,제5회 울산 작천정 벚꽃축제,생태자연,3.~4월(벚꽃개화시기에 따라 기간 확정),대면,,2024-04-01,2024-04-30,True,month_only_vague,False,False,True,False
2024년 지역축제 개최계획(홈페이지 게시)0930.xlsx,세부현황,2024,울산,울주음식문화축제,기타(음식),10월 중,대면,,2024-10-01,2024-10-31,True,month_only_vague,False,False,True,False
2024년 지역축제 개최계획(홈페이지 게시)0930.xlsx,세부현황,2024,세종,제22회 세종조치원복숭아축제,특산물,7월말~8월초,대면,,2024-07-01,2024-08-31,True,month_range_vague,False,False,True,False
2024년 지역축제 개최계획(홈페이지 게시)0930.xlsx,세부현황,2024,세종,2024 세종축제,문화예술,10.9.~10.12.,대면,,2024-10-09,2024-10-12,False,exact_or_partial,False,False,True,False
2024년 지역축제 개최계획(홈페이지 게시)0930.xlsx,세부현황,2024,세종,제17회 세종전의조경수묘목축제,생태자연,3.01.~5.31.,대면,,2024-03-01,2024-05-31,False,exact_or_partial,False,False,True,False
2024년 지역축제 개최계획(홈페이지 게시)0930.xlsx,세부현황,2024,세종,2024 조치원 봄꽃축제,생태자연,5.11~5.12.,대면,,2024-05-11,2024-05-12,False,exact_or_partial,False,False,True,False
2024년 지역축제 개최계획(홈페이지 게시)0930.xlsx,세부현황,2024,경기,제61회 수원화성문화제,"문화예술, 전통역사",10.4.~10.6.,대면,,2024-10-04,2024-10-06,False,exact_or_partial,False,False,True,False
2024년 지역축제 개최계획(홈페이지 게시)0930.xlsx,세부현황,2024,경기,정조대왕 능행차 공동재현,"문화예술, 전통역사",10.5.~10.6.,대면,,2024-10-05,2024-10-06,False,exact_or_partial,False,False,True,False
2024년 지역축제 개최계획(홈페이지 게시)0930.xlsx,세부현황,2024,경기,수원화성 미디어아트,"문화예술, 전통역사",9.28.~10.20.,대면,,2024-09-28,2024-10-20,False,exact_or_partial,False,False,True,False
2024년 지역축제 개최계획(홈페이지 게시)0930.xlsx,세부현황,2024,경기,제10회 경기공연예술페스타,문화예술,01.25.~01.28.,대면,,2024-01-25,2024-01-28,False,exact_or_partial,False,False,True,False
2024년 지역축제 개최계획(홈페이지 게시)0930.xlsx,세부현황,2024,경기,제19회 포은문화제,전통역사,10.05.~10.06.,대면,,2024-10-05,2024-10-06,False,exact_or_partial,False,False,True,False
2024년 지역축제 개최계획(홈페이지 게시)0930.xlsx,세부현황,2024,경기,제10회 백암 백중문화제,기타(주민화합 등),08.24.~08.25.,대면,,2024-08-24,2024-08-25,False,exact_or_partial,False,False,True,False
2024년 지역축제 개최계획(홈페이지 게시)0930.xlsx,세부현황,2024,경기,제8회 정평천 벚꽃 문화 민속 축제,기타(주민화합 등),04.05.~04.06.,대면,,2024-04-05,2024-04-06,False,exact_or_partial,False,False,True,False
2024년 지역축제 개최계획(홈페이지 게시)0930.xlsx,세부현황,2024,경기,도농어울림축제,기타(체험 및 전시),"4.26~5.12
(중 2일)
10.01~10.20 (중 2일)",대면,,2024-04-26,2024-04-26,False,exact_or_partial,False,False,True,False
2024년 지역축제 개최계획(홈페이지 게시)0930.xlsx,세부현황,2024,경기,제24회 용인사이버과학축제,기타(주민화합 등),09.28.~09.29.,대면,,2024-09-28,2024-09-29,False,exact_or_partial,False,False,True,False
2024년 지역축제 개최계획(홈페이지 게시)0930.xlsx,세부현황,2024,경기,제36회 고양행주문화제,"문화예술, 전통역사",5.17.~5.19.,대면,,2024-05-17,2024-05-19,False,exact_or_partial,False,False,True,False
2024년 지역축제 개최계획(홈페이지 게시)0930.xlsx,세부현황,2024,경기,2024 고양호수예술축제,문화예술,10.11.~10.13.,대면,,2024-10-11,2024-10-13,False,exact_or_partial,False,False,True,False
2024년 지역축제 개최계획(홈페이지 게시)0930.xlsx,세부현황,2024,경기,제4회 행주가 예술이야,"문화예술, 전통역사",09.27.~10.13.,대면,,2024-09-27,2024-10-13,False,exact_or_partial,False,False,True,False
2024년 지역축제 개최계획(홈페이지 게시)0930.xlsx,세부현황,2024,경기,2024고양국제꽃박람회,"문화예술, 생태자연, 특산물",4.26.~5.12.,대면,,2024-04-26,2024-05-12,False,exact_or_partial,False,False,True,False
2024년 지역축제 개최계획(홈페이지 게시)0930.xlsx,세부현황,2024,경기,2024 성남페스티벌,과학문화예술,10.3.~10.6.(예정),대면,,2024-10-03,2024-10-06,False,exact_or_partial,False,False,True,False
2024년 지역축제 개최계획(홈페이지 게시)0930.xlsx,세부현황,2024,경기,GXG 2024 성남게임문화축제,문화예술,9월중(예정),대면,,2024-09-01,2024-09-30,True,month_only_vague,False,False,True,False
2024년 지역축제 개최계획(홈페이지 게시)0930.xlsx,세부현황,2024,경기,제10회 복정 어울림 빛 축제,기타(주민화합 등),2024.12월 중,대면,,2024-12-01,2024-12-31,True,month_detected_vague,False,False,True,False
2024년 지역축제 개최계획(홈페이지 게시)0930.xlsx,세부현황,2024,경기,제14회 화성뱃놀이 축제,생태자연,5.31.~6.2.,혼합형,,2024-05-31,2024-06-02,False,exact_or_partial,False,False,True,False
2024년 지역축제 개최계획(홈페이지 게시)0930.xlsx,세부현황,2024,경기,세계인의 날 기념식 및 문화다양성축제,문화예술,5.25~5.26,대면,,2024-05-25,2024-05-26,False,exact_or_partial,False,False,True,False
2024년 지역축제 개최계획(홈페이지 게시)0930.xlsx,세부현황,2024,경기,제14회 화성뱃놀이 축제,생태자연,5.31.~6.2.,혼합형,,2024-05-31,2024-06-02,False,exact_or_partial,False,False,True,False
2024년 지역축제 개최계획(홈페이지 게시)0930.xlsx,세부현황,2024,경기,2024 제16회 품앗이 공연예술축제,문화예술,8.23.~8.25.,대면,,2024-08-23,2024-08-25,False,exact_or_partial,False,False,True,False
2024년 지역축제 개최계획(홈페이지 게시)0930.xlsx,세부현황,2024,경기,제10회 화성송산포도축제,특산물,9.7.~9.8.,대면,,2024-09-07,2024-09-08,False,exact_or_partial,False,False,True,False
2024년 지역축제 개최계획(홈페이지 게시)0930.xlsx,세부현황,2024,경기,"제1회 화성시 도서관 축제 ""북페스티벌""",문화예술,9.28.~9.29.,대면,,2024-09-28,2024-09-29,False,exact_or_partial,False,False,True,False
2024년 지역축제 개최계획(홈페이지 게시)0930.xlsx,세부현황,2024,경기,제2회 화성시 도농 어울림 축제,특산물,9.28.~9.29.,대면,,2024-09-28,2024-09-29,False,exact_or_partial,False,False,True,False
2024년 지역축제 개최계획(홈페이지 게시)0930.xlsx,세부현황,2024,경기,2024 정조효문화제 및 정조대왕 능행차,전통역사,10.5.~10.6.,대면,,2024-10-05,2024-10-06,False,exact_or_partial,False,False,True,False
2024년 지역축제 개최계획(홈페이지 게시)0930.xlsx,세부현황,2024,경기,제2회 화성루나빛축제,문화예술,10.26.~11.1.,대면,,2024-10-26,2024-11-01,False,exact_or_partial,False,False,True,False
2024년 지역축제 개최계획(홈페이지 게시)0930.xlsx,세부현황,2024,경기,제27회 부천국제만화축제,문화예술,10.3.~10.6.,혼합형,,2024-10-03,2024-10-06,False,exact_or_partial,False,False,True,False
2024년 지역축제 개최계획(홈페이지 게시)0930.xlsx,세부현황,2024,경기,제8회 국제코스프레 페스티벌,문화예술,10.3.~10.6.,혼합형,,2024-10-03,2024-10-06,False,exact_or_partial,False,False,True,False
2024년 지역축제 개최계획(홈페이지 게시)0930.xlsx,세부현황,2024,경기,제26회 부천국제애니메이션페스티벌,문화예술,10.25.~10.29.,혼합형,,2024-10-25,2024-10-29,False,exact_or_partial,False,False,True,False
2024년 지역축제 개최계획(홈페이지 게시)0930.xlsx,세부현황,2024,경기,제28회 부천국제판타스틱영화제,문화예술,7.4.~7.14.,대면,,2024-07-04,2024-07-14,False,exact_or_partial,False,False,True,False
2024년 지역축제 개최계획(홈페이지 게시)0930.xlsx,세부현황,2024,경기,제39회 복사골예술제,문화예술,5.3.~5.5.,대면,,2024-05-03,2024-05-05,False,exact_or_partial,False,False,True,False
2024년 지역축제 개최계획(홈페이지 게시)0930.xlsx,세부현황,2024,경기,제24회 진달래축제,생태자연,3.30~31.(예정),대면,,2024-03-30,2024-03-31,False,exact_or_partial,False,False,True,False
2024년 지역축제 개최계획(홈페이지 게시)0930.xlsx,세부현황,2024,경기,제26회 부천 도당산 벚꽃축제,문화예술,3.30.~3.31.(예정),대면,,2024-03-30,2024-03-31,False,exact_or_partial,False,False,True,False
2024년 지역축제 개최계획(홈페이지 게시)0930.xlsx,세부현황,2024,경기,제3회 부천건축문화제,문화예술,10월 중(3일간),대면,,2024-10-01,2024-10-31,True,month_only_vague,False,False,True,False
2024년 지역축제 개최계획(홈페이지 게시)0930.xlsx,세부현황,2024,경기,제19회 광릉숲축제,문화예술,9. 28. ~ 29.,대면,,2024-09-28,2024-09-29,False,exact_or_partial,False,False,True,False
2024년 지역축제 개최계획(홈페이지 게시)0930.xlsx,세부현황,2024,경기,제38회 다산정약용문화제,문화예술,10. 11. ~ 12.,대면,,2024-10-11,2024-10-12,False,exact_or_partial,False,False,True,False
2024년 지역축제 개최계획(홈페이지 게시)0930.xlsx,세부현황,2024,경기,제20회 안산국제거리극축제,문화예술,5.4.~5.6.,대면,,2024-05-04,2024-05-06,False,exact_or_partial,False,False,True,False
2024년 지역축제 개최계획(홈페이지 게시)0930.xlsx,세부현황,2024,경기,제27회 성호문화제,문화예술,5. 25 ~ 5. 26.,대면,,2024-05-25,2024-05-26,False,exact_or_partial,False,False,True,False
2024년 지역축제 개최계획(홈페이지 게시)0930.xlsx,세부현황,2024,경기,제38회 별망성예술제,문화예술,9.7.~9.8.,대면,,2024-09-07,2024-09-08,False,exact_or_partial,False,False,True,False
2024년 지역축제 개최계획(홈페이지 게시)0930.xlsx,세부현황,2024,경기,2024년 안산대부포도축제,특산물,9월 중,대면,,2024-09-01,2024-09-30,True,month_only_vague,False,False,True,False
2024년 지역축제 개최계획(홈페이지 게시)0930.xlsx,세부현황,2024,경기,제5회 김홍도 축제,전통역사,10. 4. ~ 6.,대면,,2024-10-04,2024-10-06,False,exact_or_partial,False,False,True,False
2024년 지역축제 개최계획(홈페이지 게시)0930.xlsx,세부현황,2024,경기,"정조대왕 능행차 공동재현
(제14회 안산읍성 문화예술제)",전통역사,10. 6.,대면,,2024-10-06,2024-10-06,False,exact_or_partial,False,False,True,False
2024년 지역축제 개최계획(홈페이지 게시)0930.xlsx,세부현황,2024,경기,2025 안산 천년의 종 타종행사,기타(주민화합 등),12. 31. ~ 1. 1.,대면,,2024-12-31,2024-12-31,False,exact_or_partial,False,False,True,False
2024년 지역축제 개최계획(홈페이지 게시)0930.xlsx,세부현황,2024,경기,평택호 물빛축제,문화예술,9월중(2일간),대면,,2024-09-01,2024-09-30,True,month_only_vague,False,False,True,False
2024년 지역축제 개최계획(홈페이지 게시)0930.xlsx,세부현황,2024,경기,한미 어울림 축제,문화예술,10월 중(2일간),대면,,2024-10-01,2024-10-31,True,month_only_vague,False,False,True,False
2024년 지역축제 개최계획(홈페이지 게시)0930.xlsx,세부현황,2024,경기,한미친선 한마음 축제,문화예술,5월 중(2일간),대면,,2024-05-01,2024-05-31,True,month_only_vague,False,False,True,False
2024년 지역축제 개최계획(홈페이지 게시)0930.xlsx,세부현황,2024,경기,한미친선 문화 한마당,문화예술,10월 중(2일간),대면,,2024-10-01,2024-10-31,True,month_only_vague,False,False,True,False
2024년 지역축제 개최계획(홈페이지 게시)0930.xlsx,세부현황,2024,경기,할로윈축제(신장),문화예술,10월 말,대면,,2024-10-01,2024-10-31,True,month_only_vague,False,False,True,False
2024년 지역축제 개최계획(홈페이지 게시)0930.xlsx,세부현황,2024,경기,할로윈축제(팽성),문화예술,10월 말,대면,,2024-10-01,2024-10-31,True,month_only_vague,False,False,True,False
2024년 지역축제 개최계획(홈페이지 게시)0930.xlsx,세부현황,2024,경기,평택 꽃 나들이,문화예술,2024. 4. 20.~2024. 4. 24.,대면,,2024-04-20,2024-04-24,False,exact_or_partial,False,False,True,False
2024년 지역축제 개최계획(홈페이지 게시)0930.xlsx,세부현황,2024,경기,평택 가을 수확축제,문화예술,2024. 10. 중,대면,,2024-10-01,2024-10-31,True,month_detected_vague,False,False,True,False
2024년 지역축제 개최계획(홈페이지 게시)0930.xlsx,세부현황,2024,경기,송탄관광특구 한마음대축제,기타(주민화합 등),9월 중,대면,,2024-09-01,2024-09-30,True,month_only_vague,False,False,True,False
2024년 지역축제 개최계획(홈페이지 게시)0930.xlsx,세부현황,2024,경기,안양충훈벚꽃축제,생태자연,4월 중(2일간),대면,,2024-04-01,2024-04-30,True,month_only_vague,False,False,True,False
2024년 지역축제 개최계획(홈페이지 게시)0930.xlsx,세부현황,2024,경기,안양춤축제(안양시민축제),기타(주민화합 등),9월 중(3일~5일간),대면,,2024-09-01,2024-09-30,True,month_only_vague,False,False,True,False
2024년 지역축제 개최계획(홈페이지 게시)0930.xlsx,세부현황,2024,경기,안양1번가 넘버원 페스티벌,기타(주민화합 등),11월중(3일간),대면,,2024-11-01,2024-11-30,True,month_only_vague,False,False,True,False
2024년 지역축제 개최계획(홈페이지 게시)0930.xlsx,세부현황,2024,경기,제33회 안양예술제,예술축제,5월중(2일간),대면,,2024-05-01,2024-05-31,True,month_only_vague,False,False,True,False
2024년 지역축제 개최계획(홈페이지 게시)0930.xlsx,세부현황,2024,경기,제19회 시흥갯골축제,생태자연,9월중 3일,대면,,2024-09-01,2024-09-30,True,month_only_vague,False,False,True,False
2024년 지역축제 개최계획(홈페이지 게시)0930.xlsx,세부현황,2024,경기,거북섬 사계절 축제,기타,"5월중, 10월중, 12월중 (예정)",대면,,2024-05-01,2024-10-31,True,month_range_vague,False,False,True,False
2024년 지역축제 개최계획(홈페이지 게시)0930.xlsx,세부현황,2024,경기,거북섬 해양축제,기타,7~8월중,대면,,2024-08-01,2024-08-31,True,month_only_vague,False,False,True,False
2024년 지역축제 개최계획(홈페이지 게시)0930.xlsx,세부현황,2024,경기,제31회 물왕예술제,문화예술,5.10.~5.12,대면,,2024-05-10,2024-05-12,False,exact_or_partial,False,False,True,False
2024년 지역축제 개최계획(홈페이지 게시)0930.xlsx,세부현황,2024,경기,연성문화제,전통역사,7~8월중,대면,,2024-08-01,2024-08-31,True,month_only_vague,False,False,True,False
2024년 지역축제 개최계획(홈페이지 게시)0930.xlsx,세부현황,2024,경기,김포 도심축제,문화예술,10월 중,혼합형,,2024-10-01,2024-10-31,True,month_only_vague,False,False,True,False
2024년 지역축제 개최계획(홈페이지 게시)0930.xlsx,세부현황,2024,경기,해병대축제,문화예술,5월중,혼합형,,2024-05-01,2024-05-31,True,month_only_vague,False,False,True,False
2024년 지역축제 개최계획(홈페이지 게시)0930.xlsx,세부현황,2024,경기,2024 김포 아라마린 페스티벌,문화예술,6월 중,혼합형,,2024-06-01,2024-06-30,True,month_only_vague,False,False,True,False
2024년 지역축제 개최계획(홈페이지 게시)0930.xlsx,세부현황,2024,경기,월곶 저잣거리 축제,전통역사,9월 중,혼합형,,2024-09-01,2024-09-30,True,month_only_vague,False,False,True,False
2024년 지역축제 개최계획(홈페이지 게시)0930.xlsx,세부현황,2024,경기,파주출판도시 어린이책잔치,문화예술,5. 4.~5. 6.,대면,,2024-05-04,2024-05-06,False,exact_or_partial,False,False,True,False
2024년 지역축제 개최계획(홈페이지 게시)0930.xlsx,세부현황,2024,경기,헤이리 판 페스티벌,문화예술,10.05.~10.13.,대면,,2024-10-05,2024-10-13,False,exact_or_partial,False,False,True,False
2024년 지역축제 개최계획(홈페이지 게시)0930.xlsx,세부현황,2024,경기,제34회 율곡문화제,전통역사,10.12.~10.13.,대면,,2024-10-12,2024-10-13,False,exact_or_partial,False,False,True,False
2024년 지역축제 개최계획(홈페이지 게시)0930.xlsx,세부현황,2024,경기,파주북소리 축제,문화예술,10.18.~10.20.(예정),대면,,2024-10-18,2024-10-20,False,exact_or_partial,False,False,True,False
2024년 지역축제 개최계획(홈페이지 게시)0930.xlsx,세부현황,2024,경기,제19회 파주개성인삼축제,특산물,10.19.~10.20.,대면,,2024-10-19,2024-10-20,False,exact_or_partial,False,False,True,False
2024년 지역축제 개최계획(홈페이지 게시)0930.xlsx,세부현황,2024,경기,제28회 파주장단콩축제,특산물,11.22.~11.24.,대면,,2024-11-22,2024-11-24,False,exact_or_partial,False,False,True,False
2024년 지역축제 개최계획(홈페이지 게시)0930.xlsx,세부현황,2024,경기,제29회 남한산성문화제,문화예술,9월 말~10월 초(미정),대면,,2024-09-01,2024-10-31,True,month_range_vague,False,False,True,False
2024년 지역축제 개최계획(홈페이지 게시)0930.xlsx,세부현황,2024,경기,제27회 광주왕실도자기축제,문화예술,5.3.~5.15.(예정),대면,,2024-05-03,2024-05-15,False,exact_or_partial,False,False,True,False
2024년 지역축제 개최계획(홈페이지 게시)0930.xlsx,세부현황,2024,경기,제22회 퇴촌토마토축제,특산물,6.14.~6.16.,대면,,2024-06-14,2024-06-16,False,exact_or_partial,False,False,True,False
2024년 지역축제 개최계획(홈페이지 게시)0930.xlsx,세부현황,2024,경기,오리문화제,전통역사,5월 중,대면,,2024-05-01,2024-05-31,True,month_only_vague,False,False,True,False
2024년 지역축제 개최계획(홈페이지 게시)0930.xlsx,세부현황,2024,경기,광명동굴 대한민국 와인페스티벌,문화예술,9월(예정),대면,,2024-09-01,2024-09-30,True,month_only_vague,False,False,True,False
2024년 지역축제 개최계획(홈페이지 게시)0930.xlsx,세부현황,2024,경기,2024 페스티벌 광명,문화예술,10월(예정),대면,,2024-10-01,2024-10-31,True,month_only_vague,False,False,True,False
2024년 지역축제 개최계획(홈페이지 게시)0930.xlsx,세부현황,2024,경기,광명농악대축제,전통역사,10월 중,대면,,2024-10-01,2024-10-31,True,month_only_vague,False,False,True,False
2024년 지역축제 개최계획(홈페이지 게시)0930.xlsx,세부현황,2024,경기,광명동굴 빛 축제,문화예술,12월(예정),대면,,2024-12-01,2024-12-31,True,month_only_vague,False,False,True,False
2024년 지역축제 개최계획(홈페이지 게시)0930.xlsx,세부현황,2024,경기,하남이성산성문화제,전통역사,9.28.~9.29,대면,,2024-09-28,2024-09-29,False,exact_or_partial,False,False,True,False
2024년 지역축제 개최계획(홈페이지 게시)0930.xlsx,세부현황,2024,경기,군포철쭉축제,생태자연,4.20.~4.28.(예정),대면,,2024-04-20,2024-04-28,False,exact_or_partial,False,False,True,False
2024년 지역축제 개최계획(홈페이지 게시)0930.xlsx,세부현황,2024,경기,제15회 오산 독산성문화재,전통역사,10.12.~10.13,대면,,2024-10-12,2024-10-13,False,exact_or_partial,False,False,True,False
2024년 지역축제 개최계획(홈페이지 게시)0930.xlsx,세부현황,2024,경기,(가칭)오산 산타 마켓(제2회 오산 크리스마스 마켓),주민화합,11.22.~12.24.,대면,,2024-11-22,2024-12-24,False,exact_or_partial,False,False,True,False
2024년 지역축제 개최계획(홈페이지 게시)0930.xlsx,세부현황,2024,경기,제11회 야맥축제,주민화합,6월 중,대면,,2024-06-01,2024-06-30,True,month_only_vague,False,False,True,False
2024년 지역축제 개최계획(홈페이지 게시)0930.xlsx,세부현황,2024,경기,2024 양주! 드론봇 페스티벌,기타(산업축제),05.24.~05.26.,대면,,2024-05-24,2024-05-26,False,exact_or_partial,False,False,True,False
2024년 지역축제 개최계획(홈페이지 게시)0930.xlsx,세부현황,2024,경기,2024 양주 회암사지 왕실축제,전통역사,05.10.~05.12.,혼합형,,2024-05-10,2024-05-12,False,exact_or_partial,False,False,True,False
2024년 지역축제 개최계획(홈페이지 게시)0930.xlsx,세부현황,2024,경기,2024 양주 천만송이 천일홍축제,생태자연,09.28.~09.29.,대면,,2024-09-28,2024-09-29,False,exact_or_partial,False,False,True,False
2024년 지역축제 개최계획(홈페이지 게시)0930.xlsx,세부현황,2024,경기,양주문화유산 야행,전통역사,09.27~09.29,대면,,2024-09-27,2024-09-29,False,exact_or_partial,False,False,True,False
2024년 지역축제 개최계획(홈페이지 게시)0930.xlsx,세부현황,2024,경기,제38회 이천도자기축제,"문화예술, 전통역사, 특산물(품), 기타(주민화합)",04. 25. ~ 05. 06.,대면,,2024-04-25,2024-05-06,False,exact_or_partial,False,False,True,False
2024년 지역축제 개최계획(홈페이지 게시)0930.xlsx,세부현황,2024,경기,제23회 이천쌀문화축제,"문화예술, 체험, 전통역사, 특산물, 기타(주민화합 등)",10. 16. ~ 10. 20.,대면,,2024-10-16,2024-10-20,False,exact_or_partial,False,False,True,False
2024년 지역축제 개최계획(홈페이지 게시)0930.xlsx,세부현황,2024,경기,제10회 이천체험문화축제,기타(주민화합),04.13. ~ 04.14,대면,,2024-04-13,2024-04-14,False,exact_or_partial,False,False,True,False
2024년 지역축제 개최계획(홈페이지 게시)0930.xlsx,세부현황,2024,경기,제8회 이천인삼축제,특산물,10.25 ~ 10.27,대면,,2024-10-25,2024-10-27,False,exact_or_partial,False,False,True,False
2024년 지역축제 개최계획(홈페이지 게시)0930.xlsx,세부현황,2024,경기,제28회 햇사레 장호원복숭아축제,특산물,9.20. ~ 9.22.,대면,,2024-09-20,2024-09-22,False,exact_or_partial,False,False,True,False
2024년 지역축제 개최계획(홈페이지 게시)0930.xlsx,세부현황,2024,경기,제25회이천백사산수유꽃축제,생태자연,3월말 ~ 4월초,대면,,2024-03-01,2024-04-30,True,month_range_vague,False,False,True,False
2024년 지역축제 개최계획(홈페이지 게시)0930.xlsx,세부현황,2024,경기,제21회 설봉산 별빛축제,문화예술,07.13 ~ 08.10.,대면,,2024-07-13,2024-08-10,False,exact_or_partial,False,False,True,False
2024년 지역축제 개최계획(홈페이지 게시)0930.xlsx,세부현황,2024,경기,제14회 이천시평생학습축제,"기타(평생학습 결과물 전시, 체험, 공연 등)",9월 예정(9/7~9/8예정),대면,,2024-09-01,2024-09-30,True,month_only_vague,False,False,True,False
2024년 지역축제 개최계획(홈페이지 게시)0930.xlsx,세부현황,2024,경기,2024 구리 유채꽃 축제,"문화예술, 생태자연",5월 중(3일),대면,,2024-05-01,2024-05-31,True,month_only_vague,False,False,True,False
2024년 지역축제 개최계획(홈페이지 게시)0930.xlsx,세부현황,2024,경기,2024 구리 코스모스 축제,"문화예술, 생태자연",10월 중(3일),대면,,2024-10-01,2024-10-31,True,month_only_vague,False,False,True,False
2024년 지역축제 개최계획(홈페이지 게시)0930.xlsx,세부현황,2024,경기,제2회 구리 빛 축제,문화예술,11월~12월 중(20일간),대면,,2024-11-01,2024-12-31,True,month_range_vague,False,False,True,False
2024년 지역축제 개최계획(홈페이지 게시)0930.xlsx,세부현황,2024,경기,제2회 구리문화예술축제,문화예술,10월중(2일),대면,,2024-10-01,2024-10-31,True,month_only_vague,False,False,True,False
2024년 지역축제 개최계획(홈페이지 게시)0930.xlsx,세부현황,2024,경기,동구릉 힐링예술제,문화예술,10월중(2일),대면,,2024-10-01,2024-10-31,True,month_only_vague,False,False,True,False
2024년 지역축제 개최계획(홈페이지 게시)0930.xlsx,세부현황,2024,경기,구구구페스타,문화예술,09.01.~09.30.,대면,,2024-09-01,2024-09-30,False,exact_or_partial,False,False,True,False
2024년 지역축제 개최계획(홈페이지 게시)0930.xlsx,세부현황,2024,경기,제18회 구리시 평생학습축제,문화예술,10월중 (3일),대면,,2024-10-01,2024-10-31,True,month_only_vague,False,False,True,False
2024년 지역축제 개최계획(홈페이지 게시)0930.xlsx,세부현황,2024,경기,제19회 구리전통시장 거리축제,문화예술,10월중,대면,,2024-10-01,2024-10-31,True,month_only_vague,False,False,True,False
2024년 지역축제 개최계획(홈페이지 게시)0930.xlsx,세부현황,2024,경기,안성맞춤 남사당 바우덕이 축제,문화예술,10월 초,대면,,2024-10-01,2024-10-31,True,month_only_vague,False,False,True,False
2024년 지역축제 개최계획(홈페이지 게시)0930.xlsx,세부현황,2024,경기,안성맞춤포도축제,특산물,9월 말~10월 초,대면,,2024-09-01,2024-10-31,True,month_range_vague,False,False,True,False
2024년 지역축제 개최계획(홈페이지 게시)0930.xlsx,세부현황,2024,경기,죽주대고려문화축제,전통역사,9월 말~10월 초,대면,,2024-09-01,2024-10-31,True,month_range_vague,False,False,True,False
2024년 지역축제 개최계획(홈페이지 게시)0930.xlsx,세부현황,2024,경기,의왕철도축제,"문화예술, 생태자연",5. 4.~5. 5.(예정),대면,,2024-05-04,2024-05-05,False,exact_or_partial,False,False,True,False
2024년 지역축제 개최계획(홈페이지 게시)0930.xlsx,세부현황,2024,경기,의왕백운호수축제,"생태자연, 주민화합",9. 28.~9. 29.(예정),대면,,2024-09-28,2024-09-29,False,exact_or_partial,False,False,True,False
2024년 지역축제 개최계획(홈페이지 게시)0930.xlsx,세부현황,2024,경기,2024 포천아트밸리 뮤직페스티벌 (PAMF),문화예술,05.26.~05.27.,대면,,2024-05-26,2024-05-27,False,exact_or_partial,False,False,True,False
2024년 지역축제 개최계획(홈페이지 게시)0930.xlsx,세부현황,2024,경기,제4회 포천 화적연 실경 창작 공연,문화예술,9월 중,대면,,2024-09-01,2024-09-30,True,month_only_vague,False,False,True,False
2024년 지역축제 개최계획(홈페이지 게시)0930.xlsx,세부현황,2024,경기,제27회 포천 산정호수 명성산 억새꽃 축제,문화예술,10.11.~10.27.,대면,,2024-10-11,2024-10-27,False,exact_or_partial,False,False,True,False
2024년 지역축제 개최계획(홈페이지 게시)0930.xlsx,세부현황,2024,경기,포천 인문學숲&북 페스티벌(가제),문화예술,05.24.~05.25.,대면,,2024-05-24,2024-05-25,False,exact_or_partial,False,False,True,False
2024년 지역축제 개최계획(홈페이지 게시)0930.xlsx,세부현황,2024,경기,식품안전의 날,문화예술,2024.10월중,대면,,2024-10-01,2024-10-31,True,month_detected_vague,False,False,True,False
2024년 지역축제 개최계획(홈페이지 게시)0930.xlsx,세부현황,2024,경기,포천 축산 그랜드페스티벌,특산물,5.31.~6.2.,대면,,2024-05-31,2024-06-02,False,exact_or_partial,False,False,True,False
2024년 지역축제 개최계획(홈페이지 게시)0930.xlsx,세부현황,2024,경기,백운계곡 동장군 축제,생태자연,24.12.23.~25.2.4.,대면,,2024-12-23,2025-02-04,False,exact_or_partial,False,False,True,False
2024년 지역축제 개최계획(홈페이지 게시)0930.xlsx,세부현황,2024,경기,포천 시민의날 축제,기타(주민화합 등),2024. 10.,대면,,2024-10-01,2024-10-31,True,month_detected_vague,False,False,True,False
2024년 지역축제 개최계획(홈페이지 게시)0930.xlsx,세부현황,2024,경기,제14회 용문산 산나물 축제,특산물,4.26.~4.28.,대면,,2024-04-26,2024-04-28,False,exact_or_partial,False,False,True,False
2024년 지역축제 개최계획(홈페이지 게시)0930.xlsx,세부현황,2024,경기,제2회 우리밀 축제,생태자연,06.06.~,대면,,2024-06-06,2024-06-06,False,exact_or_partial,False,False,True,False
2024년 지역축제 개최계획(홈페이지 게시)0930.xlsx,세부현황,2024,경기,제2회 겨울엔양평,기타(경제활성화),24.12.~25.1.,대면,,2024-12-01,2024-12-31,True,month_detected_vague,False,False,True,False
2024년 지역축제 개최계획(홈페이지 게시)0930.xlsx,세부현황,2024,경기,제36회 여주도자기축제,특산물,05.03.~05.12.(예정),대면,,2024-05-03,2024-05-12,False,exact_or_partial,False,False,True,False
2024년 지역축제 개최계획(홈페이지 게시)0930.xlsx,세부현황,2024,경기,2024 여주오곡나루축제,특산물,10.18.~10.20.(예정),대면,,2024-10-18,2024-10-20,False,exact_or_partial,False,False,True,False
2024년 지역축제 개최계획(홈페이지 게시)0930.xlsx,세부현황,2024,경기,제3회 여주선비장터축제,"특산물, 주민화합",10.12.~10.13.,대면,,2024-10-12,2024-10-13,False,exact_or_partial,False,False,True,False
2024년 지역축제 개최계획(홈페이지 게시)0930.xlsx,세부현황,2024,경기,제8회여주흥천남한강벚꽃축제,생태자연,04.05.~04.07.,대면,,2024-04-05,2024-04-07,False,exact_or_partial,False,False,True,False
2024년 지역축제 개최계획(홈페이지 게시)0930.xlsx,세부현황,2024,경기,제18회 금사참외축제,특산물,05.24.~05.26.,대면,,2024-05-24,2024-05-26,False,exact_or_partial,False,False,True,False
2024년 지역축제 개최계획(홈페이지 게시)0930.xlsx,세부현황,2024,경기,제20회 산북품실축제,전통역사,10.26.~10.27.(예정),대면,,2024-10-26,2024-10-27,False,exact_or_partial,False,False,True,False
2024년 지역축제 개최계획(홈페이지 게시)0930.xlsx,세부현황,2024,경기,제24회 동두천 락 페스티벌,문화예술,8월중,대면,,2024-08-01,2024-08-31,True,month_only_vague,False,False,True,False
2024년 지역축제 개최계획(홈페이지 게시)0930.xlsx,세부현황,2024,경기,제36회 소요단풍문화제,문화예술,10월중(예정),대면,,2024-10-01,2024-10-31,True,month_only_vague,False,False,True,False
2024년 지역축제 개최계획(홈페이지 게시)0930.xlsx,세부현황,2024,경기,제4회 DDC 할로윈 거리예술 축제,문화예술,10월말,대면,,2024-10-01,2024-10-31,True,month_only_vague,False,False,True,False
2024년 지역축제 개최계획(홈페이지 게시)0930.xlsx,세부현황,2024,경기,과천공연예술축제,문화예술,9.27.~9.29.,대면,,2024-09-27,2024-09-29,False,exact_or_partial,False,False,True,False
2024년 지역축제 개최계획(홈페이지 게시)0930.xlsx,세부현황,2024,경기,청춘역1979 페스티벌,문화예술,9월 중,대면,,2024-09-01,2024-09-30,True,month_only_vague,False,False,True,False
2024년 지역축제 개최계획(홈페이지 게시)0930.xlsx,세부현황,2024,경기,제21회 자라섬 재즈페스티벌,문화예술,10.18.~10.20.,대면,,2024-10-18,2024-10-20,False,exact_or_partial,False,False,True,False
2024년 지역축제 개최계획(홈페이지 게시)0930.xlsx,세부현황,2024,경기,2024 Colorful Garden 자라섬 꽃 페스타(봄),문화예술,5.25.~6.16.,대면,,2024-05-25,2024-06-16,False,exact_or_partial,False,False,True,False
2024년 지역축제 개최계획(홈페이지 게시)0930.xlsx,세부현황,2024,경기,2024 Colorful Garden 자라섬 꽃 페스타(가을),문화예술,9.14.~10.27.,대면,,2024-09-14,2024-10-27,False,exact_or_partial,False,False,True,False
2024년 지역축제 개최계획(홈페이지 게시)0930.xlsx,세부현황,2024,경기,제31회 연천 구석기 축제,전통역사,05.03.~05.06.,대면,,2024-05-03,2024-05-06,False,exact_or_partial,False,False,True,False
2024년 지역축제 개최계획(홈페이지 게시)0930.xlsx,세부현황,2024,경기,2024 연천군 국화전시회,생태자연,10월중 예정,대면,,2024-10-01,2024-10-31,True,month_only_vague,False,False,True,False
2024년 지역축제 개최계획(홈페이지 게시)0930.xlsx,세부현황,2024,경기,제9회 연천장남 통일바라기 축제,생태자연,9월중 예정,대면,,2024-09-01,2024-09-30,True,month_only_vague,False,False,True,False
2024년 지역축제 개최계획(홈페이지 게시)0930.xlsx,세부현황,2024,경기,연천율무축제(연천농특산물큰장터),특산물,10월말 예정,대면,,2024-10-01,2024-10-31,True,month_only_vague,False,False,True,False
2024년 지역축제 개최계획(홈페이지 게시)0930.xlsx,세부현황,2024,경기,고려인삼축제,특산물,10월초 예정,대면,,2024-10-01,2024-10-31,True,month_only_vague,False,False,True,False
2024년 지역축제 개최계획(홈페이지 게시)0930.xlsx,세부현황,2024,경기,임진강 댑싸리공원전시,생태자연,09.01.~10.31.,대면,,2024-09-01,2024-10-31,False,exact_or_partial,False,False,True,False
2024년 지역축제 개최계획(홈페이지 게시)0930.xlsx,세부현황,2024,강원,춘천호수 드론 라이트쇼,문화예술,5월중,대면,,2024-05-01,2024-05-31,True,month_only_vague,False,False,True,False
2024년 지역축제 개최계획(홈페이지 게시)0930.xlsx,세부현황,2024,강원,춘천막국수닭갈비축제,특산물(먹거리),5월중,대면,,2024-05-01,2024-05-31,True,month_only_vague,False,False,True,False
2024년 지역축제 개최계획(홈페이지 게시)0930.xlsx,세부현황,2024,강원,2024 온세대 합창페스티벌,문화예술,8월중,대면,,2024-08-01,2024-08-31,True,month_only_vague,False,False,True,False
2024년 지역축제 개최계획(홈페이지 게시)0930.xlsx,세부현황,2024,강원,2024 석사천 재즈 페스타,문화예술,10월중,대면,,2024-10-01,2024-10-31,True,month_only_vague,False,False,True,False
2024년 지역축제 개최계획(홈페이지 게시)0930.xlsx,세부현황,2024,강원,2024 춘베리아 특급열차,문화예술,12월중,대면,,2024-12-01,2024-12-31,True,month_only_vague,False,False,True,False
2024년 지역축제 개최계획(홈페이지 게시)0930.xlsx,세부현황,2024,강원,제45회 소양강문화제,문화예술,09.28.~09.29.,대면,,2024-09-28,2024-09-29,False,exact_or_partial,False,False,True,False
2024년 지역축제 개최계획(홈페이지 게시)0930.xlsx,세부현황,2024,강원,제36회 춘천인형극제,문화예술,08.01.~12.26.,대면,,2024-08-01,2024-12-26,False,exact_or_partial,False,False,True,False
2024년 지역축제 개최계획(홈페이지 게시)0930.xlsx,세부현황,2024,강원,춘천 토이페스티벌,기타(관광),10월 중,대면,,2024-10-01,2024-10-31,True,month_only_vague,False,False,True,False
2024년 지역축제 개최계획(홈페이지 게시)0930.xlsx,세부현황,2024,강원,춘천마임축제,문화예술,05.26.~06.02,대면,,2024-05-26,2024-06-02,False,exact_or_partial,False,False,True,False
2024년 지역축제 개최계획(홈페이지 게시)0930.xlsx,세부현황,2024,강원,춘천연극제,문화예술,6.28.~10.19.,대면,,2024-06-28,2024-10-19,False,exact_or_partial,False,False,True,False
2024년 지역축제 개최계획(홈페이지 게시)0930.xlsx,세부현황,2024,강원,제23회 섬강축제,생태자연,08.23.~08.25.,대면,,2024-08-23,2024-08-25,False,exact_or_partial,False,False,True,False
2024년 지역축제 개최계획(홈페이지 게시)0930.xlsx,세부현황,2024,강원,제18회 원주 용수골 꽃양귀비축제,생태자연,5월중,대면,,2024-05-01,2024-05-31,True,month_only_vague,False,False,True,False
2024년 지역축제 개최계획(홈페이지 게시)0930.xlsx,세부현황,2024,강원,제21회 장미축제,기타,05.29.~06.02.,대면,,2024-05-29,2024-06-02,False,exact_or_partial,False,False,True,False
2024년 지역축제 개최계획(홈페이지 게시)0930.xlsx,세부현황,2024,강원,2024 원주 댄싱카니발,문화예술,10.03.~10.05.,대면,,2024-10-03,2024-10-05,False,exact_or_partial,False,False,True,False
2024년 지역축제 개최계획(홈페이지 게시)0930.xlsx,세부현황,2024,강원,제26회 원주한지문화제,문화예술,10.03.~10.06.,대면,,2024-10-03,2024-10-06,False,exact_or_partial,False,False,True,False
2024년 지역축제 개최계획(홈페이지 게시)0930.xlsx,세부현황,2024,강원,치악산 찰옥수수 축제,특산물,7월 중,대면,,2024-07-01,2024-07-31,True,month_only_vague,False,False,True,False
2024년 지역축제 개최계획(홈페이지 게시)0930.xlsx,세부현황,2024,강원,치악산 복숭아 축제,특산물,8월 중,대면,,2024-08-01,2024-08-31,True,month_only_vague,False,False,True,False
2024년 지역축제 개최계획(홈페이지 게시)0930.xlsx,세부현황,2024,강원,치악산 고구마 축제,특산물,11월 중,대면,,2024-11-01,2024-11-30,True,month_only_vague,False,False,True,False
2024년 지역축제 개최계획(홈페이지 게시)0930.xlsx,세부현황,2024,강원,2024 경포 벚꽃 축제,자연,03.29.~04.03.,대면,,2024-03-29,2024-04-03,False,exact_or_partial,False,False,True,False
2024년 지역축제 개최계획(홈페이지 게시)0930.xlsx,세부현황,2024,강원,강남동 새봄맞이 축제,생태자연,03.31.~04.02.,대면,,2024-03-31,2024-04-02,False,exact_or_partial,False,False,True,False
2024년 지역축제 개최계획(홈페이지 게시)0930.xlsx,세부현황,2024,강원,솔올 동행축제,자연,3월 말 ~ 4월 초,대면,,2024-03-01,2024-04-30,True,month_range_vague,False,False,True,False
2024년 지역축제 개최계획(홈페이지 게시)0930.xlsx,세부현황,2024,강원,제2회 초당미식로드축제 「초당도시락(樂)」,기타,5월중,대면,,2024-05-01,2024-05-31,True,month_only_vague,False,False,True,False
2024년 지역축제 개최계획(홈페이지 게시)0930.xlsx,세부현황,2024,강원,강릉단오제,전통역사,06.06.~06.13.,대면,,2024-06-06,2024-06-13,False,exact_or_partial,False,False,True,False
2024년 지역축제 개최계획(홈페이지 게시)0930.xlsx,세부현황,2024,강원,제3회 강릉 비치비어페스티벌,기타,06.28.~06.30.,대면,,2024-06-28,2024-06-30,False,exact_or_partial,False,False,True,True
2024년 지역축제 개최계획(홈페이지 게시)0930.xlsx,세부현황,2024,강원,풍호마을축제,기타,07.26.~07.28.,대면,,2024-07-26,2024-07-28,False,exact_or_partial,False,False,True,False
2024년 지역축제 개최계획(홈페이지 게시)0930.xlsx,세부현황,2024,강원,2024 경포 썸머페스티벌,기타,07.31.~08.04.,대면,,2024-07-31,2024-08-04,False,exact_or_partial,False,False,True,False
2024년 지역축제 개최계획(홈페이지 게시)0930.xlsx,세부현황,2024,강원,주문진 해변축제,특산물,08.02.~08.04.,대면,,2024-08-02,2024-08-04,False,exact_or_partial,False,False,True,False
2024년 지역축제 개최계획(홈페이지 게시)0930.xlsx,세부현황,2024,강원,강릉문화재야행,기타,09.05.~09.07.,대면,,2024-09-05,2024-09-07,False,exact_or_partial,False,False,True,False
2024년 지역축제 개최계획(홈페이지 게시)0930.xlsx,세부현황,2024,강원,제2회 경포 등 축제,기타,09.14.~09.18.,대면,,2024-09-14,2024-09-18,False,exact_or_partial,False,False,True,False
2024년 지역축제 개최계획(홈페이지 게시)0930.xlsx,세부현황,2024,강원,제16회 강릉커피축제,기타,10.03.~10.06.,대면,,2024-10-03,2024-10-06,False,exact_or_partial,False,False,True,False
2024년 지역축제 개최계획(홈페이지 게시)0930.xlsx,세부현황,2024,강원,제3회 강릉 누들축제,특산물,10.25.~10.27.,대면,,2024-10-25,2024-10-27,False,exact_or_partial,False,False,True,False
2024년 지역축제 개최계획(홈페이지 게시)0930.xlsx,세부현황,2024,강원,제3회 강릉와인축제,기타,11월중,대면,,2024-11-01,2024-11-30,True,month_only_vague,False,False,True,False
2024년 지역축제 개최계획(홈페이지 게시)0930.xlsx,세부현황,2024,강원,제4회 강릉크리스마스 겨울축제,기타,12.21.~12.25.,대면,,2024-12-21,2024-12-25,False,exact_or_partial,False,False,True,False
2024년 지역축제 개최계획(홈페이지 게시)0930.xlsx,세부현황,2024,강원,2025 해돋이 행사,기타,12.31.~01.01.,대면,,2024-12-31,2024-12-31,False,exact_or_partial,False,False,True,False
2024년 지역축제 개최계획(홈페이지 게시)0930.xlsx,세부현황,2024,강원,제11회 전천제,"문화예술, 주민화합",4월중,대면,,2024-04-01,2024-04-30,True,month_only_vague,False,False,True,False
2024년 지역축제 개최계획(홈페이지 게시)0930.xlsx,세부현황,2024,강원,동해항 크랩킹페스타,특산물,04.12.~04.14.,대면,,2024-04-12,2024-04-14,False,exact_or_partial,False,False,True,False
2024년 지역축제 개최계획(홈페이지 게시)0930.xlsx,세부현황,2024,강원,제6회 묵호등대 논골담길 축제,문화예술,06.15.~06.16.,대면,,2024-06-15,2024-06-16,False,exact_or_partial,False,False,True,False
2024년 지역축제 개최계획(홈페이지 게시)0930.xlsx,세부현황,2024,강원,제2회 무릉별유천지 라벤더 축제,생태자연,06.04.~06.21.,대면,,2024-06-04,2024-06-21,False,exact_or_partial,False,False,True,False
2024년 지역축제 개최계획(홈페이지 게시)0930.xlsx,세부현황,2024,강원,묵호도째비페스타,특산물,07.12.~07.14.,대면,,2024-07-12,2024-07-14,False,exact_or_partial,False,False,True,False
2024년 지역축제 개최계획(홈페이지 게시)0930.xlsx,세부현황,2024,강원,제4회 송정막걸리 축제,기타(주민화합 등),9월중,대면,,2024-09-01,2024-09-30,True,month_only_vague,False,False,True,False
2024년 지역축제 개최계획(홈페이지 게시)0930.xlsx,세부현황,2024,강원,동해무릉제,주민화합,09.27.~09.28.,대면,,2024-09-27,2024-09-28,False,exact_or_partial,False,False,True,False
2024년 지역축제 개최계획(홈페이지 게시)0930.xlsx,세부현황,2024,강원,제 31회 태백산 눈축제,생태자연,2024.1.26.~2.4.,대면,,2024-01-26,2024-02-04,False,exact_or_partial,False,False,True,False
2024년 지역축제 개최계획(홈페이지 게시)0930.xlsx,세부현황,2024,강원,한강낙동강발원지 축제,문화예술,7월중,대면,,2024-07-01,2024-07-31,True,month_only_vague,False,False,True,False
2024년 지역축제 개최계획(홈페이지 게시)0930.xlsx,세부현황,2024,강원,태백제,주민화합,10월중,대면,,2024-10-01,2024-10-31,True,month_only_vague,False,False,True,False
2024년 지역축제 개최계획(홈페이지 게시)0930.xlsx,세부현황,2024,강원,태백 천상의 산나물축제,생태자연,04.26.~04.28.,대면,,2024-04-26,2024-04-28,False,exact_or_partial,False,False,True,False
2024년 지역축제 개최계획(홈페이지 게시)0930.xlsx,세부현황,2024,강원,설악벚꽃축제,생태자연,03.30.~03.31.,대면,,2024-03-30,2024-03-31,False,exact_or_partial,False,False,True,False
2024년 지역축제 개최계획(홈페이지 게시)0930.xlsx,세부현황,2024,강원,2024 영랑호 벚꽃축제,생태자연,04.06.~04.07.,대면,,2024-04-06,2024-04-07,False,exact_or_partial,False,False,True,False
2024년 지역축제 개최계획(홈페이지 게시)0930.xlsx,세부현황,2024,강원,2024 실향민문화축제,문화예술,6월 초,혼합형,,2024-06-01,2024-06-30,True,month_only_vague,False,False,True,False
2024년 지역축제 개최계획(홈페이지 게시)0930.xlsx,세부현황,2024,강원,2024 속초썸머페스티벌,문화예술,7~8월,대면,,2024-08-01,2024-08-31,True,month_only_vague,False,False,True,False
2024년 지역축제 개최계획(홈페이지 게시)0930.xlsx,세부현황,2024,강원,2024 속초음식축제,특산물,10월 중순,대면,,2024-10-01,2024-10-31,True,month_only_vague,False,False,True,False
2024년 지역축제 개최계획(홈페이지 게시)0930.xlsx,세부현황,2024,강원,제59회 설악문화제,문화예술,10.04.~10.06.,혼합형,,2024-10-04,2024-10-06,False,exact_or_partial,False,False,True,False
2024년 지역축제 개최계획(홈페이지 게시)0930.xlsx,세부현황,2024,강원,속초시민 새해맞이 축제,문화예술,12.31.~25.01.01.,대면,,2024-12-31,2025-01-01,False,exact_or_partial,False,False,True,False
2024년 지역축제 개최계획(홈페이지 게시)0930.xlsx,세부현황,2024,강원,삼척정월대보름제,전통역사,02.23.~02.25.,대면,,2024-02-23,2024-02-25,False,exact_or_partial,False,False,True,False
2024년 지역축제 개최계획(홈페이지 게시)0930.xlsx,세부현황,2024,강원,제20회삼척맹방유채꽃축제,생태자연,04.06.~04.14.,대면,,2024-04-06,2024-04-14,False,exact_or_partial,False,False,True,False
2024년 지역축제 개최계획(홈페이지 게시)0930.xlsx,세부현황,2024,강원,2024 삼척 장미축제,생태자연,05.18.~05.22.,대면,,2024-05-18,2024-05-22,False,exact_or_partial,False,False,True,False
2024년 지역축제 개최계획(홈페이지 게시)0930.xlsx,세부현황,2024,강원,제11회 두타산 산나물축제,기타(주민화합 등),05.24.~05.26.,대면,,2024-05-24,2024-05-26,False,exact_or_partial,False,False,True,False
2024년 지역축제 개최계획(홈페이지 게시)0930.xlsx,세부현황,2024,강원,제15회 삼척평생학습박람회 및 제5회 책축제,기타(박람회 등),10.19.~10.20.,대면,,2024-10-19,2024-10-20,False,exact_or_partial,False,False,True,False
2024년 지역축제 개최계획(홈페이지 게시)0930.xlsx,세부현황,2024,강원,제12회 홍천강 꽁꽁축제,전통역사,01.05.~01.21.,대면,,2024-01-05,2024-01-21,False,exact_or_partial,False,False,True,False
2024년 지역축제 개최계획(홈페이지 게시)0930.xlsx,세부현황,2024,강원,제8회 홍천강 별빛음악 맥주축제,특산물,8월초,대면,,2024-08-01,2024-08-31,True,month_only_vague,False,False,True,True
2024년 지역축제 개최계획(홈페이지 게시)0930.xlsx,세부현황,2024,강원,제6회 홍천산나물축제,특산물,4월말,대면,,2024-04-01,2024-04-30,True,month_only_vague,False,False,True,False
2024년 지역축제 개최계획(홈페이지 게시)0930.xlsx,세부현황,2024,강원,제28회 홍천찰옥수수축제,특산물,7월말,대면,,2024-07-01,2024-07-31,True,month_only_vague,False,False,True,False
2024년 지역축제 개최계획(홈페이지 게시)0930.xlsx,세부현황,2024,강원,제22회 강원홍천 인삼한우 명품축제,특산물,10월초,대면,,2024-10-01,2024-10-31,True,month_only_vague,False,False,True,False
2024년 지역축제 개최계획(홈페이지 게시)0930.xlsx,세부현황,2024,강원,제9회 홍천사과축제,특산물,11월초,대면,,2024-11-01,2024-11-30,True,month_only_vague,False,False,True,False
2024년 지역축제 개최계획(홈페이지 게시)0930.xlsx,세부현황,2024,강원,제13회 둔내고랭지토마토축제,특산물,8월중,대면,,2024-08-01,2024-08-31,True,month_only_vague,False,False,True,False
2024년 지역축제 개최계획(홈페이지 게시)0930.xlsx,세부현황,2024,강원,제11회 횡성더덕축제,특산물,9월중,대면,,2024-09-01,2024-09-30,True,month_only_vague,False,False,True,False
2024년 지역축제 개최계획(홈페이지 게시)0930.xlsx,세부현황,2024,강원,제16회 안흥찐빵축제,특산물,10월중,대면,,2024-10-01,2024-10-31,True,month_only_vague,False,False,True,False
2024년 지역축제 개최계획(홈페이지 게시)0930.xlsx,세부현황,2024,강원,제20회 횡성한우축제,특산물,10월중,대면,,2024-10-01,2024-10-31,True,month_only_vague,False,False,True,False
2024년 지역축제 개최계획(홈페이지 게시)0930.xlsx,세부현황,2024,강원,제5회 횡성호수길축제,생태자연,5월중,대면,,2024-05-01,2024-05-31,True,month_only_vague,False,False,True,False
2024년 지역축제 개최계획(홈페이지 게시)0930.xlsx,세부현황,2024,강원,제35회 회다지민속문화제,전통역사,4월중,대면,,2024-04-01,2024-04-30,True,month_only_vague,False,False,True,False
2024년 지역축제 개최계획(홈페이지 게시)0930.xlsx,세부현황,2024,강원,제5회 태종노구문화제,전통역사,10월중,대면,,2024-10-01,2024-10-31,True,month_only_vague,False,False,True,False
2024년 지역축제 개최계획(홈페이지 게시)0930.xlsx,세부현황,2024,강원,제2회 소(牛)맥 프리미엄 페스티벌,기타(체육 등),8월중,대면,,2024-08-01,2024-08-31,True,month_only_vague,False,False,True,False
2024년 지역축제 개최계획(홈페이지 게시)0930.xlsx,세부현황,2024,강원,단종문화제,전통역사,04.26.~04.28.,혼합형,,2024-04-26,2024-04-28,False,exact_or_partial,False,False,True,False
2024년 지역축제 개최계획(홈페이지 게시)0930.xlsx,세부현황,2024,강원,동강국제사진제,문화예술,07.12.~09.29.,혼합형,,2024-07-12,2024-09-29,False,exact_or_partial,False,False,True,False
2024년 지역축제 개최계획(홈페이지 게시)0930.xlsx,세부현황,2024,강원,동강뗏목축제,문화예술,08.02.~08.04.,혼합형,,2024-08-02,2024-08-04,False,exact_or_partial,False,False,True,False
2024년 지역축제 개최계획(홈페이지 게시)0930.xlsx,세부현황,2024,강원,김삿갓문화제,전통역사,10.11.~10.13.,혼합형,,2024-10-11,2024-10-13,False,exact_or_partial,False,False,True,False
2024년 지역축제 개최계획(홈페이지 게시)0930.xlsx,세부현황,2024,강원,제16회 평창송어축제,특산물,`24.12.27.~`25.2.2.,대면,,2024-12-27,2025-02-02,False,exact_or_partial,False,False,True,False
2024년 지역축제 개최계획(홈페이지 게시)0930.xlsx,세부현황,2024,강원,제30회 대관령눈꽃축제,생태자연,01.27.~02.11.,대면,,2024-01-27,2024-02-11,False,exact_or_partial,False,False,True,False
2024년 지역축제 개최계획(홈페이지 게시)0930.xlsx,세부현황,2024,강원,2024 계촌클래식축제,문화예술,05.15.~05.19.,대면,,2024-05-15,2024-05-19,False,exact_or_partial,False,False,True,False
2024년 지역축제 개최계획(홈페이지 게시)0930.xlsx,세부현황,2024,강원,2024 평창더위사냥축제,생태자연,07.26.~08.04.,대면,,2024-07-26,2024-08-04,False,exact_or_partial,False,False,True,False
2024년 지역축제 개최계획(홈페이지 게시)0930.xlsx,세부현황,2024,강원,2024 평창효석문화제,문화예술,09.06.~09.18.,대면,,2024-09-06,2024-09-18,False,exact_or_partial,False,False,True,False
2024년 지역축제 개최계획(홈페이지 게시)0930.xlsx,세부현황,2024,강원,2024 평창농악축제,전통역사,09.13.~09.18.,대면,,2024-09-13,2024-09-18,False,exact_or_partial,False,False,True,False
2024년 지역축제 개최계획(홈페이지 게시)0930.xlsx,세부현황,2024,강원,2024 평창백일홍축제,생태자연,09.13.~09.22.,대면,,2024-09-13,2024-09-22,False,exact_or_partial,False,False,True,False
2024년 지역축제 개최계획(홈페이지 게시)0930.xlsx,세부현황,2024,강원,제18회 정선 동강할미꽃 축제,생태자연,03.29.~03.31.,대면,,2024-03-29,2024-03-31,False,exact_or_partial,False,False,True,False
2024년 지역축제 개최계획(홈페이지 게시)0930.xlsx,세부현황,2024,강원,함백산야생화축제,생태자연,07.29~08.06.,대면,,2024-07-29,2024-08-06,False,exact_or_partial,False,False,True,False
2024년 지역축제 개최계획(홈페이지 게시)0930.xlsx,세부현황,2024,강원,제28회 사북석탄문화제,문화예술,07.25.~07.28.,대면,,2024-07-25,2024-07-28,False,exact_or_partial,False,False,True,False
2024년 지역축제 개최계획(홈페이지 게시)0930.xlsx,세부현황,2024,강원,제33회 사북읍민의 날,기타(주민화합),10.18.,대면,,2024-10-18,2024-10-18,False,exact_or_partial,False,False,True,False
2024년 지역축제 개최계획(홈페이지 게시)0930.xlsx,세부현황,2024,강원,두위봉 철쭉축제,생태자연,6월중,대면,,2024-06-01,2024-06-30,True,month_only_vague,False,False,True,False
2024년 지역축제 개최계획(홈페이지 게시)0930.xlsx,세부현황,2024,강원,고성산성문화제,전통역사,10월말,대면,,2024-10-01,2024-10-31,True,month_only_vague,False,False,True,False
2024년 지역축제 개최계획(홈페이지 게시)0930.xlsx,세부현황,2024,강원,제32회 화암약수제,기타(주민화합 등),04.26.~04.27.,대면,,2024-04-26,2024-04-27,False,exact_or_partial,False,False,True,False
2024년 지역축제 개최계획(홈페이지 게시)0930.xlsx,세부현황,2024,강원,민둥산은빛억새축제,생태자연,09.20.~11.03.,대면,,2024-09-20,2024-11-03,False,exact_or_partial,False,False,True,False
2024년 지역축제 개최계획(홈페이지 게시)0930.xlsx,세부현황,2024,강원,제32회 아우라지뗏목축제,문화예술,08.02.~08.4.,대면,,2024-08-02,2024-08-04,False,exact_or_partial,False,False,True,False
2024년 지역축제 개최계획(홈페이지 게시)0930.xlsx,세부현황,2024,강원,2024 정선토속음식 축제,기타,4월중,대면,,2024-04-01,2024-04-30,True,month_only_vague,False,False,True,False
2024년 지역축제 개최계획(홈페이지 게시)0930.xlsx,세부현황,2024,강원,"벚꽃축제
(맹글장 ""벚꽃한입 세상으로"")",생태자연,4월중,대면,,2024-04-01,2024-04-30,True,month_only_vague,False,False,True,False
2024년 지역축제 개최계획(홈페이지 게시)0930.xlsx,세부현황,2024,강원,항골 숨바우길 트레킹 대회,기타,10월중,대면,,2024-10-01,2024-10-31,True,month_only_vague,False,False,True,False
2024년 지역축제 개최계획(홈페이지 게시)0930.xlsx,세부현황,2024,강원,나전역 어게인 1979(가칭),기타,10월중,대면,,2024-10-01,2024-10-31,True,month_only_vague,False,False,True,False
2024년 지역축제 개최계획(홈페이지 게시)0930.xlsx,세부현황,2024,강원,제49회 정선아리랑제,전통역사,10.02.~10.05.,대면,,2024-10-02,2024-10-05,False,exact_or_partial,False,False,True,False
2024년 지역축제 개최계획(홈페이지 게시)0930.xlsx,세부현황,2024,강원,제13회 철원 한탄강 얼음트레킹 축제,생태자연,25.01월초,대면,,2024-01-01,2024-01-31,True,month_detected_vague,False,False,True,False
2024년 지역축제 개최계획(홈페이지 게시)0930.xlsx,세부현황,2024,강원,제18회 철원 화강 다슬기 축제,생태자연,08.01.~08.04.,대면,,2024-08-01,2024-08-04,False,exact_or_partial,False,False,True,False
2024년 지역축제 개최계획(홈페이지 게시)0930.xlsx,세부현황,2024,강원,제42회 태봉제,기타,10.03.~10.05.,대면,,2024-10-03,2024-10-05,False,exact_or_partial,False,False,True,False
2024년 지역축제 개최계획(홈페이지 게시)0930.xlsx,세부현황,2024,강원,제19회 산천어축제,문화예술,01.06.~01.28.,대면,,2024-01-06,2024-01-28,False,exact_or_partial,False,False,True,False
2024년 지역축제 개최계획(홈페이지 게시)0930.xlsx,세부현황,2024,강원,제20회 화천토마토축제,특산물,08.01.~08.04.,대면,,2024-08-01,2024-08-04,False,exact_or_partial,False,False,True,False
2024년 지역축제 개최계획(홈페이지 게시)0930.xlsx,세부현황,2024,강원,2024 청춘양구 곰취축제,특산물,05.03.~05.06.,대면,,2024-05-03,2024-05-06,False,exact_or_partial,False,False,True,False
2024년 지역축제 개최계획(홈페이지 게시)0930.xlsx,세부현황,2024,강원,2024 도솔산지구전투전승행사,전통역시,06.14.~06.15.,대면,,2024-06-14,2024-06-15,False,exact_or_partial,False,False,True,False
2024년 지역축제 개최계획(홈페이지 게시)0930.xlsx,세부현황,2024,강원,2024 국토정중앙 청춘양구 배꼽축제,문화예술,08.30.~09.01.,대면,,2024-08-30,2024-09-01,False,exact_or_partial,False,False,True,False
2024년 지역축제 개최계획(홈페이지 게시)0930.xlsx,세부현황,2024,강원,제39회 양록제,기타,10.10.~10.12.,대면,,2024-10-10,2024-10-12,False,exact_or_partial,False,False,True,False
2024년 지역축제 개최계획(홈페이지 게시)0930.xlsx,세부현황,2024,강원,2024 청춘양구 펀치볼 시래기 사과 축제,특산물,10.26.~10.27.,대면,,2024-10-26,2024-10-27,False,exact_or_partial,False,False,True,False
2024년 지역축제 개최계획(홈페이지 게시)0930.xlsx,세부현황,2024,강원,국토정중앙 양구 보름달축제,문화예술,09.16.~09.17.,대면,,2024-09-16,2024-09-17,False,exact_or_partial,False,False,True,False
2024년 지역축제 개최계획(홈페이지 게시)0930.xlsx,세부현황,2024,강원,제6회 인제가을꽃축제,생태자연,10월중,대면,,2024-10-01,2024-10-31,True,month_only_vague,False,False,True,False
2024년 지역축제 개최계획(홈페이지 게시)0930.xlsx,세부현황,2024,강원,제24회 용대황태축제,지역특산물,5월중,대면,,2024-05-01,2024-05-31,True,month_only_vague,False,False,True,False
2024년 지역축제 개최계획(홈페이지 게시)0930.xlsx,세부현황,2024,강원,제42회 합강문화제,문화예술,10월중,대면,,2024-10-01,2024-10-31,True,month_only_vague,False,False,True,False
2024년 지역축제 개최계획(홈페이지 게시)0930.xlsx,세부현황,2024,강원,2024 봉포리 죽도 하트썸 축제,기타(주민화합),7월중,대면,,2024-07-01,2024-07-31,True,month_only_vague,False,False,True,False
2024년 지역축제 개최계획(홈페이지 게시)0930.xlsx,세부현황,2024,강원,삼포해변 서핑축제,기타(체험행사),7월중,대면,,2024-07-01,2024-07-31,True,month_only_vague,False,False,True,False
2024년 지역축제 개최계획(홈페이지 게시)0930.xlsx,세부현황,2024,강원,해안선 레저스포츠 페스티벌,기타(체험행사),8월중,대면,,2024-08-01,2024-08-31,True,month_only_vague,False,False,True,False
2024년 지역축제 개최계획(홈페이지 게시)0930.xlsx,세부현황,2024,강원,제42회 군민의 날 및 수성문화제,전통역사,9월중,대면,,2024-09-01,2024-09-30,True,month_only_vague,False,False,True,False
2024년 지역축제 개최계획(홈페이지 게시)0930.xlsx,세부현황,2024,강원,제24회 고성통일명태축제,전통역사,10월 중,대면,,2024-10-01,2024-10-31,True,month_only_vague,False,False,True,False
2024년 지역축제 개최계획(홈페이지 게시)0930.xlsx,세부현황,2024,강원,아기연어 보내기 체험행사,생태자연,3~4월 중,대면,,2024-04-01,2024-04-30,True,month_only_vague,False,False,True,False
2024년 지역축제 개최계획(홈페이지 게시)0930.xlsx,세부현황,2024,강원,양양송이연어축제,"특산물, 생태자연",9~10월 중,대면,,2024-10-01,2024-10-31,True,month_only_vague,False,False,True,False
2024년 지역축제 개최계획(홈페이지 게시)0930.xlsx,세부현황,2024,충북,청주읍성축제,전통역사,09.08.~09.10.,대면,,2024-09-08,2024-09-10,False,exact_or_partial,False,False,True,False
2024년 지역축제 개최계획(홈페이지 게시)0930.xlsx,세부현황,2024,충북,청원생명축제,특산물,10.06.~10.15.,대면,,2024-10-06,2024-10-15,False,exact_or_partial,False,False,True,False
2024년 지역축제 개최계획(홈페이지 게시)0930.xlsx,세부현황,2024,충북,세종대왕과 초정약수축제,역사문화,10.20.~10.22.,대면,,2024-10-20,2024-10-22,False,exact_or_partial,False,False,True,False
2024년 지역축제 개최계획(홈페이지 게시)0930.xlsx,세부현황,2024,충북,벚꽃과함께 하는 푸드트럭 축제,기타,3월중,대면,,2024-03-01,2024-03-31,True,month_only_vague,False,False,True,False
2024년 지역축제 개최계획(홈페이지 게시)0930.xlsx,세부현황,2024,충북,청주 디저트베이커리페스타,기타,09.23.~09.24.,대면,,2024-09-23,2024-09-24,False,exact_or_partial,False,False,True,False
2024년 지역축제 개최계획(홈페이지 게시)0930.xlsx,세부현황,2024,충북,청주 문화유산 야행,전통역사,08.25.~08.27.,대면,,2024-08-25,2024-08-27,False,exact_or_partial,False,False,True,False
2024년 지역축제 개최계획(홈페이지 게시)0930.xlsx,세부현황,2024,충북,충주다이브페스티벌,문화관광,05.30.~06.02.,대면,,2024-05-30,2024-06-02,False,exact_or_partial,False,False,True,False
2024년 지역축제 개최계획(홈페이지 게시)0930.xlsx,세부현황,2024,충북,제39회 수안보온천제,기타,04.12.~04.14.,대면,,2024-04-12,2024-04-14,False,exact_or_partial,False,False,True,False
2024년 지역축제 개최계획(홈페이지 게시)0930.xlsx,세부현황,2024,충북,우륵문화제,문화예술,10.03.~10.07.,대면,,2024-10-03,2024-10-07,False,exact_or_partial,False,False,True,False
2024년 지역축제 개최계획(홈페이지 게시)0930.xlsx,세부현황,2024,충북,2023충주씨브랜드패스티벌,특산물,10월 중,대면,,2024-10-01,2024-10-31,True,month_only_vague,False,False,True,False
2024년 지역축제 개최계획(홈페이지 게시)0930.xlsx,세부현황,2024,충북,제28회 청풍호 벚꽃축제,생태자연,4월중,대면,,2024-04-01,2024-04-30,True,month_only_vague,False,False,True,False
2024년 지역축제 개최계획(홈페이지 게시)0930.xlsx,세부현황,2024,충북,제천 문화유산 야행,전통역사,08.30.~09.01.,대면,,2024-08-30,2024-09-01,False,exact_or_partial,False,False,True,False
2024년 지역축제 개최계획(홈페이지 게시)0930.xlsx,세부현황,2024,충북,2024년 제천 수제맥주&달빛야시장 축제,기타,9월중,대면,,2024-09-01,2024-09-30,True,month_only_vague,False,False,True,True
2024년 지역축제 개최계획(홈페이지 게시)0930.xlsx,세부현황,2024,충북,제20회 제천국제음악영화제,문화예술,9월중,대면,,2024-09-01,2024-09-30,True,month_only_vague,False,False,True,False
2024년 지역축제 개최계획(홈페이지 게시)0930.xlsx,세부현황,2024,충북,제3회 의림지 농경문화 예술제,문화예술,10.11.~10.13.,대면,,2024-10-11,2024-10-13,False,exact_or_partial,False,False,True,False
2024년 지역축제 개최계획(홈페이지 게시)0930.xlsx,세부현황,2024,충북,슬로시티 힐링 축제,문화예술,10월중,대면,,2024-10-01,2024-10-31,True,month_only_vague,False,False,True,False
2024년 지역축제 개최계획(홈페이지 게시)0930.xlsx,세부현황,2024,충북,2024 보은 벚꽃길 축제,생태자연,04.05.~04.07.,대면,,2024-04-05,2024-04-07,False,exact_or_partial,False,False,True,False
2024년 지역축제 개최계획(홈페이지 게시)0930.xlsx,세부현황,2024,충북,2024 속리산 축제,전통역사,5~6월중,대면,,2024-06-01,2024-06-30,True,month_only_vague,False,False,True,False
2024년 지역축제 개최계획(홈페이지 게시)0930.xlsx,세부현황,2024,충북,2024 보은대추축제,특산물,10.11.~10.20.,대면,,2024-10-11,2024-10-20,False,exact_or_partial,False,False,True,False
2024년 지역축제 개최계획(홈페이지 게시)0930.xlsx,세부현황,2024,충북,제37회 지용제,문화예술,05.17.~05.19.,대면,,2024-05-17,2024-05-19,False,exact_or_partial,False,False,True,False
2024년 지역축제 개최계획(홈페이지 게시)0930.xlsx,세부현황,2024,충북,제22회 옥천묘목축제,특산물,03.29.~03.31.,대면,,2024-03-29,2024-03-31,False,exact_or_partial,False,False,True,False
2024년 지역축제 개최계획(홈페이지 게시)0930.xlsx,세부현황,2024,충북,제15회 옥천참옻축제,특산물,4월중,대면,,2024-04-01,2024-04-30,True,month_only_vague,False,False,True,False
2024년 지역축제 개최계획(홈페이지 게시)0930.xlsx,세부현황,2024,충북,제15회 향수옥천 포도복숭아축제,특산물,08.02.~08.04.,대면,,2024-08-02,2024-08-04,False,exact_or_partial,False,False,True,False
2024년 지역축제 개최계획(홈페이지 게시)0930.xlsx,세부현황,2024,충북,2024 영동곶감축제,특산물,01.19.~01.21.,대면,,2024-01-19,2024-01-21,False,exact_or_partial,False,False,True,False
2024년 지역축제 개최계획(홈페이지 게시)0930.xlsx,세부현황,2024,충북,제13회 대한민국와인축제,특산물,05.09.~05.12.,대면,,2024-05-09,2024-05-12,False,exact_or_partial,False,False,True,False
2024년 지역축제 개최계획(홈페이지 게시)0930.xlsx,세부현황,2024,충북,2024 영동포도축제,특산물,08.29.~09.01.,대면,,2024-08-29,2024-09-01,False,exact_or_partial,False,False,True,False
2024년 지역축제 개최계획(홈페이지 게시)0930.xlsx,세부현황,2024,충북,제55회 영동난계국악축제,문화예술,10.10.~10.13.,대면,,2024-10-10,2024-10-13,False,exact_or_partial,False,False,True,False
2024년 지역축제 개최계획(홈페이지 게시)0930.xlsx,세부현황,2024,충북,증평인삼골축제,특산물,10월중,대면,,2024-10-01,2024-10-31,True,month_only_vague,False,False,True,False
2024년 지역축제 개최계획(홈페이지 게시)0930.xlsx,세부현황,2024,충북,증평들노래축제,전통역사,6월중,대면,,2024-06-01,2024-06-30,True,month_only_vague,False,False,True,False
2024년 지역축제 개최계획(홈페이지 게시)0930.xlsx,세부현황,2024,충북,제24회 생거진천 농다리축제,전통역사,4월중,대면,,2024-04-01,2024-04-30,True,month_only_vague,False,False,True,False
2024년 지역축제 개최계획(홈페이지 게시)0930.xlsx,세부현황,2024,충북,제45회 생거진천 문화축제,문화예술,10월중,대면,,2024-10-01,2024-10-31,True,month_only_vague,False,False,True,False
2024년 지역축제 개최계획(홈페이지 게시)0930.xlsx,세부현황,2024,충북,괴산빨간맛페스티벌,생태자연,5월중,대면,,2024-05-01,2024-05-31,True,month_only_vague,False,False,True,False
2024년 지역축제 개최계획(홈페이지 게시)0930.xlsx,세부현황,2024,충북,괴산고추축제,특산품,9월중,대면,,2024-09-01,2024-09-30,True,month_only_vague,False,False,True,False
2024년 지역축제 개최계획(홈페이지 게시)0930.xlsx,세부현황,2024,충북,괴산김장축제,특산품,11월중,대면,,2024-11-01,2024-11-30,True,month_only_vague,False,False,True,False
2024년 지역축제 개최계획(홈페이지 게시)0930.xlsx,세부현황,2024,충북,제25회 음성품바축제,문화예술,05.22.~05.26.,대면,,2024-05-22,2024-05-26,False,exact_or_partial,False,False,True,False
2024년 지역축제 개최계획(홈페이지 게시)0930.xlsx,세부현황,2024,충북,제43회 설성문화제,전통역사,9~10월중,대면,,2024-10-01,2024-10-31,True,month_only_vague,False,False,True,False
2024년 지역축제 개최계획(홈페이지 게시)0930.xlsx,세부현황,2024,충북,2024 음성명작페스티벌,특산물,8~9월중,대면,,2024-09-01,2024-09-30,True,month_only_vague,False,False,True,False
2024년 지역축제 개최계획(홈페이지 게시)0930.xlsx,세부현황,2024,충북,제40회 단양 소백산철쭉제,생태자연,05.23.~05.26.,대면,,2024-05-23,2024-05-26,False,exact_or_partial,False,False,True,False
2024년 지역축제 개최계획(홈페이지 게시)0930.xlsx,세부현황,2024,충북,제26회 단양 온달문화축제,전통역사,10.03.~10.06.,대면,,2024-10-03,2024-10-06,False,exact_or_partial,False,False,True,False
2024년 지역축제 개최계획(홈페이지 게시)0930.xlsx,세부현황,2024,충남,천안흥타령춤축제 2024,문화예술,2024.9.25.~9.29.(5일간),대면,,2024-09-25,2024-09-29,False,exact_or_partial,False,False,True,False
2024년 지역축제 개최계획(홈페이지 게시)0930.xlsx,세부현황,2024,충남,천안위례벚꽃축제,생태자연,4월중,대면,,2024-04-01,2024-04-30,True,month_only_vague,False,False,True,False
2024년 지역축제 개최계획(홈페이지 게시)0930.xlsx,세부현황,2024,충남,입장거봉포도축제,특산물,9월중,대면,,2024-09-01,2024-09-30,True,month_only_vague,False,False,True,False
2024년 지역축제 개최계획(홈페이지 게시)0930.xlsx,세부현황,2024,충남,겨울공주 군밤축제,지역특산물,1월말,대면,,2024-01-01,2024-01-31,True,month_only_vague,False,False,True,False
2024년 지역축제 개최계획(홈페이지 게시)0930.xlsx,세부현황,2024,충남,공주 석장리 구석기축제,전통역사,5월초,대면,,2024-05-01,2024-05-31,True,month_only_vague,False,False,True,False
2024년 지역축제 개최계획(홈페이지 게시)0930.xlsx,세부현황,2024,충남,유구색동수국정원 꽃축제,생태자연,6월말,대면,,2024-06-01,2024-06-30,True,month_only_vague,False,False,True,False
2024년 지역축제 개최계획(홈페이지 게시)0930.xlsx,세부현황,2024,충남,계룡산산신제,전통역사,4월말,대면,,2024-04-01,2024-04-30,True,month_only_vague,False,False,True,False
2024년 지역축제 개최계획(홈페이지 게시)0930.xlsx,세부현황,2024,충남,마곡사 신록축제,문화예술,5월초,대면,,2024-05-01,2024-05-31,True,month_only_vague,False,False,True,False
2024년 지역축제 개최계획(홈페이지 게시)0930.xlsx,세부현황,2024,충남,갑사황매화축제,생태자연,4월말,대면,,2024-04-01,2024-04-30,True,month_only_vague,False,False,True,False
2024년 지역축제 개최계획(홈페이지 게시)0930.xlsx,세부현황,2024,충남,공주항공축제,생태자연,10월초,대면,,2024-10-01,2024-10-31,True,month_only_vague,False,False,True,False
2024년 지역축제 개최계획(홈페이지 게시)0930.xlsx,세부현황,2024,충남,제70회 백제문화제,전통역사,9월말,대면,,2024-09-01,2024-09-30,True,month_only_vague,False,False,True,False
2024년 지역축제 개최계획(홈페이지 게시)0930.xlsx,세부현황,2024,충남,구절산 구절초 축제,생태자연,10월초,대면,,2024-10-01,2024-10-31,True,month_only_vague,False,False,True,False
2024년 지역축제 개최계획(홈페이지 게시)0930.xlsx,세부현황,2024,충남,무창포 주꾸미.도다리 축제,특산물,3월 중,대면,,2024-03-01,2024-03-31,True,month_only_vague,False,False,True,False
2024년 지역축제 개최계획(홈페이지 게시)0930.xlsx,세부현황,2024,충남,오천항 키조개 축제,특산물,5월 중,대면,,2024-05-01,2024-05-31,True,month_only_vague,False,False,True,False
2024년 지역축제 개최계획(홈페이지 게시)0930.xlsx,세부현황,2024,충남,대천항 수산물 축제,특산물,5월 중,대면,,2024-05-01,2024-05-31,True,month_only_vague,False,False,True,False
2024년 지역축제 개최계획(홈페이지 게시)0930.xlsx,세부현황,2024,충남,2024 보령.AMC 국제 모터페스티벌,테마,5. 4. ~ 5. 6.,대면,,2024-05-04,2024-05-06,False,exact_or_partial,False,False,True,False
2024년 지역축제 개최계획(홈페이지 게시)0930.xlsx,세부현황,2024,충남,제27회 보령머드축제,기타,7. 19. ~8. 4.,대면,,2024-07-19,2024-08-04,False,exact_or_partial,False,False,True,False
2024년 지역축제 개최계획(홈페이지 게시)0930.xlsx,세부현황,2024,충남,무창포 신비의 바닷길 축제,문화관광,9월 중,대면,,2024-09-01,2024-09-30,True,month_only_vague,False,False,True,False
2024년 지역축제 개최계획(홈페이지 게시)0930.xlsx,세부현황,2024,충남,무창포 대하전어 축제,특산물,9월 중,대면,,2024-09-01,2024-09-30,True,month_only_vague,False,False,True,False
2024년 지역축제 개최계획(홈페이지 게시)0930.xlsx,세부현황,2024,충남,대천해수욕장 조개구이 축제,특산물,9월 중,대면,,2024-09-01,2024-09-30,True,month_only_vague,False,False,True,False
2024년 지역축제 개최계획(홈페이지 게시)0930.xlsx,세부현황,2024,충남,원산도 · 효자도 붕장어 축제,특산물,10월 초,대면,,2024-10-01,2024-10-31,True,month_only_vague,False,False,True,False
2024년 지역축제 개최계획(홈페이지 게시)0930.xlsx,세부현황,2024,충남,청라은행마을축제,기타,10월 말,대면,,2024-10-01,2024-10-31,True,month_only_vague,False,False,True,False
2024년 지역축제 개최계획(홈페이지 게시)0930.xlsx,세부현황,2024,충남,보령 김축제,특산물,11월 초,대면,,2024-11-01,2024-11-30,True,month_only_vague,False,False,True,False
2024년 지역축제 개최계획(홈페이지 게시)0930.xlsx,세부현황,2024,충남,천북 굴축제,특산물,12월 초,대면,,2024-12-01,2024-12-31,True,month_only_vague,False,False,True,False
2024년 지역축제 개최계획(홈페이지 게시)0930.xlsx,세부현황,2024,충남,고대도 칼 귀츨라프 선교 기념행사,문화관광,7. 24. ~ 7. 30.,대면,,2024-07-24,2024-07-30,False,exact_or_partial,False,False,True,False
2024년 지역축제 개최계획(홈페이지 게시)0930.xlsx,세부현황,2024,충남,찾아가는 계절축제,문화예술,4월 중 / 7월 중 / 10월 중 / 11월 말 (연4회 계절별 축제 진행),대면,,2024-04-01,2024-07-31,True,month_range_vague,False,False,True,False
2024년 지역축제 개최계획(홈페이지 게시)0930.xlsx,세부현황,2024,충남,역사문화 페스티벌,전통역사,9월 중 2일간 예정,대면,,2024-09-01,2024-09-30,True,month_only_vague,False,False,True,False
2024년 지역축제 개최계획(홈페이지 게시)0930.xlsx,세부현황,2024,충남,공연예술제,문화예술,5월 중,대면,,2024-05-01,2024-05-31,True,month_only_vague,False,False,True,False
2024년 지역축제 개최계획(홈페이지 게시)0930.xlsx,세부현황,2024,충남,아트밸리 아산 제63회 성웅 이순신축제,문화예술,4월 말,대면,,2024-04-01,2024-04-30,True,month_only_vague,False,False,True,False
2024년 지역축제 개최계획(홈페이지 게시)0930.xlsx,세부현황,2024,충남,락페스티벌,문화예술,8월 중,대면,,2024-08-01,2024-08-31,True,month_only_vague,False,False,True,False
2024년 지역축제 개최계획(홈페이지 게시)0930.xlsx,세부현황,2024,충남,별빛음악제,문화예술,8월 중,대면,,2024-08-01,2024-08-31,True,month_only_vague,False,False,True,False
2024년 지역축제 개최계획(홈페이지 게시)0930.xlsx,세부현황,2024,충남,아트밸리 아산 제2회 JAZZ 페스타,문화예술,10월 중,대면,,2024-10-01,2024-10-31,True,month_only_vague,False,False,True,False
2024년 지역축제 개최계획(홈페이지 게시)0930.xlsx,세부현황,2024,충남,설화예술제,문화예술,10월 초,대면,,2024-10-01,2024-10-31,True,month_only_vague,False,False,True,False
2024년 지역축제 개최계획(홈페이지 게시)0930.xlsx,세부현황,2024,충남,서산해미읍성축제,전통역사,10월,대면,,2024-10-01,2024-10-31,True,month_only_vague,False,False,True,False
2024년 지역축제 개최계획(홈페이지 게시)0930.xlsx,세부현황,2024,충남,서산국화축제,생태자연,11월,대면,,2024-11-01,2024-11-30,True,month_only_vague,False,False,True,False
2024년 지역축제 개최계획(홈페이지 게시)0930.xlsx,세부현황,2024,충남,팔봉산감자축제,특산물축제,6월,대면,,2024-06-01,2024-06-30,True,month_only_vague,False,False,True,False
2024년 지역축제 개최계획(홈페이지 게시)0930.xlsx,세부현황,2024,충남,서산6쪽마늘축제,특산물축제,7월,대면,,2024-07-01,2024-07-31,True,month_only_vague,False,False,True,False
2024년 지역축제 개최계획(홈페이지 게시)0930.xlsx,세부현황,2024,충남,해미벚꽃축제,생태자연,4월,대면,,2024-04-01,2024-04-30,True,month_only_vague,False,False,True,False
2024년 지역축제 개최계획(홈페이지 게시)0930.xlsx,세부현황,2024,충남,류방택 별축제,전통역사과학,6월,대면,,2024-06-01,2024-06-30,True,month_only_vague,False,False,True,False
2024년 지역축제 개최계획(홈페이지 게시)0930.xlsx,세부현황,2024,충남,왕산포갯마을축제,수산물 지역축제 및 체험행사,5월,대면,,2024-05-01,2024-05-31,True,month_only_vague,False,False,True,False
2024년 지역축제 개최계획(홈페이지 게시)0930.xlsx,세부현황,2024,충남,삼길포우럭축제,수산물 지역축제 및 체험행사,8월,대면,,2024-08-01,2024-08-31,True,month_only_vague,False,False,True,False
2024년 지역축제 개최계획(홈페이지 게시)0930.xlsx,세부현황,2024,충남,서산감태낙지축제,수산물 지역축제 및 체험행사,10월,대면,,2024-10-01,2024-10-31,True,month_only_vague,False,False,True,False
2024년 지역축제 개최계획(홈페이지 게시)0930.xlsx,세부현황,2024,충남,간월도어리굴젓축제,수산물 지역축제 및 체험행사,10월,대면,,2024-10-01,2024-10-31,True,month_only_vague,False,False,True,False
2024년 지역축제 개최계획(홈페이지 게시)0930.xlsx,세부현황,2024,충남,논산딸기축제,특산물,3월 초 4일 개최,혼합,,2024-03-01,2024-03-31,True,month_only_vague,False,False,True,False
2024년 지역축제 개최계획(홈페이지 게시)0930.xlsx,세부현황,2024,충남,논산연산대추문화축제,특산물,10월 중 3일 개최,대면,,2024-10-01,2024-10-31,True,month_only_vague,False,False,True,False
2024년 지역축제 개최계획(홈페이지 게시)0930.xlsx,세부현황,2024,충남,논산강경젓갈축제,특산물,10월 중 4일 개최,혼합,,2024-10-01,2024-10-31,True,month_only_vague,False,False,True,False
2024년 지역축제 개최계획(홈페이지 게시)0930.xlsx,세부현황,2024,충남,논산양촌곶감축제,특산물,12월 초 3일 개최,대면,,2024-12-01,2024-12-31,True,month_only_vague,False,False,True,False
2024년 지역축제 개최계획(홈페이지 게시)0930.xlsx,세부현황,2024,충남,2024계룡軍문화축제,문화예술,10월 초순,대면,,2024-10-01,2024-10-31,True,month_only_vague,False,False,True,False
2024년 지역축제 개최계획(홈페이지 게시)0930.xlsx,세부현황,2024,충남,향적산 봄나들이,문화예술,3월 말 ~ 4월 초,대면,,2024-03-01,2024-04-30,True,month_range_vague,False,False,True,False
2024년 지역축제 개최계획(홈페이지 게시)0930.xlsx,세부현황,2024,충남,사계문화제,전통문화,4월말,대면,,2024-04-01,2024-04-30,True,month_only_vague,False,False,True,False
2024년 지역축제 개최계획(홈페이지 게시)0930.xlsx,세부현황,2024,충남,면천진달래민속축제,전통역사,4월 중순,대면,,2024-04-01,2024-04-30,True,month_only_vague,False,False,True,False
2024년 지역축제 개최계획(홈페이지 게시)0930.xlsx,세부현황,2024,충남,순성벚꽃축제,생태자연,4월 중순,대면,,2024-04-01,2024-04-30,True,month_only_vague,False,False,True,False
2024년 지역축제 개최계획(홈페이지 게시)0930.xlsx,세부현황,2024,충남,기지시줄다리기민속축제,전통역사,4월 중순,대면,,2024-04-01,2024-04-30,True,month_only_vague,False,False,True,False
2024년 지역축제 개최계획(홈페이지 게시)0930.xlsx,세부현황,2024,충남,순성왕매실&당진맥주축제,특산물,6월 중순,대면,,2024-06-01,2024-06-30,True,month_only_vague,False,False,True,True
2024년 지역축제 개최계획(홈페이지 게시)0930.xlsx,세부현황,2024,충남,당진합덕연꽃축제,생태자연,7월 중순,대면,,2024-07-01,2024-07-31,True,month_only_vague,False,False,True,False
2024년 지역축제 개최계획(홈페이지 게시)0930.xlsx,세부현황,2024,충남,심훈상록문화제,전통역사,9월 말,대면,,2024-09-01,2024-09-30,True,month_only_vague,False,False,True,False
2024년 지역축제 개최계획(홈페이지 게시)0930.xlsx,세부현황,2024,충남,삽교호조개구이홍보행사,특산물,10월 초,대면,,2024-10-01,2024-10-31,True,month_only_vague,False,False,True,False
2024년 지역축제 개최계획(홈페이지 게시)0930.xlsx,세부현황,2024,충남,남이흥장군문화제,전통역사,10월 말,대면,,2024-10-01,2024-10-31,True,month_only_vague,False,False,True,False
2024년 지역축제 개최계획(홈페이지 게시)0930.xlsx,세부현황,2024,충남,왜목마을해넘이해돋이소원제,생태자연,12.31~1.1.,대면,,2024-12-31,2024-12-31,False,exact_or_partial,False,False,True,False
2024년 지역축제 개최계획(홈페이지 게시)0930.xlsx,세부현황,2024,충남,재42회 금산세계인삼축제,특산물,09.27.~10.07.,대면,,2024-09-27,2024-10-07,False,exact_or_partial,False,False,True,False
2024년 지역축제 개최계획(홈페이지 게시)0930.xlsx,세부현황,2024,충남,제4회 금산삼계탕축제,특산물,7월 중,대면,,2024-07-01,2024-07-31,True,month_only_vague,False,False,True,False
2024년 지역축제 개최계획(홈페이지 게시)0930.xlsx,세부현황,2024,충남,2023년 비단고을 산꽃축제,생태자연,4월 중,대면,,2024-04-01,2024-04-30,True,month_only_vague,False,False,True,False
2024년 지역축제 개최계획(홈페이지 게시)0930.xlsx,세부현황,2024,충남,제13회 금산천 봄꽃축제,주민화합,4월 중,대면,,2024-04-01,2024-04-30,True,month_only_vague,False,False,True,False
2024년 지역축제 개최계획(홈페이지 게시)0930.xlsx,세부현황,2024,충남,제13회 남일면 홍도화축제,주민화합,4월 중,대면,,2024-04-01,2024-04-30,True,month_only_vague,False,False,True,False
2024년 지역축제 개최계획(홈페이지 게시)0930.xlsx,세부현황,2024,충남,제22회 부여서동연꽃축제,문화예술,07.05.~07.07.,대면,,2024-07-05,2024-07-07,False,exact_or_partial,False,False,True,False
2024년 지역축제 개최계획(홈페이지 게시)0930.xlsx,세부현황,2024,충남,제70회 백제문화제,전통역사,9~10월중(미정),대면,,2024-10-01,2024-10-31,True,month_only_vague,False,False,True,False
2024년 지역축제 개최계획(홈페이지 게시)0930.xlsx,세부현황,2024,충남,2024년 제19회 부여 굿뜨래 알밤축제,특산물,10~11월중(미정),비대면,,2024-11-01,2024-11-30,True,month_only_vague,False,False,True,False
2024년 지역축제 개최계획(홈페이지 게시)0930.xlsx,세부현황,2024,충남,2024년 백제고도부여국화축제,생태자연,10~11월중(미정),대면,,2024-11-01,2024-11-30,True,month_only_vague,False,False,True,False
2024년 지역축제 개최계획(홈페이지 게시)0930.xlsx,세부현황,2024,충남,부여 세도 방울토마토 유채꽃 축제,특산물,4월 중,대면,,2024-04-01,2024-04-30,True,month_only_vague,False,False,True,False
2024년 지역축제 개최계획(홈페이지 게시)0930.xlsx,세부현황,2024,충남,동백꽃 주꾸미 축제,특산물,3월 중,대면,,2024-03-01,2024-03-31,True,month_only_vague,False,False,True,False
2024년 지역축제 개최계획(홈페이지 게시)0930.xlsx,세부현황,2024,충남,자연산 광어 도미 축제,특산물,5월 중,대면,,2024-05-01,2024-05-31,True,month_only_vague,False,False,True,False
2024년 지역축제 개최계획(홈페이지 게시)0930.xlsx,세부현황,2024,충남,꼴뚜기 갑오징어 축제,특산물,5월 중,대면,,2024-05-01,2024-05-31,True,month_only_vague,False,False,True,False
2024년 지역축제 개최계획(홈페이지 게시)0930.xlsx,세부현황,2024,충남,제34회 한산모시문화제,문화예술,6월 7일~9일,대면,,2024-06-07,2024-06-09,False,exact_or_partial,False,False,True,False
2024년 지역축제 개최계획(홈페이지 게시)0930.xlsx,세부현황,2024,충남,춘장대해수욕장 여름문화예술 축제,문화예술,7월 말~8월 초,대면,,2024-07-01,2024-08-31,True,month_range_vague,False,False,True,False
2024년 지역축제 개최계획(홈페이지 게시)0930.xlsx,세부현황,2024,충남,제2회 장항 맥문동 꽃 축제,기타,8월 23일~27일(예정),대면,,2024-08-23,2024-08-27,False,exact_or_partial,False,False,True,False
2024년 지역축제 개최계획(홈페이지 게시)0930.xlsx,세부현황,2024,충남,홍원항 전어 꽃게 축제,특산물,9월 중,대면,,2024-09-01,2024-09-30,True,month_only_vague,False,False,True,False
2024년 지역축제 개최계획(홈페이지 게시)0930.xlsx,세부현황,2024,충남,자하(젓새우) 축제,특산물,9월 중,대면,,2024-09-01,2024-09-30,True,month_only_vague,False,False,True,False
2024년 지역축제 개최계획(홈페이지 게시)0930.xlsx,세부현황,2024,충남,서천군 평생학습한마당,기타,10월 초~중반,대면,,2024-10-01,2024-10-31,True,month_only_vague,False,False,True,False
2024년 지역축제 개최계획(홈페이지 게시)0930.xlsx,세부현황,2024,충남,판교 도토리묵 축제,특산물,10월 중순 개최,대면,,2024-10-01,2024-10-31,True,month_only_vague,False,False,True,False
2024년 지역축제 개최계획(홈페이지 게시)0930.xlsx,세부현황,2024,충남,서천철새여행,생태자연,11월 중,대면,,2024-11-01,2024-11-30,True,month_only_vague,False,False,True,False
2024년 지역축제 개최계획(홈페이지 게시)0930.xlsx,세부현황,2024,충남,2024 서천 마량진항 해넘이 해돋이 행사,기타,12월 31일~1월1일,대면,,2024-12-31,2024-12-31,False,exact_or_partial,False,False,True,False
2024년 지역축제 개최계획(홈페이지 게시)0930.xlsx,세부현황,2024,충남,칠갑산장승문화축제,문화예술,4월 중,대면,,2024-04-01,2024-04-30,True,month_only_vague,False,False,True,False
2024년 지역축제 개최계획(홈페이지 게시)0930.xlsx,세부현황,2024,충남,고추구기자 문화축제,특산물,9월 초,대면,,2024-09-01,2024-09-30,True,month_only_vague,False,False,True,False
2024년 지역축제 개최계획(홈페이지 게시)0930.xlsx,세부현황,2024,충남,홍성남당항 새조개축제,특산물,1.20.~2.11.,대면,,2024-01-20,2024-02-11,False,exact_or_partial,False,False,True,False
2024년 지역축제 개최계획(홈페이지 게시)0930.xlsx,세부현황,2024,충남,홍성남당항 바다송어축제,특산물,4월 중,대면,,2024-04-01,2024-04-30,True,month_only_vague,False,False,True,False
2024년 지역축제 개최계획(홈페이지 게시)0930.xlsx,세부현황,2024,충남,구항벚꽃한우축제,생태자연,4월 중,대면,,2024-04-01,2024-04-30,True,month_only_vague,False,False,True,False
2024년 지역축제 개최계획(홈페이지 게시)0930.xlsx,세부현황,2024,충남,홍성남당항 대하축제,특산물,9월 중,대면,,2024-09-01,2024-09-30,True,month_only_vague,False,False,True,False
2024년 지역축제 개최계획(홈페이지 게시)0930.xlsx,세부현황,2024,충남,광천김토굴새우젓 대축제,특산물,10월 중,대면,,2024-10-01,2024-10-31,True,month_only_vague,False,False,True,False
2024년 지역축제 개최계획(홈페이지 게시)0930.xlsx,세부현황,2024,충남,홍성사랑국화축제,생태자연,10월 중,대면,,2024-10-01,2024-10-31,True,month_only_vague,False,False,True,False
2024년 지역축제 개최계획(홈페이지 게시)0930.xlsx,세부현황,2024,충남,홍성군 가족축제,문화예술,10월 중,대면,,2024-10-01,2024-10-31,True,month_only_vague,False,False,True,False
2024년 지역축제 개최계획(홈페이지 게시)0930.xlsx,세부현황,2024,충남,글로벌 바베큐 페스티벌 in홍성,특산물,11월 중,대면,,2024-11-01,2024-11-30,True,month_only_vague,False,False,True,False
2024년 지역축제 개최계획(홈페이지 게시)0930.xlsx,세부현황,2024,충남,제51회 윤봉길 평화축제,역사인물,4월~5월 중,대면,,2024-04-01,2024-05-31,True,month_range_vague,False,False,True,False
2024년 지역축제 개최계획(홈페이지 게시)0930.xlsx,세부현황,2024,충남,제8회 예산장터삼국축제,지역경제활성화,10월 중,대면,,2024-10-01,2024-10-31,True,month_only_vague,False,False,True,False
2024년 지역축제 개최계획(홈페이지 게시)0930.xlsx,세부현황,2024,충남,제21회 예산황토사과축제,지역농특산물홍보,10~11월 중,대면,,2024-11-01,2024-11-30,True,month_only_vague,False,False,True,False
2024년 지역축제 개최계획(홈페이지 게시)0930.xlsx,세부현황,2024,충남,2023 의좋은형제축제,전통역사,10월 중,대면,,2024-10-01,2024-10-31,True,month_only_vague,False,False,True,False
2024년 지역축제 개최계획(홈페이지 게시)0930.xlsx,세부현황,2024,충남,제5회 예산황새축제,테마(새),9월 중,대면,,2024-09-01,2024-09-30,True,month_only_vague,False,False,True,False
2024년 지역축제 개최계획(홈페이지 게시)0930.xlsx,세부현황,2024,충남,제12회 몽산포항 주꾸미축제,특산물,4월중,대면,,2024-04-01,2024-04-30,True,month_only_vague,False,False,True,False
2024년 지역축제 개최계획(홈페이지 게시)0930.xlsx,세부현황,2024,충남,제1회 신진도항 오징어축제,특산물,7월말,대면,,2024-07-01,2024-07-31,True,month_only_vague,False,False,True,False
2024년 지역축제 개최계획(홈페이지 게시)0930.xlsx,세부현황,2024,충남,안면도 백사장 대하축제,특산물,10월초,대면,,2024-10-01,2024-10-31,True,month_only_vague,False,False,True,False
2024년 지역축제 개최계획(홈페이지 게시)0930.xlsx,세부현황,2024,충남,제20회 태안 모래조각 페스티벌,생태자연,9월중,대면,,2024-09-01,2024-09-30,True,month_only_vague,False,False,True,False
2024년 지역축제 개최계획(홈페이지 게시)0930.xlsx,세부현황,2024,충남,2024년 태안거리축제,문화관광,10월중,대면,,2024-10-01,2024-10-31,True,month_only_vague,False,False,True,False
2024년 지역축제 개최계획(홈페이지 게시)0930.xlsx,세부현황,2024,충남,2024 태안국화축제,생태자연,10월말~11월초,대면,,2024-10-01,2024-11-30,True,month_range_vague,False,False,True,False
2024년 지역축제 개최계획(홈페이지 게시)0930.xlsx,세부현황,2024,충남,2024년 대한민국 사구축제,생태자연,11월중,대면,,2024-11-01,2024-11-30,True,month_only_vague,False,False,True,False
2024년 지역축제 개최계획(홈페이지 게시)0930.xlsx,세부현황,2024,충남,제14회 가재산 벚꽃길 걷기행사,기타,4월중,대면,,2024-04-01,2024-04-30,True,month_only_vague,False,False,True,False
2024년 지역축제 개최계획(홈페이지 게시)0930.xlsx,세부현황,2024,충남,황도붕기풍어제,문화예술,2024. 2. 11. ~ 12.,대면,,2024-02-11,2024-02-12,False,exact_or_partial,False,False,True,False
2024년 지역축제 개최계획(홈페이지 게시)0930.xlsx,세부현황,2024,전북,2024 전주 세계문화주간,문화예술,2024. 6월 중,대면,,2024-06-01,2024-06-30,True,month_detected_vague,False,False,True,False
2024년 지역축제 개최계획(홈페이지 게시)0930.xlsx,세부현황,2024,전북,전주단오,전통역사,06.08.~06.10.,대면,,2024-06-08,2024-06-10,False,exact_or_partial,False,False,True,False
2024년 지역축제 개최계획(홈페이지 게시)0930.xlsx,세부현황,2024,전북,제14회 얼굴없는천사 축제,문화예술,10.03.~10.05,대면,,2024-10-03,2024-10-05,False,exact_or_partial,False,False,True,False
2024년 지역축제 개최계획(홈페이지 게시)0930.xlsx,세부현황,2024,전북,한옥마을 문화시설 특화축제,문화예술,10.25.~10.27.,대면,,2024-10-25,2024-10-27,False,exact_or_partial,False,False,True,False
2024년 지역축제 개최계획(홈페이지 게시)0930.xlsx,세부현황,2024,전북,제6회 전주 김장문화축제,특산물,11월중,대면,,2024-11-01,2024-11-30,True,month_only_vague,False,False,True,False
2024년 지역축제 개최계획(홈페이지 게시)0930.xlsx,세부현황,2024,전북,2024 전주가맥축제,문화예술,08.08.~08.10.(예정),대면,,2024-08-08,2024-08-10,False,exact_or_partial,False,False,True,False
2024년 지역축제 개최계획(홈페이지 게시)0930.xlsx,세부현황,2024,전북,전주페스타 2024,문화예술,10.03.~10.27.(예정),대면,,2024-10-03,2024-10-27,False,exact_or_partial,False,False,True,False
2024년 지역축제 개최계획(홈페이지 게시)0930.xlsx,세부현황,2024,전북,2024 전주비빔밥축제,문화예술,10.3.~10.6.(예정),대면,,2024-10-03,2024-10-06,False,exact_or_partial,False,False,True,False
2024년 지역축제 개최계획(홈페이지 게시)0930.xlsx,세부현황,2024,전북,제3회 어촌체험 섬마을 작은 축제,"특산물, 생태자연",5월중,대면,,2024-05-01,2024-05-31,True,month_only_vague,False,False,True,False
2024년 지역축제 개최계획(홈페이지 게시)0930.xlsx,세부현황,2024,전북,제56회 진포예술제,문화예술,5월중,대면,,2024-05-01,2024-05-31,True,month_only_vague,False,False,True,False
2024년 지역축제 개최계획(홈페이지 게시)0930.xlsx,세부현황,2024,전북,제12회 군산시간여행축제,"전통역사, 문화예술",10월 중,혼합형,,2024-10-01,2024-10-31,True,month_only_vague,False,False,True,False
2024년 지역축제 개최계획(홈페이지 게시)0930.xlsx,세부현황,2024,전북,제7회 우체통거리 손편지축제,기타(주민화합 등),9월 중(2일),대면,,2024-09-01,2024-09-30,True,month_only_vague,False,False,True,False
2024년 지역축제 개최계획(홈페이지 게시)0930.xlsx,세부현황,2024,전북,제3회 구영길 한마당,기타(주민화합 등),10월 중(2일),대면,,2024-10-01,2024-10-31,True,month_only_vague,False,False,True,False
2024년 지역축제 개최계획(홈페이지 게시)0930.xlsx,세부현황,2024,전북,군산 수제맥주&블루스 페스티벌,특산물,6.20~6.22,대면,,2024-06-20,2024-06-22,False,exact_or_partial,False,False,True,True
2024년 지역축제 개최계획(홈페이지 게시)0930.xlsx,세부현황,2024,전북,제19회 군산꽁당보리축제,특산물,5.2.~5.4.,대면,,2024-05-02,2024-05-04,False,exact_or_partial,False,False,True,False
2024년 지역축제 개최계획(홈페이지 게시)0930.xlsx,세부현황,2024,전북,2024 익산 문화유산야행,전통역사,04.19~04.21,대면,,2024-04-19,2024-04-21,False,exact_or_partial,False,False,True,False
2024년 지역축제 개최계획(홈페이지 게시)0930.xlsx,세부현황,2024,전북,2024 익산서동축제,전통역사,05.03.~05.06.,대면,,2024-05-03,2024-05-06,False,exact_or_partial,False,False,True,False
2024년 지역축제 개최계획(홈페이지 게시)0930.xlsx,세부현황,2024,전북,두동편백마을 힐링숲축제,생태자연,09.27.~09.28.,대면,,2024-09-27,2024-09-28,False,exact_or_partial,False,False,True,False
2024년 지역축제 개최계획(홈페이지 게시)0930.xlsx,세부현황,2024,전북,제21회 익산 천만송이 국화축제,생태자연,10.18.~10.27.,대면,,2024-10-18,2024-10-27,False,exact_or_partial,False,False,True,False
2024년 지역축제 개최계획(홈페이지 게시)0930.xlsx,세부현황,2024,전북,제35회 정읍사문화제,문화예술,10.26~10.27,대면,,2024-10-26,2024-10-27,False,exact_or_partial,False,False,True,False
2024년 지역축제 개최계획(홈페이지 게시)0930.xlsx,세부현황,2024,전북,정읍 벚꽃축제,생태자연,3.29 ~ 4.1,대면,,2024-03-29,2024-04-01,False,exact_or_partial,False,False,True,False
2024년 지역축제 개최계획(홈페이지 게시)0930.xlsx,세부현황,2024,전북,정읍 물빛축제,기타,8월중 4일,대면,,2024-08-01,2024-08-31,True,month_only_vague,False,False,True,False
2024년 지역축제 개최계획(홈페이지 게시)0930.xlsx,세부현황,2024,전북,정읍 캠핑축제,기타,10월중 4일,대면,,2024-10-01,2024-10-31,True,month_only_vague,False,False,True,False
2024년 지역축제 개최계획(홈페이지 게시)0930.xlsx,세부현황,2024,전북,제57회 동학농민혁명기념제,"문화예술, 전통역사",5. 10. ~ 5. 11.,대면,,2024-05-10,2024-05-11,False,exact_or_partial,False,False,True,False
2024년 지역축제 개최계획(홈페이지 게시)0930.xlsx,세부현황,2024,전북,제17회 정읍 구절초 꽃축제,생태자연,10.3~10.13(잠정),대면,,2024-10-03,2024-10-13,False,exact_or_partial,False,False,True,False
2024년 지역축제 개최계획(홈페이지 게시)0930.xlsx,세부현황,2024,전북,제94회 춘향제,문화예술,5.10.~5.16.,대면,,2024-05-10,2024-05-16,False,exact_or_partial,False,False,True,False
2024년 지역축제 개최계획(홈페이지 게시)0930.xlsx,세부현황,2024,전북,제32회 흥부제,문화예술,10.5.~10.7.,대면,,2024-10-05,2024-10-07,False,exact_or_partial,False,False,True,False
2024년 지역축제 개최계획(홈페이지 게시)0930.xlsx,세부현황,2024,전북,제36회 지리산뱀사골고로쇠약수제,생태자연,2월중,대면,,2024-02-01,2024-02-29,True,month_only_vague,False,False,True,False
2024년 지역축제 개최계획(홈페이지 게시)0930.xlsx,세부현황,2024,전북,제12회 지리산바래봉 겨울축제,생태자연,1~2월,대면,,2024-02-01,2024-02-29,True,month_only_vague,False,False,True,False
2024년 지역축제 개최계획(홈페이지 게시)0930.xlsx,세부현황,2024,전북,제28회 지리산바래봉 철쭉제,생태자연,4월말~5월(30일정도),대면,,2024-04-01,2024-05-31,True,month_range_vague,False,False,True,False
2024년 지역축제 개최계획(홈페이지 게시)0930.xlsx,세부현황,2024,전북,제45회 지리산 뱀사골 단풍제,생태자연,10월중(1일),대면,,2024-10-01,2024-10-31,True,month_only_vague,False,False,True,False
2024년 지역축제 개최계획(홈페이지 게시)0930.xlsx,세부현황,2024,전북,제2회 십승지명당운본고원벚꽃축제,생태자연,4월중(1일),대면,,2024-04-01,2024-04-30,True,month_only_vague,False,False,True,False
2024년 지역축제 개최계획(홈페이지 게시)0930.xlsx,세부현황,2024,전북,제1회 지리산흥부골 포도축제,특산물,8월중(1일),대면,,2024-08-01,2024-08-31,True,month_only_vague,False,False,True,False
2024년 지역축제 개최계획(홈페이지 게시)0930.xlsx,세부현황,2024,전북,제10회 혼불문학신행길축제,문화예술,10.26~10.27(2일),대면,,2024-10-26,2024-10-26,False,exact_or_partial,False,False,True,False
2024년 지역축제 개최계획(홈페이지 게시)0930.xlsx,세부현황,2024,전북,제26회 김제지평선축제,문화예술,2024.10.2.~10.6.,대면,,2024-10-02,2024-10-06,False,exact_or_partial,False,False,True,False
2024년 지역축제 개최계획(홈페이지 게시)0930.xlsx,세부현황,2024,전북,제17회 김제모락페스티벌,문화예술,2024.4.26.~4.27.,대면,,2024-04-26,2024-04-27,False,exact_or_partial,False,False,True,False
2024년 지역축제 개최계획(홈페이지 게시)0930.xlsx,세부현황,2024,전북,2024 꽃빛드리축제,문화예술,2024.3.29.~3.31.,대면,,2024-03-29,2024-03-31,False,exact_or_partial,False,False,True,False
2024년 지역축제 개최계획(홈페이지 게시)0930.xlsx,세부현황,2024,전북,지평선광활햇감자축제,특산물,2024.4.20.~4.21.,대면,,2024-04-20,2024-04-21,False,exact_or_partial,False,False,True,False
2024년 지역축제 개최계획(홈페이지 게시)0930.xlsx,세부현황,2024,전북,제13회 지평선 추억의 보리밭 축제,생태자연/특산물,2024.5.4.~5.6.,대면,,2024-05-04,2024-05-06,False,exact_or_partial,False,False,True,False
2024년 지역축제 개최계획(홈페이지 게시)0930.xlsx,세부현황,2024,전북,제2회 김제 자원순환 새로보미축제,생태자연/특산물,2024.9.6.~9.7.,대면,,2024-09-06,2024-09-07,False,exact_or_partial,False,False,True,False
2024년 지역축제 개최계획(홈페이지 게시)0930.xlsx,세부현황,2024,전북,제22회 완주 삼례딸기 축제,특산물,3월 중,대면,,2024-03-01,2024-03-31,True,month_only_vague,False,False,True,False
2024년 지역축제 개최계획(홈페이지 게시)0930.xlsx,세부현황,2024,전북,제12회 와일드&로컬푸드축제,특산물,9~10월 중,대면,,2024-10-01,2024-10-31,True,month_only_vague,False,False,True,False
2024년 지역축제 개최계획(홈페이지 게시)0930.xlsx,세부현황,2024,전북,제7회 오성한옥마을 오픈가든축제,기타(주민화합),5월 중,대면,,2024-05-01,2024-05-31,True,month_only_vague,False,False,True,False
2024년 지역축제 개최계획(홈페이지 게시)0930.xlsx,세부현황,2024,전북,제10회 완주곶감축제,특산물,12월 중,대면,,2024-12-01,2024-12-31,True,month_only_vague,False,False,True,False
2024년 지역축제 개최계획(홈페이지 게시)0930.xlsx,세부현황,2024,전북,제2회 완주 대둔산축제,기타(주민화합),6월 중,대면,,2024-06-01,2024-06-30,True,month_only_vague,False,False,True,False
2024년 지역축제 개최계획(홈페이지 게시)0930.xlsx,세부현황,2024,전북,제2회 완주 모악산 웰니스 축제,기타(주민화합),4월 중,대면,,2024-04-01,2024-04-30,True,month_only_vague,False,False,True,False
2024년 지역축제 개최계획(홈페이지 게시)0930.xlsx,세부현황,2024,전북,제34회 나라꽃 무궁화 전국축제 행사,생태자연,7~9월 중,대면,,2024-09-01,2024-09-30,True,month_only_vague,False,False,True,False
2024년 지역축제 개최계획(홈페이지 게시)0930.xlsx,세부현황,2024,전북,제20회 진안고원 운장산 고로쇠 축제,특산물,24.03.09.~03.10,현장,,2024-03-09,2024-03-10,False,exact_or_partial,False,False,True,False
2024년 지역축제 개최계획(홈페이지 게시)0930.xlsx,세부현황,2024,전북,제14회 진안고원 수박축제,특산물,24.07.27.~07.28.,현장,,2024-07-27,2024-07-28,False,exact_or_partial,False,False,True,False
2024년 지역축제 개최계획(홈페이지 게시)0930.xlsx,세부현황,2024,전북,2024 진안홍삼축제,특산물,24.09.~24.10.,현장,,2024-09-01,2024-09-30,True,month_detected_vague,False,False,True,False
2024년 지역축제 개최계획(홈페이지 게시)0930.xlsx,세부현황,2024,전북,제6회 진안고원 김치보쌈축제,특산물,24.11.16~11.17.,현장,,2024-11-16,2024-11-17,False,exact_or_partial,False,False,True,False
2024년 지역축제 개최계획(홈페이지 게시)0930.xlsx,세부현황,2024,전북,제27회 무주반딧불축제,생태자연,8.31.~9.7.,대면,,2024-08-31,2024-09-07,False,exact_or_partial,False,False,True,False
2024년 지역축제 개최계획(홈페이지 게시)0930.xlsx,세부현황,2024,전북,제2회 장수쿨밸리축제,특산물,07.31~08.04,대면,,2024-07-31,2024-08-04,False,exact_or_partial,False,False,True,False
2024년 지역축제 개최계획(홈페이지 게시)0930.xlsx,세부현황,2024,전북,제18회 장수한우랑사과랑축제,특산물,09.05~09.08,대면,,2024-09-05,2024-09-08,False,exact_or_partial,False,False,True,False
2024년 지역축제 개최계획(홈페이지 게시)0930.xlsx,세부현황,2024,전북,제8회 번암물빛축제,생태자연,08.02~08.03,대면,,2024-08-02,2024-08-03,False,exact_or_partial,False,False,True,False
2024년 지역축제 개최계획(홈페이지 게시)0930.xlsx,세부현황,2024,전북,계북 수박&토마토 축제,특산물,07.27~07.28,대면,,2024-07-27,2024-07-28,False,exact_or_partial,False,False,True,False
2024년 지역축제 개최계획(홈페이지 게시)0930.xlsx,세부현황,2024,전북,장수읍 노하숲 작은축제,생태자연,10.03~10.04,대면,,2024-10-03,2024-10-04,False,exact_or_partial,False,False,True,False
2024년 지역축제 개최계획(홈페이지 게시)0930.xlsx,세부현황,2024,전북,임실N치즈축제,특산물,10.3.~10.6.,대면,,2024-10-03,2024-10-06,False,exact_or_partial,False,False,True,False
2024년 지역축제 개최계획(홈페이지 게시)0930.xlsx,세부현황,2024,전북,아쿠아페스티벌,기타(주민화합),7.~8월중,대면,,2024-08-01,2024-08-31,True,month_only_vague,False,False,True,False
2024년 지역축제 개최계획(홈페이지 게시)0930.xlsx,세부현황,2024,전북,산타축제,기타(주민화합),12.23~12.25,대면,,2024-12-23,2024-12-25,False,exact_or_partial,False,False,True,False
2024년 지역축제 개최계획(홈페이지 게시)0930.xlsx,세부현황,2024,전북,의견문화제,문화예술,5.4 ~ 5.6,대면,,2024-05-04,2024-05-06,False,exact_or_partial,False,False,True,False
2024년 지역축제 개최계획(홈페이지 게시)0930.xlsx,세부현황,2024,전북,필봉마을굿축제,문화예술,8.22 ~ 8.25,대면,,2024-08-22,2024-08-25,False,exact_or_partial,False,False,True,False
2024년 지역축제 개최계획(홈페이지 게시)0930.xlsx,세부현황,2024,전북,사선문화제,문화예술,8.29 ~ 9.1,대면,,2024-08-29,2024-09-01,False,exact_or_partial,False,False,True,False
2024년 지역축제 개최계획(홈페이지 게시)0930.xlsx,세부현황,2024,전북,옥정호벚꽃축제,기타(주민화합),4.6 ~ 4.7,대면,,2024-04-06,2024-04-07,False,exact_or_partial,False,False,True,False
2024년 지역축제 개최계획(홈페이지 게시)0930.xlsx,세부현황,2024,전북,제1회 쌍치면 추령천 벚꽃축제,생태자연,2024. 4월중(미정),대면,,2024-04-01,2024-04-30,True,month_detected_vague,False,False,True,False
2024년 지역축제 개최계획(홈페이지 게시)0930.xlsx,세부현황,2024,전북,제5회 섬진강 슬로슬로 발효마을 축제,생태자연,2024. 5.4. ~ 5.5,대면,,2024-05-04,2024-05-05,False,exact_or_partial,False,False,True,False
2024년 지역축제 개최계획(홈페이지 게시)0930.xlsx,세부현황,2024,전북,제27회 추령장승축제,전통역사,2024. 10.26. ~ 10.27,대면,,2024-10-26,2024-10-27,False,exact_or_partial,False,False,True,False
2024년 지역축제 개최계획(홈페이지 게시)0930.xlsx,세부현황,2024,전북,제19회 순창장류축제,특산물,2024. 10.11. ~ 10.13.,대면,,2024-10-11,2024-10-13,False,exact_or_partial,False,False,True,False
2024년 지역축제 개최계획(홈페이지 게시)0930.xlsx,세부현황,2024,전북,제51회 고창모양성제,전통역사,2024.10.9.~10.13.,대면,,2024-10-09,2024-10-13,False,exact_or_partial,False,False,True,False
2024년 지역축제 개최계획(홈페이지 게시)0930.xlsx,세부현황,2024,전북,2024 고창갯벌축제,생태자연,2024.6월중(3일간),대면,,2024-06-01,2024-06-30,True,month_detected_vague,False,False,True,False
2024년 지역축제 개최계획(홈페이지 게시)0930.xlsx,세부현황,2024,전북,바지락 오감체험 페스티벌,생태자연,2024.5.10.~12.(3일간),대면,,2024-05-10,2024-05-12,False,exact_or_partial,False,False,True,False
2024년 지역축제 개최계획(홈페이지 게시)0930.xlsx,세부현황,2024,전북,제28회고창해풍고추축제,특산물,2024. 8월중,대면,,2024-08-01,2024-08-31,True,month_detected_vague,False,False,True,False
2024년 지역축제 개최계획(홈페이지 게시)0930.xlsx,세부현황,2024,전북,제2회 고창 벚꽃축제,생태자연,2024.3.29.~31.,대면,,2024-03-29,2024-03-31,False,exact_or_partial,False,False,True,False
2024년 지역축제 개최계획(홈페이지 게시)0930.xlsx,세부현황,2024,전북,제21회고창복분자와수박축제,특산물,6. 14. ~ 6. 16.(예정),혼합형,,2024-06-14,2024-06-16,False,exact_or_partial,False,False,True,False
2024년 지역축제 개최계획(홈페이지 게시)0930.xlsx,세부현황,2024,전북,고창 청보리밭축제,생태자연,4.20~5.12,대면,,2024-04-20,2024-05-12,False,exact_or_partial,False,False,True,False
2024년 지역축제 개최계획(홈페이지 게시)0930.xlsx,세부현황,2024,전북,제6회 개암동 벚꽃축제,생태자연,2024. 4월 중,대면,,2024-04-01,2024-04-30,True,month_detected_vague,False,False,True,False
2024년 지역축제 개최계획(홈페이지 게시)0930.xlsx,세부현황,2024,전북,제11회 부안마실축제,문화예술,05.03.~05.06.,대면,,2024-05-03,2024-05-06,False,exact_or_partial,False,False,True,False
2024년 지역축제 개최계획(홈페이지 게시)0930.xlsx,세부현황,2024,전북,변산 비치파티,생태자연,2024. 8월 중,대면,,2024-08-01,2024-08-31,True,month_detected_vague,False,False,True,False
2024년 지역축제 개최계획(홈페이지 게시)0930.xlsx,세부현황,2024,전북,고슴도치섬 위도상사화축제,생태자연,2024. 8월 중,대면,,2024-08-01,2024-08-31,True,month_detected_vague,False,False,True,False
2024년 지역축제 개최계획(홈페이지 게시)0930.xlsx,세부현황,2024,전북,님의 뽕 축제,특산물,2024. 8월 중,대면,,2024-08-01,2024-08-31,True,month_detected_vague,False,False,True,False
2024년 지역축제 개최계획(홈페이지 게시)0930.xlsx,세부현황,2024,전북,부안 곰소젓갈발효축제,특산물,2024. 10월 중,대면,,2024-10-01,2024-10-31,True,month_detected_vague,False,False,True,False
2024년 지역축제 개최계획(홈페이지 게시)0930.xlsx,세부현황,2024,전북,2024 부안붉은노을축제,생태자연,2024. 10월 중,대면,,2024-10-01,2024-10-31,True,month_detected_vague,False,False,True,False
2024년 지역축제 개최계획(홈페이지 게시)0930.xlsx,세부현황,2024,전북,가을애(愛) 국화 축제,생태자연,2024. 11월 중,대면,,2024-11-01,2024-11-30,True,month_detected_vague,False,False,True,False
2024년 지역축제 개최계획(홈페이지 게시)0930.xlsx,세부현황,2024,전북,부안 설숭어축제,특산물,2024. 12월 중,대면,,2024-12-01,2024-12-31,True,month_detected_vague,False,False,True,False
2024년 지역축제 개최계획(홈페이지 게시)0930.xlsx,세부현황,2024,전남,제16회 명량대첩축제,전통역사,10.18.~10.20.(예정),대면,,2024-10-18,2024-10-20,False,exact_or_partial,False,False,True,False
2024년 지역축제 개최계획(홈페이지 게시)0930.xlsx,세부현황,2024,전남,제30회 국제남도음식문화큰잔치,특산물,10.11.~10.13.,대면,,2024-10-11,2024-10-13,False,exact_or_partial,False,False,True,False
2024년 지역축제 개최계획(홈페이지 게시)0930.xlsx,세부현황,2024,전남,2024 유달산 봄 축제,"생태자연, 전통역사",3.29.~ 3.31.,대면,,2024-03-29,2024-03-31,False,exact_or_partial,False,False,True,False
2024년 지역축제 개최계획(홈페이지 게시)0930.xlsx,세부현황,2024,전남,2024 목포항구축제,"전통역사, 문화예술",9.27.~9.29.,대면,,2024-09-27,2024-09-29,False,exact_or_partial,False,False,True,False
2024년 지역축제 개최계획(홈페이지 게시)0930.xlsx,세부현황,2024,전남,제32회 여수영취산진달래축제,생태자연,3. 23. ~ 3. 24.,혼합형,,2024-03-23,2024-03-24,False,exact_or_partial,False,False,True,False
2024년 지역축제 개최계획(홈페이지 게시)0930.xlsx,세부현황,2024,전남,제58회 여수거북선축제,전통역사,5. 4. ~ 5. 7.,혼합형,,2024-05-04,2024-05-07,False,exact_or_partial,False,False,True,False
2024년 지역축제 개최계획(홈페이지 게시)0930.xlsx,세부현황,2024,전남,제22회 거문도백도 은빛바다 체험행사,생태자연,8~10월중 2일,혼합형,,2024-10-01,2024-10-31,True,month_only_vague,False,False,True,False
2024년 지역축제 개최계획(홈페이지 게시)0930.xlsx,세부현황,2024,전남,제15회 여수여자만갯벌노을체험행사,생태자연,9~10월중 2일,혼합형,,2024-10-01,2024-10-31,True,month_only_vague,False,False,True,False
2024년 지역축제 개최계획(홈페이지 게시)0930.xlsx,세부현황,2024,전남,2024 여수동동북축제,전통역사,8~10월중 2일,혼합형,,2024-10-01,2024-10-31,True,month_only_vague,False,False,True,False
2024년 지역축제 개최계획(홈페이지 게시)0930.xlsx,세부현황,2024,전남,2024 여수밤바다불꽃축제,문화예술,8~10월중 1일,혼합형,,2024-10-01,2024-10-31,True,month_only_vague,False,False,True,False
2024년 지역축제 개최계획(홈페이지 게시)0930.xlsx,세부현황,2024,전남,제29회 여수향일암일출제,생태자연,2024. 12. 31. ~ 2025. 1. 1.,혼합형,,2024-12-31,2025-01-01,False,exact_or_partial,False,False,True,False
2024년 지역축제 개최계획(홈페이지 게시)0930.xlsx,세부현황,2024,전남,제20회 순천명품월등복숭아 체험행사,특산물,8.3.~8.4.,대면,,2024-08-03,2024-08-04,False,exact_or_partial,False,False,True,False
2024년 지역축제 개최계획(홈페이지 게시)0930.xlsx,세부현황,2024,전남,2024년 순천 문화유산 야행,문화예술,8.14.~8.18.,대면,,2024-08-14,2024-08-18,False,exact_or_partial,False,False,True,False
2024년 지역축제 개최계획(홈페이지 게시)0930.xlsx,세부현황,2024,전남,2024 세계유산축전(선암사·순천갯벌),문화예술,10.1.~10.31.,대면,,2024-10-01,2024-10-31,False,exact_or_partial,False,False,True,False
2024년 지역축제 개최계획(홈페이지 게시)0930.xlsx,세부현황,2024,전남,제41회 순천팔마문화제,문화예술,9월 중(2일),대면,,2024-09-01,2024-09-30,True,month_only_vague,False,False,True,False
2024년 지역축제 개최계획(홈페이지 게시)0930.xlsx,세부현황,2024,전남,제8회 순천 푸드앤아트페스티벌,문화예술,10월 중(3일),대면,,2024-10-01,2024-10-31,True,month_only_vague,False,False,True,False
2024년 지역축제 개최계획(홈페이지 게시)0930.xlsx,세부현황,2024,전남,제29회 순천낙안읍성민속문화축제,전통역사,10.3.~10.5.,대면,,2024-10-03,2024-10-05,False,exact_or_partial,False,False,True,False
2024년 지역축제 개최계획(홈페이지 게시)0930.xlsx,세부현황,2024,전남,제25회 순천만갈대축제,생태자연,11.2.~11.3.,대면,,2024-11-02,2024-11-03,False,exact_or_partial,False,False,True,False
2024년 지역축제 개최계획(홈페이지 게시)0930.xlsx,세부현황,2024,전남,2024 나주축제,"문화예술, 생태자연",10.9. ~ 10.13.,대면,,2024-10-09,2024-10-13,False,exact_or_partial,False,False,True,False
2024년 지역축제 개최계획(홈페이지 게시)0930.xlsx,세부현황,2024,전남,제20회 영산포 홍어축제,특산물,4월중,대면,,2024-04-01,2024-04-30,True,month_only_vague,False,False,True,False
2024년 지역축제 개최계획(홈페이지 게시)0930.xlsx,세부현황,2024,전남,제4회 천년나주목읍성문화축제,문화예술,9월중,대면,,2024-09-01,2024-09-30,True,month_only_vague,False,False,True,False
2024년 지역축제 개최계획(홈페이지 게시)0930.xlsx,세부현황,2024,전남,제23회 광양매화축제,생태자연,3.8.~3.17.,대면,,2024-03-08,2024-03-17,False,exact_or_partial,False,False,True,False
2024년 지역축제 개최계획(홈페이지 게시)0930.xlsx,세부현황,2024,전남,제7회 광양천년동백축제,생태자연,3월중,대면,,2024-03-01,2024-03-31,True,month_only_vague,False,False,True,False
2024년 지역축제 개최계획(홈페이지 게시)0930.xlsx,세부현황,2024,전남,제16회 백운산국사봉철쭉축제,생태자연,4월중,대면,,2024-04-01,2024-04-30,True,month_only_vague,False,False,True,False
2024년 지역축제 개최계획(홈페이지 게시)0930.xlsx,세부현황,2024,전남,제23회 광양전어축제,특산물,8월중,대면,,2024-08-01,2024-08-31,True,month_only_vague,False,False,True,False
2024년 지역축제 개최계획(홈페이지 게시)0930.xlsx,세부현황,2024,전남,제20회 광양전통숯불구이축제,특산물,10월중,대면,,2024-10-01,2024-10-31,True,month_only_vague,False,False,True,False
2024년 지역축제 개최계획(홈페이지 게시)0930.xlsx,세부현황,2024,전남,제4회 광양 K-POP 페스티벌,기타,10월중,대면,,2024-10-01,2024-10-31,True,month_only_vague,False,False,True,False
2024년 지역축제 개최계획(홈페이지 게시)0930.xlsx,세부현황,2024,전남,2024년 담양대나무축제,생태자연,05.15.~05.20.,대면,,2024-05-15,2024-05-20,False,exact_or_partial,False,False,True,False
2024년 지역축제 개최계획(홈페이지 게시)0930.xlsx,세부현황,2024,전남,금성면 제1회 고비산 산벚꽃축제,생태자연,4월중(2일),대면,,2024-04-01,2024-04-30,True,month_only_vague,False,False,True,False
2024년 지역축제 개최계획(홈페이지 게시)0930.xlsx,세부현황,2024,전남,제11회 창평 전통음식축제,전통역사,10월중(3일),대면,,2024-10-01,2024-10-31,True,month_only_vague,False,False,True,False
2024년 지역축제 개최계획(홈페이지 게시)0930.xlsx,세부현황,2024,전남,제6회 담양산타축제,기타,12월중(3일),대면,,2024-12-01,2024-12-31,True,month_only_vague,False,False,True,False
2024년 지역축제 개최계획(홈페이지 게시)0930.xlsx,세부현황,2024,전남,제14회 곡성세계장미축제,생태자연,05.17.~05.26.,대면,,2024-05-17,2024-05-26,False,exact_or_partial,False,False,True,False
2024년 지역축제 개최계획(홈페이지 게시)0930.xlsx,세부현황,2024,전남,제24회 곡성심청어린이대축제,문화예술,10.03.~10.06.,대면,,2024-10-03,2024-10-06,False,exact_or_partial,False,False,True,False
2024년 지역축제 개최계획(홈페이지 게시)0930.xlsx,세부현황,2024,전남,제25회 구례산수유꽃축제,생태자연,3.9.~3.17.,대면,,2024-03-09,2024-03-17,False,exact_or_partial,False,False,True,False
2024년 지역축제 개최계획(홈페이지 게시)0930.xlsx,세부현황,2024,전남,2024 구례300리 벚꽃축제,생태자연,3.29.~3.31.,대면,,2024-03-29,2024-03-31,False,exact_or_partial,False,False,True,False
2024년 지역축제 개최계획(홈페이지 게시)0930.xlsx,세부현황,2024,전남,제80회 지리산남악제 및 43회 군민의 날 행사,전통역사,4.19.~4.21.예정,대면,,2024-04-19,2024-04-21,False,exact_or_partial,False,False,True,False
2024년 지역축제 개최계획(홈페이지 게시)0930.xlsx,세부현황,2024,전남,화엄음악제,문화예술,10.4.~10.6.예정,대면,,2024-10-04,2024-10-06,False,exact_or_partial,False,False,True,False
2024년 지역축제 개최계획(홈페이지 게시)0930.xlsx,세부현황,2024,전남,2024 구례동편소리축제,문화예술,10.11.~10.13.예정,대면,,2024-10-11,2024-10-13,False,exact_or_partial,False,False,True,False
2024년 지역축제 개최계획(홈페이지 게시)0930.xlsx,세부현황,2024,전남,제48회 지리산피아골단풍 축제,생태자연,11.2.~11.3.예정,대면,,2024-11-02,2024-11-03,False,exact_or_partial,False,False,True,False
2024년 지역축제 개최계획(홈페이지 게시)0930.xlsx,세부현황,2024,전남,제14회 고흥우주항공축제,기타,05.03.~05.05.,대면,,2024-05-03,2024-05-05,False,exact_or_partial,False,False,True,False
2024년 지역축제 개최계획(홈페이지 게시)0930.xlsx,세부현황,2024,전남,제22회 녹동바다불꽃축제,기타,05.23.~05.26.,대면,,2024-05-23,2024-05-26,False,exact_or_partial,False,False,True,False
2024년 지역축제 개최계획(홈페이지 게시)0930.xlsx,세부현황,2024,전남,제2회 갯것한상축제,기타,9월중,대면,,2024-09-01,2024-09-30,True,month_only_vague,False,False,True,False
2024년 지역축제 개최계획(홈페이지 게시)0930.xlsx,세부현황,2024,전남,제4회 고흥 유자축제,특산물,11.01.~11.03.,혼합형,,2024-11-01,2024-11-03,False,exact_or_partial,False,False,True,False
2024년 지역축제 개최계획(홈페이지 게시)0930.xlsx,세부현황,2024,전남,보성벚꽃축제,기타(주민화홥),04.06.~04.07.,대면,,2024-04-06,2024-04-07,False,exact_or_partial,False,False,True,False
2024년 지역축제 개최계획(홈페이지 게시)0930.xlsx,세부현황,2024,전남,보성다향대축제,특산물,05.02.~05.06.,대면,,2024-05-02,2024-05-06,False,exact_or_partial,False,False,True,False
2024년 지역축제 개최계획(홈페이지 게시)0930.xlsx,세부현황,2024,전남,서편제보성소리축제,문화예술,10.06.~10.08.,대면,,2024-10-06,2024-10-08,False,exact_or_partial,False,False,True,False
2024년 지역축제 개최계획(홈페이지 게시)0930.xlsx,세부현황,2024,전남,벌교꼬막축제,특산물,10.25.~10.27.,대면,,2024-10-25,2024-10-27,False,exact_or_partial,False,False,True,False
2024년 지역축제 개최계획(홈페이지 게시)0930.xlsx,세부현황,2024,전남,보성차밭빛축제,기타(주민화홥),11.29.~12.31.,대면,,2024-11-29,2024-12-31,False,exact_or_partial,False,False,True,False
2024년 지역축제 개최계획(홈페이지 게시)0930.xlsx,세부현황,2024,전남,보성불꽃축제,기타(주민화홥),2024.12.31.,대면,,2024-12-31,2024-12-31,False,exact_or_partial,False,False,True,False
2024년 지역축제 개최계획(홈페이지 게시)0930.xlsx,세부현황,2024,전남,2024 화순 고인돌 축제,전통역사,04.19.~4.28.,대면,,2024-04-19,2024-04-28,False,exact_or_partial,False,False,True,False
2024년 지역축제 개최계획(홈페이지 게시)0930.xlsx,세부현황,2024,전남,2024 화순 고인돌 가을꽃 축제,전통역사,10.18.~11.3.,대면,,2024-10-18,2024-11-03,False,exact_or_partial,False,False,True,False
2024년 지역축제 개최계획(홈페이지 게시)0930.xlsx,세부현황,2024,전남,2024 화학산 철쭉제,기타(주민화합),4월중,대면,,2024-04-01,2024-04-30,True,month_only_vague,False,False,True,False
2024년 지역축제 개최계획(홈페이지 게시)0930.xlsx,세부현황,2024,전남,2024 백아산 철쭉제,기타(주민화합),5월중,대면,,2024-05-01,2024-05-31,True,month_only_vague,False,False,True,False
2024년 지역축제 개최계획(홈페이지 게시)0930.xlsx,세부현황,2024,전남,2024 화순운주문화축제,기타(주민화합),5월중,대면,,2024-05-01,2024-05-31,True,month_only_vague,False,False,True,False
2024년 지역축제 개최계획(홈페이지 게시)0930.xlsx,세부현황,2024,전남,2024 화순적벽문화축제,기타(주민화합),5월중,대면,,2024-05-01,2024-05-31,True,month_only_vague,False,False,True,False
2024년 지역축제 개최계획(홈페이지 게시)0930.xlsx,세부현황,2024,전남,제1회 장흥 산들해 축제,특산물,4월말 ~ 5월초,대면,,2024-04-01,2024-05-31,True,month_range_vague,False,False,True,False
2024년 지역축제 개최계획(홈페이지 게시)0930.xlsx,세부현황,2024,전남,제17회 정남진 장흥 물축제,생태자연,7.27.~8.4.,대면,,2024-07-27,2024-08-04,False,exact_or_partial,False,False,True,False
2024년 지역축제 개최계획(홈페이지 게시)0930.xlsx,세부현황,2024,전남,2024 장흥 회령포 이순신 축제,전통역사,10월중,대면,,2024-10-01,2024-10-31,True,month_only_vague,False,False,True,False
2024년 지역축제 개최계획(홈페이지 게시)0930.xlsx,세부현황,2024,전남,제52회 강진청자축제,전통역사,2.23.~3.3.,대면,,2024-02-23,2024-03-03,False,exact_or_partial,False,False,True,False
2024년 지역축제 개최계획(홈페이지 게시)0930.xlsx,세부현황,2024,전남,백련사 동백축제,생태자연,2.23.~3.3.,대면,,2024-02-23,2024-03-03,False,exact_or_partial,False,False,True,False
2024년 지역축제 개최계획(홈페이지 게시)0930.xlsx,세부현황,2024,전남,군동 풍동 봄꽃 축제,생태자연,4.4.~5.6.,대면,,2024-04-04,2024-05-06,False,exact_or_partial,False,False,True,False
2024년 지역축제 개최계획(홈페이지 게시)0930.xlsx,세부현황,2024,전남,제4회 강진 성전월출산 봄소풍가는날,생태자연,4.19.~4.21.(예정),대면,,2024-04-19,2024-04-21,False,exact_or_partial,False,False,True,False
2024년 지역축제 개최계획(홈페이지 게시)0930.xlsx,세부현황,2024,전남,제7회 강진금곡사 벚꽃삼십리길축제,생태자연,3월말~4월초,대면,,2024-03-01,2024-04-30,True,month_range_vague,False,False,True,False
2024년 지역축제 개최계획(홈페이지 게시)0930.xlsx,세부현황,2024,전남,제27회 전라병영성축제,전통역사,3월말~4월초,대면,,2024-03-01,2024-04-30,True,month_range_vague,False,False,True,False
2024년 지역축제 개최계획(홈페이지 게시)0930.xlsx,세부현황,2024,전남,제2회 강진 수국길 축제,기타,6.21.~6.23.(예정),대면,,2024-06-21,2024-06-23,False,exact_or_partial,False,False,True,False
2024년 지역축제 개최계획(홈페이지 게시)0930.xlsx,세부현황,2024,전남,제2회 강진 하맥축제,기타,8.1.~8.3.(예정),대면,,2024-08-01,2024-08-03,False,exact_or_partial,False,False,True,False
2024년 지역축제 개최계획(홈페이지 게시)0930.xlsx,세부현황,2024,전남,제13회 마량미항찰전어축제,특산물,9월 중순,대면,,2024-09-01,2024-09-30,True,month_only_vague,False,False,True,False
2024년 지역축제 개최계획(홈페이지 게시)0930.xlsx,세부현황,2024,전남,제9회 강진만춤추는갈대축제,생태자연,10월 중,대면,,2024-10-01,2024-10-31,True,month_only_vague,False,False,True,False
2024년 지역축제 개최계획(홈페이지 게시)0930.xlsx,세부현황,2024,전남,흑석산 소풍 힐링축제,생태자연,4.26.~4.27.,대면,,2024-04-26,2024-04-27,False,exact_or_partial,False,False,True,False
2024년 지역축제 개최계획(홈페이지 게시)0930.xlsx,세부현황,2024,전남,해남 공룡대축제,생태자연,5.3.~5.5.,대면,,2024-05-03,2024-05-05,False,exact_or_partial,False,False,True,False
2024년 지역축제 개최계획(홈페이지 게시)0930.xlsx,세부현황,2024,전남,송호해변 여름축제,생태자연,7월~8월중,대면,,2024-07-01,2024-08-31,True,month_range_vague,False,False,True,False
2024년 지역축제 개최계획(홈페이지 게시)0930.xlsx,세부현황,2024,전남,오시아노 뮤직페스타,문화예술,8월중,대면,,2024-08-01,2024-08-31,True,month_only_vague,False,False,True,False
2024년 지역축제 개최계획(홈페이지 게시)0930.xlsx,세부현황,2024,전남,해남미남축제,특산물,10월말~11월초,대면,,2024-10-01,2024-11-30,True,month_range_vague,False,False,True,False
2024년 지역축제 개최계획(홈페이지 게시)0930.xlsx,세부현황,2024,전남,땅끝해넘이해맞이축제,생태자연,12.31.~'25.1.1.,대면,,2024-12-31,2025-01-01,False,exact_or_partial,False,False,True,False
2024년 지역축제 개최계획(홈페이지 게시)0930.xlsx,세부현황,2024,전남,영암왕인문화축제,문화예술,03.28.~03.31.,대면,,2024-03-28,2024-03-31,False,exact_or_partial,False,False,True,False
2024년 지역축제 개최계획(홈페이지 게시)0930.xlsx,세부현황,2024,전남,월출산국화축제,생태자연,10월~11월,대면,,2024-10-01,2024-11-30,True,month_range_vague,False,False,True,False
2024년 지역축제 개최계획(홈페이지 게시)0930.xlsx,세부현황,2024,전남,마한축제,전통역사,10월중,대면,,2024-10-01,2024-10-31,True,month_only_vague,False,False,True,False
2024년 지역축제 개최계획(홈페이지 게시)0930.xlsx,세부현황,2024,전남,영암무화과축제,특산물,9월중,대면,,2024-09-01,2024-09-30,True,month_only_vague,False,False,True,False
2024년 지역축제 개최계획(홈페이지 게시)0930.xlsx,세부현황,2024,전남,2024 무안겨울숭어축제,특산물,2024.01.20.~21.,대면,,2024-01-20,2024-01-21,False,exact_or_partial,False,False,True,False
2024년 지역축제 개최계획(홈페이지 게시)0930.xlsx,세부현황,2024,전남,제10회 황토갯벌축제,생태자연,2024.05.04.~06.,대면,,2024-05-04,2024-05-06,False,exact_or_partial,False,False,True,False
2024년 지역축제 개최계획(홈페이지 게시)0930.xlsx,세부현황,2024,전남,제27회 무안연꽃축제,생태자연,2024.07.25.~28.,대면,,2024-07-25,2024-07-28,False,exact_or_partial,False,False,True,False
2024년 지역축제 개최계획(홈페이지 게시)0930.xlsx,세부현황,2024,전남,2024 무안갯벌낙지축제,특산물,2024. 10월 중,대면,,2024-10-01,2024-10-31,True,month_detected_vague,False,False,True,False
2024년 지역축제 개최계획(홈페이지 게시)0930.xlsx,세부현황,2024,전남,제4회 무안YD 페스티벌,문화예술,2024.10.25.~27.,대면,,2024-10-25,2024-10-27,False,exact_or_partial,False,False,True,False
2024년 지역축제 개최계획(홈페이지 게시)0930.xlsx,세부현황,2024,전남,2024 대한민국 난명품 대제전,생태자연,3. 23. ~ 24.,대면,,2024-03-23,2024-03-24,False,exact_or_partial,False,False,True,False
2024년 지역축제 개최계획(홈페이지 게시)0930.xlsx,세부현황,2024,전남,제26회 함평나비대축제,"문화예술, 생태자연",4. 26. ~ 5. 5.,대면,,2024-04-26,2024-05-05,False,exact_or_partial,False,False,True,False
2024년 지역축제 개최계획(홈페이지 게시)0930.xlsx,세부현황,2024,전남,제25회 모악산 꽃무릇 축제,"생태자연, 전통역사",9월중,대면,,2024-09-01,2024-09-30,True,month_only_vague,False,False,True,False
2024년 지역축제 개최계획(홈페이지 게시)0930.xlsx,세부현황,2024,전남,2024 대한민국 국향대전,"문화예술, 생태자연",10. 25. ~ 11. 10.,대면,,2024-10-25,2024-11-10,False,exact_or_partial,False,False,True,False
2024년 지역축제 개최계획(홈페이지 게시)0930.xlsx,세부현황,2024,전남,제10회 영광찰보리어울마당,생태자연,5.10.~5.11.,대면,,2024-05-10,2024-05-11,False,exact_or_partial,False,False,True,False
2024년 지역축제 개최계획(홈페이지 게시)0930.xlsx,세부현황,2024,전남,2023 영광법성포단오제,문화예술,6.7.~6.10.,대면,,2024-06-07,2024-06-10,False,exact_or_partial,False,False,True,False
2024년 지역축제 개최계획(홈페이지 게시)0930.xlsx,세부현황,2024,전남,제23회 영광불갑산상사화축제,생태자연,9.13.~9.22.,대면,,2024-09-13,2024-09-22,False,exact_or_partial,False,False,True,False
2024년 지역축제 개최계획(홈페이지 게시)0930.xlsx,세부현황,2024,전남,황룡강 (洪)길동무 꽃길 축제,생태자연,5. 24. ~ 5. 26.,대면,,2024-05-24,2024-05-26,False,exact_or_partial,False,False,True,False
2024년 지역축제 개최계획(홈페이지 게시)0930.xlsx,세부현황,2024,전남,어울림음악회,생태자연,7월 중,대면,,2024-07-01,2024-07-31,True,month_only_vague,False,False,True,False
2024년 지역축제 개최계획(홈페이지 게시)0930.xlsx,세부현황,2024,전남,황룡강 가을꽃축제,생태자연,10. 5. ~ 10. 13.,대면,,2024-10-05,2024-10-13,False,exact_or_partial,False,False,True,False
2024년 지역축제 개최계획(홈페이지 게시)0930.xlsx,세부현황,2024,전남,2024 청산도슬로걷기축제,생태자연,"4.6. ~ 4.20.
(15일간)",대면,,2024-04-06,2024-04-20,False,exact_or_partial,False,False,True,False
2024년 지역축제 개최계획(홈페이지 게시)0930.xlsx,세부현황,2024,전남,2024 완도장보고수산물축제,"전통역사, 특산물","5.3. ~ 5.6.
(4일간)",대면,,2024-05-03,2024-05-06,False,exact_or_partial,False,False,True,False
2024년 지역축제 개최계획(홈페이지 게시)0930.xlsx,세부현황,2024,전남,2024 청정완도 가을 섬여행,"생태자연, 특산물","9월~10월
(3일간)",대면,,2024-09-01,2024-10-31,True,month_range_vague,False,False,True,False
2024년 지역축제 개최계획(홈페이지 게시)0930.xlsx,세부현황,2024,전남,제44회 진도신비의바닷길축제,생태자연,3. 11. ~ 3. 13.,대면,,2024-03-11,2024-03-13,False,exact_or_partial,False,False,True,False
2024년 지역축제 개최계획(홈페이지 게시)0930.xlsx,세부현황,2024,전남,제10회 대한민국 진도개페스티벌,전통역사,5. 5. ~ 5. 6.,대면,,2024-05-05,2024-05-06,False,exact_or_partial,False,False,True,False
2024년 지역축제 개최계획(홈페이지 게시)0930.xlsx,세부현황,2024,전남,2024 보배섬진도 문화예술제,문화예술,10월중,대면,,2024-10-01,2024-10-31,True,month_only_vague,False,False,True,False
2024년 지역축제 개최계획(홈페이지 게시)0930.xlsx,세부현황,2024,전남,2024년 섬수선화축제,생태자연,3.29.~4.7.,대면,,2024-03-29,2024-04-07,False,exact_or_partial,False,False,True,False
2024년 지역축제 개최계획(홈페이지 게시)0930.xlsx,세부현황,2024,전남,2024 섬 튤립축제,생태자연,4.5.~4.14.,대면,,2024-04-05,2024-04-14,False,exact_or_partial,False,False,True,False
2024년 지역축제 개최계획(홈페이지 게시)0930.xlsx,세부현황,2024,전남,섬 간재미축제,특산물,4월 중,대면,,2024-04-01,2024-04-30,True,month_only_vague,False,False,True,False
2024년 지역축제 개최계획(홈페이지 게시)0930.xlsx,세부현황,2024,전남,제2회 전국 새우란 축제,생태자연,4.16.~4.21.,대면,,2024-04-16,2024-04-21,False,exact_or_partial,False,False,True,False
2024년 지역축제 개최계획(홈페이지 게시)0930.xlsx,세부현황,2024,전남,2023 퍼플섬 라벤더 꽃축제,생태자연,5.17.~5.26.,대면,,2024-05-17,2024-05-26,False,exact_or_partial,False,False,True,False
2024년 지역축제 개최계획(홈페이지 게시)0930.xlsx,세부현황,2024,전남,섬 홍어축제,특산물,5월 중,대면,,2024-05-01,2024-05-31,True,month_only_vague,False,False,True,False
2024년 지역축제 개최계획(홈페이지 게시)0930.xlsx,세부현황,2024,전남,섬 낙지축제,특산물,5월 중,대면,,2024-05-01,2024-05-31,True,month_only_vague,False,False,True,False
2024년 지역축제 개최계획(홈페이지 게시)0930.xlsx,세부현황,2024,전남,섬 강달어축제,특산물,6월 중,대면,,2024-06-01,2024-06-30,True,month_only_vague,False,False,True,False
2024년 지역축제 개최계획(홈페이지 게시)0930.xlsx,세부현황,2024,전남,섬 병어축제,특산물,6월 중,대면,,2024-06-01,2024-06-30,True,month_only_vague,False,False,True,False
2024년 지역축제 개최계획(홈페이지 게시)0930.xlsx,세부현황,2024,전남,버들마편초 꽃축제,생태자연,6.14.~8.4.,대면,,2024-06-14,2024-08-04,False,exact_or_partial,False,False,True,False
2024년 지역축제 개최계획(홈페이지 게시)0930.xlsx,세부현황,2024,전남,2024 섬 수국축제,생태자연,6.14.~6.23.,대면,,2024-06-14,2024-06-23,False,exact_or_partial,False,False,True,False
2024년 지역축제 개최계획(홈페이지 게시)0930.xlsx,세부현황,2024,전남,2024 섬 크로코스미아꽃 축제,전통역사,7.5.~7.21.,대면,,2024-07-05,2024-07-21,False,exact_or_partial,False,False,True,False
2024년 지역축제 개최계획(홈페이지 게시)0930.xlsx,세부현황,2024,전남,제4회섬홍도원추리축제,생태자연,7.12~7.21.,대면,,2024-07-12,2024-07-21,False,exact_or_partial,False,False,True,False
2024년 지역축제 개최계획(홈페이지 게시)0930.xlsx,세부현황,2024,전남,섬 민어축제,특산물,7월 중,대면,,2024-07-01,2024-07-31,True,month_only_vague,False,False,True,False
2024년 지역축제 개최계획(홈페이지 게시)0930.xlsx,세부현황,2024,전남,섬 왕새우축제,특산물,9월 중,대면,,2024-09-01,2024-09-30,True,month_only_vague,False,False,True,False
2024년 지역축제 개최계획(홈페이지 게시)0930.xlsx,세부현황,2024,전남,섬 불볼락축제,특산물,9월 중,대면,,2024-09-01,2024-09-30,True,month_only_vague,False,False,True,False
2024년 지역축제 개최계획(홈페이지 게시)0930.xlsx,세부현황,2024,전남,섬 우럭축제,특산물,9월 중,대면,,2024-09-01,2024-09-30,True,month_only_vague,False,False,True,False
2024년 지역축제 개최계획(홈페이지 게시)0930.xlsx,세부현황,2024,전남,섬 새우젓축제,특산물,10월 중,대면,,2024-10-01,2024-10-31,True,month_only_vague,False,False,True,False
2024년 지역축제 개최계획(홈페이지 게시)0930.xlsx,세부현황,2024,전남,아스타 꽃축제,생태자연,10.4.~10.13.,대면,,2024-10-04,2024-10-13,False,exact_or_partial,False,False,True,False
2024년 지역축제 개최계획(홈페이지 게시)0930.xlsx,세부현황,2024,전남,2024 섬 맨드라미 축제,생태자연,10.4.~10.13.,대면,,2024-10-04,2024-10-13,False,exact_or_partial,False,False,True,False
2024년 지역축제 개최계획(홈페이지 게시)0930.xlsx,세부현황,2024,전남,2024 섬 겨울꽃 축제,전통역사,12.6.~1.1.,대면,,2024-12-06,2024-12-06,False,exact_or_partial,False,False,True,False
2024년 지역축제 개최계획(홈페이지 게시)0930.xlsx,세부현황,2024,경북,포항해병대문화축제,"문화예술, 주민화합",04.27.~04.28.,대면,,2024-04-27,2024-04-28,False,exact_or_partial,False,False,True,False
2024년 지역축제 개최계획(홈페이지 게시)0930.xlsx,세부현황,2024,경북,포항국제불빛축제,"문화예술, 주민화합",05.31.~06.02.,혼합형,,2024-05-31,2024-06-02,False,exact_or_partial,False,False,True,False
2024년 지역축제 개최계획(홈페이지 게시)0930.xlsx,세부현황,2024,경북,포항철길숲야행축제,"문화예술, 주민화합",2024. 8.,대면,,2024-08-01,2024-08-31,True,month_detected_vague,False,False,True,False
2024년 지역축제 개최계획(홈페이지 게시)0930.xlsx,세부현황,2024,경북,송도비치 레트로 페스티벌,"문화예술, 주민화합",2024. 9.,대면,,2024-09-01,2024-09-30,True,month_detected_vague,False,False,True,False
2024년 지역축제 개최계획(홈페이지 게시)0930.xlsx,세부현황,2024,경북,포항운하축제,"문화예술, 주민화합",2024. 9.,대면,,2024-09-01,2024-09-30,True,month_detected_vague,False,False,True,False
2024년 지역축제 개최계획(홈페이지 게시)0930.xlsx,세부현황,2024,경북,호미곶한민족해맞이축전,"생태자연, 문화예술",12.31.~01.01.,대면,,2024-12-31,2024-12-31,False,exact_or_partial,False,False,True,False
2024년 지역축제 개최계획(홈페이지 게시)0930.xlsx,세부현황,2024,경북,포항 구룡포 대게 축제,수산물 축제,2024. 12.,대면,,2024-12-01,2024-12-31,True,month_detected_vague,False,False,True,False
2024년 지역축제 개최계획(홈페이지 게시)0930.xlsx,세부현황,2024,경북,포항 호미곶 돌문어 축제,수산물 축제,2024. 4.,대면,,2024-04-01,2024-04-30,True,month_detected_vague,False,False,True,False
2024년 지역축제 개최계획(홈페이지 게시)0930.xlsx,세부현황,2024,경북,포항 영일만 검은돌장어 축제,수산물 축제,2024. 7.,대면,,2024-07-01,2024-07-31,True,month_detected_vague,False,False,True,False
2024년 지역축제 개최계획(홈페이지 게시)0930.xlsx,세부현황,2024,경북,포항 수산물 FESTIVAL,수산물 축제,2024. 9.,대면,,2024-09-01,2024-09-30,True,month_detected_vague,False,False,True,False
2024년 지역축제 개최계획(홈페이지 게시)0930.xlsx,세부현황,2024,경북,포항 구룡포 과메기 축제,수산물 축제,2024. 11.,대면,,2024-11-01,2024-11-30,True,month_detected_vague,False,False,True,False
2024년 지역축제 개최계획(홈페이지 게시)0930.xlsx,세부현황,2024,경북,포항 구룡포 과메기&겨울바다 축제,수산물 축제,12.31.~1.1.,대면,,2024-12-31,2024-12-31,False,exact_or_partial,False,False,True,False
2024년 지역축제 개최계획(홈페이지 게시)0930.xlsx,세부현황,2024,경북,부조장터문화축제,"전통역사, 주민화합",2024. 10.,대면,,2024-10-01,2024-10-31,True,month_detected_vague,False,False,True,False
2024년 지역축제 개최계획(홈페이지 게시)0930.xlsx,세부현황,2024,경북,경주벚꽃축제,생태자연,3월,대면,,2024-03-01,2024-03-31,True,month_only_vague,False,False,True,False
2024년 지역축제 개최계획(홈페이지 게시)0930.xlsx,세부현황,2024,경북,신라문화제,문화예술,10월,대면,,2024-10-01,2024-10-31,True,month_only_vague,False,False,True,False
2024년 지역축제 개최계획(홈페이지 게시)0930.xlsx,세부현황,2024,경북,김천앤 과일축제,특산물,8 ~ 9월중,대면,,2024-09-01,2024-09-30,True,month_only_vague,False,False,True,False
2024년 지역축제 개최계획(홈페이지 게시)0930.xlsx,세부현황,2024,경북,김천김밥축제,음식,10월중,대면,,2024-10-01,2024-10-31,True,month_only_vague,False,False,True,False
2024년 지역축제 개최계획(홈페이지 게시)0930.xlsx,세부현황,2024,경북,안동암산얼음축제,생태자연,1.20.~1.28.,대면,,2024-01-20,2024-01-28,False,exact_or_partial,False,False,True,False
2024년 지역축제 개최계획(홈페이지 게시)0930.xlsx,세부현황,2024,경북,차전장군노국공주축제,전통역사,5.3.~5.7.,대면,,2024-05-03,2024-05-07,False,exact_or_partial,False,False,True,False
2024년 지역축제 개최계획(홈페이지 게시)0930.xlsx,세부현황,2024,경북,안동 벚꽃축제,생태자연,4월중,대면,,2024-04-01,2024-04-30,True,month_only_vague,False,False,True,False
2024년 지역축제 개최계획(홈페이지 게시)0930.xlsx,세부현황,2024,경북,안동수[水]페스타,생태자연,7~8월중,대면,,2024-08-01,2024-08-31,True,month_only_vague,False,False,True,False
2024년 지역축제 개최계획(홈페이지 게시)0930.xlsx,세부현황,2024,경북,2024 문화재 야행,전통역사,7~8월중,대면,,2024-08-01,2024-08-31,True,month_only_vague,False,False,True,False
2024년 지역축제 개최계획(홈페이지 게시)0930.xlsx,세부현황,2024,경북,안동국제탈춤페스티벌,문화예술,9.27.~10.6.,대면,,2024-09-27,2024-10-06,False,exact_or_partial,False,False,True,False
2024년 지역축제 개최계획(홈페이지 게시)0930.xlsx,세부현황,2024,경북,2024 하회선유줄불놀이,전통역사,6~10월중,대면,,2024-10-01,2024-10-31,True,month_only_vague,False,False,True,False
2024년 지역축제 개최계획(홈페이지 게시)0930.xlsx,세부현황,2024,경북,"청춘, 금오천 벚꽃 페스티벌",문화예술,03.30.~04.02.,대면,,2024-03-30,2024-04-02,False,exact_or_partial,False,False,True,False
2024년 지역축제 개최계획(홈페이지 게시)0930.xlsx,세부현황,2024,경북,제3회 구미독서문화축제,문화예술,09.27.~09.28.,대면,,2024-09-27,2024-09-28,False,exact_or_partial,False,False,True,False
2024년 지역축제 개최계획(홈페이지 게시)0930.xlsx,세부현황,2024,경북,제8회 인동도시숲문화축제,생태자연,10월중,대면,,2024-10-01,2024-10-31,True,month_only_vague,False,False,True,False
2024년 지역축제 개최계획(홈페이지 게시)0930.xlsx,세부현황,2024,경북,제3회 구미푸드페스티벌,기타(주민화합),10.26.~10.27.,대면,,2024-10-26,2024-10-27,False,exact_or_partial,False,False,True,False
2024년 지역축제 개최계획(홈페이지 게시)0930.xlsx,세부현황,2024,경북,제3회 구미라면축제,문화예술,11.15.~11.17.,대면,,2024-11-15,2024-11-17,False,exact_or_partial,False,False,True,False
2024년 지역축제 개최계획(홈페이지 게시)0930.xlsx,세부현황,2024,경북,영주 한국선비문화축제,문화예술,2024-05월중,대면,,2024-05-01,2024-05-31,True,month_only_vague,False,False,True,False
2024년 지역축제 개최계획(홈페이지 게시)0930.xlsx,세부현황,2024,경북,영주 소백산철쭉제,생태자연,2024-05월중,대면,,2024-05-01,2024-05-31,True,month_only_vague,False,False,True,False
2024년 지역축제 개최계획(홈페이지 게시)0930.xlsx,세부현황,2024,경북,영주 시원(ONE)축제,주민화합,2024-8월중,대면,,2024-08-01,2024-08-31,True,month_only_vague,False,False,True,False
2024년 지역축제 개최계획(홈페이지 게시)0930.xlsx,세부현황,2024,경북,영주 무섬외나무다리축제,전통역사,2024-10월중,대면,,2024-10-01,2024-10-31,True,month_only_vague,False,False,True,False
2024년 지역축제 개최계획(홈페이지 게시)0930.xlsx,세부현황,2024,경북,경북영주 풍기인삼축제,특산물,2024-10월중,대면,,2024-10-01,2024-10-31,True,month_only_vague,False,False,True,False
2024년 지역축제 개최계획(홈페이지 게시)0930.xlsx,세부현황,2024,경북,영주장날 농특산물축제,특산물,2024-10월중,대면,,2024-10-01,2024-10-31,True,month_only_vague,False,False,True,False
2024년 지역축제 개최계획(홈페이지 게시)0930.xlsx,세부현황,2024,경북,제22회 영천한약축제 with 작약꽃,특산물,05.17.~05.19.,대면,,2024-05-17,2024-05-19,False,exact_or_partial,False,False,True,False
2024년 지역축제 개최계획(홈페이지 게시)0930.xlsx,세부현황,2024,경북,"와! 과-한 영천축제
(영천과일, 와인, 한우 축제)",특산물,10.11.~10.13.,대면,,2024-10-11,2024-10-13,False,exact_or_partial,False,False,True,False
2024년 지역축제 개최계획(홈페이지 게시)0930.xlsx,세부현황,2024,경북,제21회영천보현산별빛축제,지역자원,10.5.~10.7.,대면,,2024-10-05,2024-10-07,False,exact_or_partial,False,False,True,False
2024년 지역축제 개최계획(홈페이지 게시)0930.xlsx,세부현황,2024,경북,제50회 영천문화예술제,문화예술,10월중,대면,,2024-10-01,2024-10-31,True,month_only_vague,False,False,True,False
2024년 지역축제 개최계획(홈페이지 게시)0930.xlsx,세부현황,2024,경북,제4회 중악팔공산 은빛문화제,문화예술,9월중,대면,,2024-09-01,2024-09-30,True,month_only_vague,False,False,True,False
2024년 지역축제 개최계획(홈페이지 게시)0930.xlsx,세부현황,2024,경북,2024 상주세계모자페스티벌,문화예술,9-10월중,대면,,2024-10-01,2024-10-31,True,month_only_vague,False,False,True,False
2024년 지역축제 개최계획(홈페이지 게시)0930.xlsx,세부현황,2024,경북,2024 상주곶감축제,특산물,01.12~01.14.,대면,,2024-01-12,2024-01-14,False,exact_or_partial,False,False,True,False
2024년 지역축제 개최계획(홈페이지 게시)0930.xlsx,세부현황,2024,경북,제26회 문경찻사발축제,"문화예술, 전통역사",04.27.~05.06.,대면,,2024-04-27,2024-05-06,False,exact_or_partial,False,False,True,False
2024년 지역축제 개최계획(홈페이지 게시)0930.xlsx,세부현황,2024,경북,제20회 문경오미자축제,특산물,9월경,대면,,2024-09-01,2024-09-30,True,month_only_vague,False,False,True,False
2024년 지역축제 개최계획(홈페이지 게시)0930.xlsx,세부현황,2024,경북,제19회 문경사과축제,특산물,10월경,대면,,2024-10-01,2024-10-31,True,month_only_vague,False,False,True,False
2024년 지역축제 개최계획(홈페이지 게시)0930.xlsx,세부현황,2024,경북,제13회 문경약돌한우축제,특산물,10월경,대면,,2024-10-01,2024-10-31,True,month_only_vague,False,False,True,False
2024년 지역축제 개최계획(홈페이지 게시)0930.xlsx,세부현황,2024,경북,2024 경산자인단오제,"문화예술,전통역사",6.8.~6.10.,대면,,2024-06-08,2024-06-10,False,exact_or_partial,False,False,True,False
2024년 지역축제 개최계획(홈페이지 게시)0930.xlsx,세부현황,2024,경북,2024 경산갓바위소원성취축제,"문화예술,전통역사",9~10월중(2일간),대면,,2024-10-01,2024-10-31,True,month_only_vague,False,False,True,False
2024년 지역축제 개최계획(홈페이지 게시)0930.xlsx,세부현황,2024,경북,제13회 경산대추&농산물한마당,특산물,10월 중(2일간),대면,,2024-10-01,2024-10-31,True,month_only_vague,False,False,True,False
2024년 지역축제 개최계획(홈페이지 게시)0930.xlsx,세부현황,2024,경북,제17회 산수유마을꽃맞이행사,생태자연,3월 중(9일),대면,,2024-03-01,2024-03-31,True,month_only_vague,False,False,True,False
2024년 지역축제 개최계획(홈페이지 게시)0930.xlsx,세부현황,2024,경북,제2회 남대천 벚꽃축제,생태자연,4월 중(2일),대면,,2024-04-01,2024-04-30,True,month_only_vague,False,False,True,False
2024년 지역축제 개최계획(홈페이지 게시)0930.xlsx,세부현황,2024,경북,제7회 의성슈퍼푸드마늘축제,특산물,11월 중(3일),대면,,2024-11-01,2024-11-30,True,month_only_vague,False,False,True,False
2024년 지역축제 개최계획(홈페이지 게시)0930.xlsx,세부현황,2024,경북,제18회 청송사과축제,특산물,10.30.~11.3.,혼합형,,2024-10-30,2024-11-03,False,exact_or_partial,False,False,True,False
2024년 지역축제 개최계획(홈페이지 게시)0930.xlsx,세부현황,2024,경북,제19회 영양산나물축제,특산물,05.09.~05.12.(예정),대면,,2024-05-09,2024-05-12,False,exact_or_partial,False,False,True,False
2024년 지역축제 개최계획(홈페이지 게시)0930.xlsx,세부현황,2024,경북,제3회 수비능이축제,특산물,10.04.~10.06.(예정),대면,,2024-10-04,2024-10-06,False,exact_or_partial,False,False,True,False
2024년 지역축제 개최계획(홈페이지 게시)0930.xlsx,세부현황,2024,경북,영양고추 H.O.T. festival,특산물,09.09.~09.11.(예정),대면,,2024-09-09,2024-09-11,False,exact_or_partial,False,False,True,False
2024년 지역축제 개최계획(홈페이지 게시)0930.xlsx,세부현황,2024,경북,영양반딧불이축제,생태자연,08.24.~08.25.(예정),대면,,2024-08-24,2024-08-25,False,exact_or_partial,False,False,True,False
2024년 지역축제 개최계획(홈페이지 게시)0930.xlsx,세부현황,2024,경북,제27회 영덕대게축제,특산물,2.29.~3.3.,대면,,2024-02-29,2024-03-03,False,exact_or_partial,False,False,True,False
2024년 지역축제 개최계획(홈페이지 게시)0930.xlsx,세부현황,2024,경북,물가자미축제,특산물,4월,대면,,2024-04-01,2024-04-30,True,month_only_vague,False,False,True,False
2024년 지역축제 개최계획(홈페이지 게시)0930.xlsx,세부현황,2024,경북,영덕황금은어축제,특산물,7월~8월중,대면,,2024-07-01,2024-08-31,True,month_range_vague,False,False,True,False
2024년 지역축제 개최계획(홈페이지 게시)0930.xlsx,세부현황,2024,경북,영덕국제Hi-웰니스페스타,기타,10. 7.~10. 9.,대면,,2024-10-07,2024-10-09,False,exact_or_partial,False,False,True,False
2024년 지역축제 개최계획(홈페이지 게시)0930.xlsx,세부현황,2024,경북,경북대종타종식및해맞이,기타,12.31.~1.1.,대면,,2024-12-31,2024-12-31,False,exact_or_partial,False,False,True,False
2024년 지역축제 개최계획(홈페이지 게시)0930.xlsx,세부현황,2024,경북,제21회 청도소싸움축제,관광진흥,04.19.~04.21.,대면,,2024-04-19,2024-04-21,False,exact_or_partial,False,False,True,False
2024년 지역축제 개최계획(홈페이지 게시)0930.xlsx,세부현황,2024,경북,제17회 청도반시축제,특산물,10월중(3일),대면,,2024-10-01,2024-10-31,True,month_only_vague,False,False,True,False
2024년 지역축제 개최계획(홈페이지 게시)0930.xlsx,세부현황,2024,경북,제8회 청도세계코미디아트페스티벌,문화예술,10월중(3일),대면,,2024-10-01,2024-10-31,True,month_only_vague,False,False,True,False
2024년 지역축제 개최계획(홈페이지 게시)0930.xlsx,세부현황,2024,경북,고령대가야축제,역사문화,03.29.~3.31,대면,,2024-03-29,2024-03-31,False,exact_or_partial,False,False,True,False
2024년 지역축제 개최계획(홈페이지 게시)0930.xlsx,세부현황,2024,경북,2024 성주참외&생명문화축제,"문화예술, 특산물 등",5.16.~5.19.,대면,,2024-05-16,2024-05-19,False,exact_or_partial,False,False,True,False
2024년 지역축제 개최계획(홈페이지 게시)0930.xlsx,세부현황,2024,경북,2024 성주가야산황금들녘 메뚜기 축제,생태자연,24.10월중,대면,,2024-10-01,2024-10-31,True,month_detected_vague,False,False,True,False
2024년 지역축제 개최계획(홈페이지 게시)0930.xlsx,세부현황,2024,경북,제11회 낙동강 세계평화 문화 대축전,전통역사,10.11.~10.13.,대면,,2024-10-11,2024-10-13,False,exact_or_partial,False,False,True,False
2024년 지역축제 개최계획(홈페이지 게시)0930.xlsx,세부현황,2024,경북,제 15회 낙동강지구 전투 전승행사,전통역사,10.11.~10.13.,대면,,2024-10-11,2024-10-13,False,exact_or_partial,False,False,True,False
2024년 지역축제 개최계획(홈페이지 게시)0930.xlsx,세부현황,2024,경북,가산산성 문화유산 야행,전통역사,4.27.~4.28.,대면,,2024-04-27,2024-04-28,False,exact_or_partial,False,False,True,False
2024년 지역축제 개최계획(홈페이지 게시)0930.xlsx,세부현황,2024,경북,가산산성 문화제,문화예술,2024. 10.,대면,,2024-10-01,2024-10-31,True,month_detected_vague,False,False,True,False
2024년 지역축제 개최계획(홈페이지 게시)0930.xlsx,세부현황,2024,경북,2024 예천활축제,"문화예술,전통역사",2024.5.3~5.6,대면,,2024-05-03,2024-05-06,False,exact_or_partial,False,False,True,False
2024년 지역축제 개최계획(홈페이지 게시)0930.xlsx,세부현황,2024,경북,2024 곤충 & 서머쿨 페스티벌,문화예술,2024.8.15~8.18,대면,,2024-08-15,2024-08-18,False,exact_or_partial,False,False,True,False
2024년 지역축제 개최계획(홈페이지 게시)0930.xlsx,세부현황,2024,경북,2024 예천삼강주막나루터축제,문화예술,2024.9.15~9.17,대면,,2024-09-15,2024-09-17,False,exact_or_partial,False,False,True,False
2024년 지역축제 개최계획(홈페이지 게시)0930.xlsx,세부현황,2024,경북,2024 예천농산물축제,특산물,2024. 9월 중,대면,,2024-09-01,2024-09-30,True,month_detected_vague,False,False,True,False
2024년 지역축제 개최계획(홈페이지 게시)0930.xlsx,세부현황,2024,경북,제10회 예천용궁순대축제,특산물,2024. 10월 중,대면,,2024-10-01,2024-10-31,True,month_detected_vague,False,False,True,False
2024년 지역축제 개최계획(홈페이지 게시)0930.xlsx,세부현황,2024,경북,2024 문화재 야행,문화예술,2024.10.3~10.6,대면,,2024-10-03,2024-10-06,False,exact_or_partial,False,False,True,False
2024년 지역축제 개최계획(홈페이지 게시)0930.xlsx,세부현황,2024,경북,제26회 봉화은어축제,생태자연,7월~8월중,대면,,2024-07-01,2024-08-31,True,month_range_vague,False,False,True,False
2024년 지역축제 개최계획(홈페이지 게시)0930.xlsx,세부현황,2024,경북,제28회 봉화송이축제,특산물,9월~10월중,대면,,2024-09-01,2024-10-31,True,month_range_vague,False,False,True,False
2024년 지역축제 개최계획(홈페이지 게시)0930.xlsx,세부현황,2024,경북,분천 한여름·겨울 산타마을,기타(관광자원),12월~2월중,대면,,2024-12-01,2024-02-29,True,month_range_vague,False,False,True,False
2024년 지역축제 개최계획(홈페이지 게시)0930.xlsx,세부현황,2024,경북,울진대게와 붉은대게 축제,특산물,2.22.~2.25.,대면,,2024-02-22,2024-02-25,False,exact_or_partial,False,False,True,False
2024년 지역축제 개최계획(홈페이지 게시)0930.xlsx,세부현황,2024,경북,죽변항 수산물 축제,특산물,12월중,대면,,2024-12-01,2024-12-31,True,month_only_vague,False,False,True,False
2024년 지역축제 개최계획(홈페이지 게시)0930.xlsx,세부현황,2024,경북,제22회 울릉도 오징어 축제,특산물,8월 중,대면,,2024-08-01,2024-08-31,True,month_only_vague,False,False,True,False
2024년 지역축제 개최계획(홈페이지 게시)0930.xlsx,세부현황,2024,경북,2024년 울릉도 눈축제,생태자연,2.1.~2.3.,대면,,2024-02-01,2024-02-03,False,exact_or_partial,False,False,True,False
2024년 지역축제 개최계획(홈페이지 게시)0930.xlsx,세부현황,2024,경남,"제62회 진해군항제
(군악의장페스티벌)",생태자연,3.23. ~ 4.1.,대면,,2024-03-23,2024-04-01,False,exact_or_partial,False,False,True,False
2024년 지역축제 개최계획(홈페이지 게시)0930.xlsx,세부현황,2024,경남,제24회 마산국화축제,생태자연,10~11월 중,대면,,2024-11-01,2024-11-30,True,month_only_vague,False,False,True,False
2024년 지역축제 개최계획(홈페이지 게시)0930.xlsx,세부현황,2024,경남,천주산 진달래축제,생태자연,4월 중,대면,,2024-04-01,2024-04-30,True,month_only_vague,False,False,True,False
2024년 지역축제 개최계획(홈페이지 게시)0930.xlsx,세부현황,2024,경남,진동불꽃낙화축제,기타,05.12~05.14,대면,,2024-05-12,2024-05-14,False,exact_or_partial,False,False,True,False
2024년 지역축제 개최계획(홈페이지 게시)0930.xlsx,세부현황,2024,경남,기업사랑 시민축제,기타,04.13.~04.21.,혼합형,,2024-04-13,2024-04-21,False,exact_or_partial,False,False,True,False
2024년 지역축제 개최계획(홈페이지 게시)0930.xlsx,세부현황,2024,경남,마산어시장 축제,특산물,9~10월 중,대면,,2024-10-01,2024-10-31,True,month_only_vague,False,False,True,False
2024년 지역축제 개최계획(홈페이지 게시)0930.xlsx,세부현황,2024,경남,문화다양성축제 MAMF(맘프) 2024,기타,10.11.~10.13.,대면,,2024-10-11,2024-10-13,False,exact_or_partial,False,False,True,False
2024년 지역축제 개최계획(홈페이지 게시)0930.xlsx,세부현황,2024,경남,전통시장 맥주축제,기타,10월 중,대면,,2024-10-01,2024-10-31,True,month_only_vague,False,False,True,True
2024년 지역축제 개최계획(홈페이지 게시)0930.xlsx,세부현황,2024,경남,눈 내리는 창동 거리 축제,기타,10~12월 중,대면,,2024-12-01,2024-12-31,True,month_only_vague,False,False,True,False
2024년 지역축제 개최계획(홈페이지 게시)0930.xlsx,세부현황,2024,경남,충무지구 근대군항 문화페스타,전통역사,10월 중,대면,,2024-10-01,2024-10-31,True,month_only_vague,False,False,True,False
2024년 지역축제 개최계획(홈페이지 게시)0930.xlsx,세부현황,2024,경남,마금산온천축제,특산물,10월 중,대면,,2024-10-01,2024-10-31,True,month_only_vague,False,False,True,False
2024년 지역축제 개최계획(홈페이지 게시)0930.xlsx,세부현황,2024,경남,창원진동미더덕축제,특산물,4~5월 중,대면,,2024-05-01,2024-05-31,True,month_only_vague,False,False,True,False
2024년 지역축제 개최계획(홈페이지 게시)0930.xlsx,세부현황,2024,경남,진해만싱싱수산물축제,특산물,10월 중,대면,,2024-10-01,2024-10-31,True,month_only_vague,False,False,True,False
2024년 지역축제 개최계획(홈페이지 게시)0930.xlsx,세부현황,2024,경남,창원홍합축제,특산물,11월 중,대면,,2024-11-01,2024-11-30,True,month_only_vague,False,False,True,False
2024년 지역축제 개최계획(홈페이지 게시)0930.xlsx,세부현황,2024,경남,창원단감축제,특산물,10. 26.~10.27.,대면,,2024-10-26,2024-10-27,False,exact_or_partial,False,False,True,False
2024년 지역축제 개최계획(홈페이지 게시)0930.xlsx,세부현황,2024,경남,동읍 무점마을 코스모스축제,생태자연,9~10월 중,대면,,2024-10-01,2024-10-31,True,month_only_vague,False,False,True,False
2024년 지역축제 개최계획(홈페이지 게시)0930.xlsx,세부현황,2024,경남,소계동 산 벚꽃 축제,생태자연,4월 중,대면,,2024-04-01,2024-04-30,True,month_only_vague,False,False,True,False
2024년 지역축제 개최계획(홈페이지 게시)0930.xlsx,세부현황,2024,경남,제9회 산호공원 꽃무릇축제,생태자연,9월 중,대면,,2024-09-01,2024-09-30,True,month_only_vague,False,False,True,False
2024년 지역축제 개최계획(홈페이지 게시)0930.xlsx,세부현황,2024,경남,제23회 진주논개제,전통역사,5월 중,대면,,2024-05-01,2024-05-31,True,month_only_vague,False,False,True,False
2024년 지역축제 개최계획(홈페이지 게시)0930.xlsx,세부현황,2024,경남,2024 진주M2페스티벌,문화예술,8월 중,대면,,2024-08-01,2024-08-31,True,month_only_vague,False,False,True,False
2024년 지역축제 개최계획(홈페이지 게시)0930.xlsx,세부현황,2024,경남,2024 진주남강유등축제,전통역사,10월 중,대면,,2024-10-01,2024-10-31,True,month_only_vague,False,False,True,False
2024년 지역축제 개최계획(홈페이지 게시)0930.xlsx,세부현황,2024,경남,제73회 개천예술제,전통역사,10월 중,대면,,2024-10-01,2024-10-31,True,month_only_vague,False,False,True,False
2024년 지역축제 개최계획(홈페이지 게시)0930.xlsx,세부현황,2024,경남,2024 코리아드라마페스티벌,문화예술,10월 중,대면,,2024-10-01,2024-10-31,True,month_only_vague,False,False,True,False
2024년 지역축제 개최계획(홈페이지 게시)0930.xlsx,세부현황,2024,경남,제63회 통영한산대첩축제,전통역사,8월 중,대면,,2024-08-01,2024-08-31,True,month_only_vague,False,False,True,False
2024년 지역축제 개최계획(홈페이지 게시)0930.xlsx,세부현황,2024,경남,제19회 봉숫골꽃나들이축제,기타(꽃축제),3~4월 중,대면,,2024-04-01,2024-04-30,True,month_only_vague,False,False,True,False
2024년 지역축제 개최계획(홈페이지 게시)0930.xlsx,세부현황,2024,경남,제15회 한산도바다체험축제,생태자연,6월 중,대면,,2024-06-01,2024-06-30,True,month_only_vague,False,False,True,False
2024년 지역축제 개최계획(홈페이지 게시)0930.xlsx,세부현황,2024,경남,제29회 욕지 섬 문화축제,기타(주민화합 등),9~10월 중,대면,,2024-10-01,2024-10-31,True,month_only_vague,False,False,True,False
2024년 지역축제 개최계획(홈페이지 게시)0930.xlsx,세부현황,2024,경남,제19회 사량도옥녀봉전국등반축제,기타(주민화합 등),10월 중,대면,,2024-10-01,2024-10-31,True,month_only_vague,False,False,True,False
2024년 지역축제 개최계획(홈페이지 게시)0930.xlsx,세부현황,2024,경남,제4회 중앙동벅수축제,전통역사,11월 중,대면,,2024-11-01,2024-11-30,True,month_only_vague,False,False,True,False
2024년 지역축제 개최계획(홈페이지 게시)0930.xlsx,세부현황,2024,경남,2024 사천에어쇼,기타,10.24.~10.27.,대면,,2024-10-24,2024-10-27,False,exact_or_partial,False,False,True,False
2024년 지역축제 개최계획(홈페이지 게시)0930.xlsx,세부현황,2024,경남,제26회 사천와룡문화제,문화예술,04.26.~04.28.,대면,,2024-04-26,2024-04-28,False,exact_or_partial,False,False,True,False
2024년 지역축제 개최계획(홈페이지 게시)0930.xlsx,세부현황,2024,경남,"2024 사천시 삼천포항
수산물축제",특산물,04.19.~04.21.,대면,,2024-04-19,2024-04-21,False,exact_or_partial,False,False,True,False
2024년 지역축제 개최계획(홈페이지 게시)0930.xlsx,세부현황,2024,경남,제21회 사천시 삼천포항 자연산 전어축제,특산물,08.16.~08.18.,대면,,2024-08-16,2024-08-18,False,exact_or_partial,False,False,True,False
2024년 지역축제 개최계획(홈페이지 게시)0930.xlsx,세부현황,2024,경남,2024년 사천시 건강한마당,기타,04.26.~04.28.,대면,,2024-04-26,2024-04-28,False,exact_or_partial,False,False,True,False
2024년 지역축제 개최계획(홈페이지 게시)0930.xlsx,세부현황,2024,경남,제16회 사천시농업한마당축제,특산물,11.01.~11.03.,대면,,2024-11-01,2024-11-03,False,exact_or_partial,False,False,True,False
2024년 지역축제 개최계획(홈페이지 게시)0930.xlsx,세부현황,2024,경남,제7회 곤양비봉내축제,전통역사,9~10월 중,대면,,2024-10-01,2024-10-31,True,month_only_vague,False,False,True,False
2024년 지역축제 개최계획(홈페이지 게시)0930.xlsx,세부현황,2024,경남,제5회 선진리성벚꽃축제,문화예술,03.30~03.31.,대면,,2024-03-30,2024-03-31,False,exact_or_partial,False,False,True,False
2024년 지역축제 개최계획(홈페이지 게시)0930.xlsx,세부현황,2024,경남,제29회 김해분청도자기축제,문화예술,10월 중,대면,,2024-10-01,2024-10-31,True,month_only_vague,False,False,True,False
2024년 지역축제 개최계획(홈페이지 게시)0930.xlsx,세부현황,2024,경남,2024년 가야문화축제,문화예술,04.19.~04.23.,대면,,2024-04-19,2024-04-23,False,exact_or_partial,False,False,True,False
2024년 지역축제 개최계획(홈페이지 게시)0930.xlsx,세부현황,2024,경남,2024년 가야금축제,문화예술,8~10월,대면,,2024-10-01,2024-10-31,True,month_only_vague,False,False,True,False
2024년 지역축제 개최계획(홈페이지 게시)0930.xlsx,세부현황,2024,경남,2024년 김해문화재야행,전통역사,10월 중,대면,,2024-10-01,2024-10-31,True,month_only_vague,False,False,True,False
2024년 지역축제 개최계획(홈페이지 게시)0930.xlsx,세부현황,2024,경남,제5회 김해국제의생명과학축제,기타,09.27.~09.28.,대면,,2024-09-27,2024-09-28,False,exact_or_partial,False,False,True,False
2024년 지역축제 개최계획(홈페이지 게시)0930.xlsx,세부현황,2024,경남,제40회 김해진영단감축제,특산물,11.01.~11.03.,대면,,2024-11-01,2024-11-03,False,exact_or_partial,False,False,True,False
2024년 지역축제 개최계획(홈페이지 게시)0930.xlsx,세부현황,2024,경남,제9회 김해꽃축제,특산물,5월 중,대면,,2024-05-01,2024-05-31,True,month_only_vague,False,False,True,False
2024년 지역축제 개최계획(홈페이지 게시)0930.xlsx,세부현황,2024,경남,2024 김해독서대전,문화예술,3~12월 중,대면,,2024-12-01,2024-12-31,True,month_only_vague,False,False,True,False
2024년 지역축제 개최계획(홈페이지 게시)0930.xlsx,세부현황,2024,경남,2024년 김해시평생학습과학축제,기타,9월 말,대면,,2024-09-01,2024-09-30,True,month_only_vague,False,False,True,False
2024년 지역축제 개최계획(홈페이지 게시)0930.xlsx,세부현황,2024,경남,제66회 밀양아리랑대축제,전통역사,05.23.~05.26.,대면,,2024-05-23,2024-05-26,False,exact_or_partial,False,False,True,False
2024년 지역축제 개최계획(홈페이지 게시)0930.xlsx,세부현황,2024,경남,제24회 밀양공연예술축제,문화예술,07.19.~07.28.,대면,,2024-07-19,2024-07-28,False,exact_or_partial,False,False,True,False
2024년 지역축제 개최계획(홈페이지 게시)0930.xlsx,세부현황,2024,경남,2024년 밀양 문화유산 야행,전통역사,04.19.~04.21.,대면,,2024-04-19,2024-04-21,False,exact_or_partial,False,False,True,False
2024년 지역축제 개최계획(홈페이지 게시)0930.xlsx,세부현황,2024,경남,제15회 밀양대추축제,특산물,10.20.~10.22.,대면,,2024-10-20,2024-10-22,False,exact_or_partial,False,False,True,False
2024년 지역축제 개최계획(홈페이지 게시)0930.xlsx,세부현황,2024,경남,제26회 밀양얼음골사과축제,특산물,11.02.~11.03.,대면,,2024-11-02,2024-11-03,False,exact_or_partial,False,False,True,False
2024년 지역축제 개최계획(홈페이지 게시)0930.xlsx,세부현황,2024,경남,제14회 밀양삼랑진 딸기시배지 축제,특산물,3월 중,대면,,2024-03-01,2024-03-31,True,month_only_vague,False,False,True,False
2024년 지역축제 개최계획(홈페이지 게시)0930.xlsx,세부현황,2024,경남,초동연가길 코스모스축제,생태자연,10.05.~10.06.,대면,,2024-10-05,2024-10-06,False,exact_or_partial,False,False,True,False
2024년 지역축제 개최계획(홈페이지 게시)0930.xlsx,세부현황,2024,경남,거제맹종대나무 축제,특산물,04.26.~04.28.,대면,,2024-04-26,2024-04-28,False,exact_or_partial,False,False,True,False
2024년 지역축제 개최계획(홈페이지 게시)0930.xlsx,세부현황,2024,경남,거제옥포대첩 축제,전통역사,6월 중,대면,,2024-06-01,2024-06-30,True,month_only_vague,False,False,True,False
2024년 지역축제 개최계획(홈페이지 게시)0930.xlsx,세부현황,2024,경남,남부면 수국축제,생태자연,6월 중,대면,,2024-06-01,2024-06-30,True,month_only_vague,False,False,True,False
2024년 지역축제 개최계획(홈페이지 게시)0930.xlsx,세부현황,2024,경남,거제 바다로 세계로,기타,7월 중,대면,,2024-07-01,2024-07-31,True,month_only_vague,False,False,True,False
2024년 지역축제 개최계획(홈페이지 게시)0930.xlsx,세부현황,2024,경남,거제맥주축제,문화예술,8월 중,대면,,2024-08-01,2024-08-31,True,month_only_vague,False,False,True,True
2024년 지역축제 개최계획(홈페이지 게시)0930.xlsx,세부현황,2024,경남,제13회 거제둔덕포도축제,특산물,09.07.~09.08.,대면,,2024-09-07,2024-09-08,False,exact_or_partial,False,False,True,False
2024년 지역축제 개최계획(홈페이지 게시)0930.xlsx,세부현황,2024,경남,제18회 거제섬꽃축제,문화예술,10.26.~11.03.,대면,,2024-10-26,2024-11-03,False,exact_or_partial,False,False,True,False
2024년 지역축제 개최계획(홈페이지 게시)0930.xlsx,세부현황,2024,경남,거제대구수산물축제,특산물,12월 중,대면,,2024-12-01,2024-12-31,True,month_only_vague,False,False,True,False
2024년 지역축제 개최계획(홈페이지 게시)0930.xlsx,세부현황,2024,경남,거제도국제펭귄수영축제,기타,12월 중,대면,,2024-12-01,2024-12-31,True,month_only_vague,False,False,True,False
2024년 지역축제 개최계획(홈페이지 게시)0930.xlsx,세부현황,2024,경남,거제 송년불꽃축제,문화예술,12.31.,대면,,2024-12-31,2024-12-31,False,exact_or_partial,False,False,True,False
2024년 지역축제 개최계획(홈페이지 게시)0930.xlsx,세부현황,2024,경남,배내골고로쇠축제,특산물,02.15.~03.15.,대면,,2024-02-15,2024-03-15,False,exact_or_partial,False,False,True,False
2024년 지역축제 개최계획(홈페이지 게시)0930.xlsx,세부현황,2024,경남,원동미나리축제,특산물,02.16.~04.30.,대면,,2024-02-16,2024-04-30,False,exact_or_partial,False,False,True,False
2024년 지역축제 개최계획(홈페이지 게시)0930.xlsx,세부현황,2024,경남,원동매화축제,특산물,03.9.~03.17,대면,,2024-03-09,2024-03-17,False,exact_or_partial,False,False,True,False
2024년 지역축제 개최계획(홈페이지 게시)0930.xlsx,세부현황,2024,경남,2024 물금벚꽃축제,생태자연,3~4월 중,대면,,2024-04-01,2024-04-30,True,month_only_vague,False,False,True,False
2024년 지역축제 개최계획(홈페이지 게시)0930.xlsx,세부현황,2024,경남,양산봄꽃향연,생태자연,4~5월 중,대면,,2024-05-01,2024-05-31,True,month_only_vague,False,False,True,False
2024년 지역축제 개최계획(홈페이지 게시)0930.xlsx,세부현황,2024,경남,2024 양산웅상회야제,기타,5월 중,대면,,2024-05-01,2024-05-31,True,month_only_vague,False,False,True,False
2024년 지역축제 개최계획(홈페이지 게시)0930.xlsx,세부현황,2024,경남,배내골사과축제,특산물,11.02.~11.03.,대면,,2024-11-02,2024-11-03,False,exact_or_partial,False,False,True,False
2024년 지역축제 개최계획(홈페이지 게시)0930.xlsx,세부현황,2024,경남,2024 양산삽량문화축전,전통역사,10월 중,대면,,2024-10-01,2024-10-31,True,month_only_vague,False,False,True,False
2024년 지역축제 개최계획(홈페이지 게시)0930.xlsx,세부현황,2024,경남,양산차문화축제,문화예술,10월 중,대면,,2024-10-01,2024-10-31,True,month_only_vague,False,False,True,False
2024년 지역축제 개최계획(홈페이지 게시)0930.xlsx,세부현황,2024,경남,양산국화축제,생태자연,10~11월 중,대면,,2024-11-01,2024-11-30,True,month_only_vague,False,False,True,False
2024년 지역축제 개최계획(홈페이지 게시)0930.xlsx,세부현황,2024,경남,제49회 의령 홍의장군축제,전통역사,04.18.~04.21.,대면,,2024-04-18,2024-04-21,False,exact_or_partial,False,False,True,False
2024년 지역축제 개최계획(홈페이지 게시)0930.xlsx,세부현황,2024,경남,2024 의령 신번문화축제,전통역사,9월 중,대면,,2024-09-01,2024-09-30,True,month_only_vague,False,False,True,False
2024년 지역축제 개최계획(홈페이지 게시)0930.xlsx,세부현황,2024,경남,2024 의령 리치리치 페스티벌,문화예술,10월 중,대면,,2024-10-01,2024-10-31,True,month_only_vague,False,False,True,False
2024년 지역축제 개최계획(홈페이지 게시)0930.xlsx,세부현황,2024,경남,2024 토요애 의령 농축산물 축제,특산물,10월 중,대면,,2024-10-01,2024-10-31,True,month_only_vague,False,False,True,False
2024년 지역축제 개최계획(홈페이지 게시)0930.xlsx,세부현황,2024,경남,제3회 의령가례밭미나리축제,특산물,3월 중,대면,,2024-03-01,2024-03-31,True,month_only_vague,False,False,True,False
2024년 지역축제 개최계획(홈페이지 게시)0930.xlsx,세부현황,2024,경남,제21 의령토요애수박축제,특산물,4월 중,대면,,2024-04-01,2024-04-30,True,month_only_vague,False,False,True,False
2024년 지역축제 개최계획(홈페이지 게시)0930.xlsx,세부현황,2024,경남,2024 청소년과 함께하는 세대공감 어울림 축제,문화예술,10월 중,대면,,2024-10-01,2024-10-31,True,month_only_vague,False,False,True,False
2024년 지역축제 개최계획(홈페이지 게시)0930.xlsx,세부현황,2024,경남,제36회 아라가야문화제,전통역사,9월 중,대면,,2024-09-01,2024-09-30,True,month_only_vague,False,False,True,False
2024년 지역축제 개최계획(홈페이지 게시)0930.xlsx,세부현황,2024,경남,제5회 대한민국 & 제30회 함안수박축제,특산물,04.26.~04.28.,혼합형,,2024-04-26,2024-04-28,False,exact_or_partial,False,False,True,False
2024년 지역축제 개최계획(홈페이지 게시)0930.xlsx,세부현황,2024,경남,제12회 강주해바라기 축제,생태자연,6~7월 중,대면,,2024-07-01,2024-07-31,True,month_only_vague,False,False,True,False
2024년 지역축제 개최계획(홈페이지 게시)0930.xlsx,세부현황,2024,경남,제2회 청보리.작약 축제,생태자연,10.11.~10.13.,대면,,2024-10-11,2024-10-13,False,exact_or_partial,False,False,True,False
2024년 지역축제 개최계획(홈페이지 게시)0930.xlsx,세부현황,2024,경남,제13회 함안곶감축제,특산물,01.12.~01.14.,대면,,2024-01-12,2024-01-14,False,exact_or_partial,False,False,True,False
2024년 지역축제 개최계획(홈페이지 게시)0930.xlsx,세부현황,2024,경남,제19회 창녕낙동강유채축제,생태자연,04.11.~04.14.,대면,,2024-04-11,2024-04-14,False,exact_or_partial,False,False,True,False
2024년 지역축제 개최계획(홈페이지 게시)0930.xlsx,세부현황,2024,경남,제29회 부곡온천축제,생태자연,03.29.~03.31.,대면,,2024-03-29,2024-03-31,False,exact_or_partial,False,False,True,False
2024년 지역축제 개최계획(홈페이지 게시)0930.xlsx,세부현황,2024,경남,제63회 3.1민속문화제,전통역사,02.29.~03.03.,대면,,2024-02-29,2024-03-03,False,exact_or_partial,False,False,True,False
2024년 지역축제 개최계획(홈페이지 게시)0930.xlsx,세부현황,2024,경남,제38회 비사벌문화제,문화예술,10월 중,대면,,2024-10-01,2024-10-31,True,month_only_vague,False,False,True,False
2024년 지역축제 개최계획(홈페이지 게시)0930.xlsx,세부현황,2024,경남,2024 기월 안뜰 경관농업지구 봄꽃 축제,생태자연,4월 중,대면,,2024-04-01,2024-04-30,True,month_only_vague,False,False,True,False
2024년 지역축제 개최계획(홈페이지 게시)0930.xlsx,세부현황,2024,경남,2024 기월 안뜰 경관농업지구 가을꽃 축제,생태자연,10월 중,대면,,2024-10-01,2024-10-31,True,month_only_vague,False,False,True,False
2024년 지역축제 개최계획(홈페이지 게시)0930.xlsx,세부현황,2024,경남,제11회 엄홍길대장과 함께하는 거류산 등산축제,생태자연,10월 중,대면,,2024-10-01,2024-10-31,True,month_only_vague,False,False,True,False
2024년 지역축제 개최계획(홈페이지 게시)0930.xlsx,세부현황,2024,경남,제46회 소가야문화제,전통역사,9월 중,대면,,2024-09-01,2024-09-30,True,month_only_vague,False,False,True,False
2024년 지역축제 개최계획(홈페이지 게시)0930.xlsx,세부현황,2024,경남,당항포대첩 축제,전통역사,5월 중,대면,,2024-05-01,2024-05-31,True,month_only_vague,False,False,True,False
2024년 지역축제 개최계획(홈페이지 게시)0930.xlsx,세부현황,2024,경남,촌스런 축제,기타,7~8월 중,대면,,2024-08-01,2024-08-31,True,month_only_vague,False,False,True,False
2024년 지역축제 개최계획(홈페이지 게시)0930.xlsx,세부현황,2024,경남,제8회 고성 가리비 수산물 축제,특산물,10월 중,대면,,2024-10-01,2024-10-31,True,month_only_vague,False,False,True,False
2024년 지역축제 개최계획(홈페이지 게시)0930.xlsx,세부현황,2024,경남,제2회 고성갯벌 축제,생태자연,9월 중,대면,,2024-09-01,2024-09-30,True,month_only_vague,False,False,True,False
2024년 지역축제 개최계획(홈페이지 게시)0930.xlsx,세부현황,2024,경남,"남해대교 문화행사 ""노량의 봄""",생태자연,03.29.~03.30.,대면,,2024-03-29,2024-03-30,False,exact_or_partial,False,False,True,False
2024년 지역축제 개최계획(홈페이지 게시)0930.xlsx,세부현황,2024,경남,제6회 창선고사리축제,특산물,04.26.~04.27.,대면,,2024-04-26,2024-04-27,False,exact_or_partial,False,False,True,False
2024년 지역축제 개최계획(홈페이지 게시)0930.xlsx,세부현황,2024,경남,제2회 마이페스트,전통역사,05.03.~05.04.,대면,,2024-05-03,2024-05-04,False,exact_or_partial,False,False,True,False
2024년 지역축제 개최계획(홈페이지 게시)0930.xlsx,세부현황,2024,경남,제18회 보물섬 멸치축제,특산물,05.11.~05.12.,대면,,2024-05-11,2024-05-12,False,exact_or_partial,False,False,True,False
2024년 지역축제 개최계획(홈페이지 게시)0930.xlsx,세부현황,2024,경남,제19회 남해 마늘한우 축제,특산물,06.13.~06.16.,대면,,2024-06-13,2024-06-16,False,exact_or_partial,False,False,True,False
2024년 지역축제 개최계획(홈페이지 게시)0930.xlsx,세부현황,2024,경남,제12회 독일마을맥주축제,전통역사,10.04.~10.06.,대면,,2024-10-04,2024-10-06,False,exact_or_partial,False,False,True,True
2024년 지역축제 개최계획(홈페이지 게시)0930.xlsx,세부현황,2024,경남,상주 해돋이&물메기 축제,생태자연,12.31.~01.01.,대면,,2024-12-31,2024-12-31,False,exact_or_partial,False,False,True,False
2024년 지역축제 개최계획(홈페이지 게시)0930.xlsx,세부현황,2024,경남,제27회 하동야생차문화축제,특산물,05.11.~05.14.,대면,,2024-05-11,2024-05-14,False,exact_or_partial,False,False,True,False
2024년 지역축제 개최계획(홈페이지 게시)0930.xlsx,세부현황,2024,경남,제8회 하동섬진강문화재첩축제,특산물,6월 중,대면,,2024-06-01,2024-06-30,True,month_only_vague,False,False,True,False
2024년 지역축제 개최계획(홈페이지 게시)0930.xlsx,세부현황,2024,경남,제39회 산청황매산철쭉제,생태자연,4~5월 중,대면,,2024-05-01,2024-05-31,True,month_only_vague,False,False,True,False
2024년 지역축제 개최계획(홈페이지 게시)0930.xlsx,세부현황,2024,경남,ON산청 빛나는 여름밤 페스티벌,기타,7~8월 중,대면,,2024-08-01,2024-08-31,True,month_only_vague,False,False,True,False
2024년 지역축제 개최계획(홈페이지 게시)0930.xlsx,세부현황,2024,경남,생초꽃잔디축제,생태자연,4월 중,대면,,2024-04-01,2024-04-30,True,month_only_vague,False,False,True,False
2024년 지역축제 개최계획(홈페이지 게시)0930.xlsx,세부현황,2024,경남,제17회 지리산산청곶감축제,특산물,01.11.~01.14.,대면,,2024-01-11,2024-01-14,False,exact_or_partial,False,False,True,False
2024년 지역축제 개최계획(홈페이지 게시)0930.xlsx,세부현황,2024,경남,제24회 산청한방약초축제,특산물,09.27.~10.06.,대면,,2024-09-27,2024-10-06,False,exact_or_partial,False,False,True,False
2024년 지역축제 개최계획(홈페이지 게시)0930.xlsx,세부현황,2024,경남,제48회 남명선비문화축제,문화예술,10.18.~10.19.,대면,,2024-10-18,2024-10-19,False,exact_or_partial,False,False,True,False
2024년 지역축제 개최계획(홈페이지 게시)0930.xlsx,세부현황,2024,경남,제63회 천령문화제,전통역사,05.09.~05.13.,대면,,2024-05-09,2024-05-13,False,exact_or_partial,False,False,True,False
2024년 지역축제 개최계획(홈페이지 게시)0930.xlsx,세부현황,2024,경남,제21회 함양연암문화제,전통역사,8월 중,대면,,2024-08-01,2024-08-31,True,month_only_vague,False,False,True,False
2024년 지역축제 개최계획(홈페이지 게시)0930.xlsx,세부현황,2024,경남,제19회 함양산삼축제,특산물,10월 중,대면,,2024-10-01,2024-10-31,True,month_only_vague,False,False,True,False
2024년 지역축제 개최계획(홈페이지 게시)0930.xlsx,세부현황,2024,경남,2024 거창한마당대축제,기타,09.26.~09.28.,대면,,2024-09-26,2024-09-28,False,exact_or_partial,False,False,True,False
2024년 지역축제 개최계획(홈페이지 게시)0930.xlsx,세부현황,2024,경남,제34회 거창국제연극제,문화예술,07.26~08.09.,대면,,2024-07-26,2024-08-09,False,exact_or_partial,False,False,True,False
2024년 지역축제 개최계획(홈페이지 게시)0930.xlsx,세부현황,2024,경남,제4회 감악산 꽃&별 여행,생태자연,09.27.~10.13.,대면,,2024-09-27,2024-10-13,False,exact_or_partial,False,False,True,False
2024년 지역축제 개최계획(홈페이지 게시)0930.xlsx,세부현황,2024,경남,제5회 거창 아리미아 꽃 축제,생태자연,5월 중,대면,,2024-05-01,2024-05-31,True,month_only_vague,False,False,True,False
2024년 지역축제 개최계획(홈페이지 게시)0930.xlsx,세부현황,2024,경남,제5회 거창韓 거창산양삼축제,특산물,5월 중,대면,,2024-05-01,2024-05-31,True,month_only_vague,False,False,True,False
2024년 지역축제 개최계획(홈페이지 게시)0930.xlsx,세부현황,2024,경남,제28회 황매산철쭉제,생태자연,4~5월 중,대면,,2024-05-01,2024-05-31,True,month_only_vague,False,False,True,False
2024년 지역축제 개최계획(홈페이지 게시)0930.xlsx,세부현황,2024,경남,2024 합천바캉스축제,기타,7~8월 중,대면,,2024-08-01,2024-08-31,True,month_only_vague,False,False,True,False
2024년 지역축제 개최계획(홈페이지 게시)0930.xlsx,세부현황,2024,경남,제40회 대야문화제,기타,09.10.~09.13.,대면,,2024-09-10,2024-09-13,False,exact_or_partial,False,False,True,False
2024년 지역축제 개최계획(홈페이지 게시)0930.xlsx,세부현황,2024,경남,합천황토한우축제,특산물,10월 중,대면,,2024-10-01,2024-10-31,True,month_only_vague,False,False,True,False
2024년 지역축제 개최계획(홈페이지 게시)0930.xlsx,세부현황,2024,경남,2024 합천기록문화축제,전통역사,10월 중,대면,,2024-10-01,2024-10-31,True,month_only_vague,False,False,True,False
2024년 지역축제 개최계획(홈페이지 게시)0930.xlsx,세부현황,2024,경남,제3회 황매산억새축제,생태자연,10월 중,대면,,2024-10-01,2024-10-31,True,month_only_vague,False,False,True,False
2024년 지역축제 개최계획(홈페이지 게시)0930.xlsx,세부현황,2024,제주,제17회 전농로 왕벚꽃축제,"생태자연, 기타(주민화합 등)","3.22~3.24
(예정)",대면,,2024-03-22,2024-03-24,False,exact_or_partial,False,False,True,False
2024년 지역축제 개최계획(홈페이지 게시)0930.xlsx,세부현황,2024,제주,제41회 서귀포유채꽃축제,생태자연,3.30.~3.31.(예정),대면,,2024-03-30,2024-03-31,False,exact_or_partial,False,False,True,False
2024년 지역축제 개최계획(홈페이지 게시)0930.xlsx,세부현황,2024,제주,2024년 장전리 왕벚꽃축제,기타(주민화합 등),3월~4월중(개화시기),대면,,2024-03-01,2024-04-30,True,month_range_vague,False,False,True,False
2024년 지역축제 개최계획(홈페이지 게시)0930.xlsx,세부현황,2024,제주,벚꽃길따라 행복한 동행,"문화예술, 체험",3월~5월 중,대면,,2024-03-01,2024-05-31,True,month_range_vague,False,False,True,False
2024년 지역축제 개최계획(홈페이지 게시)0930.xlsx,세부현황,2024,제주,제13회 우도소라축제,특산물,4.26.~4.28.,대면,,2024-04-26,2024-04-28,False,exact_or_partial,False,False,True,False
2024년 지역축제 개최계획(홈페이지 게시)0930.xlsx,세부현황,2024,제주,거리예술제,문화예술,4~11월,대면,,2024-11-01,2024-11-30,True,month_only_vague,False,False,True,False
2024년 지역축제 개최계획(홈페이지 게시)0930.xlsx,세부현황,2024,제주,2024년 애월읍 농수축박람회,기타(주민화합 등),4~6월중(일정 조율중),대면,,2024-06-01,2024-06-30,True,month_only_vague,False,False,True,False
2024년 지역축제 개최계획(홈페이지 게시)0930.xlsx,세부현황,2024,제주,제28회 한라산 청정 고사리 축제,"특산물, 전통역사",4월 중,대면,,2024-04-01,2024-04-30,True,month_only_vague,False,False,True,False
2024년 지역축제 개최계획(홈페이지 게시)0930.xlsx,세부현황,2024,제주,제13회 가파도 청보리 축제,생태자연,4월 중,대면,,2024-04-01,2024-04-30,True,month_only_vague,False,False,True,False
2024년 지역축제 개최계획(홈페이지 게시)0930.xlsx,세부현황,2024,제주,2024년 제주마 입목 및 문화 축제,"생태자연, 전통역사",4월중,대면,,2024-04-01,2024-04-30,True,month_only_vague,False,False,True,False
2024년 지역축제 개최계획(홈페이지 게시)0930.xlsx,세부현황,2024,제주,제21회 방선문축제,전통역사,5.4.~5.5.(예정),대면(예정),,2024-05-04,2024-05-05,False,exact_or_partial,False,False,True,False
2024년 지역축제 개최계획(홈페이지 게시)0930.xlsx,세부현황,2024,제주,제20회 보목자리돔 축제,특산물,5~6월 중(3일),대면,,2024-06-01,2024-06-30,True,month_only_vague,False,False,True,False
2024년 지역축제 개최계획(홈페이지 게시)0930.xlsx,세부현황,2024,제주,수국과 공연이 꽃피는 혼인지,문화예술,5월~8월 중,대면,,2024-05-01,2024-08-31,True,month_range_vague,False,False,True,False
2024년 지역축제 개최계획(홈페이지 게시)0930.xlsx,세부현황,2024,제주,2024 영천동해바라기축제,생태자연,5월중(미정),대면,,2024-05-01,2024-05-31,True,month_only_vague,False,False,True,False
2024년 지역축제 개최계획(홈페이지 게시)0930.xlsx,세부현황,2024,제주,"한라산아래첫마을 광평리 2024 제주메밀축제 ""제주메밀의 모든 것""",특산물,6.1.~6.2.,대면,,2024-06-01,2024-06-02,False,exact_or_partial,False,False,True,False
2024년 지역축제 개최계획(홈페이지 게시)0930.xlsx,세부현황,2024,제주,제10회 대정 암반수 마농박람회,특산물,6월예정,대면,,2024-06-01,2024-06-30,True,month_only_vague,False,False,True,False
2024년 지역축제 개최계획(홈페이지 게시)0930.xlsx,세부현황,2024,제주,한여름밤의 예술공연,문화예술,7~8월 중,대면,,2024-08-01,2024-08-31,True,month_only_vague,False,False,True,False
2024년 지역축제 개최계획(홈페이지 게시)0930.xlsx,세부현황,2024,제주,성산 조개바당 축제,생태자연,7월 중,대면,,2024-07-01,2024-07-31,True,month_only_vague,False,False,True,False
2024년 지역축제 개최계획(홈페이지 게시)0930.xlsx,세부현황,2024,제주,제20회 삼양검은모래축제,생태자연,7월 중(미정),대면,,2024-07-01,2024-07-31,True,month_only_vague,False,False,True,False
2024년 지역축제 개최계획(홈페이지 게시)0930.xlsx,세부현황,2024,제주,제19회 제주이호테우축제,전통역사,7월~8월 중,대면,,2024-07-01,2024-08-31,True,month_range_vague,False,False,True,False
2024년 지역축제 개최계획(홈페이지 게시)0930.xlsx,세부현황,2024,제주,"제29회 표선해변하얀모래
축제",생태자연,7월말~8월초,대면,,2024-07-01,2024-08-31,True,month_range_vague,False,False,True,False
2024년 지역축제 개최계획(홈페이지 게시)0930.xlsx,세부현황,2024,제주,제13회 백난아가요제,문화예술,7월중,대면,,2024-07-01,2024-07-31,True,month_only_vague,False,False,True,False
2024년 지역축제 개최계획(홈페이지 게시)0930.xlsx,세부현황,2024,제주,제22회 도두오래물축제,기타(주민화합 등),8.9.~8.11.,대면,,2024-08-09,2024-08-11,False,exact_or_partial,False,False,True,False
2024년 지역축제 개최계획(홈페이지 게시)0930.xlsx,세부현황,2024,제주,제15회 금능원담축제,전통역사,8월중,대면,,2024-08-01,2024-08-31,True,month_only_vague,False,False,True,False
2024년 지역축제 개최계획(홈페이지 게시)0930.xlsx,세부현황,2024,제주,제22회 예래생태축제,생태자연,9.14.~9.15.,대면,,2024-09-14,2024-09-15,False,exact_or_partial,False,False,True,False
2024년 지역축제 개최계획(홈페이지 게시)0930.xlsx,세부현황,2024,제주,제14회 산지천축제,문화예술,9월 중,대면,,2024-09-01,2024-09-30,True,month_only_vague,False,False,True,False
2024년 지역축제 개최계획(홈페이지 게시)0930.xlsx,세부현황,2024,제주,"제3회 화북, 포구문화제","전통역사, 문화예술",9월 중,대면,,2024-09-01,2024-09-30,True,month_only_vague,False,False,True,False
2024년 지역축제 개최계획(홈페이지 게시)0930.xlsx,세부현황,2024,제주,제20회 쇠소깍 축제,"생태자연, 주민화합",9월 중(2일),대면,,2024-09-01,2024-09-30,True,month_only_vague,False,False,True,False
2024년 지역축제 개최계획(홈페이지 게시)0930.xlsx,세부현황,2024,제주,제17회 제주해녀축제,전통역사,9월중(3일),대면,,2024-09-01,2024-09-30,True,month_only_vague,False,False,True,False
2024년 지역축제 개최계획(홈페이지 게시)0930.xlsx,세부현황,2024,제주,제5회 서귀포 은갈치 축제,특산물,9월중(예정),대면,,2024-09-01,2024-09-30,True,month_only_vague,False,False,True,False
2024년 지역축제 개최계획(홈페이지 게시)0930.xlsx,세부현황,2024,제주,2024 제주레저힐링축제,문화예술,9월~10월 중,대면,,2024-09-01,2024-10-31,True,month_range_vague,False,False,True,False
2024년 지역축제 개최계획(홈페이지 게시)0930.xlsx,세부현황,2024,제주,제22회 대정고을 추사문화 예술제,전통역사,10월 초(예정),대면,,2024-10-01,2024-10-31,True,month_only_vague,False,False,True,False
2024년 지역축제 개최계획(홈페이지 게시)0930.xlsx,세부현황,2024,제주,제30회 서귀포칠십리축제,문화예술,10.18.~10.20.(예정),대면,,2024-10-18,2024-10-20,False,exact_or_partial,False,False,True,False
2024년 지역축제 개최계획(홈페이지 게시)0930.xlsx,세부현황,2024,제주,삼도2동 문화의 거리 행사,문화예술,10월 중,대면,,2024-10-01,2024-10-31,True,month_only_vague,False,False,True,False
2024년 지역축제 개최계획(홈페이지 게시)0930.xlsx,세부현황,2024,제주,아트페스타인제주,문화예술,10월 중,대면,,2024-10-01,2024-10-31,True,month_only_vague,False,False,True,False
2024년 지역축제 개최계획(홈페이지 게시)0930.xlsx,세부현황,2024,제주,고마로 馬문화 축제,문화예술,"10월 중
(3일)",대면,,2024-10-01,2024-10-31,True,month_only_vague,False,False,True,False
2024년 지역축제 개최계획(홈페이지 게시)0930.xlsx,세부현황,2024,제주,2024 삼성혈 문화의 거리 축제,문화예술,10월중,대면,,2024-10-01,2024-10-31,True,month_only_vague,False,False,True,False
2024년 지역축제 개최계획(홈페이지 게시)0930.xlsx,세부현황,2024,제주,제주 성읍마을 전통민속 재현축제,전통역사,10월 중,대면,,2024-10-01,2024-10-31,True,month_only_vague,False,False,True,False
2024년 지역축제 개최계획(홈페이지 게시)0930.xlsx,세부현황,2024,제주,제주 성읍마을 정의현감 행차재현 및 전통 민요공연,전통역사,10월 중,대면,,2024-10-01,2024-10-31,True,month_only_vague,False,False,True,False
2024년 지역축제 개최계획(홈페이지 게시)0930.xlsx,세부현황,2024,제주,혼인지 축제,전통역사,10월 중,대면,,2024-10-01,2024-10-31,True,month_only_vague,False,False,True,False
2024년 지역축제 개최계획(홈페이지 게시)0930.xlsx,세부현황,2024,제주,제31회 덕수리 전통민속재현행사,전통역사,10월 중(2일),대면,,2024-10-01,2024-10-31,True,month_only_vague,False,False,True,False
2024년 지역축제 개최계획(홈페이지 게시)0930.xlsx,세부현황,2024,제주,제8회 FPC 한수위 수산물 대축제,특산물,10월중(예정),대면,,2024-10-01,2024-10-31,True,month_only_vague,False,False,True,False
2024년 지역축제 개최계획(홈페이지 게시)0930.xlsx,세부현황,2024,제주,제7회 제주광어 대축제,특산물,10월중(예정),대면,,2024-10-01,2024-10-31,True,month_only_vague,False,False,True,False
2024년 지역축제 개최계획(홈페이지 게시)0930.xlsx,세부현황,2024,제주,제16회 추자도 참굴비 대축제,특산물,10월중(예정),대면,,2024-10-01,2024-10-31,True,month_only_vague,False,False,True,False
2024년 지역축제 개최계획(홈페이지 게시)0930.xlsx,세부현황,2024,제주,제19회 중문칠선녀축제,기타(주민화합 등),10월~11월 중 2일,대면,,2024-10-01,2024-11-30,True,month_range_vague,False,False,True,False
2024년 지역축제 개최계획(홈페이지 게시)0930.xlsx,세부현황,2024,제주,제24회 최남단 방어 축제,특산물,11월중(예정),대면,,2024-11-01,2024-11-30,True,month_only_vague,False,False,True,False
2024년 지역축제 개최계획(홈페이지 게시)0930.xlsx,세부현황,2024,제주,제2회 대정 동일 해넘이 축제,기타(주민화합),12.30.~12.31.,대면,,2024-12-30,2024-12-31,False,exact_or_partial,False,False,True,False
2025년 지역축제 개최계획 현황(0321).xlsx,조사표,2025,강원,춘천 감자페스타,지역특산물,2025.6.~2025.6.,대면,,2025-06-01,2025-06-30,True,split_month_vague,False,False,True,False
2025년 지역축제 개최계획 현황(0321).xlsx,조사표,2025,강원,춘천 호수 드론 라이트쇼,문화예술,2025.6.~2025.9.,대면,,2025-06-01,2025-09-30,True,split_month_vague,False,False,True,False
2025년 지역축제 개최계획 현황(0321).xlsx,조사표,2025,강원,2025 썸머워터페스티벌,문화예술,2025.7.25~2025.8.13,대면,,2025-07-25,2025-08-13,False,split_date_exact,False,False,True,False
2025년 지역축제 개최계획 현황(0321).xlsx,조사표,2025,강원,춘천막국수닭갈비축제,지역특산물,2025.10.16~2025.10.19,대면,,2025-10-16,2025-10-19,False,split_date_exact,False,False,True,False
2025년 지역축제 개최계획 현황(0321).xlsx,조사표,2025,강원,2025 댄싱카니발,문화예술,2025.9.26~2025.9.28,대면,,2025-09-26,2025-09-28,False,split_date_exact,False,False,True,False
2025년 지역축제 개최계획 현황(0321).xlsx,조사표,2025,강원,원주 한지문화제,문화예술,2025.5.22~2025.5.25,복합,,2025-05-22,2025-05-25,False,split_date_exact,False,False,True,False
2025년 지역축제 개최계획 현황(0321).xlsx,조사표,2025,강원,용수골꽃양귀비축제,문화예술,2025.5.~2025.5.,대면,,2025-05-01,2025-05-31,True,split_month_vague,False,False,True,False
2025년 지역축제 개최계획 현황(0321).xlsx,조사표,2025,강원,장미축제,문화예술,2025.6.4~2025.6.8,대면,,2025-06-04,2025-06-08,False,split_date_exact,False,False,True,False
2025년 지역축제 개최계획 현황(0321).xlsx,조사표,2025,강원,섬강축제,문화예술,2025.9.19~2025.9.21,대면,,2025-09-19,2025-09-21,False,split_date_exact,False,False,True,False
2025년 지역축제 개최계획 현황(0321).xlsx,조사표,2025,강원,남한강 코스모스 축제,문화예술,2025.5.~2025.5.,대면,,2025-05-01,2025-05-31,True,split_month_vague,False,False,True,False
2025년 지역축제 개최계획 현황(0321).xlsx,조사표,2025,강원,신월랑 달빛 축제,문화예술,2025.6.~2025.6.,대면,,2025-06-01,2025-06-30,True,split_month_vague,False,False,True,False
2025년 지역축제 개최계획 현황(0321).xlsx,조사표,2025,강원,제11회 치악산한우 축제,지역특산물,2025.5.23~2025.5.25,대면,,2025-05-23,2025-05-25,False,split_date_exact,False,False,True,False
2025년 지역축제 개최계획 현황(0321).xlsx,조사표,2025,강원,댄싱카니발과 함께하는 치악산한우 숯불구이행사,지역특산물,2025.9.26~2025.9.28,대면,,2025-09-26,2025-09-28,False,split_date_exact,False,False,True,False
2025년 지역축제 개최계획 현황(0321).xlsx,조사표,2025,강원,제13회 치악산 찰옥수수 축제,지역특산물,2025.7.11~2025.7.12,대면,,2025-07-11,2025-07-12,False,split_date_exact,False,False,True,False
2025년 지역축제 개최계획 현황(0321).xlsx,조사표,2025,강원,제24회 치악산 복숭아 축제,지역특산물,2025.8.~2025.8.,대면,,2025-08-01,2025-08-31,True,split_month_vague,False,False,True,False
2025년 지역축제 개최계획 현황(0321).xlsx,조사표,2025,강원,제4회 치악산 고구마 축제,지역특산물,2025.10.18~2025.10.19,대면,,2025-10-18,2025-10-19,False,split_date_exact,False,False,True,False
2025년 지역축제 개최계획 현황(0321).xlsx,조사표,2025,강원,제2회 산악자전거 숲포츠 페스티벌,자연생태,2025.5.~2025.5.,대면,,2025-05-01,2025-05-31,True,split_month_vague,False,False,True,False
2025년 지역축제 개최계획 현황(0321).xlsx,조사표,2025,강원,제31회 국제걷기대회,문화예술,2025.10.25~2025.10.26,대면,,2025-10-25,2025-10-26,False,split_date_exact,False,False,True,False
2025년 지역축제 개최계획 현황(0321).xlsx,조사표,2025,강원,제1회 강원원주혁신도시 상생마켓,주민화합,2025.5.~2025.5.,대면,,2025-05-01,2025-05-31,True,split_month_vague,False,False,True,False
2025년 지역축제 개최계획 현황(0321).xlsx,조사표,2025,강원,제1회 강원원주혁신도시 맥주페스티벌,주민화합,2025.10.~2025.10.,대면,,2025-10-01,2025-10-31,True,split_month_vague,False,False,True,True
2025년 지역축제 개최계획 현황(0321).xlsx,조사표,2025,강원,우산동 하이볼 축제,주민화합,2025.5.1~2025.5.31,대면,,2025-05-01,2025-05-31,False,split_date_exact,False,False,True,False
2025년 지역축제 개최계획 현황(0321).xlsx,조사표,2025,강원,2025 원주만두축제,지역특산물,2025.10.24~2025.10.26,대면,,2025-10-24,2025-10-26,False,split_date_exact,False,False,True,False
2025년 지역축제 개최계획 현황(0321).xlsx,조사표,2025,강원,원주문화의거리 치맥축제,주민화합,2025.9.3~2025.9.6,대면,,2025-09-03,2025-09-06,False,split_date_exact,False,False,True,True
2025년 지역축제 개최계획 현황(0321).xlsx,조사표,2025,강원,우산지락,주민화합,2025.4.1~2025.10.31,대면,,2025-04-01,2025-10-31,False,split_date_exact,False,False,True,False
2025년 지역축제 개최계획 현황(0321).xlsx,조사표,2025,강원,경포 벚꽃 축제,자연생태,2025.3.28~2025.4.2,대면,,2025-03-28,2025-04-02,False,split_date_exact,False,False,True,False
2025년 지역축제 개최계획 현황(0321).xlsx,조사표,2025,강원,솔올 동행 축제,자연생태,2025.3.~2025.4.,대면,,2025-03-01,2025-04-30,True,split_month_vague,False,False,True,False
2025년 지역축제 개최계획 현황(0321).xlsx,조사표,2025,강원,남산 벚꽃 축제,자연생태,2025.3.~2025.4.,대면,,2025-03-01,2025-04-30,True,split_month_vague,False,False,True,False
2025년 지역축제 개최계획 현황(0321).xlsx,조사표,2025,강원,난설헌문화제,문화예술,2025.4.19~2025.4.20,대면,,2025-04-19,2025-04-20,False,split_date_exact,False,False,True,False
2025년 지역축제 개최계획 현황(0321).xlsx,조사표,2025,강원,초당 미식로드 축제,지역특산물,2025.5.~2025.5.,대면,,2025-05-01,2025-05-31,True,split_month_vague,False,False,True,False
2025년 지역축제 개최계획 현황(0321).xlsx,조사표,2025,강원,강릉 차문화 축제,문화예술,2025.5.23~2025.5.25,대면,,2025-05-23,2025-05-25,False,split_date_exact,False,False,True,False
2025년 지역축제 개최계획 현황(0321).xlsx,조사표,2025,강원,2025 강릉단오제,전통역사,2025.5.27~2025.6.3,대면,,2025-05-27,2025-06-03,False,split_date_exact,False,False,True,False
2025년 지역축제 개최계획 현황(0321).xlsx,조사표,2025,강원,강릉 비치비어 페스티벌,문화예술,2025.6.27~2025.7.5,대면,,2025-06-27,2025-07-05,False,split_date_exact,False,False,True,True
2025년 지역축제 개최계획 현황(0321).xlsx,조사표,2025,강원,강릉 버스킹 전국대회,문화예술,2025.7.4~2025.8.17,대면,,2025-07-04,2025-08-17,False,split_date_exact,False,False,True,False
2025년 지역축제 개최계획 현황(0321).xlsx,조사표,2025,강원,경포 썸머 페스티벌,문화예술,2025.7.29~2025.8.4,대면,,2025-07-29,2025-08-04,False,split_date_exact,False,False,True,False
2025년 지역축제 개최계획 현황(0321).xlsx,조사표,2025,강원,주문진 해변축제,자연생태,2025.8.~2025.8.,대면,,2025-08-01,2025-08-31,True,split_month_vague,False,False,True,False
2025년 지역축제 개최계획 현황(0321).xlsx,조사표,2025,강원,강릉 국가유산 야행,전통역사,2025.8.14~2025.8.16,대면,,2025-08-14,2025-08-16,False,split_date_exact,False,False,True,False
2025년 지역축제 개최계획 현황(0321).xlsx,조사표,2025,강원,강릉국제예술페스티벌,문화예술,2025.9.1~2025.9.14,대면,,2025-09-01,2025-09-14,False,split_date_exact,False,False,True,False
2025년 지역축제 개최계획 현황(0321).xlsx,조사표,2025,강원,경포 등 축제,전통역사,2025.10.3~2025.10.7,대면,,2025-10-03,2025-10-07,False,split_date_exact,False,False,True,False
2025년 지역축제 개최계획 현황(0321).xlsx,조사표,2025,강원,제4회 강릉 누들 축제,지역특산물,2025.10.17~2025.10.19,대면,,2025-10-17,2025-10-19,False,split_date_exact,False,False,True,False
2025년 지역축제 개최계획 현황(0321).xlsx,조사표,2025,강원,제 17회 강릉커피축제,주민화합,2025.10.~2025.10.,대면,,2025-10-01,2025-10-31,True,split_month_vague,False,False,True,False
2025년 지역축제 개최계획 현황(0321).xlsx,조사표,2025,강원,2025 강릉크리스마스 겨울축제,주민화합,2025.12.23~2025.12.25,대면,,2025-12-23,2025-12-25,False,split_date_exact,False,False,True,False
2025년 지역축제 개최계획 현황(0321).xlsx,조사표,2025,강원,제12회 전천축제,문화예술,2025.4.4~2025.4.6,대면,,2025-04-04,2025-04-06,False,split_date_exact,False,False,True,False
2025년 지역축제 개최계획 현황(0321).xlsx,조사표,2025,강원,2025 무릉별유천지 라벤더축제,자연생태,2025.6.14~2025.6.22,대면,,2025-06-14,2025-06-22,False,split_date_exact,False,False,True,False
2025년 지역축제 개최계획 현황(0321).xlsx,조사표,2025,강원,2025 묵호 도째비 페스타,주민화합,2025.7.18~2025.7.20,대면,,2025-07-18,2025-07-20,False,split_date_exact,False,False,True,False
2025년 지역축제 개최계획 현황(0321).xlsx,조사표,2025,강원,제4회 송정막걸리축제,주민화합,2025.9.5~2025.9.6,대면,,2025-09-05,2025-09-06,False,split_date_exact,False,False,True,False
2025년 지역축제 개최계획 현황(0321).xlsx,조사표,2025,강원,제7회 묵호등대 논골담길 축제,문화예술,2025.9.~2025.9.,대면,,2025-09-01,2025-09-30,True,split_month_vague,False,False,True,False
2025년 지역축제 개최계획 현황(0321).xlsx,조사표,2025,강원,제38회 동해무릉제,주민화합,2025.9.25~2025.9.28,대면,,2025-09-25,2025-09-28,False,split_date_exact,False,False,True,False
2025년 지역축제 개최계획 현황(0321).xlsx,조사표,2025,강원,제3회 발한칼국수 축제,문화예술,2025.10.~2025.10.,대면,,2025-10-01,2025-10-31,True,split_month_vague,False,False,True,False
2025년 지역축제 개최계획 현황(0321).xlsx,조사표,2025,강원,제32회 태백산 눈축제,문화예술,2025.2.7~2025.2.16,대면,,2025-02-07,2025-02-16,False,split_date_exact,False,False,True,False
2025년 지역축제 개최계획 현황(0321).xlsx,조사표,2025,강원,제10회 한강낙동강발원지 축제,문화예술,2025.7.26~2025.8.3,대면,,2025-07-26,2025-08-03,False,split_date_exact,False,False,True,False
2025년 지역축제 개최계획 현황(0321).xlsx,조사표,2025,강원,2025 영랑호 벚꽃축제,자연생태,2025.4.~2025.4.,대면,,2025-04-01,2025-04-30,True,split_month_vague,False,False,True,False
2025년 지역축제 개최계획 현황(0321).xlsx,조사표,2025,강원,2025 설악무산문화축전,문화예술,2025.5.~2025.5.,대면,,2025-05-01,2025-05-31,True,split_month_vague,False,False,True,False
2025년 지역축제 개최계획 현황(0321).xlsx,조사표,2025,강원,2025 실향민 문화축제,문화예술,2025.6.~2025.6.,복합,,2025-06-01,2025-06-30,True,split_month_vague,False,False,True,False
2025년 지역축제 개최계획 현황(0321).xlsx,조사표,2025,강원,2025 속초썸머페스티벌,문화예술,2025.7.~2025.8.,대면,,2025-07-01,2025-08-31,True,split_month_vague,False,False,True,False
2025년 지역축제 개최계획 현황(0321).xlsx,조사표,2025,강원,제60회 설악문화제,문화예술,2025.9.~2025.9.,복합,,2025-09-01,2025-09-30,True,split_month_vague,False,False,True,False
2025년 지역축제 개최계획 현황(0321).xlsx,조사표,2025,강원,2025 속초음식축제(마숩다!속초),지역특산물,2025.9.~2025.9.,대면,,2025-09-01,2025-09-30,True,split_month_vague,False,False,True,False
2025년 지역축제 개최계획 현황(0321).xlsx,조사표,2025,강원,삼척정원대보름제,전통역사,2025.2.14~2025.2.16,대면,,2025-02-14,2025-02-16,False,split_date_exact,False,False,True,False
2025년 지역축제 개최계획 현황(0321).xlsx,조사표,2025,강원,제21회 삼척맹방유채꽃축제,자연생태,2025.3.27~2025.4.20,대면,,2025-03-27,2025-04-20,False,split_date_exact,False,False,True,False
2025년 지역축제 개최계획 현황(0321).xlsx,조사표,2025,강원,삼척 장미축제,자연생태,2025.5.23~2025.6.1,대면,,2025-05-23,2025-06-01,False,split_date_exact,False,False,True,False
2025년 지역축제 개최계획 현황(0321).xlsx,조사표,2025,강원,삼척동해왕이사부축제,전통역사,2025.9.6~2025.9.7,대면,,2025-09-06,2025-09-07,False,split_date_exact,False,False,True,False
2025년 지역축제 개최계획 현황(0321).xlsx,조사표,2025,강원,삼척 비치 썸 페스티벌,문화예술,2025.8.1~2025.8.3,대면,,2025-08-01,2025-08-03,False,split_date_exact,False,False,True,False
2025년 지역축제 개최계획 현황(0321).xlsx,조사표,2025,강원,"제16회 삼척평생학습박람회 및 
제6회 책축제",문화예술,2025.10.25~2025.10.26,대면,,2025-10-25,2025-10-26,False,split_date_exact,False,False,True,False
2025년 지역축제 개최계획 현황(0321).xlsx,조사표,2025,강원,2025 삼척 문화유산 야행,전통역사,2025.9.26~2025.9.28,대면,,2025-09-26,2025-09-28,False,split_date_exact,False,False,True,False
2025년 지역축제 개최계획 현황(0321).xlsx,조사표,2025,강원,제13회 홍천강 꽁꽁축제,전통역사,2025.1.18~2025.2.1,대면,,2025-01-18,2025-02-01,False,split_date_exact,False,False,True,False
2025년 지역축제 개최계획 현황(0321).xlsx,조사표,2025,강원,제7회 홍천산나물축제,지역특산물,2025.4.~2025.4.,대면,,2025-04-01,2025-04-30,True,split_month_vague,False,False,True,False
2025년 지역축제 개최계획 현황(0321).xlsx,조사표,2025,강원,제29회 홍천찰옥수수축제,지역특산물,2025.7.~2025.7.,대면,,2025-07-01,2025-07-31,True,split_month_vague,False,False,True,False
2025년 지역축제 개최계획 현황(0321).xlsx,조사표,2025,강원,제9회 홍천강 별빛음악 맥주축제,지역특산물,2025.8.~2025.8.,대면,,2025-08-01,2025-08-31,True,split_month_vague,False,False,True,True
2025년 지역축제 개최계획 현황(0321).xlsx,조사표,2025,강원,제23회 홍천 인삼한우 명품축제,지역특산물,2025.10.~2025.10.,대면,,2025-10-01,2025-10-31,True,split_month_vague,False,False,True,False
2025년 지역축제 개최계획 현황(0321).xlsx,조사표,2025,강원,제10회 홍천사과축제,지역특산물,2025.11.~2025.11.,대면,,2025-11-01,2025-11-30,True,split_month_vague,False,False,True,False
2025년 지역축제 개최계획 현황(0321).xlsx,조사표,2025,강원,제21회 횡성한우축제,지역특산물,2025.10.~2025.10.,대면,,2025-10-01,2025-10-31,True,split_month_vague,False,False,True,False
2025년 지역축제 개최계획 현황(0321).xlsx,조사표,2025,강원,제14회 둔내고랭지토마토축제,지역특산물,2025.8.~2025.8.,대면,,2025-08-01,2025-08-31,True,split_month_vague,False,False,True,False
2025년 지역축제 개최계획 현황(0321).xlsx,조사표,2025,강원,제12회 횡성더덕축제,지역특산물,2025.9.~2025.9.,대면,,2025-09-01,2025-09-30,True,split_month_vague,False,False,True,False
2025년 지역축제 개최계획 현황(0321).xlsx,조사표,2025,강원,제17회 안흥찐빵축제,지역특산물,2025.10.~2025.10.,대면,,2025-10-01,2025-10-31,True,split_month_vague,False,False,True,False
2025년 지역축제 개최계획 현황(0321).xlsx,조사표,2025,강원,제6회 횡성호수길축제,주민화합,2025.5.~2025.5.,대면,,2025-05-01,2025-05-31,True,split_month_vague,False,False,True,False
2025년 지역축제 개최계획 현황(0321).xlsx,조사표,2025,강원,제3회 소(牛)맥 프리미엄 페스티벌,주민화합,2025.8.~2025.8.,대면,,2025-08-01,2025-08-31,True,split_month_vague,False,False,True,False
2025년 지역축제 개최계획 현황(0321).xlsx,조사표,2025,강원,제4회 태종노구문화제,전통역사,2025.9.~2025.9.,대면,,2025-09-01,2025-09-30,True,split_month_vague,False,False,True,False
2025년 지역축제 개최계획 현황(0321).xlsx,조사표,2025,강원,제3회 강원예술인 한마당,문화예술,2025.10.17~2025.10.19,대면,,2025-10-17,2025-10-19,False,split_date_exact,False,False,True,False
2025년 지역축제 개최계획 현황(0321).xlsx,조사표,2025,강원,단종문화제,전통역사,2025.4.25~2025.4.27,대면,,2025-04-25,2025-04-27,False,split_date_exact,False,False,True,False
2025년 지역축제 개최계획 현황(0321).xlsx,조사표,2025,강원,동강국제사진제,문화예술,2025.7.18~2025.9.28,대면,,2025-07-18,2025-09-28,False,split_date_exact,False,False,True,False
2025년 지역축제 개최계획 현황(0321).xlsx,조사표,2025,강원,동강뗏목축제,문화예술,2025.8.1~2025.8.3,대면,,2025-08-01,2025-08-03,False,split_date_exact,False,False,True,False
2025년 지역축제 개최계획 현황(0321).xlsx,조사표,2025,강원,김삿갓문화제,전통역사,2025.10.17~2025.10.19,대면,,2025-10-17,2025-10-19,False,split_date_exact,False,False,True,False
2025년 지역축제 개최계획 현황(0321).xlsx,조사표,2025,강원,2025년 계촌클래식축제,문화예술,2025.5.~2025.5.,대면,,2025-05-01,2025-05-31,True,split_month_vague,False,False,True,False
2025년 지역축제 개최계획 현황(0321).xlsx,조사표,2025,강원,2025년 평창더위사냥축제,자연생태,2025.7.~2025.8.,대면,,2025-07-01,2025-08-31,True,split_month_vague,False,False,True,False
2025년 지역축제 개최계획 현황(0321).xlsx,조사표,2025,강원,2025년 평창효석문화제,지역특산물,2025.9.~2025.9.,대면,,2025-09-01,2025-09-30,True,split_month_vague,False,False,True,False
2025년 지역축제 개최계획 현황(0321).xlsx,조사표,2025,강원,2025년 평창농악축제,전통역사,2025.9.~2025.9.,대면,,2025-09-01,2025-09-30,True,split_month_vague,False,False,True,False
2025년 지역축제 개최계획 현황(0321).xlsx,조사표,2025,강원,2025년 평창백일홍축제,자연생태,2025.9.~2025.10.,대면,,2025-09-01,2025-10-31,True,split_month_vague,False,False,True,False
2025년 지역축제 개최계획 현황(0321).xlsx,조사표,2025,강원,2025년 평창송어축제,지역특산물,2025.1.3~2025.2.2,대면,,2025-01-03,2025-02-02,False,split_date_exact,False,False,True,False
2025년 지역축제 개최계획 현황(0321).xlsx,조사표,2025,강원,2025년 대관령눈꽃축제,자연생태,2025.1.24~2025.2.2,대면,,2025-01-24,2025-02-02,False,split_date_exact,False,False,True,False
2025년 지역축제 개최계획 현황(0321).xlsx,조사표,2025,강원,정선동강할미꽃축제,자연생태,2025.3.21~2025.3.23,대면,,2025-03-21,2025-03-23,False,split_date_exact,False,False,True,False
2025년 지역축제 개최계획 현황(0321).xlsx,조사표,2025,강원,로컬푸드축제,지역특산물,2025.4.~2025.4.,대면,,2025-04-01,2025-04-30,True,split_month_vague,False,False,True,False
2025년 지역축제 개최계획 현황(0321).xlsx,조사표,2025,강원,두위봉철쭉축제,자연생태,2025.6.~2025.6.,대면,,2025-06-01,2025-06-30,True,split_month_vague,False,False,True,False
2025년 지역축제 개최계획 현황(0321).xlsx,조사표,2025,강원,정선 함백산 야생화축제,자연생태,2025.8.~2025.8.,대면,,2025-08-01,2025-08-31,True,split_month_vague,False,False,True,False
2025년 지역축제 개최계획 현황(0321).xlsx,조사표,2025,강원,아우라지 뗏목축제,전통역사,2025.7.~2025.7.,대면,,2025-07-01,2025-07-31,True,split_month_vague,False,False,True,False
2025년 지역축제 개최계획 현황(0321).xlsx,조사표,2025,강원,사북석탄문화제,주민화합,2025.8.~2025.8.,대면,,2025-08-01,2025-08-31,True,split_month_vague,False,False,True,False
2025년 지역축제 개최계획 현황(0321).xlsx,조사표,2025,강원,민둥산은빛억새축제,자연생태,2025.9.~2025.9.,대면,,2025-09-01,2025-09-30,True,split_month_vague,False,False,True,False
2025년 지역축제 개최계획 현황(0321).xlsx,조사표,2025,강원,벚꽃축제,자연생태,2025.4.~2025.4.,대면,,2025-04-01,2025-04-30,True,split_month_vague,False,False,True,False
2025년 지역축제 개최계획 현황(0321).xlsx,조사표,2025,강원,항골 숨바우길 트레킹 대회,자연생태,2025.10.~2025.10.,대면,,2025-10-01,2025-10-31,True,split_month_vague,False,False,True,False
2025년 지역축제 개최계획 현황(0321).xlsx,조사표,2025,강원,제50회 정선아리랑제,전통역사,2025.9.25~2025.9.28,대면,,2025-09-25,2025-09-28,False,split_date_exact,False,False,True,False
2025년 지역축제 개최계획 현황(0321).xlsx,조사표,2025,강원,제13회 철원 한탄강 얼음트레킹 축제,자연생태,2025.1.11~2025.1.19,대면,,2025-01-11,2025-01-19,False,split_date_exact,False,False,True,False
2025년 지역축제 개최계획 현황(0321).xlsx,조사표,2025,강원,제18회 철원 화강 다슬기 축제,자연생태,2025.7.31~2025.8.3,대면,,2025-07-31,2025-08-03,False,split_date_exact,False,False,True,False
2025년 지역축제 개최계획 현황(0321).xlsx,조사표,2025,강원,제42회 태봉제,전통역사,2025.10.2~2025.10.4,대면,,2025-10-02,2025-10-04,False,split_date_exact,False,False,True,False
2025년 지역축제 개최계획 현황(0321).xlsx,조사표,2025,강원,2025 얼음나라화천산천어축제,자연생태,2025.1.11~2025.2.2,대면,,2025-01-11,2025-02-02,False,split_date_exact,False,False,True,False
2025년 지역축제 개최계획 현황(0321).xlsx,조사표,2025,강원,제21회 화천토마토축제,지역특산물,2025.7.29~2025.8.3,대면,,2025-07-29,2025-08-03,False,split_date_exact,False,False,True,False
2025년 지역축제 개최계획 현황(0321).xlsx,조사표,2025,강원,2025 청춘양구 곰취축제,지역특산물,2025.5.3~2025.5.6,대면,,2025-05-03,2025-05-06,False,split_date_exact,False,False,True,False
2025년 지역축제 개최계획 현황(0321).xlsx,조사표,2025,강원,2025 국토정중앙 청춘양구 배꼽축제,문화예술,2025.8.29~2025.8.31,대면,,2025-08-29,2025-08-31,False,split_date_exact,False,False,True,False
2025년 지역축제 개최계획 현황(0321).xlsx,조사표,2025,강원,제40회 양록제,주민화합,2025.10.17~2025.10.18,대면,,2025-10-17,2025-10-18,False,split_date_exact,False,False,True,False
2025년 지역축제 개최계획 현황(0321).xlsx,조사표,2025,강원,2025 청춘양구 펀치볼시래기사과축제,지역특산물,2025.10.31~2025.11.2,대면,,2025-10-31,2025-11-02,False,split_date_exact,False,False,True,False
2025년 지역축제 개최계획 현황(0321).xlsx,조사표,2025,강원,국토정중앙 양구 보름달 축제,문화예술,2025.10.5~2025.10.7,대면,,2025-10-05,2025-10-07,False,split_date_exact,False,False,True,False
2025년 지역축제 개최계획 현황(0321).xlsx,조사표,2025,강원,제6회 수목원과 함께하는 튤립여행,자연생태,2025.5.6~2025.5.21,대면,,2025-05-06,2025-05-21,False,split_date_exact,False,False,True,False
2025년 지역축제 개최계획 현황(0321).xlsx,조사표,2025,강원,2025 인제 여름 축제,자연생태,2025.6.~2025.8.,대면,,2025-06-01,2025-08-31,True,split_month_vague,False,False,True,False
2025년 지역축제 개최계획 현황(0321).xlsx,조사표,2025,강원,2025 인제 가을꽃축제,자연생태,2025.9.~2025.10.,대면,,2025-09-01,2025-10-31,True,split_month_vague,False,False,True,False
2025년 지역축제 개최계획 현황(0321).xlsx,조사표,2025,강원,만해축전,문화예술,2025.8.~2025.8.,대면,,2025-08-01,2025-08-31,True,split_month_vague,False,False,True,False
2025년 지역축제 개최계획 현황(0321).xlsx,조사표,2025,강원,합강문화제,주민화합,2025.9.~2025.10.,대면,,2025-09-01,2025-10-31,True,split_month_vague,False,False,True,False
2025년 지역축제 개최계획 현황(0321).xlsx,조사표,2025,강원,용대황태축제,자연생태,2025.10.2~2025.10.5,대면,,2025-10-02,2025-10-05,False,split_date_exact,False,False,True,False
2025년 지역축제 개최계획 현황(0321).xlsx,조사표,2025,강원,하추리도리깨축제,자연생태,2025.10.25~2025.10.26,대면,,2025-10-25,2025-10-26,False,split_date_exact,False,False,True,False
2025년 지역축제 개최계획 현황(0321).xlsx,조사표,2025,강원,인제천리길걷기축제,자연생태,2025.10.18~2025.10.19,대면,,2025-10-18,2025-10-19,False,split_date_exact,False,False,True,False
2025년 지역축제 개최계획 현황(0321).xlsx,조사표,2025,강원,제25회 고성통일명태축제,전통역사,2025.10.~2025.10.,대면,,2025-10-01,2025-10-31,True,split_month_vague,False,False,True,False
2025년 지역축제 개최계획 현황(0321).xlsx,조사표,2025,강원,2025 양양 모닥불축제,전통역사,2025.2.14~2025.2.15,대면,,2025-02-14,2025-02-15,False,split_date_exact,False,False,True,False
2025년 지역축제 개최계획 현황(0321).xlsx,조사표,2025,강원,2025 양양 생태생명축제,자연생태,2025.4.4~2025.4.13,대면,,2025-04-04,2025-04-13,False,split_date_exact,False,False,True,False
2025년 지역축제 개최계획 현황(0321).xlsx,조사표,2025,강원,2025 양양 워터댄싱카니발,문화예술,2025.6.28~2025.7.5,대면,,2025-06-28,2025-07-05,False,split_date_exact,False,False,True,False
2025년 지역축제 개최계획 현황(0321).xlsx,조사표,2025,강원,2025 양양 송이한우축제,지역특산물,2025.9.~2025.10.,대면,,2025-09-01,2025-10-31,True,split_month_vague,False,False,True,False
2025년 지역축제 개최계획 현황(0321).xlsx,조사표,2025,강원,2025 양양 연어의 강 축제,자연생태,2025.11.~2025.11.,대면,,2025-11-01,2025-11-30,True,split_month_vague,False,False,True,False
2025년 지역축제 개최계획 현황(0321).xlsx,조사표,2025,경기,2025 '새빛 숲속의 파티' 수원연극축제,문화예술,2025.5.17~2025.5.18,대면,,2025-05-17,2025-05-18,False,split_date_exact,False,False,True,False
2025년 지역축제 개최계획 현황(0321).xlsx,조사표,2025,경기,2025 수원발레축제,문화예술,2025.9.5~2025.9.6,대면,,2025-09-05,2025-09-06,False,split_date_exact,False,False,True,False
2025년 지역축제 개최계획 현황(0321).xlsx,조사표,2025,경기,2025 수원재즈페스티벌,문화예술,2025.9.19~2025.9.20,대면,,2025-09-19,2025-09-20,False,split_date_exact,False,False,True,False
2025년 지역축제 개최계획 현황(0321).xlsx,조사표,2025,경기,수원연등축제,전통역사,2025.4.19~2025.4.19,대면,,2025-04-19,2025-04-19,False,split_date_exact,False,False,True,False
2025년 지역축제 개최계획 현황(0321).xlsx,조사표,2025,경기,2025. 부활절 음악 대축제,문화예술,2025.4.20~2025.4.20,대면,,2025-04-20,2025-04-20,False,split_date_exact,False,False,True,False
2025년 지역축제 개최계획 현황(0321).xlsx,조사표,2025,경기,2025 수원 국가유산 야행,전통역사,2025.5.30~2025.6.1,대면,,2025-05-30,2025-06-01,False,split_date_exact,False,False,True,False
2025년 지역축제 개최계획 현황(0321).xlsx,조사표,2025,경기,2025 수원누리 평화 콘서트,문화예술,2025.8.15~2025.8.15,대면,,2025-08-15,2025-08-15,False,split_date_exact,False,False,True,False
2025년 지역축제 개최계획 현황(0321).xlsx,조사표,2025,경기,2025 만석거 새빛 축제,"문화예술, 전통역사",2025.4.4~2025.4.13,대면,,2025-04-04,2025-04-13,False,split_date_exact,False,False,True,False
2025년 지역축제 개최계획 현황(0321).xlsx,조사표,2025,경기,제62회 수원화성문화제,"문화예술, 전통역사",2025.9.27~2025.10.4,대면,,2025-09-27,2025-10-04,False,split_date_exact,False,False,True,False
2025년 지역축제 개최계획 현황(0321).xlsx,조사표,2025,경기,2025 국가유산 미디어아트 수원화성,"문화예술, 전통역사",2025.9.27~2025.10.12,대면,,2025-09-27,2025-10-12,False,split_date_exact,False,False,True,False
2025년 지역축제 개최계획 현황(0321).xlsx,조사표,2025,경기,2025정조대왕 능행차 공동재현,"문화예술, 전통역사",2025.9.28~2025.9.28,대면,,2025-09-28,2025-09-28,False,split_date_exact,False,False,True,False
2025년 지역축제 개최계획 현황(0321).xlsx,조사표,2025,경기,제10회 백암백중문화제,주민화합,2025.9.6~2025.9.7,대면,,2025-09-06,2025-09-07,False,split_date_exact,False,False,True,False
2025년 지역축제 개최계획 현황(0321).xlsx,조사표,2025,경기,도농 어울림 축제,자연생태,2025.4.19~2025.10.19,대면,,2025-04-19,2025-10-19,False,split_date_exact,False,False,True,False
2025년 지역축제 개최계획 현황(0321).xlsx,조사표,2025,경기,제25회 용인사이버과학축제,주민화합,2025.9.~2025.10.,대면,,2025-09-01,2025-10-31,True,split_month_vague,False,False,True,False
2025년 지역축제 개최계획 현황(0321).xlsx,조사표,2025,경기,제21회 포은문화제,전통역사,2025.10.18~2025.10.19,대면,,2025-10-18,2025-10-19,False,split_date_exact,False,False,True,False
2025년 지역축제 개최계획 현황(0321).xlsx,조사표,2025,경기,제34회 처인성문화제,전통역사,2025.5.31~2025.6.1,대면,,2025-05-31,2025-06-01,False,split_date_exact,False,False,True,False
2025년 지역축제 개최계획 현황(0321).xlsx,조사표,2025,경기,조아용 캐릭터 축제(가칭),주민화합,2025.9.27~2025.9.28,대면,,2025-09-27,2025-09-28,False,split_date_exact,False,False,True,False
2025년 지역축제 개최계획 현황(0321).xlsx,조사표,2025,경기,2025 행주가예술이야,전통역사,2025.4.11~2025.4.27,대면,,2025-04-11,2025-04-27,False,split_date_exact,False,False,True,False
2025년 지역축제 개최계획 현황(0321).xlsx,조사표,2025,경기,2025 고양국제꽃박람회,자연생태,2025.4.25~2025.5.11,대면,,2025-04-25,2025-05-11,False,split_date_exact,False,False,True,False
2025년 지역축제 개최계획 현황(0321).xlsx,조사표,2025,경기,제37회 고양행주문화제,문화예술,2025.5.23~2025.5.25,대면,,2025-05-23,2025-05-25,False,split_date_exact,False,False,True,False
2025년 지역축제 개최계획 현황(0321).xlsx,조사표,2025,경기,2025 고양호수예술축제,문화예술,2025.9.26~2025.9.28,대면,,2025-09-26,2025-09-28,False,split_date_exact,False,False,True,False
2025년 지역축제 개최계획 현황(0321).xlsx,조사표,2025,경기,제2회 K팝꽃팝축제,문화예술,2025.12.20~2025.12.25,대면,,2025-12-20,2025-12-25,False,split_date_exact,False,False,True,False
2025년 지역축제 개최계획 현황(0321).xlsx,조사표,2025,경기,제15회 화성뱃놀이축제,자연생태,2025.5.30~2025.6.2,대면,,2025-05-30,2025-06-02,False,split_date_exact,False,False,True,False
2025년 지역축제 개최계획 현황(0321).xlsx,조사표,2025,경기,2025 성남페스티벌,문화예술,2025.9.~2025.9.,대면,,2025-09-01,2025-09-30,True,split_month_vague,False,False,True,False
2025년 지역축제 개최계획 현황(0321).xlsx,조사표,2025,경기,제11회 복정동 어울림 빛 축제,주민화합,2025.12.7~2026.1.12,대면,,2025-12-07,2026-01-12,False,split_date_exact,False,False,True,False
2025년 지역축제 개최계획 현황(0321).xlsx,조사표,2025,경기,제28회 부천국제만화축제,문화예술,2025.9.25~2025.9.28,대면,,2025-09-25,2025-09-28,False,split_date_exact,False,False,True,False
2025년 지역축제 개최계획 현황(0321).xlsx,조사표,2025,경기,제9회 경기국제코스프레페스티벌,문화예술,2025.9.25~2025.9.28,대면,,2025-09-25,2025-09-28,False,split_date_exact,False,False,True,False
2025년 지역축제 개최계획 현황(0321).xlsx,조사표,2025,경기,제27회 부천국제애니메이션페스티벌,문화예술,2025.10.24~2025.10.28,복합,,2025-10-24,2025-10-28,False,split_date_exact,False,False,True,False
2025년 지역축제 개최계획 현황(0321).xlsx,조사표,2025,경기,제29회 부천국제판타스틱영화제,문화예술,2025.7.3~2025.7.13,대면,,2025-07-03,2025-07-13,False,split_date_exact,False,False,True,False
2025년 지역축제 개최계획 현황(0321).xlsx,조사표,2025,경기,제20회 광릉숲축제,자연생태,2025.9.27~2025.9.28,대면,,2025-09-27,2025-09-28,False,split_date_exact,False,False,True,False
2025년 지역축제 개최계획 현황(0321).xlsx,조사표,2025,경기,제39회 정약용문화제,전통역사,2025.10.18~2025.10.19,대면,,2025-10-18,2025-10-19,False,split_date_exact,False,False,True,False
2025년 지역축제 개최계획 현황(0321).xlsx,조사표,2025,경기,제21회 안산국제거리극축제,문화예술,2025.5.3~2025.5.5,대면,,2025-05-03,2025-05-05,False,split_date_exact,False,False,True,False
2025년 지역축제 개최계획 현황(0321).xlsx,조사표,2025,경기,제39회 별망성예술제,문화예술,2025.9.20~2025.9.21,대면,,2025-09-20,2025-09-21,False,split_date_exact,False,False,True,False
2025년 지역축제 개최계획 현황(0321).xlsx,조사표,2025,경기,안산 벚꽃 놀이터,문화예술,2025.4.~2025.4.,대면,,2025-04-01,2025-04-30,True,split_month_vague,False,False,True,False
2025년 지역축제 개최계획 현황(0321).xlsx,조사표,2025,경기,제28회 성호문화제,문화예술,2025.5.31~2025.6.1,대면,,2025-05-31,2025-06-01,False,split_date_exact,False,False,True,False
2025년 지역축제 개최계획 현황(0321).xlsx,조사표,2025,경기,제6회 김홍도문화제,전통역사,2025.10.31~2025.11.2,대면,,2025-10-31,2025-11-02,False,split_date_exact,False,False,True,False
2025년 지역축제 개최계획 현황(0321).xlsx,조사표,2025,경기,2025년 안산 대부포도축제,지역특산물,2025.9.19~2025.9.21,대면,,2025-09-19,2025-09-21,False,split_date_exact,False,False,True,False
2025년 지역축제 개최계획 현황(0321).xlsx,조사표,2025,경기,한미친선 한마음 축제,문화예술,2025.5.17~2025.5.18,대면,,2025-05-17,2025-05-18,False,split_date_exact,False,False,True,False
2025년 지역축제 개최계획 현황(0321).xlsx,조사표,2025,경기,한미친선 문화 한마당,문화예술,2025.9.20~2025.9.21,대면,,2025-09-20,2025-09-21,False,split_date_exact,False,False,True,False
2025년 지역축제 개최계획 현황(0321).xlsx,조사표,2025,경기,한미 어울림 축제,문화예술,2025.9.27~2025.10.28,대면,,2025-09-27,2025-10-28,False,split_date_exact,False,False,True,False
2025년 지역축제 개최계획 현황(0321).xlsx,조사표,2025,경기,2025 평택꽃나들이,문화예술,2025.4.12~2025.4.16,대면,,2025-04-12,2025-04-16,False,split_date_exact,False,False,True,False
2025년 지역축제 개최계획 현황(0321).xlsx,조사표,2025,경기,송탄관광특구 한마음대축제,주민화합,2025.10.~2025.10.,대면,,2025-10-01,2025-10-31,True,split_month_vague,False,False,True,False
2025년 지역축제 개최계획 현황(0321).xlsx,조사표,2025,경기,2025 안양충훈벚꽃축제,자연생태,2025.4.5~2025.4.6,대면,,2025-04-05,2025-04-06,False,split_date_exact,False,False,True,False
2025년 지역축제 개최계획 현황(0321).xlsx,조사표,2025,경기,제34회 안양예술제,문화예술,2025.5.2~2025.5.3,대면,,2025-05-02,2025-05-03,False,split_date_exact,False,False,True,False
2025년 지역축제 개최계획 현황(0321).xlsx,조사표,2025,경기,제22회 안양스마T움축제,문화예술,2025.5.31~2025.6.1,대면,,2025-05-31,2025-06-01,False,split_date_exact,False,False,True,False
2025년 지역축제 개최계획 현황(0321).xlsx,조사표,2025,경기,2025 안양춤축제,문화예술,2025.9.26~2025.9.28,대면,,2025-09-26,2025-09-28,False,split_date_exact,False,False,True,False
2025년 지역축제 개최계획 현황(0321).xlsx,조사표,2025,경기,먹거리 한마당,문화예술,2025.9.26~2025.9.28,대면,,2025-09-26,2025-09-28,False,split_date_exact,False,False,True,False
2025년 지역축제 개최계획 현황(0321).xlsx,조사표,2025,경기,안양1번가 넘버원 페스티벌,주민화합,2025.10.17~2025.10.18,대면,,2025-10-17,2025-10-18,False,split_date_exact,False,False,True,False
2025년 지역축제 개최계획 현황(0321).xlsx,조사표,2025,경기,거북섬 봄 페스타,문화예술,2025.5.17~2025.5.18,대면,,2025-05-17,2025-05-18,False,split_date_exact,False,False,True,False
2025년 지역축제 개최계획 현황(0321).xlsx,조사표,2025,경기,제4회 거북섬 해양축제,문화예술,2025.8.29~2025.8.31,대면,,2025-08-29,2025-08-31,False,split_date_exact,False,False,True,False
2025년 지역축제 개최계획 현황(0321).xlsx,조사표,2025,경기,제20회 시흥갯골축제,자연생태,2025.9.26~2025.9.28,대면,,2025-09-26,2025-09-28,False,split_date_exact,False,False,True,False
2025년 지역축제 개최계획 현황(0321).xlsx,조사표,2025,경기,제32회 물왕예술제,문화예술,2025.5.9~2025.5.11,대면,,2025-05-09,2025-05-11,False,split_date_exact,False,False,True,False
2025년 지역축제 개최계획 현황(0321).xlsx,조사표,2025,경기,연성문화제,전통역사,2025.10.18~2025.10.19,대면,,2025-10-18,2025-10-19,False,split_date_exact,False,False,True,False
2025년 지역축제 개최계획 현황(0321).xlsx,조사표,2025,경기,제17회 평생학습축제,주민화합,2025.10.24~2025.10.26,대면,,2025-10-24,2025-10-26,False,split_date_exact,False,False,True,False
2025년 지역축제 개최계획 현황(0321).xlsx,조사표,2025,경기,파주출판도시 어린이책잔치,문화예술,2025.5.3~2025.5.5,대면,,2025-05-03,2025-05-05,False,split_date_exact,False,False,True,False
2025년 지역축제 개최계획 현황(0321).xlsx,조사표,2025,경기,파주상생페스타,문화예술,2025.5.17~2025.5.17,대면,,2025-05-17,2025-05-17,False,split_date_exact,False,False,True,False
2025년 지역축제 개최계획 현황(0321).xlsx,조사표,2025,경기,DMZ국제다큐멘터리영화제,문화예술,2025.9.11~2025.9.17,대면,,2025-09-11,2025-09-17,False,split_date_exact,False,False,True,False
2025년 지역축제 개최계획 현황(0321).xlsx,조사표,2025,경기,파주포크페스티벌,문화예술,2025.9.19~2025.9.20,대면,,2025-09-19,2025-09-20,False,split_date_exact,False,False,True,False
2025년 지역축제 개최계획 현황(0321).xlsx,조사표,2025,경기,헤이리 판 페스티벌,문화예술,2025.9.26~2025.9.28,대면,,2025-09-26,2025-09-28,False,split_date_exact,False,False,True,False
2025년 지역축제 개최계획 현황(0321).xlsx,조사표,2025,경기,파주페어_북앤컬처,문화예술,2025.10.3~2025.10.5,대면,,2025-10-03,2025-10-05,False,split_date_exact,False,False,True,False
2025년 지역축제 개최계획 현황(0321).xlsx,조사표,2025,경기,율곡문화제,전통역사,2025.10.11~2025.10.12,대면,,2025-10-11,2025-10-12,False,split_date_exact,False,False,True,False
2025년 지역축제 개최계획 현황(0321).xlsx,조사표,2025,경기,운정호수공원 불꽃축제,문화예술,2025.11.1~2025.11.1,대면,,2025-11-01,2025-11-01,False,split_date_exact,False,False,True,False
2025년 지역축제 개최계획 현황(0321).xlsx,조사표,2025,경기,제20회 파주개성인삼축제,지역특산물,2025.10.18~2025.10.19,대면,,2025-10-18,2025-10-19,False,split_date_exact,False,False,True,False
2025년 지역축제 개최계획 현황(0321).xlsx,조사표,2025,경기,제29회 파주장단콩축제,지역특산물,2025.11.21~2025.11.23,대면,,2025-11-21,2025-11-23,False,split_date_exact,False,False,True,False
2025년 지역축제 개최계획 현황(0321).xlsx,조사표,2025,경기,김포 벚꽃축제,문화예술,2025.4.5~2025.4.6,대면,,2025-04-05,2025-04-06,False,split_date_exact,False,False,True,False
2025년 지역축제 개최계획 현황(0321).xlsx,조사표,2025,경기,김포 아라마린페스티벌,문화예술,2025.5.31~2025.6.1,복합,,2025-05-31,2025-06-01,False,split_date_exact,False,False,True,False
2025년 지역축제 개최계획 현황(0321).xlsx,조사표,2025,경기,김포 라베니체축제,문화예술,2025.10.11~2025.10.11,대면,,2025-10-11,2025-10-11,False,split_date_exact,False,False,True,False
2025년 지역축제 개최계획 현황(0321).xlsx,조사표,2025,경기,김포 해병대 문화축제,문화예술,2025.11.1~2025.11.1,대면,,2025-11-01,2025-11-01,False,split_date_exact,False,False,True,False
2025년 지역축제 개최계획 현황(0321).xlsx,조사표,2025,경기,(예정)제24회 의정부음악극축제,문화예술,2025.5.~2025.5.,대면,,2025-05-01,2025-05-31,True,split_month_vague,False,False,True,False
2025년 지역축제 개최계획 현황(0321).xlsx,조사표,2025,경기,제3회 문화도시 정책페스타,문화예술,2025.8.~2025.8.,대면,,2025-08-01,2025-08-31,True,split_month_vague,False,False,True,False
2025년 지역축제 개최계획 현황(0321).xlsx,조사표,2025,경기,제4회 민락맥주축제,주민화합,2025.8.29~2025.8.30,대면,,2025-08-29,2025-08-30,False,split_date_exact,False,False,True,True
2025년 지역축제 개최계획 현황(0321).xlsx,조사표,2025,경기,제40회 회룡문화제,전통역사,2025.9.27~2025.9.28,대면,,2025-09-27,2025-09-28,False,split_date_exact,False,False,True,False
2025년 지역축제 개최계획 현황(0321).xlsx,조사표,2025,경기,제18회 의정부 부대찌개 축제,지역특산물,2025.10.18~2025.10.19,대면,,2025-10-18,2025-10-19,False,split_date_exact,False,False,True,False
2025년 지역축제 개최계획 현황(0321).xlsx,조사표,2025,경기,(예정)2025년 회룡거리예술제,문화예술,2025.10.~2025.10.,대면,,2025-10-01,2025-10-31,True,split_month_vague,False,False,True,False
2025년 지역축제 개최계획 현황(0321).xlsx,조사표,2025,경기,제30회 광주시 남한산성문화제,전통역사,2025.10.~2025.10.,대면,,2025-10-01,2025-10-31,True,split_month_vague,False,False,True,False
2025년 지역축제 개최계획 현황(0321).xlsx,조사표,2025,경기,제28회 광주왕실도자페스티벌,전통역사,2025.4.25~2025.5.6,대면,,2025-04-25,2025-05-06,False,split_date_exact,False,False,True,False
2025년 지역축제 개최계획 현황(0321).xlsx,조사표,2025,경기,제23회 퇴촌토마토축제,지역특산물,2025.6.20~2025.6.22,대면,,2025-06-20,2025-06-22,False,split_date_exact,False,False,True,False
2025년 지역축제 개최계획 현황(0321).xlsx,조사표,2025,경기,제3회 곤지암 소머리국밥 거리축제,지역특산물,2025.10.~2025.10.,대면,,2025-10-01,2025-10-31,True,split_month_vague,False,False,True,False
2025년 지역축제 개최계획 현황(0321).xlsx,조사표,2025,경기,2025 하남이성산성문화제,전통역사,2025.9.27~2025.9.30,대면,,2025-09-27,2025-09-30,False,split_date_exact,False,False,True,False
2025년 지역축제 개최계획 현황(0321).xlsx,조사표,2025,경기,오리문화제,전통역사,2025.5.9~2025.5.10,대면,,2025-05-09,2025-05-10,False,split_date_exact,False,False,True,False
2025년 지역축제 개최계획 현황(0321).xlsx,조사표,2025,경기,2025 광명마당극축제,문화예술,2025.9.5~2025.9.7,대면,,2025-09-05,2025-09-07,False,split_date_exact,False,False,True,False
2025년 지역축제 개최계획 현황(0321).xlsx,조사표,2025,경기,제17회 광명농악대축제,전통역사,2025.10.18~2025.10.19,대면,,2025-10-18,2025-10-19,False,split_date_exact,False,False,True,False
2025년 지역축제 개최계획 현황(0321).xlsx,조사표,2025,경기,2025 페스티벌 광명,문화예술,2025.9.~2025.9.,대면,,2025-09-01,2025-09-30,True,split_month_vague,False,False,True,False
2025년 지역축제 개최계획 현황(0321).xlsx,조사표,2025,경기,42번가의 기적,문화예술,2025.9.~2025.9.,대면,,2025-09-01,2025-09-30,True,split_month_vague,False,False,True,False
2025년 지역축제 개최계획 현황(0321).xlsx,조사표,2025,경기,구름산예술제,문화예술,2025.10.~2025.10.,대면,,2025-10-01,2025-10-31,True,split_month_vague,False,False,True,False
2025년 지역축제 개최계획 현황(0321).xlsx,조사표,2025,경기,광명동굴 빛 축제,문화예술,2025.10.21~2025.10.26,대면,,2025-10-21,2025-10-26,False,split_date_exact,False,False,True,False
2025년 지역축제 개최계획 현황(0321).xlsx,조사표,2025,경기,군포철쭉축제,자연생태,2025.4.19~2025.4.27,대면,,2025-04-19,2025-04-27,False,split_date_exact,False,False,True,False
2025년 지역축제 개최계획 현황(0321).xlsx,조사표,2025,경기,2025 드론봇 페스티벌,주민화합,2025.5.16~2025.5.18,대면,,2025-05-16,2025-05-18,False,split_date_exact,False,False,True,False
2025년 지역축제 개최계획 현황(0321).xlsx,조사표,2025,경기,제8회 양주 회암사지 왕실축제,전통역사,2025.5.30~2025.6.1,복합,,2025-05-30,2025-06-01,False,split_date_exact,False,False,True,False
2025년 지역축제 개최계획 현황(0321).xlsx,조사표,2025,경기,제7회 양주 천만송이 천일홍 축제,자연생태,2025.9.26~2025.9.28,대면,,2025-09-26,2025-09-28,False,split_date_exact,False,False,True,False
2025년 지역축제 개최계획 현황(0321).xlsx,조사표,2025,경기,양주국가유산 야행,전통역사,2025.9.19~2025.9.21,대면,,2025-09-19,2025-09-21,False,split_date_exact,False,False,True,False
2025년 지역축제 개최계획 현황(0321).xlsx,조사표,2025,경기,제12회 야맥축제,주민화합,2025.5.30~2025.6.1,대면,,2025-05-30,2025-06-01,False,split_date_exact,False,False,True,False
2025년 지역축제 개최계획 현황(0321).xlsx,조사표,2025,경기,오(oh)! 해피 산타 마켓,주민화합,2025.12.6~2025.12.25,대면,,2025-12-06,2025-12-25,False,split_date_exact,False,False,True,False
2025년 지역축제 개최계획 현황(0321).xlsx,조사표,2025,경기,제39회 이천도자기축제,문화예술,2025.4.25~2025.5.6,대면,,2025-04-25,2025-05-06,False,split_date_exact,False,False,True,False
2025년 지역축제 개최계획 현황(0321).xlsx,조사표,2025,경기,제24회 이천쌀문화축제,지역특산물,2025.10.22~2025.10.26,대면,,2025-10-22,2025-10-26,False,split_date_exact,False,False,True,False
2025년 지역축제 개최계획 현황(0321).xlsx,조사표,2025,경기,제11회 이천체험문화축제,문화예술,2025.4.5~2025.4.6,대면,,2025-04-05,2025-04-06,False,split_date_exact,False,False,True,False
2025년 지역축제 개최계획 현황(0321).xlsx,조사표,2025,경기,제9회 이천인삼축제,지역특산물,2025.10.~2025.10.,대면,,2025-10-01,2025-10-31,True,split_month_vague,False,False,True,False
2025년 지역축제 개최계획 현황(0321).xlsx,조사표,2025,경기,제29회 햇사레 장호원복숭아축제,지역특산물,2025.9.~2025.9.,대면,,2025-09-01,2025-09-30,True,split_month_vague,False,False,True,False
2025년 지역축제 개최계획 현황(0321).xlsx,조사표,2025,경기,제26회이천백사산수유꽃축제,지역특산물,2025.3.~2025.3.,대면,,2025-03-01,2025-03-31,True,split_month_vague,False,False,True,False
2025년 지역축제 개최계획 현황(0321).xlsx,조사표,2025,경기,제22회 설봉산 별빛축제,문화예술,2025.7.~2025.8.,대면,,2025-07-01,2025-08-31,True,split_month_vague,False,False,True,False
2025년 지역축제 개최계획 현황(0321).xlsx,조사표,2025,경기,안성맞춤 남사당 바우덕이축제,전통역사,2025.10.9~2025.10.12,대면,,2025-10-09,2025-10-12,False,split_date_exact,False,False,True,False
2025년 지역축제 개최계획 현황(0321).xlsx,조사표,2025,경기,2025 구리 유채꽃 축제,문화예술,2025.5.9~2025.5.11,대면,,2025-05-09,2025-05-11,False,split_date_exact,False,False,True,False
2025년 지역축제 개최계획 현황(0321).xlsx,조사표,2025,경기,2025 구리 코스모스 축제,문화예술,2025.10.10~2025.10.12,대면,,2025-10-10,2025-10-12,False,split_date_exact,False,False,True,False
2025년 지역축제 개최계획 현황(0321).xlsx,조사표,2025,경기,의왕어린이철도축제,문화예술,2025.5.3~2025.5.3,대면,,2025-05-03,2025-05-03,False,split_date_exact,False,False,True,False
2025년 지역축제 개최계획 현황(0321).xlsx,조사표,2025,경기,의왕백운호수축제,문화예술,2025.9.27~2025.9.28,대면,,2025-09-27,2025-09-28,False,split_date_exact,False,False,True,False
2025년 지역축제 개최계획 현황(0321).xlsx,조사표,2025,경기,제28회 포천 산정호수 명성산 억새꽃축제,문화예술,2025.10.18~2025.11.2,대면,,2025-10-18,2025-11-02,False,split_date_exact,False,False,True,False
2025년 지역축제 개최계획 현황(0321).xlsx,조사표,2025,경기,포천시민의날,주민화합,2025.10.18~2025.10.19,대면,,2025-10-18,2025-10-19,False,split_date_exact,False,False,True,False
2025년 지역축제 개최계획 현황(0321).xlsx,조사표,2025,경기,2025 포천 한탄강 세계 드론 제전,문화예술,2025.10.9~2025.10.12,대면,,2025-10-09,2025-10-12,False,split_date_exact,False,False,True,False
2025년 지역축제 개최계획 현황(0321).xlsx,조사표,2025,경기,포천 한우 축제,지역특산물,2025.9.27~2025.9.28,대면,,2025-09-27,2025-09-28,False,split_date_exact,False,False,True,False
2025년 지역축제 개최계획 현황(0321).xlsx,조사표,2025,경기,한탄강 세계지질공원 가든페스타(봄),자연생태,2025.5.3~2025.6.15,대면,,2025-05-03,2025-06-15,False,split_date_exact,False,False,True,False
2025년 지역축제 개최계획 현황(0321).xlsx,조사표,2025,경기,한탄강 세계지질공원 가든페스타(가을),자연생태,2025.8.23~2025.11.9,대면,,2025-08-23,2025-11-09,False,split_date_exact,False,False,True,False
2025년 지역축제 개최계획 현황(0321).xlsx,조사표,2025,경기,포천백운계곡 동장군 축제,자연생태,2025.12.20~2026.2.22,대면,,2025-12-20,2026-02-22,False,split_date_exact,False,False,True,False
2025년 지역축제 개최계획 현황(0321).xlsx,조사표,2025,경기,2025년 포천 농특산물 대축제(상반기),지역특산물,2025.5.3~2025.6.15,대면,,2025-05-03,2025-06-15,False,split_date_exact,False,False,True,False
2025년 지역축제 개최계획 현황(0321).xlsx,조사표,2025,경기,2025년 포천 농특산물 대축제(하반기),지역특산물,2025.8.23~2025.11.9,대면,,2025-08-23,2025-11-09,False,split_date_exact,False,False,True,False
2025년 지역축제 개최계획 현황(0321).xlsx,조사표,2025,경기,2025 포천 한탄강 윈터 환타지아,자연생태,2025.12.19~2026.2.22,대면,,2025-12-19,2026-02-22,False,split_date_exact,False,False,True,False
2025년 지역축제 개최계획 현황(0321).xlsx,조사표,2025,경기,제15회 양평용문산 산나물축제,지역특산물,2025.4.25~2025.4.27,대면,,2025-04-25,2025-04-27,False,split_date_exact,False,False,True,False
2025년 지역축제 개최계획 현황(0321).xlsx,조사표,2025,경기,제3회 우리밀 축제,지역특산물,2025.5.~2025.5.,대면,,2025-05-01,2025-05-31,True,split_month_vague,False,False,True,False
2025년 지역축제 개최계획 현황(0321).xlsx,조사표,2025,경기,제3회 겨울엔 양평,주민화합,2025.12.1~2026.1.30,대면,,2025-12-01,2026-01-30,False,split_date_exact,False,False,True,False
2025년 지역축제 개최계획 현황(0321).xlsx,조사표,2025,경기,제26회 양평단월고로쇠축제,지역특산물,2025.3.15~2025.3.16,대면,,2025-03-15,2025-03-16,False,split_date_exact,False,False,True,False
2025년 지역축제 개최계획 현황(0321).xlsx,조사표,2025,경기,제22회 산수유한우축제,지역특산물,2025.3.29~2025.3.30,대면,,2025-03-29,2025-03-30,False,split_date_exact,False,False,True,False
2025년 지역축제 개최계획 현황(0321).xlsx,조사표,2025,경기,제15회 양평용문산 산나물축제,지역특산물,2025.4.25~2025.4.27,대면,,2025-04-25,2025-04-27,False,split_date_exact,False,False,True,False
2025년 지역축제 개최계획 현황(0321).xlsx,조사표,2025,경기,제1회  양평수박 축제,지역특산물,2025.7.5~2025.7.6,대면,,2025-07-05,2025-07-06,False,split_date_exact,False,False,True,False
2025년 지역축제 개최계획 현황(0321).xlsx,조사표,2025,경기,제6회 양평부추축제,지역특산물,2025.10.~2025.10.,대면,,2025-10-01,2025-10-31,True,split_month_vague,False,False,True,False
2025년 지역축제 개최계획 현황(0321).xlsx,조사표,2025,경기,제3회 지평전통발효축제,지역특산물,2025.10.~2025.10.,대면,,2025-10-01,2025-10-31,True,split_month_vague,False,False,True,False
2025년 지역축제 개최계획 현황(0321).xlsx,조사표,2025,경기,제8회 갈산누리봄축제,주민화합,2025.4.4~2025.4.6,대면,,2025-04-04,2025-04-06,False,split_date_exact,False,False,True,False
2025년 지역축제 개최계획 현황(0321).xlsx,조사표,2025,경기,제5회 여주선비장터축제,지역특산물,2025.10.~2025.10.,대면,,2025-10-01,2025-10-31,True,split_month_vague,False,False,True,False
2025년 지역축제 개최계획 현황(0321).xlsx,조사표,2025,경기,제3회 싸리산 축제,주민화합,2025.4.19~2025.4.20,대면,,2025-04-19,2025-04-20,False,split_date_exact,False,False,True,False
2025년 지역축제 개최계획 현황(0321).xlsx,조사표,2025,경기,제3회 여주 당남리섬 축제,자연생태,2025.10.~2025.10.,대면,,2025-10-01,2025-10-31,True,split_month_vague,False,False,True,False
2025년 지역축제 개최계획 현황(0321).xlsx,조사표,2025,경기,제3회 강천섬 힐링 문화축제,문화예술,2025.10.24~2025.11.2,대면,,2025-10-24,2025-11-02,False,split_date_exact,False,False,True,False
2025년 지역축제 개최계획 현황(0321).xlsx,조사표,2025,경기,제9회여주흥천남한강벚꽃축제,자연생태,2025.4.4~2025.4.6,대면,,2025-04-04,2025-04-06,False,split_date_exact,False,False,True,False
2025년 지역축제 개최계획 현황(0321).xlsx,조사표,2025,경기,제21회 산북품실축제,주민화합,2025.10.~2025.10.,대면,,2025-10-01,2025-10-31,True,split_month_vague,False,False,True,False
2025년 지역축제 개최계획 현황(0321).xlsx,조사표,2025,경기,제37회 여주도자기축제,문화예술,2025.5.1~2025.5.11,대면,,2025-05-01,2025-05-11,False,split_date_exact,False,False,True,False
2025년 지역축제 개최계획 현황(0321).xlsx,조사표,2025,경기,2025 여주오곡나루축제,지역특산물,2025.10.17~2025.10.19,대면,,2025-10-17,2025-10-19,False,split_date_exact,False,False,True,False
2025년 지역축제 개최계획 현황(0321).xlsx,조사표,2025,경기,제1회 북내면 금당천 축제,자연생태,2025.9.~2025.9.,대면,,2025-09-01,2025-09-30,True,split_month_vague,False,False,True,False
2025년 지역축제 개최계획 현황(0321).xlsx,조사표,2025,경기,제19회 금사참외축제,지역특산물,2025.5.~2025.5.,대면,,2025-05-01,2025-05-31,True,split_month_vague,False,False,True,False
2025년 지역축제 개최계획 현황(0321).xlsx,조사표,2025,경기,제25회 동두천 락 페스티벌,문화예술,2025.8.~2025.8.,대면,,2025-08-01,2025-08-31,True,split_month_vague,False,False,True,False
2025년 지역축제 개최계획 현황(0321).xlsx,조사표,2025,경기,제37회 소요단풍문화제,문화예술,2025.10.~2025.10.,대면,,2025-10-01,2025-10-31,True,split_month_vague,False,False,True,False
2025년 지역축제 개최계획 현황(0321).xlsx,조사표,2025,경기,"제6회 도심재생 야간축제
(2025년 헬로 DDC 페스티벌)",문화예술,2025.10.~2025.10.,대면,,2025-10-01,2025-10-31,True,split_month_vague,False,False,True,False
2025년 지역축제 개최계획 현황(0321).xlsx,조사표,2025,경기,과천공연예술축제,문화예술,2025.9.19~2025.9.21,대면,,2025-09-19,2025-09-21,False,split_date_exact,False,False,True,False
2025년 지역축제 개최계획 현황(0321).xlsx,조사표,2025,경기,2025 Colorful Garden 자라섬 꽃 페스타(봄),문화예술,2025.5.24~2025.6.15,대면,,2025-05-24,2025-06-15,False,split_date_exact,False,False,True,False
2025년 지역축제 개최계획 현황(0321).xlsx,조사표,2025,경기,2025 Colorful Garden 자라섬 꽃 페스타(가을),문화예술,2025.9.13~2025.10.12,대면,,2025-09-13,2025-10-12,False,split_date_exact,False,False,True,False
2025년 지역축제 개최계획 현황(0321).xlsx,조사표,2025,경기,제2회 재즈페스티벌 in 가평,문화예술,2025.10.17~2025.10.19,대면,,2025-10-17,2025-10-19,False,split_date_exact,False,False,True,False
2025년 지역축제 개최계획 현황(0321).xlsx,조사표,2025,경기,제22회 자라섬재즈페스티벌,문화예술,2025.10.17~2025.10.19,대면,,2025-10-17,2025-10-19,False,split_date_exact,False,False,True,False
2025년 지역축제 개최계획 현황(0321).xlsx,조사표,2025,경기,제32회 연천 구석기 축제,전통역사,2025.5.2~2025.5.5,대면,,2025-05-02,2025-05-05,False,split_date_exact,False,False,True,False
2025년 지역축제 개최계획 현황(0321).xlsx,조사표,2025,경기,제10회 통일바라기 축제,자연생태,2025.8.30~2025.9.8,대면,,2025-08-30,2025-09-08,False,split_date_exact,False,False,True,False
2025년 지역축제 개최계획 현황(0321).xlsx,조사표,2025,경기,제4회 연천 당포성 별빛축제,자연생태,2025.9.~2025.9.,대면,,2025-09-01,2025-09-30,True,split_month_vague,False,False,True,False
2025년 지역축제 개최계획 현황(0321).xlsx,조사표,2025,경기,2025년 임진강 댑싸리정원 개장,자연생태,2025.9.1~2025.10.31,대면,,2025-09-01,2025-10-31,False,split_date_exact,False,False,True,False
2025년 지역축제 개최계획 현황(0321).xlsx,조사표,2025,경기,제7회 연천국화축제,자연생태,2025.10.17~2025.10.26,대면,,2025-10-17,2025-10-26,False,split_date_exact,False,False,True,False
2025년 지역축제 개최계획 현황(0321).xlsx,조사표,2025,경남,제63회 진해군항제,자연생태,2025.3.29~2025.4.6,대면,,2025-03-29,2025-04-06,False,split_date_exact,False,False,True,False
2025년 지역축제 개최계획 현황(0321).xlsx,조사표,2025,경남,천주산진달래축제,자연생태,2025.3.~2025.4.,대면,,2025-03-01,2025-04-30,True,split_month_vague,False,False,True,False
2025년 지역축제 개최계획 현황(0321).xlsx,조사표,2025,경남,제7회 무점마을 코스모스축제,주민화합,2025.9.19~2025.9.21,대면,,2025-09-19,2025-09-21,False,split_date_exact,False,False,True,False
2025년 지역축제 개최계획 현황(0321).xlsx,조사표,2025,경남,충무지구 근대군항 문화페스타,전통역사,2025.10.~2025.10.,대면,,2025-10-01,2025-10-31,True,split_month_vague,False,False,True,False
2025년 지역축제 개최계획 현황(0321).xlsx,조사표,2025,경남,문화다양성축제 MAMF(맘프) 2025,문화예술,2025.10.24~2025.10.26,대면,,2025-10-24,2025-10-26,False,split_date_exact,False,False,True,False
2025년 지역축제 개최계획 현황(0321).xlsx,조사표,2025,경남,제25회 마산가고파국화축제,자연생태,2025.10.~2025.11.,대면,,2025-10-01,2025-11-30,True,split_month_vague,False,False,True,False
2025년 지역축제 개최계획 현황(0321).xlsx,조사표,2025,경남,2025 창원 K-POP 월드 페스티벌,문화예술,2025.10.~2025.10.,대면,,2025-10-01,2025-10-31,True,split_month_vague,False,False,True,False
2025년 지역축제 개최계획 현황(0321).xlsx,조사표,2025,경남,제24회 창원단감축제,지역특산물,2025.10.~2025.11.,대면,,2025-10-01,2025-11-30,True,split_month_vague,False,False,True,False
2025년 지역축제 개최계획 현황(0321).xlsx,조사표,2025,경남,제24회 진주논개제,전통역사,2025.5.3~2025.5.6,대면,,2025-05-03,2025-05-06,False,split_date_exact,False,False,True,False
2025년 지역축제 개최계획 현황(0321).xlsx,조사표,2025,경남,2025 진주M2페스티벌,문화예술,2025.8.~2025.8.,대면,,2025-08-01,2025-08-31,True,split_month_vague,False,False,True,False
2025년 지역축제 개최계획 현황(0321).xlsx,조사표,2025,경남,2025 진주남강유등축제,전통역사,2025.10.~2025.10.,대면,,2025-10-01,2025-10-31,True,split_month_vague,False,False,True,False
2025년 지역축제 개최계획 현황(0321).xlsx,조사표,2025,경남,제74회 개천예술제,문화예술,2025.10.~2025.10.,대면,,2025-10-01,2025-10-31,True,split_month_vague,False,False,True,False
2025년 지역축제 개최계획 현황(0321).xlsx,조사표,2025,경남,2025 코리아드라마페스티벌,문화예술,2025.10.~2025.10.,대면,,2025-10-01,2025-10-31,True,split_month_vague,False,False,True,False
2025년 지역축제 개최계획 현황(0321).xlsx,조사표,2025,경남,제20회 봉숫골꽃나들이 축제,문화예술,2025.3.29~2025.3.30,대면,,2025-03-29,2025-03-30,False,split_date_exact,False,False,True,False
2025년 지역축제 개최계획 현황(0321).xlsx,조사표,2025,경남,제64회 통영한산대첩축제,전통역사,2025.8.9~2025.8.14,대면,,2025-08-09,2025-08-14,False,split_date_exact,False,False,True,False
2025년 지역축제 개최계획 현황(0321).xlsx,조사표,2025,경남,제2회 통영어부장터축제,지역특산물,2025.10.24~2025.10.26,대면,,2025-10-24,2025-10-26,False,split_date_exact,False,False,True,False
2025년 지역축제 개최계획 현황(0321).xlsx,조사표,2025,경남,제6회 선진리성 벚꽃축제,문화예술,2025.3.29~2025.3.30,대면,,2025-03-29,2025-03-30,False,split_date_exact,False,False,True,False
2025년 지역축제 개최계획 현황(0321).xlsx,조사표,2025,경남,제10회 사천비토섬별주부전축제,문화예술,2025.4.4~2025.4.5,대면,,2025-04-04,2025-04-05,False,split_date_exact,False,False,True,False
2025년 지역축제 개최계획 현황(0321).xlsx,조사표,2025,경남,제27회 와룡문화제,문화예술,2025.5.1~2025.5.4,대면,,2025-05-01,2025-05-04,False,split_date_exact,False,False,True,False
2025년 지역축제 개최계획 현황(0321).xlsx,조사표,2025,경남,2025년 사천시 삼천포항 수산물축제,지역특산물,2025.5.23~2025.5.25,대면,,2025-05-23,2025-05-25,False,split_date_exact,False,False,True,False
2025년 지역축제 개최계획 현황(0321).xlsx,조사표,2025,경남,제22회 사천시 삼천포항 자연산전어축제,지역특산물,2025.8.15~2025.8.17,대면,,2025-08-15,2025-08-17,False,split_date_exact,False,False,True,False
2025년 지역축제 개최계획 현황(0321).xlsx,조사표,2025,경남,2025 가야문화축제,문화예술,2025.4.11~2025.4.13,대면,,2025-04-11,2025-04-13,False,split_date_exact,False,False,True,False
2025년 지역축제 개최계획 현황(0321).xlsx,조사표,2025,경남,제2회 김해한우축제,지역특산물,2025.5.22~2025.5.25,대면,,2025-05-22,2025-05-25,False,split_date_exact,False,False,True,False
2025년 지역축제 개최계획 현황(0321).xlsx,조사표,2025,경남,제10회 김해꽃축제,지역특산물,2025.5.~2025.5.,대면,,2025-05-01,2025-05-31,True,split_month_vague,False,False,True,False
2025년 지역축제 개최계획 현황(0321).xlsx,조사표,2025,경남,2025 김해문화재야행,전통역사,2025.10.17~2025.10.19,대면,,2025-10-17,2025-10-19,False,split_date_exact,False,False,True,False
2025년 지역축제 개최계획 현황(0321).xlsx,조사표,2025,경남,제2회 부원동 뒷고기 축제,지역특산물,2025.10.26~2025.10.27,대면,,2025-10-26,2025-10-27,False,split_date_exact,False,False,True,False
2025년 지역축제 개최계획 현황(0321).xlsx,조사표,2025,경남,제41회 김해진영단감축제,지역특산물,2025.10.31~2025.11.2,대면,,2025-10-31,2025-11-02,False,split_date_exact,False,False,True,False
2025년 지역축제 개최계획 현황(0321).xlsx,조사표,2025,경남,제30회 김해분청도자기축제,문화예술,2025.11.5~2025.11.10,대면,,2025-11-05,2025-11-10,False,split_date_exact,False,False,True,False
2025년 지역축제 개최계획 현황(0321).xlsx,조사표,2025,경남,제2회 MY아리나드림페스티벌,문화예술,2025.3.8~2025.3.30,대면,,2025-03-08,2025-03-30,False,split_date_exact,False,False,True,False
2025년 지역축제 개최계획 현황(0321).xlsx,조사표,2025,경남,제15회 밀양삼랑진 딸기시배지 축제,지역특산물,2025.3.~2025.3.,대면,,2025-03-01,2025-03-31,True,split_month_vague,False,False,True,False
2025년 지역축제 개최계획 현황(0321).xlsx,조사표,2025,경남,제67회 밀양아리랑대축제,문화예술,2025.5.22~2025.5.25,대면,,2025-05-22,2025-05-25,False,split_date_exact,False,False,True,False
2025년 지역축제 개최계획 현황(0321).xlsx,조사표,2025,경남,초동연가길 코스모스축제,자연생태,2025.5.~2025.5.,대면,,2025-05-01,2025-05-31,True,split_month_vague,False,False,True,False
2025년 지역축제 개최계획 현황(0321).xlsx,조사표,2025,경남,제25회 밀양공연예술축제,문화예술,2025.8.~2025.8.,대면,,2025-08-01,2025-08-31,True,split_month_vague,False,False,True,False
2025년 지역축제 개최계획 현황(0321).xlsx,조사표,2025,경남,제6회 외계인 대축제,문화예술,2025.9.~2025.9.,대면,,2025-09-01,2025-09-30,True,split_month_vague,False,False,True,False
2025년 지역축제 개최계획 현황(0321).xlsx,조사표,2025,경남,제16회 밀양대추축제,지역특산물,2025.10.18~2025.10.19,대면,,2025-10-18,2025-10-19,False,split_date_exact,False,False,True,False
2025년 지역축제 개최계획 현황(0321).xlsx,조사표,2025,경남,제27회 밀양얼음골사과축제,지역특산물,2025.11.~2025.11.,대면,,2025-11-01,2025-11-30,True,split_month_vague,False,False,True,False
2025년 지역축제 개최계획 현황(0321).xlsx,조사표,2025,경남,제21회 밀양무안 맛나향 고추축제,지역특산물,2025.12.~2025.12.,대면,,2025-12-01,2025-12-31,True,split_month_vague,False,False,True,False
2025년 지역축제 개최계획 현황(0321).xlsx,조사표,2025,경남,거제맹종대나무축제,지역특산물,2025.4.25~2025.4.27,대면,,2025-04-25,2025-04-27,False,split_date_exact,False,False,True,False
2025년 지역축제 개최계획 현황(0321).xlsx,조사표,2025,경남,제1회 숭어축제,지역특산물,2025.4.5~2025.4.6,대면,,2025-04-05,2025-04-06,False,split_date_exact,False,False,True,False
2025년 지역축제 개최계획 현황(0321).xlsx,조사표,2025,경남,제63회 거제옥포대첩 축제,전통역사,2025.6.13~2025.6.15,대면,,2025-06-13,2025-06-15,False,split_date_exact,False,False,True,False
2025년 지역축제 개최계획 현황(0321).xlsx,조사표,2025,경남,남부면 수국축제,자연생태,2025.6.22~2025.6.23,대면,,2025-06-22,2025-06-23,False,split_date_exact,False,False,True,False
2025년 지역축제 개최계획 현황(0321).xlsx,조사표,2025,경남,2025년 거제여름해양축제,문화예술,2025.7.25~2025.7.27,대면,,2025-07-25,2025-07-27,False,split_date_exact,False,False,True,False
2025년 지역축제 개최계획 현황(0321).xlsx,조사표,2025,경남,2025년 거제 맥주축제,문화예술,2025.8.~2025.8.,대면,,2025-08-01,2025-08-31,True,split_month_vague,False,False,True,True
2025년 지역축제 개최계획 현황(0321).xlsx,조사표,2025,경남,제14회 거제둔덕 포도축제,지역특산물,2025.9.6~2025.9.7,대면,,2025-09-06,2025-09-07,False,split_date_exact,False,False,True,False
2025년 지역축제 개최계획 현황(0321).xlsx,조사표,2025,경남,제19회 거제섬꽃축제,문화예술,2025.10.25~2025.11.9,대면,,2025-10-25,2025-11-09,False,split_date_exact,False,False,True,False
2025년 지역축제 개최계획 현황(0321).xlsx,조사표,2025,경남,2025 원동미나리축제,지역특산물,2025.2.22~2025.3.31,대면,,2025-02-22,2025-03-31,False,split_date_exact,False,False,True,False
2025년 지역축제 개최계획 현황(0321).xlsx,조사표,2025,경남,2025 원동매화축제,지역특산물,2025.3.1~2025.3.3,대면,,2025-03-01,2025-03-03,False,split_date_exact,False,False,True,False
2025년 지역축제 개최계획 현황(0321).xlsx,조사표,2025,경남,2025 물금벚꽃축제,문화예술,2025.3.29~2025.3.30,대면,,2025-03-29,2025-03-30,False,split_date_exact,False,False,True,False
2025년 지역축제 개최계획 현황(0321).xlsx,조사표,2025,경남,2025 양산웅상회야제,주민화합,2025.5.24~2025.5.26,대면,,2025-05-24,2025-05-26,False,split_date_exact,False,False,True,False
2025년 지역축제 개최계획 현황(0321).xlsx,조사표,2025,경남,2025 양산삽량문화축전,전통역사,2025.9.26~2025.9.28,대면,,2025-09-26,2025-09-28,False,split_date_exact,False,False,True,False
2025년 지역축제 개최계획 현황(0321).xlsx,조사표,2025,경남,양산국화축제,자연생태,2025.10.24~2025.11.9,대면,,2025-10-24,2025-11-09,False,split_date_exact,False,False,True,False
2025년 지역축제 개최계획 현황(0321).xlsx,조사표,2025,경남,배내골사과축제,지역특산물,2025.11.1~2025.11.2,대면,,2025-11-01,2025-11-02,False,split_date_exact,False,False,True,False
2025년 지역축제 개최계획 현황(0321).xlsx,조사표,2025,경남,제22회 의령토요애수박축제,지역특산물,2025.4.17~2025.4.20,대면,,2025-04-17,2025-04-20,False,split_date_exact,False,False,True,False
2025년 지역축제 개최계획 현황(0321).xlsx,조사표,2025,경남,제50회 의령 홍의장군축제,전통역사,2025.4.17~2025.4.20,대면,,2025-04-17,2025-04-20,False,split_date_exact,False,False,True,False
2025년 지역축제 개최계획 현황(0321).xlsx,조사표,2025,경남,2025 의령 신번문화축제,"문화예술, 전통역사",2025.10.~2025.10.,대면,,2025-10-01,2025-10-31,True,split_month_vague,False,False,True,False
2025년 지역축제 개최계획 현황(0321).xlsx,조사표,2025,경남,2025 의령 리치리치 페스티벌,문화예술,2025.10.~2025.10.,대면,,2025-10-01,2025-10-31,True,split_month_vague,False,False,True,False
2025년 지역축제 개최계획 현황(0321).xlsx,조사표,2025,경남,2025 토요애 의령 농축산물 축제,지역특산물,2025.10.~2025.10.,대면,,2025-10-01,2025-10-31,True,split_month_vague,False,False,True,False
2025년 지역축제 개최계획 현황(0321).xlsx,조사표,2025,경남,2025 의령 기강 댑싸리 축제,자연생태,2025.10.~2025.10.,대면,,2025-10-01,2025-10-31,True,split_month_vague,False,False,True,False
2025년 지역축제 개최계획 현황(0321).xlsx,조사표,2025,경남,제14회 함안곶감축제,지역특산물,2025.1.10~2025.1.12,대면,,2025-01-10,2025-01-12,False,split_date_exact,False,False,True,False
2025년 지역축제 개최계획 현황(0321).xlsx,조사표,2025,경남,제6회 대한민국 함안 수박축제,지역특산물,2025.4.26~2025.4.28,대면,,2025-04-26,2025-04-28,False,split_date_exact,False,False,True,False
2025년 지역축제 개최계획 현황(0321).xlsx,조사표,2025,경남,제3회 칠서생태공원 청보리·작약축제,자연생태,2025.5.9~2025.5.11,대면,,2025-05-09,2025-05-11,False,split_date_exact,False,False,True,False
2025년 지역축제 개최계획 현황(0321).xlsx,조사표,2025,경남,제13회 강주해바라기 축제,자연생태,2025.6.18~2025.7.2,대면,,2025-06-18,2025-07-02,False,split_date_exact,False,False,True,False
2025년 지역축제 개최계획 현황(0321).xlsx,조사표,2025,경남,제37회 아라가야문화제,전통역사,2025.9.10~2025.9.12,대면,,2025-09-10,2025-09-12,False,split_date_exact,False,False,True,False
2025년 지역축제 개최계획 현황(0321).xlsx,조사표,2025,경남,제64회 3.1민속문화제,전통역사,2025.2.28~2025.3.3,대면,,2025-02-28,2025-03-03,False,split_date_exact,False,False,True,False
2025년 지역축제 개최계획 현황(0321).xlsx,조사표,2025,경남,제30회 부곡온천축제,자연생태,2025.3.28~2025.3.30,대면,,2025-03-28,2025-03-30,False,split_date_exact,False,False,True,False
2025년 지역축제 개최계획 현황(0321).xlsx,조사표,2025,경남,제20회 창녕낙동강유채축제,자연생태,2025.4.10~2025.4.13,대면,,2025-04-10,2025-04-13,False,split_date_exact,False,False,True,False
2025년 지역축제 개최계획 현황(0321).xlsx,조사표,2025,경남,제39회 비사벌문화제,문화예술,2025.10.24~2025.10.26,대면,,2025-10-24,2025-10-26,False,split_date_exact,False,False,True,False
2025년 지역축제 개최계획 현황(0321).xlsx,조사표,2025,경남,당항포대첩축제,전통역사,2025.4.25~2025.4.27,대면,,2025-04-25,2025-04-27,False,split_date_exact,False,False,True,False
2025년 지역축제 개최계획 현황(0321).xlsx,조사표,2025,경남,만화방초 수국축제,자연생태,2025.7.1~2025.7.31,대면,,2025-07-01,2025-07-31,False,split_date_exact,False,False,True,False
2025년 지역축제 개최계획 현황(0321).xlsx,조사표,2025,경남,소가야문화제,주민화합,2025.9.26~2025.9.28,대면,,2025-09-26,2025-09-28,False,split_date_exact,False,False,True,False
2025년 지역축제 개최계획 현황(0321).xlsx,조사표,2025,경남,기월안뜰 경관농업지구 가을꽃축제,자연생태,2025.9.12~2025.9.14,대면,,2025-09-12,2025-09-14,False,split_date_exact,False,False,True,False
2025년 지역축제 개최계획 현황(0321).xlsx,조사표,2025,경남,경남고성공룡세계엑스포,문화예술,2025.10.1~2025.11.8,대면,,2025-10-01,2025-11-08,False,split_date_exact,False,False,True,False
2025년 지역축제 개최계획 현황(0321).xlsx,조사표,2025,경남,고성 수산물 가리비 축제,지역특산물,2025.10.31~2025.10.2,대면,,2025-10-31,2025-10-02,False,split_date_exact,False,False,True,False
2025년 지역축제 개최계획 현황(0321).xlsx,조사표,2025,경남,"2025 고향사랑 방문의 해 기념 ""꽃 피는 남해""",자연생태,2025.3.28~2025.3.29,대면,,2025-03-28,2025-03-29,False,split_date_exact,False,False,True,False
2025년 지역축제 개최계획 현황(0321).xlsx,조사표,2025,경남,제7회 창선고사리축제,지역특산물,2025.4.~2025.4.,대면,,2025-04-01,2025-04-30,True,split_month_vague,False,False,True,False
2025년 지역축제 개최계획 현황(0321).xlsx,조사표,2025,경남,"제19회 보물섬 해산물 축제(부제:국민고향,남해)",지역특산물,2025.5.9~2025.5.10,대면,,2025-05-09,2025-05-10,False,split_date_exact,False,False,True,False
2025년 지역축제 개최계획 현황(0321).xlsx,조사표,2025,경남,제20회 남해마늘한우 축제,지역특산물,2025.6.~2025.6.,대면,,2025-06-01,2025-06-30,True,split_month_vague,False,False,True,False
2025년 지역축제 개최계획 현황(0321).xlsx,조사표,2025,경남,제13회 독일마을 맥주축제,전통역사,2025.10.~2025.10.,대면,,2025-10-01,2025-10-31,True,split_month_vague,False,False,True,True
2025년 지역축제 개최계획 현황(0321).xlsx,조사표,2025,경남,제27회 화개장터 벚꽃축제,지역특산물,2025.3.28~2025.3.30,대면,,2025-03-28,2025-03-30,False,split_date_exact,False,False,True,False
2025년 지역축제 개최계획 현황(0321).xlsx,조사표,2025,경남,제11회 하동북천 꽃양귀비 축제,자연생태,2025.5.~2025.5.,대면,,2025-05-01,2025-05-31,True,split_month_vague,False,False,True,False
2025년 지역축제 개최계획 현황(0321).xlsx,조사표,2025,경남,제9회 하동섬진강문화재첩축제,지역특산물,2025.6.20~2025.6.22,대면,,2025-06-20,2025-06-22,False,split_date_exact,False,False,True,False
2025년 지역축제 개최계획 현황(0321).xlsx,조사표,2025,경남,"제19회 하동 북천 코스모스,메밀꽃 축제",자연생태,2025.9.~2025.9.,대면,,2025-09-01,2025-09-30,True,split_month_vague,False,False,True,False
2025년 지역축제 개최계획 현황(0321).xlsx,조사표,2025,경남,제28회 하동야생차문화축제,지역특산물,2025.5.~2025.5.,대면,,2025-05-01,2025-05-31,True,split_month_vague,False,False,True,False
2025년 지역축제 개최계획 현황(0321).xlsx,조사표,2025,경남,지리산산청곶감축제위원회,지역특산물,2025.1.2~2025.1.5,대면,,2025-01-02,2025-01-05,False,split_date_exact,False,False,True,False
2025년 지역축제 개최계획 현황(0321).xlsx,조사표,2025,경남,산청 농특산물 대제전,지역특산물,2025.4.11~2025.4.13,대면,,2025-04-11,2025-04-13,False,split_date_exact,False,False,True,False
2025년 지역축제 개최계획 현황(0321).xlsx,조사표,2025,경남,생초국제조각공원꽃잔디축제,자연생태,2025.4.14~2025.4.27,대면,,2025-04-14,2025-04-27,False,split_date_exact,False,False,True,False
2025년 지역축제 개최계획 현황(0321).xlsx,조사표,2025,경남,산청황매산철쭉제,자연생태,2025.4.26~2025.5.11,대면,,2025-04-26,2025-05-11,False,split_date_exact,False,False,True,False
2025년 지역축제 개최계획 현황(0321).xlsx,조사표,2025,경남,ON산청 빛나는 여름밤 페스티벌,문화예술,2025.7.27~2025.7.28,대면,,2025-07-27,2025-07-28,False,split_date_exact,False,False,True,False
2025년 지역축제 개최계획 현황(0321).xlsx,조사표,2025,경남,제24회 산청한방약초축제,지역특산물,2025.10.~2025.10.,대면,,2025-10-01,2025-10-31,True,split_month_vague,False,False,True,False
2025년 지역축제 개최계획 현황(0321).xlsx,조사표,2025,경남,지리산마천골 흑돼지 산나물 축제,지역특산물,2025.4.~2025.4.,대면,,2025-04-01,2025-04-30,True,split_month_vague,False,False,True,False
2025년 지역축제 개최계획 현황(0321).xlsx,조사표,2025,경남,제64회 천령문화제,전통역사,2025.5.~2025.5.,대면,,2025-05-01,2025-05-31,True,split_month_vague,False,False,True,False
2025년 지역축제 개최계획 현황(0321).xlsx,조사표,2025,경남,제22회 함양연암문화제,문화예술,2025.8.~2025.8.,대면,,2025-08-01,2025-08-31,True,split_month_vague,False,False,True,False
2025년 지역축제 개최계획 현황(0321).xlsx,조사표,2025,경남,제10회 지리산함양 백전오미자축제,지역특산물,2025.9.~2025.9.,대면,,2025-09-01,2025-09-30,True,split_month_vague,False,False,True,False
2025년 지역축제 개최계획 현황(0321).xlsx,조사표,2025,경남,제20회 함양산삼축제,지역특산물,2025.10.~2025.10.,대면,,2025-10-01,2025-10-31,True,split_month_vague,False,False,True,False
2025년 지역축제 개최계획 현황(0321).xlsx,조사표,2025,경남,창포원 힐링치유 봄축제(가칭),자연생태,2025.5.16~2025.5.18,대면,,2025-05-16,2025-05-18,False,split_date_exact,False,False,True,False
2025년 지역축제 개최계획 현황(0321).xlsx,조사표,2025,경남,제6회 거창 아리미아 꽃 축제,자연생태,2025.5.16~2025.5.18,대면,,2025-05-16,2025-05-18,False,split_date_exact,False,False,True,False
2025년 지역축제 개최계획 현황(0321).xlsx,조사표,2025,경남,제6회 거창韓 거창산양삼축제,지역특산물,2025.5.16~2025.5.18,대면,,2025-05-16,2025-05-18,False,split_date_exact,False,False,True,False
2025년 지역축제 개최계획 현황(0321).xlsx,조사표,2025,경남,제5회 감악산 꽃&별여행,자연생태,2025.9.22~2025.10.13,대면,,2025-09-22,2025-10-13,False,split_date_exact,False,False,True,False
2025년 지역축제 개최계획 현황(0321).xlsx,조사표,2025,경남,제35회 거창국제연극제,문화예술,2025.7.25~2025.8.3,대면,,2025-07-25,2025-08-03,False,split_date_exact,False,False,True,False
2025년 지역축제 개최계획 현황(0321).xlsx,조사표,2025,경남,2025 거창한마당대축제,문화예술,2025.9.25~2025.9.28,대면,,2025-09-25,2025-09-28,False,split_date_exact,False,False,True,False
2025년 지역축제 개최계획 현황(0321).xlsx,조사표,2025,경남,제29회 황매산철쭉제,자연생태,2025.4.26~2025.5.11,대면,,2025-04-26,2025-05-11,False,split_date_exact,False,False,True,False
2025년 지역축제 개최계획 현황(0321).xlsx,조사표,2025,경남,영상테마파크 고스트파크,문화예술,2025.8.~2025.8.,대면,,2025-08-01,2025-08-31,True,split_month_vague,False,False,True,False
2025년 지역축제 개최계획 현황(0321).xlsx,조사표,2025,경남,제3회 합천황토한우축제,지역특산물,2025.10.24~2025.10.26,대면,,2025-10-24,2025-10-26,False,split_date_exact,False,False,True,False
2025년 지역축제 개최계획 현황(0321).xlsx,조사표,2025,경남,제4회 황매산억새축제,자연생태,2025.10.~2025.10.,대면,,2025-10-01,2025-10-31,True,split_month_vague,False,False,True,False
2025년 지역축제 개최계획 현황(0321).xlsx,조사표,2025,경남,2025 대장경기록문화축제,문화예술,2025.10.~2025.10.,대면,,2025-10-01,2025-10-31,True,split_month_vague,False,False,True,False
2025년 지역축제 개최계획 현황(0321).xlsx,조사표,2025,경북,제28회 호미곶한민족해맞이축전,문화예술,2025.12.31~2026.1.1,대면,,2025-12-31,2026-01-01,False,split_date_exact,False,False,True,False
2025년 지역축제 개최계획 현황(0321).xlsx,조사표,2025,경북,포항해병대문화축제,문화예술,2025.4.26~2025.4.27,대면,,2025-04-26,2025-04-27,False,split_date_exact,False,False,True,False
2025년 지역축제 개최계획 현황(0321).xlsx,조사표,2025,경북,포항 뮤직&캠핑페스타,문화예술,2025.4.~2025.4.,대면,,2025-04-01,2025-04-30,True,split_month_vague,False,False,True,False
2025년 지역축제 개최계획 현황(0321).xlsx,조사표,2025,경북,포항국제불빛축제,문화예술,2025.5.30~2025.6.1,대면,,2025-05-30,2025-06-01,False,split_date_exact,False,False,True,False
2025년 지역축제 개최계획 현황(0321).xlsx,조사표,2025,경북,2025 포항 재팬위크 행사,문화예술,2025.5.30~2025.5.31,대면,,2025-05-30,2025-05-31,False,split_date_exact,False,False,True,False
2025년 지역축제 개최계획 현황(0321).xlsx,조사표,2025,경북,2025 송도비치 레트로 페스티벌,문화예술,2025.8.~2025.8.,대면,,2025-08-01,2025-08-31,True,split_month_vague,False,False,True,False
2025년 지역축제 개최계획 현황(0321).xlsx,조사표,2025,경북,포항운하축제,문화예술,2025.9.20~2025.9.21,대면,,2025-09-20,2025-09-21,False,split_date_exact,False,False,True,False
2025년 지역축제 개최계획 현황(0321).xlsx,조사표,2025,경북,철길숲 야행 축제,문화예술,2025.9.~2025.9.,대면,,2025-09-01,2025-09-30,True,split_month_vague,False,False,True,False
2025년 지역축제 개최계획 현황(0321).xlsx,조사표,2025,경북,포항국제청년캠프행사,문화예술,2025.9.25~2025.9.28,대면,,2025-09-25,2025-09-28,False,split_date_exact,False,False,True,False
2025년 지역축제 개최계획 현황(0321).xlsx,조사표,2025,경북,2025 스틸아트페스티벌,문화예술,2025.10.25~2025.11.2,대면,,2025-10-25,2025-11-02,False,split_date_exact,False,False,True,False
2025년 지역축제 개최계획 현황(0321).xlsx,조사표,2025,경북,호미반도 유채꽃 개장식,자연생태,2025.3.29~2025.3.30,대면,,2025-03-29,2025-03-30,False,split_date_exact,False,False,True,False
2025년 지역축제 개최계획 현황(0321).xlsx,조사표,2025,경북,2025 포항 벤토나이트 축제,주민화합,2025.7.~2025.7.,대면,,2025-07-01,2025-07-31,True,split_month_vague,False,False,True,False
2025년 지역축제 개최계획 현황(0321).xlsx,조사표,2025,경북,부조장터 문화축제,문화예술,2025.9.~2025.9.,대면,,2025-09-01,2025-09-30,True,split_month_vague,False,False,True,False
2025년 지역축제 개최계획 현황(0321).xlsx,조사표,2025,경북,포은문화축제,문화예술,2025.9.~2025.9.,대면,,2025-09-01,2025-09-30,True,split_month_vague,False,False,True,False
2025년 지역축제 개최계획 현황(0321).xlsx,조사표,2025,경북,포항 구룡포 대게 축제,지역특산물,2025.3.~2025.3.,대면,,2025-03-01,2025-03-31,True,split_month_vague,False,False,True,False
2025년 지역축제 개최계획 현황(0321).xlsx,조사표,2025,경북,포항 호미곶 돌문어 축제,지역특산물,2025.4.~2025.4.,대면,,2025-04-01,2025-04-30,True,split_month_vague,False,False,True,False
2025년 지역축제 개최계획 현황(0321).xlsx,조사표,2025,경북,포항 영일만 검은돌장어 축제,지역특산물,2025.7.~2025.7.,대면,,2025-07-01,2025-07-31,True,split_month_vague,False,False,True,False
2025년 지역축제 개최계획 현황(0321).xlsx,조사표,2025,경북,포항 구룡포 과메기 축제,지역특산물,2025.11.~2025.11.,대면,,2025-11-01,2025-11-30,True,split_month_vague,False,False,True,False
2025년 지역축제 개최계획 현황(0321).xlsx,조사표,2025,경북,경주벚꽃축제,자연생태,2025.3.~2025.3.,대면,,2025-03-01,2025-03-31,True,split_month_vague,False,False,True,False
2025년 지역축제 개최계획 현황(0321).xlsx,조사표,2025,경북,2025 안동암산얼음축제,자연생태,2025.1.18~2025.1.26,대면,,2025-01-18,2025-01-26,False,split_date_exact,False,False,True,False
2025년 지역축제 개최계획 현황(0321).xlsx,조사표,2025,경북,2025 차전장군노국공주축제,문화예술,2025.5.1~2025.5.6,대면,,2025-05-01,2025-05-06,False,split_date_exact,False,False,True,False
2025년 지역축제 개최계획 현황(0321).xlsx,조사표,2025,경북,2025 안동 벚꽃축제,자연생태,2025.3.~2025.4.,대면,,2025-03-01,2025-04-30,True,split_month_vague,False,False,True,False
2025년 지역축제 개최계획 현황(0321).xlsx,조사표,2025,경북,2025 안동 수페스타,자연생태,2025.7.~2025.8.,대면,,2025-07-01,2025-08-31,True,split_month_vague,False,False,True,False
2025년 지역축제 개최계획 현황(0321).xlsx,조사표,2025,경북,2025 안동국제탈춤페스티벌,전통역사,2025.9.26~2025.10.5,대면,,2025-09-26,2025-10-05,False,split_date_exact,False,False,True,False
2025년 지역축제 개최계획 현황(0321).xlsx,조사표,2025,경북,2025 김천김밥축제,문화예술,2025.10.25~2025.10.26,대면,,2025-10-25,2025-10-26,False,split_date_exact,False,False,True,False
2025년 지역축제 개최계획 현황(0321).xlsx,조사표,2025,경북,2025 연화지 벚꽃 페스타,문화예술,2025.3.29~2025.4.6,대면,,2025-03-29,2025-04-06,False,split_date_exact,False,False,True,False
2025년 지역축제 개최계획 현황(0321).xlsx,조사표,2025,경북,제14회 농촌체험축제,지역특산물,2025.10.18~2025.10.19,대면,,2025-10-18,2025-10-19,False,split_date_exact,False,False,True,False
2025년 지역축제 개최계획 현황(0321).xlsx,조사표,2025,경북,2025 김천포도축제,지역특산물,2025.9.19~2025.9.21,대면,,2025-09-19,2025-09-21,False,split_date_exact,False,False,True,False
2025년 지역축제 개최계획 현황(0321).xlsx,조사표,2025,경북,"청춘, 금오천 벚꽃 페스티벌",문화예술,2025.4.4~2025.4.8,대면,,2025-04-04,2025-04-08,False,split_date_exact,False,False,True,False
2025년 지역축제 개최계획 현황(0321).xlsx,조사표,2025,경북,금오예술제,문화예술,2025.9.18~2025.9.20,대면,,2025-09-18,2025-09-20,False,split_date_exact,False,False,True,False
2025년 지역축제 개최계획 현황(0321).xlsx,조사표,2025,경북,제4회 구미푸드페스티벌,주민화합,2025.10.~2025.10.,대면,,2025-10-01,2025-10-31,True,split_month_vague,False,False,True,False
2025년 지역축제 개최계획 현황(0321).xlsx,조사표,2025,경북,2025 구미독서문화축제,문화예술,2025.10.~2025.10.,대면,,2025-10-01,2025-10-31,True,split_month_vague,False,False,True,False
2025년 지역축제 개최계획 현황(0321).xlsx,조사표,2025,경북,제1회 우리농산물 한마당 축제,지역특산물,2025.10.~2025.10.,대면,,2025-10-01,2025-10-31,True,split_month_vague,False,False,True,False
2025년 지역축제 개최계획 현황(0321).xlsx,조사표,2025,경북,2025 구미라면축제,문화예술,2025.11.~2025.11.,대면,,2025-11-01,2025-11-30,True,split_month_vague,False,False,True,False
2025년 지역축제 개최계획 현황(0321).xlsx,조사표,2025,경북,2026 구미시 새희망 카운트다운,주민화합,2025.12.31~2026.1.1,대면,,2025-12-31,2026-01-01,False,split_date_exact,False,False,True,False
2025년 지역축제 개최계획 현황(0321).xlsx,조사표,2025,경북,영주 한국선비문화축제,문화예술,2025.5.~2025.5.,대면,,2025-05-01,2025-05-31,True,split_month_vague,False,False,True,False
2025년 지역축제 개최계획 현황(0321).xlsx,조사표,2025,경북,영주 소백산철쭉제,자연생태,2025.5.~2025.5.,대면,,2025-05-01,2025-05-31,True,split_month_vague,False,False,True,False
2025년 지역축제 개최계획 현황(0321).xlsx,조사표,2025,경북,영주 시원(ONE)축제,주민화합,2025.7.~2025.8.,대면,,2025-07-01,2025-08-31,True,split_month_vague,False,False,True,False
2025년 지역축제 개최계획 현황(0321).xlsx,조사표,2025,경북,영주 무섬외나무다리축제,전통역사,2025.10.~2025.10.,대면,,2025-10-01,2025-10-31,True,split_month_vague,False,False,True,False
2025년 지역축제 개최계획 현황(0321).xlsx,조사표,2025,경북,경북영주 풍기인삼축제,지역특산물,2025.10.~2025.10.,대면,,2025-10-01,2025-10-31,True,split_month_vague,False,False,True,False
2025년 지역축제 개최계획 현황(0321).xlsx,조사표,2025,경북,영주장날 농특산물대축제,지역특산물,2025.11.~2025.11.,대면,,2025-11-01,2025-11-30,True,split_month_vague,False,False,True,False
2025년 지역축제 개최계획 현황(0321).xlsx,조사표,2025,경북,제23회 영천한약축제,지역특산물,2025.9.26~2025.9.28,대면,,2025-09-26,2025-09-28,False,split_date_exact,False,False,True,False
2025년 지역축제 개최계획 현황(0321).xlsx,조사표,2025,경북,25년 영천별빛한우명품구이축제,지역특산물,2025.9.~2025.10.,대면,,2025-09-01,2025-10-31,True,split_month_vague,False,False,True,False
2025년 지역축제 개최계획 현황(0321).xlsx,조사표,2025,경북,제13회 영천와인페스타,지역특산물,2025.9.27~2025.9.28,대면,,2025-09-27,2025-09-28,False,split_date_exact,False,False,True,False
2025년 지역축제 개최계획 현황(0321).xlsx,조사표,2025,경북,제51회 영천문화예술제,문화예술,2025.10.~2025.10.,대면,,2025-10-01,2025-10-31,True,split_month_vague,False,False,True,False
2025년 지역축제 개최계획 현황(0321).xlsx,조사표,2025,경북,제5회 중악팔공산 은빛문화제,문화예술,2025.9.7~2025.9.8,혼합,,2025-09-07,2025-09-08,False,split_date_exact,False,False,True,False
2025년 지역축제 개최계획 현황(0321).xlsx,조사표,2025,경북,제22회 영천보현산별빛축제,지역특산물,2025.10.17~2025.10.19,혼합,,2025-10-17,2025-10-19,False,split_date_exact,False,False,True,False
2025년 지역축제 개최계획 현황(0321).xlsx,조사표,2025,경북,2025 상주곶감축제,지역특산물,2025.1.9~2025.1.12,대면,,2025-01-09,2025-01-12,False,split_date_exact,False,False,True,False
2025년 지역축제 개최계획 현황(0321).xlsx,조사표,2025,경북,2025 벚꽃에 물든 상상주도 비박페스티벌,주민화합,2025.3.29~2025.3.30,대면,,2025-03-29,2025-03-30,False,split_date_exact,False,False,True,False
2025년 지역축제 개최계획 현황(0321).xlsx,조사표,2025,경북,2025 상주 슬로라이프 페스티벌,주민화합,2025.5.24~2025.5.25,대면,,2025-05-24,2025-05-25,False,split_date_exact,False,False,True,False
2025년 지역축제 개최계획 현황(0321).xlsx,조사표,2025,경북,2025 낙동강 수상레저 페스타,주민화합,2025.8.~2025.8.,대면,,2025-08-01,2025-08-31,True,split_month_vague,False,False,True,False
2025년 지역축제 개최계획 현황(0321).xlsx,조사표,2025,경북,2025 상주세계모자페스티벌,주민화합,2025.9.26~2025.9.28,대면,,2025-09-26,2025-09-28,False,split_date_exact,False,False,True,False
2025년 지역축제 개최계획 현황(0321).xlsx,조사표,2025,경북,제27회 문경찻사발축제,문화예술,2025.5.3~2025.5.11,대면,,2025-05-03,2025-05-11,False,split_date_exact,False,False,True,False
2025년 지역축제 개최계획 현황(0321).xlsx,조사표,2025,경북,제21회 문경오미자축제,지역특산물,2025.9.~2025.9.,대면,,2025-09-01,2025-09-30,True,split_month_vague,False,False,True,False
2025년 지역축제 개최계획 현황(0321).xlsx,조사표,2025,경북,제20회 문경사과축제,지역특산물,2025.10.~2025.10.,대면,,2025-10-01,2025-10-31,True,split_month_vague,False,False,True,False
2025년 지역축제 개최계획 현황(0321).xlsx,조사표,2025,경북,제14회 문경약돌한우축제,지역특산물,2025.10.~2025.10.,대면,,2025-10-01,2025-10-31,True,split_month_vague,False,False,True,False
2025년 지역축제 개최계획 현황(0321).xlsx,조사표,2025,경북,제5회 전설의 귀신 in 문경,문화예술,2025.8.~2025.8.,대면,,2025-08-01,2025-08-31,True,split_month_vague,False,False,True,False
2025년 지역축제 개최계획 현황(0321).xlsx,조사표,2025,경북,2025 경산자인단오제,"문화예술, 전통역사",2025.5.30~2025.6.1,대면,,2025-05-30,2025-06-01,False,split_date_exact,False,False,True,False
2025년 지역축제 개최계획 현황(0321).xlsx,조사표,2025,경북,2025 경산갓바위소원성취축제,"문화예술, 전통역사",2025.9.~2025.9.,대면,,2025-09-01,2025-09-30,True,split_month_vague,False,False,True,False
2025년 지역축제 개최계획 현황(0321).xlsx,조사표,2025,경북,제14회 경산대추&농산물한마당,지역특산물,2025.10.~2025.10.,대면,,2025-10-01,2025-10-31,True,split_month_vague,False,False,True,False
2025년 지역축제 개최계획 현황(0321).xlsx,조사표,2025,경북,제18회 산수유마을 꽃맞이 행사,자연생태,2025.3.22~2025.3.30,대면,,2025-03-22,2025-03-30,False,split_date_exact,False,False,True,False
2025년 지역축제 개최계획 현황(0321).xlsx,조사표,2025,경북,제3회 남대천 벚꽃축제,자연생태,2025.4.5~2025.4.6,대면,,2025-04-05,2025-04-06,False,split_date_exact,False,False,True,False
2025년 지역축제 개최계획 현황(0321).xlsx,조사표,2025,경북,제8회 의성슈퍼푸드마늘축제,지역특산물,2025.10.~2025.10.,대면,,2025-10-01,2025-10-31,True,split_month_vague,False,False,True,False
2025년 지역축제 개최계획 현황(0321).xlsx,조사표,2025,경북,제19회 청송사과축제,지역특산물,2025.10.29~2025.11.2,혼합,,2025-10-29,2025-11-02,False,split_date_exact,False,False,True,False
2025년 지역축제 개최계획 현황(0321).xlsx,조사표,2025,경북,제2회 청송백자축제,문화예술,2025.5.23~2025.5.25,혼합,,2025-05-23,2025-05-25,False,split_date_exact,False,False,True,False
2025년 지역축제 개최계획 현황(0321).xlsx,조사표,2025,경북,제20회 영양산나물축제,지역특산물,2025.5.8~2025.5.11,대면,,2025-05-08,2025-05-11,False,split_date_exact,False,False,True,False
2025년 지역축제 개최계획 현황(0321).xlsx,조사표,2025,경북,캠핑과 함께하는 별빛 반딧불이 체험,자연생태,2025.8.24~2025.8.25,대면,,2025-08-24,2025-08-25,False,split_date_exact,False,False,True,False
2025년 지역축제 개최계획 현황(0321).xlsx,조사표,2025,경북,제 4회 수비 능이축제,지역특산물,2025.10.10~2025.10.12,대면,,2025-10-10,2025-10-12,False,split_date_exact,False,False,True,False
2025년 지역축제 개최계획 현황(0321).xlsx,조사표,2025,경북,제28회 영덕대게축제,지역특산물,2025.3.14~2025.3.17,대면,,2025-03-14,2025-03-17,False,split_date_exact,False,False,True,False
2025년 지역축제 개최계획 현황(0321).xlsx,조사표,2025,경북,제15회 영덕물가자미축제,지역특산물,2025.4.~2025.5.,대면,,2025-04-01,2025-05-31,True,split_month_vague,False,False,True,False
2025년 지역축제 개최계획 현황(0321).xlsx,조사표,2025,경북,영덕 국가유산 야행,전통역사,2025.6.20~2025.6.21,대면,,2025-06-20,2025-06-21,False,split_date_exact,False,False,True,False
2025년 지역축제 개최계획 현황(0321).xlsx,조사표,2025,경북,영덕황금은어축제,지역특산물,2025.8.~2025.8.,대면,,2025-08-01,2025-08-31,True,split_month_vague,False,False,True,False
2025년 지역축제 개최계획 현황(0321).xlsx,조사표,2025,경북,도민화합 새해맞이 타종식,주민화합,2025.12.31~2026.1.1,대면,,2025-12-31,2026-01-01,False,split_date_exact,False,False,True,False
2025년 지역축제 개최계획 현황(0321).xlsx,조사표,2025,경북,정월대보름민속한마당행사,문화예술,2025.2.12~2025.2.12,대면,,2025-02-12,2025-02-12,False,split_date_exact,False,False,True,False
2025년 지역축제 개최계획 현황(0321).xlsx,조사표,2025,경북,청도근대문화축제,문화예술,2025.4.~2025.5.,대면,,2025-04-01,2025-05-31,True,split_month_vague,False,False,True,False
2025년 지역축제 개최계획 현황(0321).xlsx,조사표,2025,경북,청도반시축제,문화예술,2025.10.~2025.10.,대면,,2025-10-01,2025-10-31,True,split_month_vague,False,False,True,False
2025년 지역축제 개최계획 현황(0321).xlsx,조사표,2025,경북,청도세계코미디아트페스티벌,문화예술,2025.10.~2025.10.,대면,,2025-10-01,2025-10-31,True,split_month_vague,False,False,True,False
2025년 지역축제 개최계획 현황(0321).xlsx,조사표,2025,경북,고령 대가야축제,전통역사,2025.3.28~2025.3.30,대면,,2025-03-28,2025-03-30,False,split_date_exact,False,False,True,False
2025년 지역축제 개최계획 현황(0321).xlsx,조사표,2025,경북,2025 성주참외&생명문화축제,문화예술,2025.5.15~2025.5.18,대면,,2025-05-15,2025-05-18,False,split_date_exact,False,False,True,False
2025년 지역축제 개최계획 현황(0321).xlsx,조사표,2025,경북,2025 성주가야산 황금들녘 메뚜기 축제,자연생태,2025.10.18~2025.10.19,대면,,2025-10-18,2025-10-19,False,split_date_exact,False,False,True,False
2025년 지역축제 개최계획 현황(0321).xlsx,조사표,2025,경북,제16회 가산산성 문화제,문화예술,2025.8.~2025.9.,대면,,2025-08-01,2025-09-30,True,split_month_vague,False,False,True,False
2025년 지역축제 개최계획 현황(0321).xlsx,조사표,2025,경북,"쉼과 힐링, 가톨릭 페스티벌",문화예술,2025.5.16~2025.5.18,대면,,2025-05-16,2025-05-18,False,split_date_exact,False,False,True,False
2025년 지역축제 개최계획 현황(0321).xlsx,조사표,2025,경북,제12회 칠곡낙동강평화축제,전통역사,2025.10.23~2025.10.26,대면,,2025-10-23,2025-10-26,False,split_date_exact,False,False,True,False
2025년 지역축제 개최계획 현황(0321).xlsx,조사표,2025,경북,제16회 낙동강지구 전투 전승행사,전통역사,2025.10.23~2025.10.26,대면,,2025-10-23,2025-10-26,False,split_date_exact,False,False,True,False
2025년 지역축제 개최계획 현황(0321).xlsx,조사표,2025,경북,칠곡꿀맥 페스타,지역특산물,2025.6.20~2025.6.21,대면,,2025-06-20,2025-06-21,False,split_date_exact,False,False,True,False
2025년 지역축제 개최계획 현황(0321).xlsx,조사표,2025,경북,인문학마을 축제,전통역사,2025.4.12~2025.4.12,대면,,2025-04-12,2025-04-12,False,split_date_exact,False,False,True,False
2025년 지역축제 개최계획 현황(0321).xlsx,조사표,2025,경북,칠곡 문화물결축제,문화예술,2025.5.31~2025.5.31,대면,,2025-05-31,2025-05-31,False,split_date_exact,False,False,True,False
2025년 지역축제 개최계획 현황(0321).xlsx,조사표,2025,경북,제3회 칠곡트랜스미디어 축제,문화예술,2025.9.~2025.10.,대면,,2025-09-01,2025-10-31,True,split_month_vague,False,False,True,False
2025년 지역축제 개최계획 현황(0321).xlsx,조사표,2025,경북,2025 회룡포 봄꽃축제,문화예술,2025.4.12~2025.4.20,대면,,2025-04-12,2025-04-20,False,split_date_exact,False,False,True,False
2025년 지역축제 개최계획 현황(0321).xlsx,조사표,2025,경북,2025 예천활축제,문화예술,2025.5.2~2025.5.5,대면,,2025-05-02,2025-05-05,False,split_date_exact,False,False,True,False
2025년 지역축제 개최계획 현황(0321).xlsx,조사표,2025,경북,2025 예천곤충축제,문화예술,2025.8.15~2025.8.17,대면,,2025-08-15,2025-08-17,False,split_date_exact,False,False,True,False
2025년 지역축제 개최계획 현황(0321).xlsx,조사표,2025,경북,2025 예천버블런,주민화합,2025.8.~2025.8.,대면,,2025-08-01,2025-08-31,True,split_month_vague,False,False,True,False
2025년 지역축제 개최계획 현황(0321).xlsx,조사표,2025,경북,2025 삼강주막 나루터축제,문화예술,2025.10.4~2025.10.6,대면,,2025-10-04,2025-10-06,False,split_date_exact,False,False,True,False
2025년 지역축제 개최계획 현황(0321).xlsx,조사표,2025,경북,2025 예천농산물축제,지역특산물,2025.11.~2025.11.,대면,,2025-11-01,2025-11-30,True,split_month_vague,False,False,True,False
2025년 지역축제 개최계획 현황(0321).xlsx,조사표,2025,경북,2025 금당야행,문화예술,2025.10.~2025.10.,대면,,2025-10-01,2025-10-31,True,split_month_vague,False,False,True,False
2025년 지역축제 개최계획 현황(0321).xlsx,조사표,2025,경북,제27회 봉화은어축제,자연생태,2025.7.~2025.8.,대면,,2025-07-01,2025-08-31,True,split_month_vague,False,False,True,False
2025년 지역축제 개최계획 현황(0321).xlsx,조사표,2025,경북,제29회 봉화송이축제,지역특산물,2025.9.~2025.10.,대면,,2025-09-01,2025-10-31,True,split_month_vague,False,False,True,False
2025년 지역축제 개최계획 현황(0321).xlsx,조사표,2025,경북,한여름/한겨울 산타마을축제,문화예술,2025.7.~2026.2.,대면,,2025-07-01,2026-02-28,True,split_month_vague,False,False,True,False
2025년 지역축제 개최계획 현황(0321).xlsx,조사표,2025,경북,2025 울진대게와 붉은대게축제,지역특산물,2025.2.28~2025.3.3,대면,,2025-02-28,2025-03-03,False,split_date_exact,False,False,True,False
2025년 지역축제 개최계획 현황(0321).xlsx,조사표,2025,경북,2025 죽변항 수산물축제,지역특산물,2025.11.~2025.11.,대면,,2025-11-01,2025-11-30,True,split_month_vague,False,False,True,False
2025년 지역축제 개최계획 현황(0321).xlsx,조사표,2025,경북,제23회 울릉도오징어축제,지역특산물,2025.8.~2025.8.,대면,,2025-08-01,2025-08-31,True,split_month_vague,False,False,True,False
2025년 지역축제 개최계획 현황(0321).xlsx,조사표,2025,광주,아트피크닉,문화예술,2025.4.~2025.11.,대면,,2025-04-01,2025-11-30,True,split_month_vague,False,False,True,False
2025년 지역축제 개최계획 현황(0321).xlsx,조사표,2025,광주,대인예술시장,문화예술,2025.5.~2025.10.,대면,,2025-05-01,2025-10-31,True,split_month_vague,False,False,True,False
2025년 지역축제 개최계획 현황(0321).xlsx,조사표,2025,광주,2025 광주스트릿컬처페스타,문화예술,2025.6.5~2025.6.8,대면,,2025-06-05,2025-06-08,False,split_date_exact,False,False,True,False
2025년 지역축제 개최계획 현황(0321).xlsx,조사표,2025,광주,제11회 광주디자인비엔날레,문화예술,2025.9.~2025.11.,대면,,2025-09-01,2025-11-30,True,split_month_vague,False,False,True,False
2025년 지역축제 개최계획 현황(0321).xlsx,조사표,2025,광주,2025 광주청년주간,문화예술,2025.9.~2025.9.,대면,,2025-09-01,2025-09-30,True,split_month_vague,False,False,True,False
2025년 지역축제 개최계획 현황(0321).xlsx,조사표,2025,광주,광주국제미술전람회 '아트광주24',문화예술,2025.10.21~2025.10.26,대면,,2025-10-21,2025-10-26,False,split_date_exact,False,False,True,False
2025년 지역축제 개최계획 현황(0321).xlsx,조사표,2025,광주,제32회 광주김치축제,전통역사,2025.10.~2025.10.,대면,,2025-10-01,2025-10-31,True,split_month_vague,False,False,True,False
2025년 지역축제 개최계획 현황(0321).xlsx,조사표,2025,광주,문화유산 야행,전통역사,2025.4.25~2025.4.26,대면,,2025-04-25,2025-04-26,False,split_date_exact,False,False,True,False
2025년 지역축제 개최계획 현황(0321).xlsx,조사표,2025,광주,라온페스타,문화예술,2025.4.~2025.12.,대면,,2025-04-01,2025-12-31,True,split_month_vague,False,False,True,False
2025년 지역축제 개최계획 현황(0321).xlsx,조사표,2025,광주,무등산인문축제,문화예술,2025.5.31~2025.6.1,대면,,2025-05-31,2025-06-01,False,split_date_exact,False,False,True,False
2025년 지역축제 개최계획 현황(0321).xlsx,조사표,2025,광주,제22회 광주 추억의 충장축제,문화예술,2025.10.~2025.10.,대면,,2025-10-01,2025-10-31,True,split_month_vague,False,False,True,False
2025년 지역축제 개최계획 현황(0321).xlsx,조사표,2025,광주,제4회 광주 버스킹월드컵,문화예술,2025.10.~2025.10.,대면,,2025-10-01,2025-10-31,True,split_month_vague,False,False,True,False
2025년 지역축제 개최계획 현황(0321).xlsx,조사표,2025,광주,제3회 힐링음악회 새봄,주민화합,2025.4.~2025.4.,대면,,2025-04-01,2025-04-30,True,split_month_vague,False,False,True,False
2025년 지역축제 개최계획 현황(0321).xlsx,조사표,2025,광주,제3회 양동통맥축제,주민화합,2025.4.~2025.4.,대면,,2025-04-01,2025-04-30,True,split_month_vague,False,False,True,False
2025년 지역축제 개최계획 현황(0321).xlsx,조사표,2025,광주,제10회 광주서창억새축제,자연생태,2025.10.~2025.10.,대면,,2025-10-01,2025-10-31,True,split_month_vague,False,False,True,False
2025년 지역축제 개최계획 현황(0321).xlsx,조사표,2025,광주,제42회 고싸움놀이축제,문화예술,2025.2.7~2025.2.9,대면,,2025-02-07,2025-02-09,False,split_date_exact,False,False,True,False
2025년 지역축제 개최계획 현황(0321).xlsx,조사표,2025,광주,인문학축제 제14회 굿모닝양림,문화예술,2025.10.~2025.10.,대면,,2025-10-01,2025-10-31,True,split_month_vague,False,False,True,False
2025년 지역축제 개최계획 현황(0321).xlsx,조사표,2025,광주,2025 양림&크리스마스 문화축제,문화예술,2025.12.1~2025.12.31,대면,,2025-12-01,2025-12-31,False,split_date_exact,False,False,True,False
2025년 지역축제 개최계획 현황(0321).xlsx,조사표,2025,광주,제3회 광산뮤직ON페스티벌,문화예술,2025.9.~2025.9.,대면,,2025-09-01,2025-09-30,True,split_month_vague,False,False,True,False
2025년 지역축제 개최계획 현황(0321).xlsx,조사표,2025,대구,대구생활문화제,문화예술,2025.5.10~2025.5.11,대면,,2025-05-10,2025-05-11,False,split_date_exact,False,False,True,False
2025년 지역축제 개최계획 현황(0321).xlsx,조사표,2025,대구,대구포크페스티벌,문화예술,2025.9.26~2025.9.28,대면,,2025-09-26,2025-09-28,False,split_date_exact,False,False,True,False
2025년 지역축제 개최계획 현황(0321).xlsx,조사표,2025,대구,월드오케스트라페스티벌,문화예술,2025.10.1~2025.11.30,대면,,2025-10-01,2025-11-30,False,split_date_exact,False,False,True,False
2025년 지역축제 개최계획 현황(0321).xlsx,조사표,2025,대구,대구시민축제,문화예술,2025.9.18~2025.9.20,대면,,2025-09-18,2025-09-20,False,split_date_exact,False,False,True,False
2025년 지역축제 개최계획 현황(0321).xlsx,조사표,2025,대구,팔공산 산중전통장터 승시 축제,전통역사,2025.10.1~2025.10.3,대면,,2025-10-01,2025-10-03,False,split_date_exact,False,False,True,False
2025년 지역축제 개최계획 현황(0321).xlsx,조사표,2025,대구,제47회 대구약령시한방문화축제,전통역사,2025.5.8~2025.5.11,대면,,2025-05-08,2025-05-11,False,split_date_exact,False,False,True,False
2025년 지역축제 개최계획 현황(0321).xlsx,조사표,2025,대구,형형색색 달구벌 관등놀이,전통역사,2025.4.~2025.5.,대면,,2025-04-01,2025-05-31,True,split_month_vague,False,False,True,False
2025년 지역축제 개최계획 현황(0321).xlsx,조사표,2025,대구,대구치맥페스티벌,지역특산물,2025.7.2~2025.7.6,대면,,2025-07-02,2025-07-06,False,split_date_exact,False,False,True,True
2025년 지역축제 개최계획 현황(0321).xlsx,조사표,2025,대구,2025 파워풀대구페스티벌,문화예술,2025.5.10~2025.5.11,대면,,2025-05-10,2025-05-11,False,split_date_exact,False,False,True,False
2025년 지역축제 개최계획 현황(0321).xlsx,조사표,2025,대구,제47회 대구약령시한방문화축제,전통역사,2025.5.8~2025.5.11,대면,,2025-05-08,2025-05-11,False,split_date_exact,False,False,True,False
2025년 지역축제 개최계획 현황(0321).xlsx,조사표,2025,대구,대구 국가유산 야행,문화예술,2025.8.29~2025.8.30,대면,,2025-08-29,2025-08-30,False,split_date_exact,False,False,True,False
2025년 지역축제 개최계획 현황(0321).xlsx,조사표,2025,대구,제1회 동성로 관광특구 페스타,문화예술,2025.9.~2025.9.,대면,,2025-09-01,2025-09-30,True,split_month_vague,False,False,True,False
2025년 지역축제 개최계획 현황(0321).xlsx,조사표,2025,대구,제36회 동성로축제,문화예술,2025.5.9~2025.5.11,대면,,2025-05-09,2025-05-11,False,split_date_exact,False,False,True,False
2025년 지역축제 개최계획 현황(0321).xlsx,조사표,2025,대구,김광석길 페스티벌,문화예술,2025.10.~2025.10.,대면,,2025-10-01,2025-10-31,True,split_month_vague,False,False,True,False
2025년 지역축제 개최계획 현황(0321).xlsx,조사표,2025,대구,제20회 대구패션주얼리위크,문화예술,2025.10.~2025.10.,대면,,2025-10-01,2025-10-31,True,split_month_vague,False,False,True,False
2025년 지역축제 개최계획 현황(0321).xlsx,조사표,2025,대구,서문시장글로벌대축제,전통역사,2025.10.~2025.10.,복합,,2025-10-01,2025-10-31,True,split_month_vague,False,False,True,False
2025년 지역축제 개최계획 현황(0321).xlsx,조사표,2025,대구,교동시장한마음축제,전통역사,2025.10.~2025.10.,복합,,2025-10-01,2025-10-31,True,split_month_vague,False,False,True,False
2025년 지역축제 개최계획 현황(0321).xlsx,조사표,2025,대구,제10회 최계란선생 대구아리랑축제,문화예술,2025.10.~2025.10.,대면,,2025-10-01,2025-10-31,True,split_month_vague,False,False,True,False
2025년 지역축제 개최계획 현황(0321).xlsx,조사표,2025,대구,2025년 동구 봄축제,주민화합,2025.3.28~2025.3.29,대면,,2025-03-28,2025-03-29,False,split_date_exact,False,False,True,False
2025년 지역축제 개최계획 현황(0321).xlsx,조사표,2025,대구,2025년 동구 여름축제,주민화합,2025.8.1~2025.8.2,대면,,2025-08-01,2025-08-02,False,split_date_exact,False,False,True,False
2025년 지역축제 개최계획 현황(0321).xlsx,조사표,2025,대구,2025년 제14회 팔공산 벚꽃축제,자연생태,2025.4.~2025.4.,대면,,2025-04-01,2025-04-30,True,split_month_vague,False,False,True,False
2025년 지역축제 개최계획 현황(0321).xlsx,조사표,2025,대구,2025년 제24회 팔공산 단풍축제,자연생태,2025.10.~2025.10.,대면,,2025-10-01,2025-10-31,True,split_month_vague,False,False,True,False
2025년 지역축제 개최계획 현황(0321).xlsx,조사표,2025,대구,2025년 제8회 안심창조밸리 연꽃마을축제,자연생태,2025.7.19~2025.7.20,대면,,2025-07-19,2025-07-20,False,split_date_exact,False,False,True,False
2025년 지역축제 개최계획 현황(0321).xlsx,조사표,2025,대구,달구벌목민관 부임 마을축제,전통역사,2025.10.18~2025.10.19,대면,,2025-10-18,2025-10-19,False,split_date_exact,False,False,True,False
2025년 지역축제 개최계획 현황(0321).xlsx,조사표,2025,대구,제30회 대덕제 「2025대구앞산축제」,문화예술,2025.5.17~2025.5.18,대면,,2025-05-17,2025-05-18,False,split_date_exact,False,False,True,False
2025년 지역축제 개최계획 현황(0321).xlsx,조사표,2025,대구,2025 앞산 크리스마스축제,문화예술,2025.12.20~2025.12.21,대면,,2025-12-20,2025-12-21,False,split_date_exact,False,False,True,False
2025년 지역축제 개최계획 현황(0321).xlsx,조사표,2025,대구,제5회 떡볶이 페스티벌,문화예술,2025.5.9~2025.5.11,대면,,2025-05-09,2025-05-11,False,split_date_exact,False,False,True,False
2025년 지역축제 개최계획 현황(0321).xlsx,조사표,2025,대구,2025 금호강 바람소리길 축제,문화예술,2025.9.27~2025.9.28,대면,,2025-09-27,2025-09-28,False,split_date_exact,False,False,True,False
2025년 지역축제 개최계획 현황(0321).xlsx,조사표,2025,대구,수성못페스티벌,문화예술,2025.9.26~2025.9.28,대면,,2025-09-26,2025-09-28,False,split_date_exact,False,False,True,False
2025년 지역축제 개최계획 현황(0321).xlsx,조사표,2025,대구,수제맥주페스티벌,주민화합,2025.6.13~2025.6.15,대면,,2025-06-13,2025-06-15,False,split_date_exact,False,False,True,True
2025년 지역축제 개최계획 현황(0321).xlsx,조사표,2025,대구,수성빛예술제,문화예술,2025.12.22~2025.12.31,대면,,2025-12-22,2025-12-31,False,split_date_exact,False,False,True,False
2025년 지역축제 개최계획 현황(0321).xlsx,조사표,2025,대구,장미꽃 필 무렵,자연생태,2025.5.9~2025.5.11,대면,,2025-05-09,2025-05-11,False,split_date_exact,False,False,True,False
2025년 지역축제 개최계획 현황(0321).xlsx,조사표,2025,대구,선사문화체험축제,전통역사,2025.4.26~2025.4.27,대면,,2025-04-26,2025-04-27,False,split_date_exact,False,False,True,False
2025년 지역축제 개최계획 현황(0321).xlsx,조사표,2025,대구,희망달서 대축제,주민화합,2025.10.11~2025.10.12,대면,,2025-10-11,2025-10-12,False,split_date_exact,False,False,True,False
2025년 지역축제 개최계획 현황(0321).xlsx,조사표,2025,대구,제29회 비슬산 참꽃 문화제,문화예술,2025.4.~2025.4.,대면,,2025-04-01,2025-04-30,True,split_month_vague,False,False,True,False
2025년 지역축제 개최계획 현황(0321).xlsx,조사표,2025,대구,2025 yes! 키즈존,문화예술,2025.5.~2025.5.,대면,,2025-05-01,2025-05-31,True,split_month_vague,False,False,True,False
2025년 지역축제 개최계획 현황(0321).xlsx,조사표,2025,대전,2025 대전 0시 축제,문화예술,2025.8.8~2025.8.16,대면,,2025-08-08,2025-08-16,False,split_date_exact,False,False,True,False
2025년 지역축제 개최계획 현황(0321).xlsx,조사표,2025,대전,"2025 대전 사이언스페스티벌
○ (통합개최) (대전)제28회 대전사이언스페스티벌+(과기부)제29회 대한민국과학축제+대한민국과힉기술대전
○(예산내역) 총 38억원 /  대전시 16억, 과기부 22억(한국과학창의재단 12억, 한국연구재단 10억)
○(예상인원) 약 60만명 / 사이언스 30만명, 과학축제 30만명",문화예술,2025.4.16~2025.4.20,대면,,2025-04-16,2025-04-20,False,split_date_exact,False,False,True,False
2025년 지역축제 개최계획 현황(0321).xlsx,조사표,2025,대전,2025 대전 빵 축제,문화예술,2025.10.~2025.10.,대면,,2025-10-01,2025-10-31,True,split_month_vague,False,False,True,False
2025년 지역축제 개최계획 현황(0321).xlsx,조사표,2025,대전,대전 국제 와인 EXPO,문화예술,2025.10.26~2025.11.2,대면,,2025-10-26,2025-11-02,False,split_date_exact,False,False,True,False
2025년 지역축제 개최계획 현황(0321).xlsx,조사표,2025,대전,민관군화합페스티벌,문화예술,2025.5.30~2025.5.31,대면,,2025-05-30,2025-05-31,False,split_date_exact,False,False,True,False
2025년 지역축제 개최계획 현황(0321).xlsx,조사표,2025,대전,2025 대전 동구동락 축제,주민화합,2025.10.3~2025.10.5,대면,,2025-10-03,2025-10-05,False,split_date_exact,False,False,True,False
2025년 지역축제 개최계획 현황(0321).xlsx,조사표,2025,대전,제7회 대청호 벚꽃축제(가칭),자연생태,2025.3.29~2025.4.6,대면,,2025-03-29,2025-04-06,False,split_date_exact,False,False,True,False
2025년 지역축제 개최계획 현황(0321).xlsx,조사표,2025,대전,"제3회 중앙시장 주말축제
야시장 '동구夜놀자'",문화예술,2025.5.2~2025.10.4,대면,,2025-05-02,2025-10-04,False,split_date_exact,False,False,True,False
2025년 지역축제 개최계획 현황(0321).xlsx,조사표,2025,대전,2025년 캠핑요리축제,주민화합,2025.5.10~2025.5.11,대면,,2025-05-10,2025-05-11,False,split_date_exact,False,False,True,False
2025년 지역축제 개최계획 현황(0321).xlsx,조사표,2025,대전,달빛 야외도서관,문화예술,2025.4.25~2025.4.26,대면,,2025-04-25,2025-04-26,False,split_date_exact,False,False,True,False
2025년 지역축제 개최계획 현황(0321).xlsx,조사표,2025,대전,제16회 대전효문화뿌리축제,문화예술,2025.9.26~2025.9.28,대면,,2025-09-26,2025-09-28,False,split_date_exact,False,False,True,False
2025년 지역축제 개최계획 현황(0321).xlsx,조사표,2025,대전,2025 대전 서구 아트페스티벌,문화예술,2025.10.~2025.10.,대면,,2025-10-01,2025-10-31,True,split_month_vague,False,False,True,False
2025년 지역축제 개최계획 현황(0321).xlsx,조사표,2025,대전,제15회 갑천누리길 녹색체험여행,자연생태,2025.9.26~2025.9.27,대면,,2025-09-26,2025-09-27,False,split_date_exact,False,False,True,False
2025년 지역축제 개최계획 현황(0321).xlsx,조사표,2025,대전,2025 유성온천문화축제,문화예술,2025.5.2~2025.5.4,대면,,2025-05-02,2025-05-04,False,split_date_exact,False,False,True,False
2025년 지역축제 개최계획 현황(0321).xlsx,조사표,2025,대전,2025 유성재즈&맥주 페스타,문화예술,2025.8.29~2025.8.31,대면,,2025-08-29,2025-08-31,False,split_date_exact,False,False,True,True
2025년 지역축제 개최계획 현황(0321).xlsx,조사표,2025,대전,2025 유성온천 크리스마스축제,문화예술,2025.12.5~2025.12.7,대면,,2025-12-05,2025-12-07,False,split_date_exact,False,False,True,False
2025년 지역축제 개최계획 현황(0321).xlsx,조사표,2025,대전,제16회 유성국화축제,문화예술,2025.10.17~2025.11.2,대면,,2025-10-17,2025-11-02,False,split_date_exact,False,False,True,False
2025년 지역축제 개최계획 현황(0321).xlsx,조사표,2025,대전,2025 대덕물빛축제,문화예술,2025.3.28~2025.4.26,대면,,2025-03-28,2025-04-26,False,split_date_exact,False,False,True,False
2025년 지역축제 개최계획 현황(0321).xlsx,조사표,2025,대전,제28회 동춘당문화제,전통역사,2025.5.3~2025.5.3,대면,,2025-05-03,2025-05-03,False,split_date_exact,False,False,True,False
2025년 지역축제 개최계획 현황(0321).xlsx,조사표,2025,대전,2025 대덕거리 페스티벌,문화예술,2025.5.~2025.5.,대면,,2025-05-01,2025-05-31,True,split_month_vague,False,False,True,False
2025년 지역축제 개최계획 현황(0321).xlsx,조사표,2025,대전,제14회 김호연재 여성문화축제,전통역사,2025.9.20~2025.9.20,대면,,2025-09-20,2025-09-20,False,split_date_exact,False,False,True,False
2025년 지역축제 개최계획 현황(0321).xlsx,조사표,2025,대전,2025년 제9회 장동계족산 코스모스축제,자연생태,2025.10.10~2025.10.12,대면,,2025-10-10,2025-10-12,False,split_date_exact,False,False,True,False
2025년 지역축제 개최계획 현황(0321).xlsx,조사표,2025,부산,2025 부산국제록페스티벌,문화예술,2025.9.26~2025.9.28,대면,,2025-09-26,2025-09-28,False,split_date_exact,False,False,True,False
2025년 지역축제 개최계획 현황(0321).xlsx,조사표,2025,부산,제10회 부산원도심활성화축제,문화예술,2025.5.~2025.5.,대면,,2025-05-01,2025-05-31,True,split_month_vague,False,False,True,False
2025년 지역축제 개최계획 현황(0321).xlsx,조사표,2025,부산,제38회 부산 북극곰축제,자연생태,2025.2.7~2025.2.9,대면,,2025-02-07,2025-02-09,False,split_date_exact,False,False,True,False
2025년 지역축제 개최계획 현황(0321).xlsx,조사표,2025,부산,제20회 부산불꽃축제,문화예술,2025.11.~2025.11.,대면,,2025-11-01,2025-11-30,True,split_month_vague,False,False,True,False
2025년 지역축제 개최계획 현황(0321).xlsx,조사표,2025,부산,제29회 부산바다축제,문화예술,2025.8.1~2025.8.3,대면,,2025-08-01,2025-08-03,False,split_date_exact,False,False,True,False
2025년 지역축제 개최계획 현황(0321).xlsx,조사표,2025,부산,2025 부산밀페스티벌,문화예술,2025.5.~2025.5.,대면,,2025-05-01,2025-05-31,True,split_month_vague,False,False,True,False
2025년 지역축제 개최계획 현황(0321).xlsx,조사표,2025,부산,부산 시민의종 타종행사,문화예술,2025.12.31~2026.1.1,대면,,2025-12-31,2026-01-01,False,split_date_exact,False,False,True,False
2025년 지역축제 개최계획 현황(0321).xlsx,조사표,2025,부산,제18회 부산항축제,주민화합,2025.5.30~2025.5.31,대면,,2025-05-30,2025-05-31,False,split_date_exact,False,False,True,False
2025년 지역축제 개최계획 현황(0321).xlsx,조사표,2025,부산,2025 조선통신사 축제,전통역사,2025.4.25~2025.4.27,대면,,2025-04-25,2025-04-27,False,split_date_exact,False,False,True,False
2025년 지역축제 개최계획 현황(0321).xlsx,조사표,2025,부산,2025 제10회 피란수도 부산 문화유산 야행,전통역사,2025.8.15~2025.8.16,복합,,2025-08-15,2025-08-16,False,split_date_exact,False,False,True,False
2025년 지역축제 개최계획 현황(0321).xlsx,조사표,2025,부산,2025 부산민속예술제,전통역사,2025.10.25~2025.10.26,대면,,2025-10-25,2025-10-26,False,split_date_exact,False,False,True,False
2025년 지역축제 개최계획 현황(0321).xlsx,조사표,2025,부산,제33회 영도다리축제,문화예술,2025.10.~2025.10.,대면,,2025-10-01,2025-10-31,True,split_month_vague,False,False,True,False
2025년 지역축제 개최계획 현황(0321).xlsx,조사표,2025,부산,2025 글로벌 영도커피페스티벌,문화예술,2025.5.23~2025.5.25,대면,,2025-05-23,2025-05-25,False,split_date_exact,False,False,True,False
2025년 지역축제 개최계획 현황(0321).xlsx,조사표,2025,부산,부산 서구 의료관광축제,주민화합,2025.5.~2025.5.,대면,,2025-05-01,2025-05-31,True,split_month_vague,False,False,True,False
2025년 지역축제 개최계획 현황(0321).xlsx,조사표,2025,부산,부산고등어축제,지역특산물,2025.10.24~2025.10.26,복합,,2025-10-24,2025-10-26,False,split_date_exact,False,False,True,False
2025년 지역축제 개최계획 현황(0321).xlsx,조사표,2025,부산,서면 빛 축제,문화예술,2025.10.~2026.1.,대면,,2025-10-01,2026-01-31,True,split_month_vague,False,False,True,False
2025년 지역축제 개최계획 현황(0321).xlsx,조사표,2025,부산,전포커피축제,문화예술,2025.10.~2025.10.,대면,,2025-10-01,2025-10-31,True,split_month_vague,False,False,True,False
2025년 지역축제 개최계획 현황(0321).xlsx,조사표,2025,부산,서면메디컬스트리트축제,문화예술,2025.10.~2025.10.,대면,,2025-10-01,2025-10-31,True,split_month_vague,False,False,True,False
2025년 지역축제 개최계획 현황(0321).xlsx,조사표,2025,부산,비어로드 페스티벌,문화예술,2025.8.~2025.8.,대면,,2025-08-01,2025-08-31,True,split_month_vague,False,False,True,True
2025년 지역축제 개최계획 현황(0321).xlsx,조사표,2025,부산,제27회 UN평화축제,문화예술,2025.10.17~2025.10.19,대면,,2025-10-17,2025-10-19,False,split_date_exact,False,False,True,False
2025년 지역축제 개최계획 현황(0321).xlsx,조사표,2025,부산,제12회 낙동강 구포나루 축제,문화예술,2025.9.~2025.9.,대면,,2025-09-01,2025-09-30,True,split_month_vague,False,False,True,False
2025년 지역축제 개최계획 현황(0321).xlsx,조사표,2025,부산,강서 낙동강30리 벚꽃축제,자연생태,2025.3.28~2025.3.30,대면,,2025-03-28,2025-03-30,False,split_date_exact,False,False,True,False
2025년 지역축제 개최계획 현황(0321).xlsx,조사표,2025,부산,명지시장 전어축제,지역특산물,2025.8.26~2025.8.29,대면,,2025-08-26,2025-08-29,False,split_date_exact,False,False,True,False
2025년 지역축제 개최계획 현황(0321).xlsx,조사표,2025,부산,대저토마토축제,지역특산물,2025.3.22~2025.3.23,대면,,2025-03-22,2025-03-23,False,split_date_exact,False,False,True,False
2025년 지역축제 개최계획 현황(0321).xlsx,조사표,2025,부산,부산국제공연예술제,문화예술,2025.9.26~2025.9.28,대면,,2025-09-26,2025-09-28,False,split_date_exact,False,False,True,False
2025년 지역축제 개최계획 현황(0321).xlsx,조사표,2025,부산,2025 금정산성축제,전통역사,2025.5.23~2025.5.25,대면,,2025-05-23,2025-05-25,False,split_date_exact,False,False,True,False
2025년 지역축제 개최계획 현황(0321).xlsx,조사표,2025,부산,라라라 페스티벌,문화예술,2025.10.~2025.10.,대면,,2025-10-01,2025-10-31,True,split_month_vague,False,False,True,False
2025년 지역축제 개최계획 현황(0321).xlsx,조사표,2025,부산,제40회 해운대 달맞이온천축제,전통역사,2025.2.10~2025.2.12,대면,,2025-02-10,2025-02-12,False,split_date_exact,False,False,True,False
2025년 지역축제 개최계획 현황(0321).xlsx,조사표,2025,부산,제20회 해운대모래축제,자연생태,2025.5.16~2025.5.19,대면,,2025-05-16,2025-05-19,False,split_date_exact,False,False,True,False
2025년 지역축제 개최계획 현황(0321).xlsx,조사표,2025,부산,제7회 해운대 해양레저축제,문화예술,2025.9.13~2025.9.14,대면,,2025-09-13,2025-09-14,False,split_date_exact,False,False,True,False
2025년 지역축제 개최계획 현황(0321).xlsx,조사표,2025,부산,제12회 해운대 빛축제,문화예술,2025.12.~2026.2.,대면,,2025-12-01,2026-02-28,True,split_month_vague,False,False,True,False
2025년 지역축제 개최계획 현황(0321).xlsx,조사표,2025,부산,제22회 사상강변축제,문화예술,2025.9.20~2025.9.21,대면,,2025-09-20,2025-09-21,False,split_date_exact,False,False,True,False
2025년 지역축제 개최계획 현황(0321).xlsx,조사표,2025,부산,2025 낙동강정원 벚꽃축제,문화예술,2025.3.28~2025.3.30,대면,,2025-03-28,2025-03-30,False,split_date_exact,False,False,True,False
2025년 지역축제 개최계획 현황(0321).xlsx,조사표,2025,부산,제27회 기장갯마을축제,주민화합,2025.7.31~2025.8.3,대면,,2025-07-31,2025-08-03,False,split_date_exact,False,False,True,False
2025년 지역축제 개최계획 현황(0321).xlsx,조사표,2025,부산,기장임랑썸머뮤직페스티벌,주민화합,2025.7.~2025.7.,대면,,2025-07-01,2025-07-31,True,split_month_vague,False,False,True,False
2025년 지역축제 개최계획 현황(0321).xlsx,조사표,2025,부산,제11회 정관생태하천학습문화축제,문화예술,2025.10.17~2025.10.19,대면,,2025-10-17,2025-10-19,False,split_date_exact,False,False,True,False
2025년 지역축제 개최계획 현황(0321).xlsx,조사표,2025,부산,제29회 기장멸치축제,지역특산물,2025.4.26~2025.4.27,대면,,2025-04-26,2025-04-27,False,split_date_exact,False,False,True,False
2025년 지역축제 개최계획 현황(0321).xlsx,조사표,2025,부산,제19회 기장붕장어축제,지역특산물,2025.9.~2025.9.,대면,,2025-09-01,2025-09-30,True,split_month_vague,False,False,True,False
2025년 지역축제 개최계획 현황(0321).xlsx,조사표,2025,부산,제15회 철마한우불고기축제,지역특산물,2025.4.17~2025.4.20,대면,,2025-04-17,2025-04-20,False,split_date_exact,False,False,True,False
2025년 지역축제 개최계획 현황(0321).xlsx,조사표,2025,부산,제12회 기장미역다시마 축제,지역특산물,2025.4.~2025.4.,대면,,2025-04-01,2025-04-30,True,split_month_vague,False,False,True,False
2025년 지역축제 개최계획 현황(0321).xlsx,조사표,2025,부산,동래읍성역사축제,전통역사,2025.10.24~2025.10.26,대면,,2025-10-24,2025-10-26,False,split_date_exact,False,False,True,False
2025년 지역축제 개최계획 현황(0321).xlsx,조사표,2025,부산,동래3.1만세운동재현행사,전통역사,2025.3.1~2025.3.1,대면,,2025-03-01,2025-03-01,False,split_date_exact,False,False,True,False
2025년 지역축제 개최계획 현황(0321).xlsx,조사표,2025,부산,동래 문화교육 특구페스티벌,문화예술,2025.5.9~2025.5.10,대면,,2025-05-09,2025-05-10,False,split_date_exact,False,False,True,False
2025년 지역축제 개최계획 현황(0321).xlsx,조사표,2025,부산,제3회 온천천 빛축제,문화예술,2025.12.19~2026.2.1,대면,,2025-12-19,2026-02-01,False,split_date_exact,False,False,True,False
2025년 지역축제 개최계획 현황(0321).xlsx,조사표,2025,부산,제22회 부산차이나타운 문화축제,문화예술,2025.10.17~2025.10.19,대면,,2025-10-17,2025-10-19,False,split_date_exact,False,False,True,False
2025년 지역축제 개최계획 현황(0321).xlsx,조사표,2025,부산,2025년 광복로 연등문화제,문화예술,2025.4.7~2025.5.6,대면,,2025-04-07,2025-05-06,False,split_date_exact,False,False,True,False
2025년 지역축제 개최계획 현황(0321).xlsx,조사표,2025,부산,유라리건맥축제,지역특산물,2025.9.~2025.9.,대면,,2025-09-01,2025-09-30,True,split_month_vague,False,False,True,False
2025년 지역축제 개최계획 현황(0321).xlsx,조사표,2025,부산,제32회 부산 자갈치축제,지역특산물,2025.10.~2025.10.,대면,,2025-10-01,2025-10-31,True,split_month_vague,False,False,True,False
2025년 지역축제 개최계획 현황(0321).xlsx,조사표,2025,부산,2025 광복로 겨울빛 트리축제,문화예술,2025.11.~2026.2.,대면,,2025-11-01,2026-02-28,True,split_month_vague,False,False,True,False
2025년 지역축제 개최계획 현황(0321).xlsx,조사표,2025,부산,제6회 연제고분판타지축제,전통역사,2025.3.28~2025.3.30,대면,,2025-03-28,2025-03-30,False,split_date_exact,False,False,True,False
2025년 지역축제 개최계획 현황(0321).xlsx,조사표,2025,부산,감천문화마을골목축제,문화예술,2025.10.~2025.10.,대면,,2025-10-01,2025-10-31,True,split_month_vague,False,False,True,False
2025년 지역축제 개최계획 현황(0321).xlsx,조사표,2025,부산,다대포 선셋 영화 축제,문화예술,2025.5.31~2025.6.3,대면,,2025-05-31,2025-06-03,False,split_date_exact,False,False,True,False
2025년 지역축제 개최계획 현황(0321).xlsx,조사표,2025,부산,사하예술제,문화예술,2025.10.~2025.10.,대면,,2025-10-01,2025-10-31,True,split_month_vague,False,False,True,False
2025년 지역축제 개최계획 현황(0321).xlsx,조사표,2025,부산,다대포 어항문화축제,전통역사,2025.10.~2025.10.,대면,,2025-10-01,2025-10-31,True,split_month_vague,False,False,True,False
2025년 지역축제 개최계획 현황(0321).xlsx,조사표,2025,부산,제23회 광안리어방축제,전통역사,2025.5.9~2025.5.11,대면,,2025-05-09,2025-05-11,False,split_date_exact,False,False,True,False
2025년 지역축제 개최계획 현황(0321).xlsx,조사표,2025,부산,October Festa in Gwangalli,문화예술,2025.10.24~2025.10.26,대면,,2025-10-24,2025-10-26,False,split_date_exact,False,False,True,False
2025년 지역축제 개최계획 현황(0321).xlsx,조사표,2025,서울,2025 서울무형문화축제,문화예술,2025.9.27~2025.9.28,대면,,2025-09-27,2025-09-28,False,split_date_exact,False,False,True,False
2025년 지역축제 개최계획 현황(0321).xlsx,조사표,2025,서울,서울페스타 2025,문화예술,2025.4.30~2025.5.6,대면,,2025-04-30,2025-05-06,False,split_date_exact,False,False,True,False
2025년 지역축제 개최계획 현황(0321).xlsx,조사표,2025,서울,한강 불빛 공연(드론 라이트 쇼),문화예술,2025.4.12~2025.10.4,대면,,2025-04-12,2025-10-04,False,split_date_exact,False,False,True,False
2025년 지역축제 개최계획 현황(0321).xlsx,조사표,2025,서울,2025 서울 바비큐 페스티벌,문화예술,2025.10.25~2025.10.26,대면,,2025-10-25,2025-10-26,False,split_date_exact,False,False,True,False
2025년 지역축제 개최계획 현황(0321).xlsx,조사표,2025,서울,2025 서울라이트 한강 빛섬축제,문화예술,2025.10.3~2025.10.12,대면,,2025-10-03,2025-10-12,False,split_date_exact,False,False,True,False
2025년 지역축제 개최계획 현황(0321).xlsx,조사표,2025,서울,2025 서울라이트 광화문,문화예술,2025.12.12~2026.1.4,대면,,2025-12-12,2026-01-04,False,split_date_exact,False,False,True,False
2025년 지역축제 개최계획 현황(0321).xlsx,조사표,2025,서울,제19회 서울안전한마당,주민화합,2025.5.1~2025.5.3,대면,,2025-05-01,2025-05-03,False,split_date_exact,False,False,True,False
2025년 지역축제 개최계획 현황(0321).xlsx,조사표,2025,서울,한강페스티벌,문화예술,2025.5.~2025.12.,대면,,2025-05-01,2025-12-31,True,split_month_vague,False,False,True,False
2025년 지역축제 개최계획 현황(0321).xlsx,조사표,2025,서울,2025 책읽는 한강공원,문화예술,2025.5.3~2025.10.25,대면,,2025-05-03,2025-10-25,False,split_date_exact,False,False,True,False
2025년 지역축제 개최계획 현황(0321).xlsx,조사표,2025,서울,2025 한강 대학가요제,문화예술,2025.5.24~2025.5.24,대면,,2025-05-24,2025-05-24,False,split_date_exact,False,False,True,False
2025년 지역축제 개최계획 현황(0321).xlsx,조사표,2025,서울,(가제)그린 wave,문화예술,2025.9.19~2025.9.28,대면,,2025-09-19,2025-09-28,False,split_date_exact,False,False,True,False
2025년 지역축제 개최계획 현황(0321).xlsx,조사표,2025,서울,2025 차없는 잠수교 뚜벅뚜벅 축제,문화예술,2025.5.4~2025.6.22,대면,,2025-05-04,2025-06-22,False,split_date_exact,False,False,True,False
2025년 지역축제 개최계획 현황(0321).xlsx,조사표,2025,서울,한강 서래섬 유채꽃 축제,자연생태,2025.5.2~2025.5.11,대면,,2025-05-02,2025-05-11,False,split_date_exact,False,False,True,False
2025년 지역축제 개최계획 현황(0321).xlsx,조사표,2025,서울,한강 서래섬 메밀꽃 축제,자연생태,2025.10.10~2025.10.19,대면,,2025-10-10,2025-10-19,False,split_date_exact,False,False,True,False
2025년 지역축제 개최계획 현황(0321).xlsx,조사표,2025,서울,한강 종이비행기 축제,문화예술,2025.10.18~2025.10.18,대면,,2025-10-18,2025-10-18,False,split_date_exact,False,False,True,False
2025년 지역축제 개최계획 현황(0321).xlsx,조사표,2025,서울,한강 멍때리기대회,문화예술,2025.5.4~2025.5.4,대면,,2025-05-04,2025-05-04,False,split_date_exact,False,False,True,False
2025년 지역축제 개최계획 현황(0321).xlsx,조사표,2025,서울,한강 다리밑 영화제,문화예술,2025.8.9~2025.8.23,대면,,2025-08-09,2025-08-23,False,split_date_exact,False,False,True,False
2025년 지역축제 개최계획 현황(0321).xlsx,조사표,2025,서울,로맨틱 한강 크리스마스 마켓,주민화합,2025.12.19~2025.12.31,대면,,2025-12-19,2025-12-31,False,split_date_exact,False,False,True,False
2025년 지역축제 개최계획 현황(0321).xlsx,조사표,2025,서울,제5회 강남 G-KPOP 콘서트,문화예술,2025.5.24~2025.5.25,대면,,2025-05-24,2025-05-25,False,split_date_exact,False,False,True,False
2025년 지역축제 개최계획 현황(0321).xlsx,조사표,2025,서울,제 6회 가로수길 디자인위크,문화예술,2025.5.24~2025.5.28,대면,,2025-05-24,2025-05-28,False,split_date_exact,False,False,True,False
2025년 지역축제 개최계획 현황(0321).xlsx,조사표,2025,서울,제14회 강남페스티벌,문화예술,2025.9.25~2025.9.28,복합,,2025-09-25,2025-09-28,False,split_date_exact,False,False,True,False
2025년 지역축제 개최계획 현황(0321).xlsx,조사표,2025,서울,제30회 강동선사문화축제,문화예술,2025.10.17~2025.10.19,대면,,2025-10-17,2025-10-19,False,split_date_exact,False,False,True,False
2025년 지역축제 개최계획 현황(0321).xlsx,조사표,2025,서울,4·19혁명국민문화제,전통역사,2025.4.12~2025.4.19,대면,,2025-04-12,2025-04-19,False,split_date_exact,False,False,True,False
2025년 지역축제 개최계획 현황(0321).xlsx,조사표,2025,서울,우이천변 페스타2025,문화예술,2025.5.9~2025.5.11,대면,,2025-05-09,2025-05-11,False,split_date_exact,False,False,True,False
2025년 지역축제 개최계획 현황(0321).xlsx,조사표,2025,서울,미아달빛시장,주민화합,2025.10.~2025.10.,대면,,2025-10-01,2025-10-31,True,split_month_vague,False,False,True,False
2025년 지역축제 개최계획 현황(0321).xlsx,조사표,2025,서울,제3회 크리스마스 마켓,주민화합,2025.12.~2025.12.,대면,,2025-12-01,2025-12-31,True,split_month_vague,False,False,True,False
2025년 지역축제 개최계획 현황(0321).xlsx,조사표,2025,서울,제2회 공예문화축제,문화예술,2025.10.~2025.10.,대면,,2025-10-01,2025-10-31,True,split_month_vague,False,False,True,False
2025년 지역축제 개최계획 현황(0321).xlsx,조사표,2025,서울,2025 강북 백맥축제,문화예술,2025.9.~2025.9.,대면,,2025-09-01,2025-09-30,True,split_month_vague,False,False,True,False
2025년 지역축제 개최계획 현황(0321).xlsx,조사표,2025,서울,2025 관악강감찬축제,전통역사,2025.10.17~2025.10.19,대면,,2025-10-17,2025-10-19,False,split_date_exact,False,False,True,False
2025년 지역축제 개최계획 현황(0321).xlsx,조사표,2025,서울,2025 그루브 인 관악,문화예술,2025.5.31~2025.6.1,대면,,2025-05-31,2025-06-01,False,split_date_exact,False,False,True,False
2025년 지역축제 개최계획 현황(0321).xlsx,조사표,2025,서울,별빛내린천 별빛축제,문화예술,2025.11.11~2025.11.,대면,,2025-11-01,2025-11-30,True,split_month_vague,False,False,True,False
2025년 지역축제 개최계획 현황(0321).xlsx,조사표,2025,서울,제3회 주막거리객사전,전통역사,2025.5.~2025.5.,대면,,2025-05-01,2025-05-31,True,split_month_vague,False,False,True,False
2025년 지역축제 개최계획 현황(0321).xlsx,조사표,2025,서울,구로G페스티벌,주민화합,2025.9.~2025.9.,대면,,2025-09-01,2025-09-30,True,split_month_vague,False,False,True,False
2025년 지역축제 개최계획 현황(0321).xlsx,조사표,2025,서울,2025 금천 하모니축제,문화예술,2025.4.25~2025.4.27,대면,,2025-04-25,2025-04-27,False,split_date_exact,False,False,True,False
2025년 지역축제 개최계획 현황(0321).xlsx,조사표,2025,서울,제8회 정조대왕 능행차 공동재현 행사,전통역사,2025.10.~2025.10.,대면,,2025-10-01,2025-10-31,True,split_month_vague,False,False,True,False
2025년 지역축제 개최계획 현황(0321).xlsx,조사표,2025,서울,2025 금천GC페스타,문화예술,2025.9.5~2025.9.8,대면,,2025-09-05,2025-09-08,False,split_date_exact,False,False,True,False
2025년 지역축제 개최계획 현황(0321).xlsx,조사표,2025,서울,댄싱노원 거리페스티벌,문화예술,2025.9.20~2025.9.21,대면,,2025-09-20,2025-09-21,False,split_date_exact,False,False,True,False
2025년 지역축제 개최계획 현황(0321).xlsx,조사표,2025,서울,노원달빛산책,문화예술,2025.10.17~2025.11.16,대면,,2025-10-17,2025-11-16,False,split_date_exact,False,False,True,False
2025년 지역축제 개최계획 현황(0321).xlsx,조사표,2025,서울,노원수제맥주축제&락페스티벌,문화예술,2025.5.23~2025.5.25,대면,,2025-05-23,2025-05-25,False,split_date_exact,False,False,True,True
2025년 지역축제 개최계획 현황(0321).xlsx,조사표,2025,서울,도봉 벚꽃축제,문화예술,2025.3.28~2025.4.3,대면,,2025-03-28,2025-04-03,False,split_date_exact,False,False,True,False
2025년 지역축제 개최계획 현황(0321).xlsx,조사표,2025,서울,중랑천 별빛축제,문화예술,2025.5.~2025.5.,대면,,2025-05-01,2025-05-31,True,split_month_vague,False,False,True,False
2025년 지역축제 개최계획 현황(0321).xlsx,조사표,2025,서울,동대문구 봄꽃축제,주민화합,2025.4.5~2025.4.6,대면,,2025-04-05,2025-04-06,False,split_date_exact,False,False,True,False
2025년 지역축제 개최계획 현황(0321).xlsx,조사표,2025,서울,선농대제,전통역사,2025.4.19~2025.4.19,대면,,2025-04-19,2025-04-19,False,split_date_exact,False,False,True,False
2025년 지역축제 개최계획 현황(0321).xlsx,조사표,2025,서울,동대문구 맥주축제,주민화합,2025.8.29~2025.8.30,대면,,2025-08-29,2025-08-30,False,split_date_exact,False,False,True,True
2025년 지역축제 개최계획 현황(0321).xlsx,조사표,2025,서울,청룡문화제,전통역사,2025.10.25~2025.10.25,대면,,2025-10-25,2025-10-25,False,split_date_exact,False,False,True,False
2025년 지역축제 개최계획 현황(0321).xlsx,조사표,2025,서울,동대문페스티벌,문화예술,2025.10.18~2025.10.19,대면,,2025-10-18,2025-10-19,False,split_date_exact,False,False,True,False
2025년 지역축제 개최계획 현황(0321).xlsx,조사표,2025,서울,더북데이,문화예술,2025.5.16~2025.5.17,대면,,2025-05-16,2025-05-17,False,split_date_exact,False,False,True,False
2025년 지역축제 개최계획 현황(0321).xlsx,조사표,2025,서울,더북데이,문화예술,2025.10.24~2025.10.25,대면,,2025-10-24,2025-10-25,False,split_date_exact,False,False,True,False
2025년 지역축제 개최계획 현황(0321).xlsx,조사표,2025,서울,제18회 마포나루 새우젓축제,전통역사,2025.10.17~2025.10.19,대면,,2025-10-17,2025-10-19,False,split_date_exact,False,False,True,False
2025년 지역축제 개최계획 현황(0321).xlsx,조사표,2025,서울,서대문봄빛축제,문화예술,2025.3.29~2025.4.6,대면,,2025-03-29,2025-04-06,False,split_date_exact,False,False,True,False
2025년 지역축제 개최계획 현황(0321).xlsx,조사표,2025,서울,서대문독립축제,전통역사,2025.8.14~2025.8.16,대면,,2025-08-14,2025-08-16,False,split_date_exact,False,False,True,False
2025년 지역축제 개최계획 현황(0321).xlsx,조사표,2025,서울,신촌글로벌대학문화축제,문화예술,2025.9.12~2025.9.14,대면,,2025-09-12,2025-09-14,False,split_date_exact,False,False,True,False
2025년 지역축제 개최계획 현황(0321).xlsx,조사표,2025,서울,제25회 한성백제문화제,문화예술,2025.9.26~2025.9.28,대면,,2025-09-26,2025-09-28,False,split_date_exact,False,False,True,False
2025년 지역축제 개최계획 현황(0321).xlsx,조사표,2025,서울,송파구 벚꽃축제,자연생태,2025.4.2~2025.4.6,대면,,2025-04-02,2025-04-06,False,split_date_exact,False,False,True,False
2025년 지역축제 개최계획 현황(0321).xlsx,조사표,2025,서울,제19회 영등포 여의도 봄꽃축제,문화예술,2025.4.~2025.4.,대면,,2025-04-01,2025-04-30,True,split_month_vague,False,False,True,False
2025년 지역축제 개최계획 현황(0321).xlsx,조사표,2025,서울,2025년 이태원 지구촌 축제,문화예술,2025.7.~2025.12.,대면,,2025-07-01,2025-12-31,True,split_month_vague,False,False,True,False
2025년 지역축제 개최계획 현황(0321).xlsx,조사표,2025,서울,제17회 정순왕후 문화제,전통역사,2025.4.19~2025.4.19,대면,,2025-04-19,2025-04-19,False,split_date_exact,False,False,True,False
2025년 지역축제 개최계획 현황(0321).xlsx,조사표,2025,서울,종로청계야 놀자,문화예술,2025.9.~2025.9.,대면,,2025-09-01,2025-09-30,True,split_month_vague,False,False,True,False
2025년 지역축제 개최계획 현황(0321).xlsx,조사표,2025,서울,돈화문로 문화축제,문화예술,2025.10.~2025.10.,대면,,2025-10-01,2025-10-31,True,split_month_vague,False,False,True,False
2025년 지역축제 개최계획 현황(0321).xlsx,조사표,2025,서울,북촌공방축제,문화예술,2025.5.~2025.5.,대면,,2025-05-01,2025-05-31,True,split_month_vague,False,False,True,False
2025년 지역축제 개최계획 현황(0321).xlsx,조사표,2025,서울,궁중과 사대부가 전통음식축제,문화예술,2025.10.18~2025.10.18,대면,,2025-10-18,2025-10-18,False,split_date_exact,False,False,True,False
2025년 지역축제 개최계획 현황(0321).xlsx,조사표,2025,서울,제13회 자문밖문화축제,문화예술,2025.10.~2025.10.,대면,,2025-10-01,2025-10-31,True,split_month_vague,False,False,True,False
2025년 지역축제 개최계획 현황(0321).xlsx,조사표,2025,서울,인사동 엔틱&아트페어,전통역사,2025.10.~2025.10.,대면,,2025-10-01,2025-10-31,True,split_month_vague,False,False,True,False
2025년 지역축제 개최계획 현황(0321).xlsx,조사표,2025,서울,2025 종로한복축제,전통역사,2025.10.~2025.10.,대면,,2025-10-01,2025-10-31,True,split_month_vague,False,False,True,False
2025년 지역축제 개최계획 현황(0321).xlsx,조사표,2025,서울,정동야행,문화예술,2025.5.23~2025.5.24,대면,,2025-05-23,2025-05-24,False,split_date_exact,False,False,True,False
2025년 지역축제 개최계획 현황(0321).xlsx,조사표,2025,세종,2025 세종축제,문화예술,2025.10.9~2025.10.11,대면,,2025-10-09,2025-10-11,False,split_date_exact,False,False,True,False
2025년 지역축제 개최계획 현황(0321).xlsx,조사표,2025,세종,2025 세종빛축제,문화예술,2025.12.~2025.12.,대면,,2025-12-01,2025-12-31,True,split_month_vague,False,False,True,False
2025년 지역축제 개최계획 현황(0321).xlsx,조사표,2025,세종,제 26회 장군산 구절초꽃 축제,문화예술,2025.10.11~2025.10.18,대면,,2025-10-11,2025-10-18,False,split_date_exact,False,False,True,False
2025년 지역축제 개최계획 현황(0321).xlsx,조사표,2025,세종,2025년 조치원 봄꽃축제,주민화합,2025.4.5~2025.4.6,대면,,2025-04-05,2025-04-06,False,split_date_exact,False,False,True,False
2025년 지역축제 개최계획 현황(0321).xlsx,조사표,2025,세종,제23회 세종조치원 복숭아 축제,지역특산물,2025.7.~2025.7.,대면,,2025-07-01,2025-07-31,True,split_month_vague,False,False,True,False
2025년 지역축제 개최계획 현황(0321).xlsx,조사표,2025,세종,네번째 세종&연서 봄이왔나봄,주민화합,2025.4.12~2025.4.13,대면,,2025-04-12,2025-04-13,False,split_date_exact,False,False,True,False
2025년 지역축제 개최계획 현황(0321).xlsx,조사표,2025,세종,전의조경수묘목축제,지역특산물,2025.3.~2025.3.,대면,,2025-03-01,2025-03-31,True,split_month_vague,False,False,True,False
2025년 지역축제 개최계획 현황(0321).xlsx,조사표,2025,울산,2025 울산공업축제,주민화합,2025.10.16~2025.10.19,대면,,2025-10-16,2025-10-19,False,split_date_exact,False,False,True,False
2025년 지역축제 개최계획 현황(0321).xlsx,조사표,2025,울산,태화강 억새나들이,자연생태,2025.10.~2025.10.,대면,,2025-10-01,2025-10-31,True,split_month_vague,False,False,True,False
2025년 지역축제 개최계획 현황(0321).xlsx,조사표,2025,울산,정원생태문화축제,자연생태,2025.9.27~2025.9.28,대면,,2025-09-27,2025-09-28,False,split_date_exact,False,False,True,False
2025년 지역축제 개최계획 현황(0321).xlsx,조사표,2025,울산,울산서머페스티벌,문화예술,2025.8.~2025.8.,대면,,2025-08-01,2025-08-31,True,split_month_vague,False,False,True,False
2025년 지역축제 개최계획 현황(0321).xlsx,조사표,2025,울산,울산태화강 대숲납량축제,문화예술,2025.8.14~2025.8.17,대면,,2025-08-14,2025-08-17,False,split_date_exact,False,False,True,False
2025년 지역축제 개최계획 현황(0321).xlsx,조사표,2025,울산,울산아시아퍼시픽뮤직미팅(울산 에이팜),문화예술,2025.8.~2025.8.,복합,,2025-08-01,2025-08-31,True,split_month_vague,False,False,True,False
2025년 지역축제 개최계획 현황(0321).xlsx,조사표,2025,울산,태화강국가정원 봄꽃축제,자연생태,2025.5.16~2025.5.18,대면,,2025-05-16,2025-05-18,False,split_date_exact,False,False,True,False
2025년 지역축제 개최계획 현황(0321).xlsx,조사표,2025,울산,태화강국가정원 가을축제,자연생태,2025.10.24~2025.10.26,대면,,2025-10-24,2025-10-26,False,split_date_exact,False,False,True,False
2025년 지역축제 개최계획 현황(0321).xlsx,조사표,2025,울산,2025 제17회 울산대공원 장미축제,자연생태,2025.5.21~2025.5.25,대면,,2025-05-21,2025-05-25,False,split_date_exact,False,False,True,False
2025년 지역축제 개최계획 현황(0321).xlsx,조사표,2025,울산,2025 울산청년주간,문화예술,2025.9.20~2025.9.21,대면,,2025-09-20,2025-09-21,False,split_date_exact,False,False,True,False
2025년 지역축제 개최계획 현황(0321).xlsx,조사표,2025,울산,119안전문화축제,문화예술,2025.7.4~2025.7.5,대면,,2025-07-04,2025-07-05,False,split_date_exact,False,False,True,False
2025년 지역축제 개최계획 현황(0321).xlsx,조사표,2025,울산,태화강마두희축제,전통역사,2025.5.30~2025.6.1,대면,,2025-05-30,2025-06-01,False,split_date_exact,False,False,True,False
2025년 지역축제 개최계획 현황(0321).xlsx,조사표,2025,울산,제19회 눈꽃축제,주민화합,2025.12.24~2025.12.28,대면,,2025-12-24,2025-12-28,False,split_date_exact,False,False,True,False
2025년 지역축제 개최계획 현황(0321).xlsx,조사표,2025,울산,태화강국제재즈음악제,문화예술,2025.5.~2025.5.,대면,,2025-05-01,2025-05-31,True,split_month_vague,False,False,True,False
2025년 지역축제 개최계획 현황(0321).xlsx,조사표,2025,울산,궁거랑 벚꽃 한마당,문화예술,2025.3.29~2025.3.30,대면,,2025-03-29,2025-03-30,False,split_date_exact,False,False,True,False
2025년 지역축제 개최계획 현황(0321).xlsx,조사표,2025,울산,태화강 빛 축제,문화예술,2025.9.19~2025.9.20,대면,,2025-09-19,2025-09-20,False,split_date_exact,False,False,True,False
2025년 지역축제 개최계획 현황(0321).xlsx,조사표,2025,울산,강변영화제,문화예술,2025.9.5~2025.9.6,대면,,2025-09-05,2025-09-06,False,split_date_exact,False,False,True,False
2025년 지역축제 개최계획 현황(0321).xlsx,조사표,2025,울산,그린 차박 페스티벌 in 울산,자연생태,2025.4.25~2025.4.27,대면,,2025-04-25,2025-04-27,False,split_date_exact,False,False,True,False
2025년 지역축제 개최계획 현황(0321).xlsx,조사표,2025,울산,장생포 한여름 밤의 호러페스티벌,문화예술,2025.8.~2025.8.,대면,,2025-08-01,2025-08-31,True,split_month_vague,False,False,True,False
2025년 지역축제 개최계획 현황(0321).xlsx,조사표,2025,울산,장생포 수국페스티벌,자연생태,2025.6.5~2025.6.30,대면,,2025-06-05,2025-06-30,False,split_date_exact,False,False,True,False
2025년 지역축제 개최계획 현황(0321).xlsx,조사표,2025,울산,울산고래축제,문화예술,2025.9.25~2025.9.28,대면,,2025-09-25,2025-09-28,False,split_date_exact,False,False,True,False
2025년 지역축제 개최계획 현황(0321).xlsx,조사표,2025,울산,제17회 울산조선해양축제,주민화합,2025.7.18~2025.7.20,대면,,2025-07-18,2025-07-20,False,split_date_exact,False,False,True,False
2025년 지역축제 개최계획 현황(0321).xlsx,조사표,2025,울산,제1회 슬도 봄꽃 축제,자연생태,2025.4.5~2025.4.6,대면,,2025-04-05,2025-04-06,False,split_date_exact,False,False,True,False
2025년 지역축제 개최계획 현황(0321).xlsx,조사표,2025,울산,제21회 울산쇠부리축제,전통역사,2025.5.9~2025.5.11,대면,,2025-05-09,2025-05-11,False,split_date_exact,False,False,True,False
2025년 지역축제 개최계획 현황(0321).xlsx,조사표,2025,울산,제25회 울산옹기축제,전통역사,2025.5.3~2025.5.5,대면,,2025-05-03,2025-05-05,False,split_date_exact,False,False,True,False
2025년 지역축제 개최계획 현황(0321).xlsx,조사표,2025,울산,봉계 한우불고기 축제,지역특산물,2025.9.26~2025.9.29,대면,,2025-09-26,2025-09-29,False,split_date_exact,False,False,True,False
2025년 지역축제 개최계획 현황(0321).xlsx,조사표,2025,울산,제2회 회야강축제,주민화합,2025.6.9~2025.6.9,대면,,2025-06-09,2025-06-09,False,split_date_exact,False,False,True,False
2025년 지역축제 개최계획 현황(0321).xlsx,조사표,2025,울산,울산배축제,지역특산물,2025.10.17~2025.10.19,대면,,2025-10-17,2025-10-19,False,split_date_exact,False,False,True,False
2025년 지역축제 개최계획 현황(0321).xlsx,조사표,2025,울산,울주해양레포츠 대축전,문화예술,2025.7.~2025.7.,대면,,2025-07-01,2025-07-31,True,split_month_vague,False,False,True,False
2025년 지역축제 개최계획 현황(0321).xlsx,조사표,2025,울산,제6회 울주작천정벚꽃축제,자연생태,2025.3.29~2025.4.6,대면,,2025-03-29,2025-04-06,False,split_date_exact,False,False,True,False
2025년 지역축제 개최계획 현황(0321).xlsx,조사표,2025,울산,2025년 대운산 철쭉제,자연생태,2025.4.26~2025.4.26,대면,,2025-04-26,2025-04-26,False,split_date_exact,False,False,True,False
2025년 지역축제 개최계획 현황(0321).xlsx,조사표,2025,울산,제10회 울산울주세계산악영화제,문화예술,2025.9.26~2025.9.30,대면,,2025-09-26,2025-09-30,False,split_date_exact,False,False,True,False
2025년 지역축제 개최계획 현황(0321).xlsx,조사표,2025,울산,간절곶해맞이축제,문화예술,2025.12.31~2026.1.1,대면,,2025-12-31,2026-01-01,False,split_date_exact,False,False,True,False
2025년 지역축제 개최계획 현황(0321).xlsx,조사표,2025,인천,2025년 인천대공원 벚꽃축제,문화예술,2025.4.5~2025.4.6,대면,,2025-04-05,2025-04-06,False,split_date_exact,False,False,True,False
2025년 지역축제 개최계획 현황(0321).xlsx,조사표,2025,인천,1883 상상플랫폼 야시장,주민화합,2025.5.23~2025.6.1,대면,,2025-05-23,2025-06-01,False,split_date_exact,False,False,True,False
2025년 지역축제 개최계획 현황(0321).xlsx,조사표,2025,인천,인천개항장국가유산야행(1차),전통역사,2025.6.14~2025.6.15,대면,,2025-06-14,2025-06-15,False,split_date_exact,False,False,True,False
2025년 지역축제 개최계획 현황(0321).xlsx,조사표,2025,인천,인천개항장국가유산야행(2차),전통역사,2025.9.20~2025.9.21,대면,,2025-09-20,2025-09-21,False,split_date_exact,False,False,True,False
2025년 지역축제 개최계획 현황(0321).xlsx,조사표,2025,인천,인천펜타포트음악축제,문화예술,2025.8.1~2025.8.3,대면,,2025-08-01,2025-08-03,False,split_date_exact,False,False,True,False
2025년 지역축제 개최계획 현황(0321).xlsx,조사표,2025,인천,동인천 낭만축제,주민화합,2025.10.~2025.10.,대면,,2025-10-01,2025-10-31,True,split_month_vague,False,False,True,False
2025년 지역축제 개최계획 현황(0321).xlsx,조사표,2025,인천,송도맥주축제,주민화합,2025.8.22~2025.8.30,대면,,2025-08-22,2025-08-30,False,split_date_exact,False,False,True,True
2025년 지역축제 개최계획 현황(0321).xlsx,조사표,2025,인천,제물포예술제,문화예술,2025.9.~2025.9.,대면,,2025-09-01,2025-09-30,True,split_month_vague,False,False,True,False
2025년 지역축제 개최계획 현황(0321).xlsx,조사표,2025,인천,"삼람성, 평화로 물들다
(강화도 별별야행)",문화예술,2025.5.3~2025.5.5,대면,,2025-05-03,2025-05-05,False,split_date_exact,False,False,True,False
2025년 지역축제 개최계획 현황(0321).xlsx,조사표,2025,인천,고려산 진달래꽃구경,자연생태,2025.4.5~2025.4.13,대면,,2025-04-05,2025-04-13,False,split_date_exact,False,False,True,False
2025년 지역축제 개최계획 현황(0321).xlsx,조사표,2025,인천,강화별밤야행,전통역사,2025.9.6~2025.9.7,대면,,2025-09-06,2025-09-07,False,split_date_exact,False,False,True,False
2025년 지역축제 개최계획 현황(0321).xlsx,조사표,2025,인천,삼랑성 역사문화축제,전통역사,2025.10.4~2025.10.12,대면,,2025-10-04,2025-10-12,False,split_date_exact,False,False,True,False
2025년 지역축제 개최계획 현황(0321).xlsx,조사표,2025,인천,강화 화개정원 축제,자연생태,2025.10.25~2025.10.26,대면,,2025-10-25,2025-10-26,False,split_date_exact,False,False,True,False
2025년 지역축제 개최계획 현황(0321).xlsx,조사표,2025,인천,자유공원&동인천 고고축제,문화예술,2025.5.17~2025.5.18,대면,,2025-05-17,2025-05-18,False,split_date_exact,False,False,True,False
2025년 지역축제 개최계획 현황(0321).xlsx,조사표,2025,인천,수문통벚꽃행사,주민화합,2025.4.11~2025.4.12,대면,,2025-04-11,2025-04-12,False,split_date_exact,False,False,True,False
2025년 지역축제 개최계획 현황(0321).xlsx,조사표,2025,인천,제36회 화도진축제,주민화합,2025.5.16~2025.5.18,대면,,2025-05-16,2025-05-18,False,split_date_exact,False,False,True,False
2025년 지역축제 개최계획 현황(0321).xlsx,조사표,2025,인천,제3회 배다리축제,주민화합,2025.10.~2025.10.,대면,,2025-10-01,2025-10-31,True,split_month_vague,False,False,True,False
2025년 지역축제 개최계획 현황(0321).xlsx,조사표,2025,인천,제5회 수봉산 페스티벌,주민화합,2025.4.12~2025.4.13,대면,,2025-04-12,2025-04-13,False,split_date_exact,False,False,True,False
2025년 지역축제 개최계획 현황(0321).xlsx,조사표,2025,인천,제22회 미추홀미디어문화축제,문화예술,2025.9.~2025.10.,대면,,2025-09-01,2025-10-31,True,split_month_vague,False,False,True,False
2025년 지역축제 개최계획 현황(0321).xlsx,조사표,2025,인천,제2회 승기천 꽃피나 봄,자연생태,2025.4.12~2025.4.13,대면,,2025-04-12,2025-04-13,False,split_date_exact,False,False,True,False
2025년 지역축제 개최계획 현황(0321).xlsx,조사표,2025,인천,제6회 송도해변축제 시즌2,주민화합,2025.8.~2025.8.,대면,,2025-08-01,2025-08-31,True,split_month_vague,False,False,True,False
2025년 지역축제 개최계획 현황(0321).xlsx,조사표,2025,인천,제13회 연수 능허대 문화축제,전통역사,2025.10.17~2025.10.19,대면,,2025-10-17,2025-10-19,False,split_date_exact,False,False,True,False
2025년 지역축제 개최계획 현황(0321).xlsx,조사표,2025,인천,제25회 소래포구축제,자연생태,2025.9.26~2025.9.28,대면,,2025-09-26,2025-09-28,False,split_date_exact,False,False,True,False
2025년 지역축제 개최계획 현황(0321).xlsx,조사표,2025,인천,주민자치 축제 한마당,주민화합,2025.10.~2025.10.,대면,,2025-10-01,2025-10-31,True,split_month_vague,False,False,True,False
2025년 지역축제 개최계획 현황(0321).xlsx,조사표,2025,인천,2025년 제29회 부평풍물대축제,문화예술,2025.9.26~2025.9.28,대면,,2025-09-26,2025-09-28,False,split_date_exact,False,False,True,False
2025년 지역축제 개최계획 현황(0321).xlsx,조사표,2025,인천,정서진 해넘이 행사,자연생태,2025.12.31~2025.12.31,대면,,2025-12-31,2025-12-31,False,split_date_exact,False,False,True,False
2025년 지역축제 개최계획 현황(0321).xlsx,조사표,2025,인천,제30회 서곶문화예술제,문화예술,2025.9.19~2025.9.26,대면,,2025-09-19,2025-09-26,False,split_date_exact,False,False,True,False
2025년 지역축제 개최계획 현황(0321).xlsx,조사표,2025,전남,2025 유달산 봄축제,문화예술,2025.4.5~2025.4.6,대면,,2025-04-05,2025-04-06,False,split_date_exact,False,False,True,False
2025년 지역축제 개최계획 현황(0321).xlsx,조사표,2025,전남,2025 목포항구축제,문화예술,2025.9.26~2025.9.28,대면,,2025-09-26,2025-09-28,False,split_date_exact,False,False,True,False
2025년 지역축제 개최계획 현황(0321).xlsx,조사표,2025,전남,제33회 영취산 진달래축제,문화예술,2025.3.22~2025.3.23,대면,,2025-03-22,2025-03-23,False,split_date_exact,False,False,True,False
2025년 지역축제 개최계획 현황(0321).xlsx,조사표,2025,전남,제59회 여수거북선축제,전통역사,2025.5.3~2025.5.5,대면,,2025-05-03,2025-05-05,False,split_date_exact,False,False,True,False
2025년 지역축제 개최계획 현황(0321).xlsx,조사표,2025,전남,제23회 거문도백도 은빛바다체험행사,자연생태,2025.8.1~2025.8.2,대면,,2025-08-01,2025-08-02,False,split_date_exact,False,False,True,False
2025년 지역축제 개최계획 현황(0321).xlsx,조사표,2025,전남,제16회 여수여자만갯벌노을체험행사,자연생태,2025.9.20~2025.9.21,대면,,2025-09-20,2025-09-21,False,split_date_exact,False,False,True,False
2025년 지역축제 개최계획 현황(0321).xlsx,조사표,2025,전남,"찾아라, 여수의 맛! 섬슐랭 페스타",지역특산물,2025.9.~2025.10.,대면,,2025-09-01,2025-10-31,True,split_month_vague,False,False,True,False
2025년 지역축제 개최계획 현황(0321).xlsx,조사표,2025,전남,2025 여수동동북축제,문화예술,2025.10.11~2025.10.12,대면,,2025-10-11,2025-10-12,False,split_date_exact,False,False,True,False
2025년 지역축제 개최계획 현황(0321).xlsx,조사표,2025,전남,2025 여수밤바다 불꽃축제,문화예술,2025.10.25~2025.10.25,대면,,2025-10-25,2025-10-25,False,split_date_exact,False,False,True,False
2025년 지역축제 개최계획 현황(0321).xlsx,조사표,2025,전남,제30회 여수향일암일출제,주민화합,2025.12.31~2026.1.1,대면,,2025-12-31,2026-01-01,False,split_date_exact,False,False,True,False
2025년 지역축제 개최계획 현황(0321).xlsx,조사표,2025,전남,2026 새해 분산일출제,주민화합,2025.12.31~2026.1.1,대면,,2025-12-31,2026-01-01,False,split_date_exact,False,False,True,False
2025년 지역축제 개최계획 현황(0321).xlsx,조사표,2025,전남,2025 청년거리문화한마당,주민화합,2025.1.~2025.12.,대면,,2025-01-01,2025-12-31,True,split_month_vague,False,False,True,False
2025년 지역축제 개최계획 현황(0321).xlsx,조사표,2025,전남,2025 순천 푸드앤아트페스티벌,문화예술,2025.10.31~2025.11.2,대면,,2025-10-31,2025-11-02,False,split_date_exact,False,False,True,False
2025년 지역축제 개최계획 현황(0321).xlsx,조사표,2025,전남,제26회 순천만 갈대축제,문화예술,2025.10.25~2025.11.2,대면,,2025-10-25,2025-11-02,False,split_date_exact,False,False,True,False
2025년 지역축제 개최계획 현황(0321).xlsx,조사표,2025,전남,제30회 순천 낙안읍성 민속문화축제,전통역사,2025.10.17~2025.10.19,대면,,2025-10-17,2025-10-19,False,split_date_exact,False,False,True,False
2025년 지역축제 개최계획 현황(0321).xlsx,조사표,2025,전남,글로벌 콘텐츠 페스티벌 in 순천,문화예술,2025.10.~2025.10.,대면,,2025-10-01,2025-10-31,True,split_month_vague,False,False,True,False
2025년 지역축제 개최계획 현황(0321).xlsx,조사표,2025,전남,제5회 천년나주목읍성문화축제,문화예술,2025.4.~2025.4.,대면,,2025-04-01,2025-04-30,True,split_month_vague,False,False,True,False
2025년 지역축제 개최계획 현황(0321).xlsx,조사표,2025,전남,제21회 영산포홍어축제,지역특산물,2025.5.~2025.5.,대면,,2025-05-01,2025-05-31,True,split_month_vague,False,False,True,False
2025년 지역축제 개최계획 현황(0321).xlsx,조사표,2025,전남,2025 나주영산강축제,문화예술,2025.10.8~2025.10.12,대면,,2025-10-08,2025-10-12,False,split_date_exact,False,False,True,False
2025년 지역축제 개최계획 현황(0321).xlsx,조사표,2025,전남,2025 빛가람 빛 정원 페스타,문화예술,2025.12.1~2025.12.31,대면,,2025-12-01,2025-12-31,False,split_date_exact,False,False,True,False
2025년 지역축제 개최계획 현황(0321).xlsx,조사표,2025,전남,제24회 광양매화축제,자연생태,2025.3.7~2025.3.16,대면,,2025-03-07,2025-03-16,False,split_date_exact,False,False,True,False
2025년 지역축제 개최계획 현황(0321).xlsx,조사표,2025,전남,제8회 광양천년동백축제,자연생태,2025.3.~2025.3.,대면,,2025-03-01,2025-03-31,True,split_month_vague,False,False,True,False
2025년 지역축제 개최계획 현황(0321).xlsx,조사표,2025,전남,제17회 백운산국사봉철쭉축제,자연생태,2025.4.~2025.4.,대면,,2025-04-01,2025-04-30,True,split_month_vague,False,False,True,False
2025년 지역축제 개최계획 현황(0321).xlsx,조사표,2025,전남,제24회 광양전어축제,지역특산물,2025.8.~2025.8.,대면,,2025-08-01,2025-08-31,True,split_month_vague,False,False,True,False
2025년 지역축제 개최계획 현황(0321).xlsx,조사표,2025,전남,제21회 광양전통숯불구이축제,지역특산물,2025.10.~2025.10.,대면,,2025-10-01,2025-10-31,True,split_month_vague,False,False,True,False
2025년 지역축제 개최계획 현황(0321).xlsx,조사표,2025,전남,제5회 광양 K-POP 페스티벌,문화예술,2025.10.~2025.10.,대면,,2025-10-01,2025-10-31,True,split_month_vague,False,False,True,False
2025년 지역축제 개최계획 현황(0321).xlsx,조사표,2025,전남,2025년 담양대나무축제,자연생태,2025.5.9~2025.5.13,대면,,2025-05-09,2025-05-13,False,split_date_exact,False,False,True,False
2025년 지역축제 개최계획 현황(0321).xlsx,조사표,2025,전남,봉산 딸기축제,지역특산물,2025.4.12~2025.4.12,대면,,2025-04-12,2025-04-12,False,split_date_exact,False,False,True,False
2025년 지역축제 개최계획 현황(0321).xlsx,조사표,2025,전남,고서 포도축제,지역특산물,2025.8.~2025.8.,대면,,2025-08-01,2025-08-31,True,split_month_vague,False,False,True,False
2025년 지역축제 개최계획 현황(0321).xlsx,조사표,2025,전남,대덕 물구름길축제,자연생태,2025.9.~2025.9.,대면,,2025-09-01,2025-09-30,True,split_month_vague,False,False,True,False
2025년 지역축제 개최계획 현황(0321).xlsx,조사표,2025,전남,용면 추월산 벚꽃축제,자연생태,2025.4.~2025.4.,대면,,2025-04-01,2025-04-30,True,split_month_vague,False,False,True,False
2025년 지역축제 개최계획 현황(0321).xlsx,조사표,2025,전남,제7회 담양산타축제,문화예술,2025.12.24~2025.12.25,대면,,2025-12-24,2025-12-25,False,split_date_exact,False,False,True,False
2025년 지역축제 개최계획 현황(0321).xlsx,조사표,2025,전남,제15회 곡성세계장미축제,문화예술,2025.5.16~2025.5.25,대면,,2025-05-16,2025-05-25,False,split_date_exact,False,False,True,False
2025년 지역축제 개최계획 현황(0321).xlsx,조사표,2025,전남,제25회 곡성심청어린이대축제,문화예술,2025.10.23~2025.10.26,대면,,2025-10-23,2025-10-26,False,split_date_exact,False,False,True,False
2025년 지역축제 개최계획 현황(0321).xlsx,조사표,2025,전남,제26회 구례산수유꽃축제,자연생태,2025.3.15~2025.3.23,대면,,2025-03-15,2025-03-23,False,split_date_exact,False,False,True,False
2025년 지역축제 개최계획 현황(0321).xlsx,조사표,2025,전남,2025 구례300리 벚꽃축제,자연생태,2025.3.28~2025.3.30,대면,,2025-03-28,2025-03-30,False,split_date_exact,False,False,True,False
2025년 지역축제 개최계획 현황(0321).xlsx,조사표,2025,전남,제81회 지리산남악제 및 제44회 군민의 날 행사,전통역사,2025.4.18~2025.4.20,대면,,2025-04-18,2025-04-20,False,split_date_exact,False,False,True,False
2025년 지역축제 개최계획 현황(0321).xlsx,조사표,2025,전남,화엄음악제,문화예술,2025.10.3~2025.10.5,대면,,2025-10-03,2025-10-05,False,split_date_exact,False,False,True,False
2025년 지역축제 개최계획 현황(0321).xlsx,조사표,2025,전남,2025 구례동편소리축제,문화예술,2025.10.26~2025.10.28,대면,,2025-10-26,2025-10-28,False,split_date_exact,False,False,True,False
2025년 지역축제 개최계획 현황(0321).xlsx,조사표,2025,전남,제49회 지리산피아골단풍 축제,자연생태,2025.11.1~2025.11.1,대면,,2025-11-01,2025-11-01,False,split_date_exact,False,False,True,False
2025년 지역축제 개최계획 현황(0321).xlsx,조사표,2025,전남,제15회고흥우주항공축제,주민화합,2025.5.3~2025.5.6,대면,,2025-05-03,2025-05-06,False,split_date_exact,False,False,True,False
2025년 지역축제 개최계획 현황(0321).xlsx,조사표,2025,전남,제23회 녹동 바다불꽃축제,주민화합,2025.5.~2025.6.,대면,,2025-05-01,2025-06-30,True,split_month_vague,False,False,True,False
2025년 지역축제 개최계획 현황(0321).xlsx,조사표,2025,전남,제5회 고흥유자축제,지역특산물,2025.11.~2025.11.,대면,,2025-11-01,2025-11-30,True,split_month_vague,False,False,True,False
2025년 지역축제 개최계획 현황(0321).xlsx,조사표,2025,전남,제48회 보성다향대축제,지역특산물,2025.5.2~2025.5.6,대면,,2025-05-02,2025-05-06,False,split_date_exact,False,False,True,False
2025년 지역축제 개최계획 현황(0321).xlsx,조사표,2025,전남,제12회 보성벚꽃축제,자연생태,2025.3.31~2025.4.1,대면,,2025-03-31,2025-04-01,False,split_date_exact,False,False,True,False
2025년 지역축제 개최계획 현황(0321).xlsx,조사표,2025,전남,제27회 서편제보성소리축제,문화예술,2025.5.4~2025.5.6,대면,,2025-05-04,2025-05-06,False,split_date_exact,False,False,True,False
2025년 지역축제 개최계획 현황(0321).xlsx,조사표,2025,전남,제17회 감쪽같은 보성전어축제,지역특산물,2025.8.16~2025.8.17,대면,,2025-08-16,2025-08-17,False,split_date_exact,False,False,True,False
2025년 지역축제 개최계획 현황(0321).xlsx,조사표,2025,전남,제13회 보성동로성축제,전통역사,2025.9.17~2025.9.17,대면,,2025-09-17,2025-09-17,False,split_date_exact,False,False,True,False
2025년 지역축제 개최계획 현황(0321).xlsx,조사표,2025,전남,제1회 열선루축제,전통역사,2025.10.17~2025.10.19,대면,,2025-10-17,2025-10-19,False,split_date_exact,False,False,True,False
2025년 지역축제 개최계획 현황(0321).xlsx,조사표,2025,전남,보성 국가유산 야행,문화예술,2025.10.17~2025.10.19,대면,,2025-10-17,2025-10-19,False,split_date_exact,False,False,True,False
2025년 지역축제 개최계획 현황(0321).xlsx,조사표,2025,전남,제21회 벌교꼬막축제,지역특산물,2025.10.31~2025.11.2,대면,,2025-10-31,2025-11-02,False,split_date_exact,False,False,True,False
2025년 지역축제 개최계획 현황(0321).xlsx,조사표,2025,전남,2025 화순 봄꽃 축제,주민화합,2025.4.18~2025.4.27,대면,,2025-04-18,2025-04-27,False,split_date_exact,False,False,True,False
2025년 지역축제 개최계획 현황(0321).xlsx,조사표,2025,전남,2025 화순 고인돌 가을꽃 축제,전통역사,2025.10.~2025.11.,대면,,2025-10-01,2025-11-30,True,split_month_vague,False,False,True,False
2025년 지역축제 개최계획 현황(0321).xlsx,조사표,2025,전남,2025 화학산 철쭉제,주민화합,2025.4.~2025.5.,대면,,2025-04-01,2025-05-31,True,split_month_vague,False,False,True,False
2025년 지역축제 개최계획 현황(0321).xlsx,조사표,2025,전남,2025 백아산 철쭉제,주민화합,2025.4.~2025.5.,대면,,2025-04-01,2025-05-31,True,split_month_vague,False,False,True,False
2025년 지역축제 개최계획 현황(0321).xlsx,조사표,2025,전남,2025 화순운주문화축제,주민화합,2025.10.~2025.11.,대면,,2025-10-01,2025-11-30,True,split_month_vague,False,False,True,False
2025년 지역축제 개최계획 현황(0321).xlsx,조사표,2025,전남,제38회 화순 적벽문화축제,주민화합,2025.10.~2025.11.,대면,,2025-10-01,2025-11-30,True,split_month_vague,False,False,True,False
2025년 지역축제 개최계획 현황(0321).xlsx,조사표,2025,전남,2025 남산공원 로컬힙 프로젝트,주민화합,2025.4.~2025.11.,대면,,2025-04-01,2025-11-30,True,split_month_vague,False,False,True,False
2025년 지역축제 개최계획 현황(0321).xlsx,조사표,2025,전남,제18회 정남진 장흥 물축제,자연생태,2025.7.26~2025.8.3,대면,,2025-07-26,2025-08-03,False,split_date_exact,False,False,True,False
2025년 지역축제 개최계획 현황(0321).xlsx,조사표,2025,전남,장흥 회령포 이순신 축제,전통역사,2025.5.16~2025.5.18,대면,,2025-05-16,2025-05-18,False,split_date_exact,False,False,True,False
2025년 지역축제 개최계획 현황(0321).xlsx,조사표,2025,전남,제22회 정남진장흥 키조개축제,지역특산물,2025.5.2~2025.5.6,대면,,2025-05-02,2025-05-06,False,split_date_exact,False,False,True,False
2025년 지역축제 개최계획 현황(0321).xlsx,조사표,2025,전남,제 14회 장평 명품 호도축제,지역특산물,2025.10.~2025.10.,대면,,2025-10-01,2025-10-31,True,split_month_vague,False,False,True,False
2025년 지역축제 개최계획 현황(0321).xlsx,조사표,2025,전남,제 20회 (사)전라남도 연합회 정남진 난꽃축제,문화예술,2025.3.7~2025.3.8,대면,,2025-03-07,2025-03-08,False,split_date_exact,False,False,True,False
2025년 지역축제 개최계획 현황(0321).xlsx,조사표,2025,전남,제53회 강진청자축제,전통역사,2025.2.22~2025.3.3,대면,,2025-02-22,2025-03-03,False,split_date_exact,False,False,True,False
2025년 지역축제 개최계획 현황(0321).xlsx,조사표,2025,전남,제28회 전라병영성축제,전통역사,2025.3.28~2025.3.30,대면,,2025-03-28,2025-03-30,False,split_date_exact,False,False,True,False
2025년 지역축제 개최계획 현황(0321).xlsx,조사표,2025,전남,제3회 강진 수국길 축제,자연생태,2025.6.27~2025.6.29,대면,,2025-06-27,2025-06-29,False,split_date_exact,False,False,True,False
2025년 지역축제 개최계획 현황(0321).xlsx,조사표,2025,전남,제3회 강진 하맥축제,주민화합,2025.8.28~2025.8.30,대면,,2025-08-28,2025-08-30,False,split_date_exact,False,False,True,False
2025년 지역축제 개최계획 현황(0321).xlsx,조사표,2025,전남,제10회 강진만춤추는갈대축제,자연생태,2025.10.25~2025.11.2,대면,,2025-10-25,2025-11-02,False,split_date_exact,False,False,True,False
2025년 지역축제 개최계획 현황(0321).xlsx,조사표,2025,전남,해남 공룡대축제,문화예술,2025.5.3~2025.5.5,대면,,2025-05-03,2025-05-05,False,split_date_exact,False,False,True,False
2025년 지역축제 개최계획 현황(0321).xlsx,조사표,2025,전남,해남 미남축제,지역특산물,2025.10.31~2025.11.2,대면,,2025-10-31,2025-11-02,False,split_date_exact,False,False,True,False
2025년 지역축제 개최계획 현황(0321).xlsx,조사표,2025,전남,땅끝해남 해넘이해맞이 축제,자연생태,2025.12.31~2026.1.1,대면,,2025-12-31,2026-01-01,False,split_date_exact,False,False,True,False
2025년 지역축제 개최계획 현황(0321).xlsx,조사표,2025,전남,해남 새봄새김치 담기 축제,지역특산물,2025.3.~2025.3.,대면,,2025-03-01,2025-03-31,True,split_month_vague,False,False,True,False
2025년 지역축제 개최계획 현황(0321).xlsx,조사표,2025,전남,달마고도 힐링축제,자연생태,2025.3.22~2025.3.22,대면,,2025-03-22,2025-03-22,False,split_date_exact,False,False,True,False
2025년 지역축제 개최계획 현황(0321).xlsx,조사표,2025,전남,흑석산 소풍힐링축제,자연생태,2025.4.25~2025.4.26,대면,,2025-04-25,2025-04-26,False,split_date_exact,False,False,True,False
2025년 지역축제 개최계획 현황(0321).xlsx,조사표,2025,전남,황산 연호보리축제,지역특산물,2025.4.26~2025.4.26,대면,,2025-04-26,2025-04-26,False,split_date_exact,False,False,True,False
2025년 지역축제 개최계획 현황(0321).xlsx,조사표,2025,전남,두륜산 왕벚꽃나무 막걸리축제,지역특산물,2025.4.11~2025.4.12,대면,,2025-04-11,2025-04-12,False,split_date_exact,False,False,True,False
2025년 지역축제 개최계획 현황(0321).xlsx,조사표,2025,전남,옥천 무궁화축제,전통역사,2025.9.5~2025.9.6,대면,,2025-09-05,2025-09-06,False,split_date_exact,False,False,True,False
2025년 지역축제 개최계획 현황(0321).xlsx,조사표,2025,전남,해남 캠핑관광박람회,문화예술,2025.10.17~2025.10.19,대면,,2025-10-17,2025-10-19,False,split_date_exact,False,False,True,False
2025년 지역축제 개최계획 현황(0321).xlsx,조사표,2025,전남,북평 용줄다리기 축제,전통역사,2025.10.~2025.10.,대면,,2025-10-01,2025-10-31,True,split_month_vague,False,False,True,False
2025년 지역축제 개최계획 현황(0321).xlsx,조사표,2025,전남,화원 오시아노 해넘이축제,자연생태,2025.12.31~2025.12.31,대면,,2025-12-31,2025-12-31,False,split_date_exact,False,False,True,False
2025년 지역축제 개최계획 현황(0321).xlsx,조사표,2025,전남,북일 오소재해맞이축제,자연생태,2025.12.31~2026.1.1,대면,,2025-12-31,2026-01-01,False,split_date_exact,False,False,True,False
2025년 지역축제 개최계획 현황(0321).xlsx,조사표,2025,전남,제26회 영암왕인문화축제,문화예술,2025.3.29~2025.4.6,대면,,2025-03-29,2025-04-06,False,split_date_exact,False,False,True,False
2025년 지역축제 개최계획 현황(0321).xlsx,조사표,2025,전남,월출산 국화축제,자연생태,2025.11.1~2025.11.16,대면,,2025-11-01,2025-11-16,False,split_date_exact,False,False,True,False
2025년 지역축제 개최계획 현황(0321).xlsx,조사표,2025,전남,마한문화축제,전통역사,2025.4.25~2025.4.26,대면,,2025-04-25,2025-04-26,False,split_date_exact,False,False,True,False
2025년 지역축제 개최계획 현황(0321).xlsx,조사표,2025,전남,영암무화과축제,지역특산물,2025.8.~2025.8.,대면,,2025-08-01,2025-08-31,True,split_month_vague,False,False,True,False
2025년 지역축제 개최계획 현황(0321).xlsx,조사표,2025,전남,2025 무안겨울숭어축제,지역특산물,2025.1.18~2025.1.19,대면,,2025-01-18,2025-01-19,False,split_date_exact,False,False,True,False
2025년 지역축제 개최계획 현황(0321).xlsx,조사표,2025,전남,제11회 황토갯벌축제,자연생태,2025.5.10~2025.5.25,대면,,2025-05-10,2025-05-25,False,split_date_exact,False,False,True,False
2025년 지역축제 개최계획 현황(0321).xlsx,조사표,2025,전남,제28회 무안연꽃축제,자연생태,2025.6.26~2025.6.29,대면,,2025-06-26,2025-06-29,False,split_date_exact,False,False,True,False
2025년 지역축제 개최계획 현황(0321).xlsx,조사표,2025,전남,2025 무안갯벌낙지축제,지역특산물,2025.10.25~2025.10.26,대면,,2025-10-25,2025-10-26,False,split_date_exact,False,False,True,False
2025년 지역축제 개최계획 현황(0321).xlsx,조사표,2025,전남,제5회 무안YD 페스티벌,문화예술,2025.11.14~2025.11.16,대면,,2025-11-14,2025-11-16,False,split_date_exact,False,False,True,False
2025년 지역축제 개최계획 현황(0321).xlsx,조사표,2025,전남,제27회 함평나비대축제,문화예술,2025.4.25~2025.5.6,대면,,2025-04-25,2025-05-06,False,split_date_exact,False,False,True,False
2025년 지역축제 개최계획 현황(0321).xlsx,조사표,2025,전남,제26회 함평모악산 꽃무릇축제,자연생태,2025.9.~2025.10.,대면,,2025-09-01,2025-10-31,True,split_month_vague,False,False,True,False
2025년 지역축제 개최계획 현황(0321).xlsx,조사표,2025,전남,2025 대한민국 국향대전,문화예술,2025.10.~2025.11.,대면,,2025-10-01,2025-11-30,True,split_month_vague,False,False,True,False
2025년 지역축제 개최계획 현황(0321).xlsx,조사표,2025,전남,2025 함평 겨울빛축제,문화예술,2025.11.~2025.12.,대면,,2025-11-01,2025-12-31,True,split_month_vague,False,False,True,False
2025년 지역축제 개최계획 현황(0321).xlsx,조사표,2025,전남,제11회 영광찰보리문화축제,자연생태,2025.5.~2025.5.,복합,,2025-05-01,2025-05-31,True,split_month_vague,False,False,True,False
2025년 지역축제 개최계획 현황(0321).xlsx,조사표,2025,전남,2025 영광법성포단오제,문화예술,2025.5.29~2025.6.1,복합,,2025-05-29,2025-06-01,False,split_date_exact,False,False,True,False
2025년 지역축제 개최계획 현황(0321).xlsx,조사표,2025,전남,제25회 영광불갑산상사화축제,자연생태,2025.9.~2025.9.,복합,,2025-09-01,2025-09-30,True,split_month_vague,False,False,True,False
2025년 지역축제 개최계획 현황(0321).xlsx,조사표,2025,전남,제24회 장성 황룡강 (洪)길동무 꽃길 축제,자연생태,2025.5.10~2025.5.11,대면,,2025-05-10,2025-05-11,False,split_date_exact,False,False,True,False
2025년 지역축제 개최계획 현황(0321).xlsx,조사표,2025,전남,어울림음악회,주민화합,2025.7.~2025.7.,대면,,2025-07-01,2025-07-31,True,split_month_vague,False,False,True,False
2025년 지역축제 개최계획 현황(0321).xlsx,조사표,2025,전남,2025 장성 황룡강 가을꽃 축제,자연생태,2025.10.18~2025.10.26,대면,,2025-10-18,2025-10-26,False,split_date_exact,False,False,True,False
2025년 지역축제 개최계획 현황(0321).xlsx,조사표,2025,전남,2025 청산도슬로걷기축제,자연생태,2025.4.5~2025.5.4,대면,,2025-04-05,2025-05-04,False,split_date_exact,False,False,True,False
2025년 지역축제 개최계획 현황(0321).xlsx,조사표,2025,전남,2025 완도장보고수산물축제,지역특산물,2025.5.3~2025.5.6,대면,,2025-05-03,2025-05-06,False,split_date_exact,False,False,True,False
2025년 지역축제 개최계획 현황(0321).xlsx,조사표,2025,전남,2025 청정완도 가을섬 여행,자연생태,2025.10.~2025.10.,대면,,2025-10-01,2025-10-31,True,split_month_vague,False,False,True,False
2025년 지역축제 개최계획 현황(0321).xlsx,조사표,2025,전남,제45회 진도신비의바닷길축제,자연생태,2025.3.29~2025.4.1,대면,,2025-03-29,2025-04-01,False,split_date_exact,False,False,True,False
2025년 지역축제 개최계획 현황(0321).xlsx,조사표,2025,전남,2025 보배섬 진도 유채꽃 축제,자연생태,2025.4.11~2025.4.13,대면,,2025-04-11,2025-04-13,False,split_date_exact,False,False,True,False
2025년 지역축제 개최계획 현황(0321).xlsx,조사표,2025,전남,2025 대한민국진도개페스티벌,지역특산물,2025.5.~2025.5.,대면,,2025-05-01,2025-05-31,True,split_month_vague,False,False,True,False
2025년 지역축제 개최계획 현황(0321).xlsx,조사표,2025,전남,2025 보배섬 진도 문화예술제,문화예술,2025.10.~2025.10.,대면,,2025-10-01,2025-10-31,True,split_month_vague,False,False,True,False
2025년 지역축제 개최계획 현황(0321).xlsx,조사표,2025,전남,2025 보배섬 국화축제,자연생태,2025.10.~2025.11.,대면,,2025-10-01,2025-11-30,True,split_month_vague,False,False,True,False
2025년 지역축제 개최계획 현황(0321).xlsx,조사표,2025,전남,2025 섬 홍매화축제,자연생태,2025.3.7~2025.3.9,대면,,2025-03-07,2025-03-09,False,split_date_exact,False,False,True,False
2025년 지역축제 개최계획 현황(0321).xlsx,조사표,2025,전남,2025년 섬 수선화축제,자연생태,2025.3.28~2025.4.6,대면,,2025-03-28,2025-04-06,False,split_date_exact,False,False,True,False
2025년 지역축제 개최계획 현황(0321).xlsx,조사표,2025,전남,2025 섬 튤립축제,자연생태,2025.4.4~2025.4.13,대면,,2025-04-04,2025-04-13,False,split_date_exact,False,False,True,False
2025년 지역축제 개최계획 현황(0321).xlsx,조사표,2025,전남,2025년 팔금 섬 유채꽃축제,자연생태,2025.4.16~2025.4.25,대면,,2025-04-16,2025-04-25,False,split_date_exact,False,False,True,False
2025년 지역축제 개최계획 현황(0321).xlsx,조사표,2025,전남,섬 간재미축제,지역특산물,2025.4.19~2025.4.20,대면,,2025-04-19,2025-04-20,False,split_date_exact,False,False,True,False
2025년 지역축제 개최계획 현황(0321).xlsx,조사표,2025,전남,100+4 피아노섬 축제,문화예술,2025.4.26~2025.4.27,대면,,2025-04-26,2025-04-27,False,split_date_exact,False,False,True,False
2025년 지역축제 개최계획 현황(0321).xlsx,조사표,2025,전남,신안 세계 김밥페스타,문화예술,2025.4.26~2025.4.27,대면,,2025-04-26,2025-04-27,False,split_date_exact,False,False,True,False
2025년 지역축제 개최계획 현황(0321).xlsx,조사표,2025,전남,섬 홍어축제,지역특산물,2025.5.4~2025.5.5,대면,,2025-05-04,2025-05-05,False,split_date_exact,False,False,True,False
2025년 지역축제 개최계획 현황(0321).xlsx,조사표,2025,전남,옥도 작약 꽃 축제,자연생태,2025.5.9~2025.5.17,대면,,2025-05-09,2025-05-17,False,split_date_exact,False,False,True,False
2025년 지역축제 개최계획 현황(0321).xlsx,조사표,2025,전남,라벤더 축제,자연생태,2025.5.16~2025.5.25,대면,,2025-05-16,2025-05-25,False,split_date_exact,False,False,True,False
2025년 지역축제 개최계획 현황(0321).xlsx,조사표,2025,전남,신안 샴막 예술 축제,문화예술,2025.5.17~2025.5.18,대면,,2025-05-17,2025-05-18,False,split_date_exact,False,False,True,False
2025년 지역축제 개최계획 현황(0321).xlsx,조사표,2025,전남,섬 낙지축제,지역특산물,2025.5.18~2025.5.19,대면,,2025-05-18,2025-05-19,False,split_date_exact,False,False,True,False
2025년 지역축제 개최계획 현황(0321).xlsx,조사표,2025,전남,버들마편초 축제,자연생태,2025.5.23~2025.6.30,대면,,2025-05-23,2025-06-30,False,split_date_exact,False,False,True,False
2025년 지역축제 개최계획 현황(0321).xlsx,조사표,2025,전남,2025년 돈나무꽃 축제,자연생태,2025.5.23~2025.5.25,대면,,2025-05-23,2025-05-25,False,split_date_exact,False,False,True,False
2025년 지역축제 개최계획 현황(0321).xlsx,조사표,2025,전남,섬 깡다리축제,지역특산물,2025.5.25~2025.5.26,대면,,2025-05-25,2025-05-26,False,split_date_exact,False,False,True,False
2025년 지역축제 개최계획 현황(0321).xlsx,조사표,2025,전남,섬 병어축제,지역특산물,2025.6.7~2025.6.8,대면,,2025-06-07,2025-06-08,False,split_date_exact,False,False,True,False
2025년 지역축제 개최계획 현황(0321).xlsx,조사표,2025,전남,섬 밴댕이축제,지역특산물,2025.6.7~2025.6.8,대면,,2025-06-07,2025-06-08,False,split_date_exact,False,False,True,False
2025년 지역축제 개최계획 현황(0321).xlsx,조사표,2025,전남,제6회 섬 수국축제,문화예술,2025.6.20~2025.6.29,대면,,2025-06-20,2025-06-29,False,split_date_exact,False,False,True,False
2025년 지역축제 개최계획 현황(0321).xlsx,조사표,2025,전남,2025년 섬 크로코스미아꽃 축제,자연생태,2025.7.4~2025.7.13,대면,,2025-07-04,2025-07-13,False,split_date_exact,False,False,True,False
2025년 지역축제 개최계획 현황(0321).xlsx,조사표,2025,전남,섬 홍도 원추리꽃 축제,자연생태,2025.7.4~2025.7.13,대면,,2025-07-04,2025-07-13,False,split_date_exact,False,False,True,False
2025년 지역축제 개최계획 현황(0321).xlsx,조사표,2025,전남,섬 민어축제,지역특산물,2025.8.2~2025.8.3,대면,,2025-08-02,2025-08-03,False,split_date_exact,False,False,True,False
2025년 지역축제 개최계획 현황(0321).xlsx,조사표,2025,전남,제1회 섬 목수국축제,문화예술,2025.9.18~2025.9.21,대면,,2025-09-18,2025-09-21,False,split_date_exact,False,False,True,False
2025년 지역축제 개최계획 현황(0321).xlsx,조사표,2025,전남,아스타축제,자연생태,2025.9.26~2025.10.12,대면,,2025-09-26,2025-10-12,False,split_date_exact,False,False,True,False
2025년 지역축제 개최계획 현황(0321).xlsx,조사표,2025,전남,섬 왕새우축제,지역특산물,2025.10.1~2025.10.10,대면,,2025-10-01,2025-10-10,False,split_date_exact,False,False,True,False
2025년 지역축제 개최계획 현황(0321).xlsx,조사표,2025,전남,섬 맨드라미 축제,문화예술,2025.10.3~2025.10.12,대면,,2025-10-03,2025-10-12,False,split_date_exact,False,False,True,False
2025년 지역축제 개최계획 현황(0321).xlsx,조사표,2025,전남,2025년 국제꽃장식대회,자연생태,2025.10.17~2025.10.18,대면,,2025-10-17,2025-10-18,False,split_date_exact,False,False,True,False
2025년 지역축제 개최계획 현황(0321).xlsx,조사표,2025,전남,섬 불볼락축제,지역특산물,2025.10.24~2025.10.25,대면,,2025-10-24,2025-10-25,False,split_date_exact,False,False,True,False
2025년 지역축제 개최계획 현황(0321).xlsx,조사표,2025,전남,2025년 섬 함초 축제,자연생태,2025.10.24~2025.10.26,대면,,2025-10-24,2025-10-26,False,split_date_exact,False,False,True,False
2025년 지역축제 개최계획 현황(0321).xlsx,조사표,2025,전남,섬 아자니아 축제,자연생태,2025.11.1~2025.11.10,대면,,2025-11-01,2025-11-10,False,split_date_exact,False,False,True,False
2025년 지역축제 개최계획 현황(0321).xlsx,조사표,2025,전남,1004섬 분재정원 분재대전,자연생태,2025.11.7~2025.11.16,대면,,2025-11-07,2025-11-16,False,split_date_exact,False,False,True,False
2025년 지역축제 개최계획 현황(0321).xlsx,조사표,2025,전남,섬 우럭축제,지역특산물,2025.11.22~2025.11.23,대면,,2025-11-22,2025-11-23,False,split_date_exact,False,False,True,False
2025년 지역축제 개최계획 현황(0321).xlsx,조사표,2025,전남,섬 새우젓축제,지역특산물,2025.11.24~2025.11.25,대면,,2025-11-24,2025-11-25,False,split_date_exact,False,False,True,False
2025년 지역축제 개최계획 현황(0321).xlsx,조사표,2025,전남,2025년 섬 겨울꽃 축제,자연생태,2025.12.19~2026.1.31,대면,,2025-12-19,2026-01-31,False,split_date_exact,False,False,True,False
2025년 지역축제 개최계획 현황(0321).xlsx,조사표,2025,전북,전주세계소리축제,문화예술,2025.8.13~2025.8.17,대면,,2025-08-13,2025-08-17,False,split_date_exact,False,False,True,False
2025년 지역축제 개최계획 현황(0321).xlsx,조사표,2025,전북,2025 전주세계문화주간,문화예술,2025.5.2~2025.5.8,대면,,2025-05-02,2025-05-08,False,split_date_exact,False,False,True,False
2025년 지역축제 개최계획 현황(0321).xlsx,조사표,2025,전북,제50회 전주대사습놀이전국대회,문화예술,2025.5.10~2025.5.26,대면,,2025-05-10,2025-05-26,False,split_date_exact,False,False,True,False
2025년 지역축제 개최계획 현황(0321).xlsx,조사표,2025,전북,2025 전주문화유산야행,문화예술,2025.5.23~2025.5.24,대면,,2025-05-23,2025-05-24,False,split_date_exact,False,False,True,False
2025년 지역축제 개최계획 현황(0321).xlsx,조사표,2025,전북,2025 전주문화유산야행,문화예술,2025.10.17~2025.10.18,대면,,2025-10-17,2025-10-18,False,split_date_exact,False,False,True,False
2025년 지역축제 개최계획 현황(0321).xlsx,조사표,2025,전북,2025 전주단오,전통역사,2025.5.31~2025.6.1,대면,,2025-05-31,2025-06-01,False,split_date_exact,False,False,True,False
2025년 지역축제 개최계획 현황(0321).xlsx,조사표,2025,전북,2025 전주연꽃문화제,문화예술,2025.7.19~2025.7.20,대면,,2025-07-19,2025-07-20,False,split_date_exact,False,False,True,False
2025년 지역축제 개최계획 현황(0321).xlsx,조사표,2025,전북,2025 전주가맥축제,주민화합,2025.8.~2025.8.,대면,,2025-08-01,2025-08-31,True,split_month_vague,False,False,True,False
2025년 지역축제 개최계획 현황(0321).xlsx,조사표,2025,전북,제8회 전주독서대전,문화예술,2025.9.5~2025.9.7,대면,,2025-09-05,2025-09-07,False,split_date_exact,False,False,True,False
2025년 지역축제 개최계획 현황(0321).xlsx,조사표,2025,전북,전주페스타 2025,문화예술,2025.10.~2025.10.,대면,,2025-10-01,2025-10-31,True,split_month_vague,False,False,True,False
2025년 지역축제 개최계획 현황(0321).xlsx,조사표,2025,전북,2025 전주비빔밥축제,지역특산물,2025.10.~2025.10.,대면,,2025-10-01,2025-10-31,True,split_month_vague,False,False,True,False
2025년 지역축제 개최계획 현황(0321).xlsx,조사표,2025,전북,2025 전주국제한지산업대전,문화예술,2025.10.~2025.10.,대면,,2025-10-01,2025-10-31,True,split_month_vague,False,False,True,False
2025년 지역축제 개최계획 현황(0321).xlsx,조사표,2025,전북,제15회 얼굴없는천사축제,주민화합,2025.10.3~2025.10.5,대면,,2025-10-03,2025-10-05,False,split_date_exact,False,False,True,False
2025년 지역축제 개최계획 현황(0321).xlsx,조사표,2025,전북,2025 김장문화축제,주민화합,2025.11.~2025.11.,복합,,2025-11-01,2025-11-30,True,split_month_vague,False,False,True,False
2025년 지역축제 개최계획 현황(0321).xlsx,조사표,2025,전북,제4회 어촌체험 섬마을 작은 축제,지역특산물,2025.5.~2025.5.,대면,,2025-05-01,2025-05-31,True,split_month_vague,False,False,True,False
2025년 지역축제 개최계획 현황(0321).xlsx,조사표,2025,전북,2025 제13회 군산시간여행축제,전통역사,2025.10.~2025.10.,대면,,2025-10-01,2025-10-31,True,split_month_vague,False,False,True,False
2025년 지역축제 개최계획 현황(0321).xlsx,조사표,2025,전북,해신동 수산물 축제,지역특산물,2025.9.~2025.9.,대면,,2025-09-01,2025-09-30,True,split_month_vague,False,False,True,False
2025년 지역축제 개최계획 현황(0321).xlsx,조사표,2025,전북,제8회 군산 우체통거리 손편지축제,문화예술,2025.9.26~2025.9.27,대면,,2025-09-26,2025-09-27,False,split_date_exact,False,False,True,False
2025년 지역축제 개최계획 현황(0321).xlsx,조사표,2025,전북,제4회 군산짬뽕페스티벌,문화예술,2025.11.1~2025.11.2,대면,,2025-11-01,2025-11-02,False,split_date_exact,False,False,True,False
2025년 지역축제 개최계획 현황(0321).xlsx,조사표,2025,전북,제4회 군산 수제맥주&블루스 페스티벌,지역특산물,2025.6.20~2025.6.22,대면,,2025-06-20,2025-06-22,False,split_date_exact,False,False,True,True
2025년 지역축제 개최계획 현황(0321).xlsx,조사표,2025,전북,제20회 군산꽁당보리축제,지역특산물,2025.5.2~2025.5.5,대면,,2025-05-02,2025-05-05,False,split_date_exact,False,False,True,False
2025년 지역축제 개최계획 현황(0321).xlsx,조사표,2025,전북,2025년 익산서동축제,전통역사,2025.5.3~2025.5.6,대면,,2025-05-03,2025-05-06,False,split_date_exact,False,False,True,False
2025년 지역축제 개최계획 현황(0321).xlsx,조사표,2025,전북,2025 익산 문화유산야행,전통역사,2025.4.18~2025.4.20,대면,,2025-04-18,2025-04-20,False,split_date_exact,False,False,True,False
2025년 지역축제 개최계획 현황(0321).xlsx,조사표,2025,전북,제22회 익산 천만송이 국화축제,자연생태,2025.10.24~2025.11.2,대면,,2025-10-24,2025-11-02,False,split_date_exact,False,False,True,False
2025년 지역축제 개최계획 현황(0321).xlsx,조사표,2025,전북,함라두레마당 떡볶이축제,주민화합,2025.11.15~2025.11.16,대면,,2025-11-15,2025-11-16,False,split_date_exact,False,False,True,False
2025년 지역축제 개최계획 현황(0321).xlsx,조사표,2025,전북,익산 고구마(순) 축제,지역특산물,2025.8.8~2025.8.9,대면,,2025-08-08,2025-08-09,False,split_date_exact,False,False,True,False
2025년 지역축제 개최계획 현황(0321).xlsx,조사표,2025,전북,제18회 정읍 구절초 꽃축제,자연생태,2025.10.10~2025.10.26,대면,,2025-10-10,2025-10-26,False,split_date_exact,False,False,True,False
2025년 지역축제 개최계획 현황(0321).xlsx,조사표,2025,전북,제36회 정읍사문화제,전통역사,2025.10.25~2025.10.26,대면,,2025-10-25,2025-10-26,False,split_date_exact,False,False,True,False
2025년 지역축제 개최계획 현황(0321).xlsx,조사표,2025,전북,제9회 솔티모시축제,주민화합,2025.10.19~2025.10.20,대면,,2025-10-19,2025-10-20,False,split_date_exact,False,False,True,False
2025년 지역축제 개최계획 현황(0321).xlsx,조사표,2025,전북,2025 벚꽃축제,자연생태,2025.4.3~2025.4.7,대면,,2025-04-03,2025-04-07,False,split_date_exact,False,False,True,False
2025년 지역축제 개최계획 현황(0321).xlsx,조사표,2025,전북,2025 물빛축제,문화예술,2025.8.15~2025.8.17,대면,,2025-08-15,2025-08-17,False,split_date_exact,False,False,True,False
2025년 지역축제 개최계획 현황(0321).xlsx,조사표,2025,전북,제95회 춘향제,문화예술,2025.4.30~2025.5.6,대면,,2025-04-30,2025-05-06,False,split_date_exact,False,False,True,False
2025년 지역축제 개최계획 현황(0321).xlsx,조사표,2025,전북,제33회 흥부제,문화예술,2025.10.24~2025.10.26,대면,,2025-10-24,2025-10-26,False,split_date_exact,False,False,True,False
2025년 지역축제 개최계획 현황(0321).xlsx,조사표,2025,전북,남원 봄꾳 문화재,문화예술,2025.3.29~2025.3.30,대면,,2025-03-29,2025-03-30,False,split_date_exact,False,False,True,False
2025년 지역축제 개최계획 현황(0321).xlsx,조사표,2025,전북,남원 워터밤 페스티벌,주민화합,2025.8.14~2025.8.17,대면,,2025-08-14,2025-08-17,False,split_date_exact,False,False,True,False
2025년 지역축제 개최계획 현황(0321).xlsx,조사표,2025,전북,제29회 지리산 바래봉 철쭉제,자연생태,2025.4.~2025.5.,대면,,2025-04-01,2025-05-31,True,split_month_vague,False,False,True,False
2025년 지역축제 개최계획 현황(0321).xlsx,조사표,2025,전북,제11회 혼불문학 축제,문화예술,2025.11.1~2025.11.2,대면,,2025-11-01,2025-11-02,False,split_date_exact,False,False,True,False
2025년 지역축제 개최계획 현황(0321).xlsx,조사표,2025,전북,제27회 김제지평선축제,문화예술,2025.9.24~2025.9.28,대면,,2025-09-24,2025-09-28,False,split_date_exact,False,False,True,False
2025년 지역축제 개최계획 현황(0321).xlsx,조사표,2025,전북,2025 김제 모악뮤직페스티벌,문화예술,2025.4.26~2025.4.27,대면,,2025-04-26,2025-04-27,False,split_date_exact,False,False,True,False
2025년 지역축제 개최계획 현황(0321).xlsx,조사표,2025,전북,2025 꽃빛드리축제,문화예술,2025.4.4~2025.4.6,대면,,2025-04-04,2025-04-06,False,split_date_exact,False,False,True,False
2025년 지역축제 개최계획 현황(0321).xlsx,조사표,2025,전북,지평선광활햇감자축제,지역특산물,2025.4.12~2025.4.13,대면,,2025-04-12,2025-04-13,False,split_date_exact,False,False,True,False
2025년 지역축제 개최계획 현황(0321).xlsx,조사표,2025,전북,제14회 지평선 추억의 보리밭 축제,자연생태,2025.5.3~2025.5.5,대면,,2025-05-03,2025-05-05,False,split_date_exact,False,False,True,False
2025년 지역축제 개최계획 현황(0321).xlsx,조사표,2025,전북,제3회 김제 자원순화 새로보미축제,자연생태,2025.9.5~2025.9.6,대면,,2025-09-05,2025-09-06,False,split_date_exact,False,False,True,False
2025년 지역축제 개최계획 현황(0321).xlsx,조사표,2025,전북,제 23회 완주 삼례딸기축제,지역특산물,2025.3.7~2025.3.9,대면,,2025-03-07,2025-03-09,False,split_date_exact,False,False,True,False
2025년 지역축제 개최계획 현황(0321).xlsx,조사표,2025,전북,제3회 완주 모악산 웰니스축제,주민화합,2025.4.5~2025.4.6,대면,,2025-04-05,2025-04-06,False,split_date_exact,False,False,True,False
2025년 지역축제 개최계획 현황(0321).xlsx,조사표,2025,전북,제8회 오성한옥마을 오픈가든축제,주민화합,2025.5.17~2025.5.18,대면,,2025-05-17,2025-05-18,False,split_date_exact,False,False,True,False
2025년 지역축제 개최계획 현황(0321).xlsx,조사표,2025,전북,제3회 완주 대둔산축제,주민화합,2025.6.7~2025.6.8,대면,,2025-06-07,2025-06-08,False,split_date_exact,False,False,True,False
2025년 지역축제 개최계획 현황(0321).xlsx,조사표,2025,전북,제21회 진안고원 운장산 고로쇠축제,지역특산물,2025.3.8~2025.3.9,대면,,2025-03-08,2025-03-09,False,split_date_exact,False,False,True,False
2025년 지역축제 개최계획 현황(0321).xlsx,조사표,2025,전북,제15회 진안고원 수박축제,지역특산물,2025.7.~2025.7.,대면,,2025-07-01,2025-07-31,True,split_month_vague,False,False,True,False
2025년 지역축제 개최계획 현황(0321).xlsx,조사표,2025,전북,2025 진안홍삼축제,지역특산물,2025.9.~2025.9.,대면,,2025-09-01,2025-09-30,True,split_month_vague,False,False,True,False
2025년 지역축제 개최계획 현황(0321).xlsx,조사표,2025,전북,제7회 진안고원 김치보쌈축제,지역특산물,2025.11.~2025.11.,대면,,2025-11-01,2025-11-30,True,split_month_vague,False,False,True,False
2025년 지역축제 개최계획 현황(0321).xlsx,조사표,2025,전북,제29회 무주반딧불축제,자연생태,2025.9.6~2025.9.14,대면,,2025-09-06,2025-09-14,False,split_date_exact,False,False,True,False
2025년 지역축제 개최계획 현황(0321).xlsx,조사표,2025,전북,무주안성낙화놀이축제,전통역사,2025.6.6~2025.6.7,대면,,2025-06-06,2025-06-07,False,split_date_exact,False,False,True,False
2025년 지역축제 개최계획 현황(0321).xlsx,조사표,2025,전북,무주꽁꽁놀이축제,주민화합,2025.12.24~2026.1.30,대면,,2025-12-24,2026-01-30,False,split_date_exact,False,False,True,False
2025년 지역축제 개최계획 현황(0321).xlsx,조사표,2025,전북,무주산골영화제,문화예술,2025.6.6~2025.6.8,대면,,2025-06-06,2025-06-08,False,split_date_exact,False,False,True,False
2025년 지역축제 개최계획 현황(0321).xlsx,조사표,2025,전북,레드푸드 페스티벌(제19회 장수한우랑사과랑 축제),지역특산물,2025.9.18~2025.9.21,대면,,2025-09-18,2025-09-21,False,split_date_exact,False,False,True,False
2025년 지역축제 개최계획 현황(0321).xlsx,조사표,2025,전북,제3회 쿨밸리페스티벌,자연생태,2025.8.1~2025.8.3,대면,,2025-08-01,2025-08-03,False,split_date_exact,False,False,True,False
2025년 지역축제 개최계획 현황(0321).xlsx,조사표,2025,전북,제9회 번암물빛축제,자연생태,2025.7.25~2025.7.26,대면,,2025-07-25,2025-07-26,False,split_date_exact,False,False,True,False
2025년 지역축제 개최계획 현황(0321).xlsx,조사표,2025,전북,제3회 장수가꿈토마토랑수박축제,지역특산물,2025.8.~2025.8.,대면,,2025-08-01,2025-08-31,True,split_month_vague,False,False,True,False
2025년 지역축제 개최계획 현황(0321).xlsx,조사표,2025,전북,임실N치즈축제,지역특산물,2025.10.8~2025.10.12,대면,,2025-10-08,2025-10-12,False,split_date_exact,False,False,True,False
2025년 지역축제 개최계획 현황(0321).xlsx,조사표,2025,전북,아쿠아페스티벌,주민화합,2025.7.~2025.8.,대면,,2025-07-01,2025-08-31,True,split_month_vague,False,False,True,False
2025년 지역축제 개최계획 현황(0321).xlsx,조사표,2025,전북,산타축제,주민화합,2025.12.25~2025.12.28,대면,,2025-12-25,2025-12-28,False,split_date_exact,False,False,True,False
2025년 지역축제 개최계획 현황(0321).xlsx,조사표,2025,전북,의견문화제(임실N펫스타),문화예술,2025.5.3~2025.5.5,대면,,2025-05-03,2025-05-05,False,split_date_exact,False,False,True,False
2025년 지역축제 개최계획 현황(0321).xlsx,조사표,2025,전북,필봉마을굿축제,문화예술,2025.9.19~2025.9.21,대면,,2025-09-19,2025-09-21,False,split_date_exact,False,False,True,False
2025년 지역축제 개최계획 현황(0321).xlsx,조사표,2025,전북,사선문화제,문화예술,2025.9.25~2025.9.28,대면,,2025-09-25,2025-09-28,False,split_date_exact,False,False,True,False
2025년 지역축제 개최계획 현황(0321).xlsx,조사표,2025,전북,옥정호벚꽃축제,자연생태,2025.4.6~2025.4.7,대면,,2025-04-06,2025-04-07,False,split_date_exact,False,False,True,False
2025년 지역축제 개최계획 현황(0321).xlsx,조사표,2025,전북,신전마을 도자기 전통가마축제,문화예술,2025.5.~2025.5.,대면,,2025-05-01,2025-05-31,True,split_month_vague,False,False,True,False
2025년 지역축제 개최계획 현황(0321).xlsx,조사표,2025,전북,제29회 추령장승축제,전통역사,2025.10.25~2025.10.26,대면,,2025-10-25,2025-10-26,False,split_date_exact,False,False,True,False
2025년 지역축제 개최계획 현황(0321).xlsx,조사표,2025,전북,제20회 순창장류축제,지역특산물,2025.10.17~2025.10.19,대면,,2025-10-17,2025-10-19,False,split_date_exact,False,False,True,False
2025년 지역축제 개최계획 현황(0321).xlsx,조사표,2025,전북,떡볶이 페스타,지역특산물,2025.11.15~2025.11.16,대면,,2025-11-15,2025-11-16,False,split_date_exact,False,False,True,False
2025년 지역축제 개최계획 현황(0321).xlsx,조사표,2025,전북,제3회 고창 벚꽃축제,자연생태,2025.4.4~2025.4.6,대면,,2025-04-04,2025-04-06,False,split_date_exact,False,False,True,False
2025년 지역축제 개최계획 현황(0321).xlsx,조사표,2025,전북,제22회 청보리밭 축제,자연생태,2025.4.19~2025.5.11,대면,,2025-04-19,2025-05-11,False,split_date_exact,False,False,True,False
2025년 지역축제 개최계획 현황(0321).xlsx,조사표,2025,전북,하전바지락 오감체험 페스티벌,지역특산물,2025.5.3~2025.5.5,대면,,2025-05-03,2025-05-05,False,split_date_exact,False,False,True,False
2025년 지역축제 개최계획 현황(0321).xlsx,조사표,2025,전북,고창갯벌축제,자연생태,2025.6.13~2025.6.15,대면,,2025-06-13,2025-06-15,False,split_date_exact,False,False,True,False
2025년 지역축제 개최계획 현황(0321).xlsx,조사표,2025,전북,제22회 고창 복분자와 수박축제,지역특산물,2025.6.20~2025.6.22,대면,,2025-06-20,2025-06-22,False,split_date_exact,False,False,True,False
2025년 지역축제 개최계획 현황(0321).xlsx,조사표,2025,전북,제29회 고창해풍고추축제,지역특산물,2025.8.22~2025.8.24,대면,,2025-08-22,2025-08-24,False,split_date_exact,False,False,True,False
2025년 지역축제 개최계획 현황(0321).xlsx,조사표,2025,전북,제52회 고창모양성제,전통역사,2025.10.29~2025.11.2,대면,,2025-10-29,2025-11-02,False,split_date_exact,False,False,True,False
2025년 지역축제 개최계획 현황(0321).xlsx,조사표,2025,전북,제7회 개암동 벚꽃축제,자연생태,2025.4.~2025.4.,대면,,2025-04-01,2025-04-30,True,split_month_vague,False,False,True,False
2025년 지역축제 개최계획 현황(0321).xlsx,조사표,2025,전북,제12회 부안마실축제,문화예술,2025.5.2~2025.5.5,대면,,2025-05-02,2025-05-05,False,split_date_exact,False,False,True,False
2025년 지역축제 개최계획 현황(0321).xlsx,조사표,2025,전북,변산 비치파티,자연생태,2025.8.~2025.8.,대면,,2025-08-01,2025-08-31,True,split_month_vague,False,False,True,False
2025년 지역축제 개최계획 현황(0321).xlsx,조사표,2025,전북,고슴도치섬 위도상사화축제,자연생태,2025.8.~2025.8.,대면,,2025-08-01,2025-08-31,True,split_month_vague,False,False,True,False
2025년 지역축제 개최계획 현황(0321).xlsx,조사표,2025,전북,님의 뽕 축제,자연생태,2025.8.~2025.8.,대면,,2025-08-01,2025-08-31,True,split_month_vague,False,False,True,False
2025년 지역축제 개최계획 현황(0321).xlsx,조사표,2025,전북,부안 곰소젓갈발효축제,지역특산물,2025.10.~2025.10.,대면,,2025-10-01,2025-10-31,True,split_month_vague,False,False,True,False
2025년 지역축제 개최계획 현황(0321).xlsx,조사표,2025,전북,2025 부안붉은노을축제,문화예술,2025.10.~2025.10.,대면,,2025-10-01,2025-10-31,True,split_month_vague,False,False,True,False
2025년 지역축제 개최계획 현황(0321).xlsx,조사표,2025,전북,부안 설숭어축제,지역특산물,2025.12.~2025.12.,대면,,2025-12-01,2025-12-31,True,split_month_vague,False,False,True,False
2025년 지역축제 개최계획 현황(0321).xlsx,조사표,2025,충북,제15회 반딧불 곤충 축제,자연생태,2025.6.13~2025.6.15,대면,,2025-06-13,2025-06-15,False,split_date_exact,False,False,True,False
2025년 지역축제 개최계획 현황(0321).xlsx,조사표,2025,충북,제17회 농업농촌사랑 푸른뜰 체험행사,자연생태,2025.10.~2025.10.,대면,,2025-10-01,2025-10-31,True,split_month_vague,False,False,True,False
2025년 지역축제 개최계획 현황(0321).xlsx,조사표,2025,충북,2025제천국제한방천연물산업엑스포,문화예술,2025.9.20~2025.10.19,대면,,2025-09-20,2025-10-19,False,split_date_exact,False,False,True,False
2025년 지역축제 개최계획 현황(0321).xlsx,조사표,2025,충북,2025 친환경에너지 페스티벌,문화예술,2025.9.26~2025.9.28,대면,,2025-09-26,2025-09-28,False,split_date_exact,False,False,True,False
2025년 지역축제 개최계획 현황(0321).xlsx,조사표,2025,충북,2025영동세계국악엑스포,문화예술,2025.9.12~2025.10.11,대면,,2025-09-12,2025-10-11,False,split_date_exact,False,False,True,False
2025년 지역축제 개최계획 현황(0321).xlsx,조사표,2025,충북,청남대 봄꽃축제 '영춘제',문화예술,2025.4.24~2025.5.6,대면,,2025-04-24,2025-05-06,False,split_date_exact,False,False,True,False
2025년 지역축제 개최계획 현황(0321).xlsx,조사표,2025,충북,청남대 '가을축제',문화예술,2025.10.25~2025.11.9,대면,,2025-10-25,2025-11-09,False,split_date_exact,False,False,True,False
2025년 지역축제 개최계획 현황(0321).xlsx,조사표,2025,충북,2025 3·3데이 청주삼겹살 축제,지역특산물,2025.3.2~2025.3.3,대면,,2025-03-02,2025-03-03,False,split_date_exact,False,False,True,False
2025년 지역축제 개최계획 현황(0321).xlsx,조사표,2025,충북,2025 벚꽃과 함께하는 제3회 청주 푸드트럭 축제,주민화합,2025.3.28~2025.3.30,대면,,2025-03-28,2025-03-30,False,split_date_exact,False,False,True,False
2025년 지역축제 개최계획 현황(0321).xlsx,조사표,2025,충북,2025 청주 미식·주(酒) 페스타,지역특산물,2025.5.30~2025.5.31,대면,,2025-05-30,2025-05-31,False,split_date_exact,False,False,True,False
2025년 지역축제 개최계획 현황(0321).xlsx,조사표,2025,충북,2025 청주 디저트·베이커리 페스타,지역특산물,2025.11.8~2025.11.9,대면,,2025-11-08,2025-11-09,False,split_date_exact,False,False,True,False
2025년 지역축제 개최계획 현황(0321).xlsx,조사표,2025,충북,2025 세종대왕과 초정약수축제,주민화합,2025.10.10~2025.10.12,대면,,2025-10-10,2025-10-12,False,split_date_exact,False,False,True,False
2025년 지역축제 개최계획 현황(0321).xlsx,조사표,2025,충북,힙한 청주 페스티벌 in 제조창,문화예술,2025.8.22~2025.8.23,대면,,2025-08-22,2025-08-23,False,split_date_exact,False,False,True,False
2025년 지역축제 개최계획 현황(0321).xlsx,조사표,2025,충북,2025 청주시 도시농업 페스티벌,문화예술,2025.5.2~2025.5.5,대면,,2025-05-02,2025-05-05,False,split_date_exact,False,False,True,False
2025년 지역축제 개최계획 현황(0321).xlsx,조사표,2025,충북,2025 청주 가드닝 페스티벌,자연생태,2025.5.9~2025.5.11,대면,,2025-05-09,2025-05-11,False,split_date_exact,False,False,True,False
2025년 지역축제 개최계획 현황(0321).xlsx,조사표,2025,충북,2025 청원생명축제,지역특산물,2025.10.17~2025.10.26,대면,,2025-10-17,2025-10-26,False,split_date_exact,False,False,True,False
2025년 지역축제 개최계획 현황(0321).xlsx,조사표,2025,충북,2025 제천빨간오뎅축제,지역특산물,2025.2.28~2025.3.3,대면,,2025-02-28,2025-03-03,False,split_date_exact,False,False,True,False
2025년 지역축제 개최계획 현황(0321).xlsx,조사표,2025,충북,제6회 봉양박달콩축제,지역특산물,2025.11.~2025.11.,대면,,2025-11-01,2025-11-30,True,split_month_vague,False,False,True,False
2025년 지역축제 개최계획 현황(0321).xlsx,조사표,2025,충북,제1회 제천 우수축산물 행사,지역특산물,2025.5.~2025.5.,대면,,2025-05-01,2025-05-31,True,split_month_vague,False,False,True,False
2025년 지역축제 개최계획 현황(0321).xlsx,조사표,2025,충북,제23회 월악산송계양파축제,지역특산물,2025.7.~2025.7.,대면,,2025-07-01,2025-07-31,True,split_month_vague,False,False,True,False
2025년 지역축제 개최계획 현황(0321).xlsx,조사표,2025,충북,제4회 덕산면약초고을농산물축제 (덕산 양채축제),지역특산물,2025.10.~2025.10.,대면,,2025-10-01,2025-10-31,True,split_month_vague,False,False,True,False
2025년 지역축제 개최계획 현황(0321).xlsx,조사표,2025,충북,제6회 봉양박달콩축제,지역특산물,2025.11.~2025.11.,대면,,2025-11-01,2025-11-30,True,split_month_vague,False,False,True,False
2025년 지역축제 개최계획 현황(0321).xlsx,조사표,2025,충북,제21회 제천국제음악영화제,문화예술,2025.9.4~2025.9.9,대면,,2025-09-04,2025-09-09,False,split_date_exact,False,False,True,False
2025년 지역축제 개최계획 현황(0321).xlsx,조사표,2025,충북,제29회 청풍호 벚꽃축제,자연생태,2025.4.10~2025.4.13,대면,,2025-04-10,2025-04-13,False,split_date_exact,False,False,True,False
2025년 지역축제 개최계획 현황(0321).xlsx,조사표,2025,충북,충주호 벚꽃축제,문화예술,2025.3.28~2025.3.30,대면,,2025-03-28,2025-03-30,False,split_date_exact,False,False,True,False
2025년 지역축제 개최계획 현황(0321).xlsx,조사표,2025,충북,제41회 수안보온천제,전통역사,2025.4.~2025.4.,대면,,2025-04-01,2025-04-30,True,split_month_vague,False,False,True,False
2025년 지역축제 개최계획 현황(0321).xlsx,조사표,2025,충북,목계별신제,전통역사,2025.4.26~2025.4.27,대면,,2025-04-26,2025-04-27,False,split_date_exact,False,False,True,False
2025년 지역축제 개최계획 현황(0321).xlsx,조사표,2025,충북,충주다이브페스티벌,문화예술,2025.5.29~2025.6.1,대면,,2025-05-29,2025-06-01,False,split_date_exact,False,False,True,False
2025년 지역축제 개최계획 현황(0321).xlsx,조사표,2025,충북,제53회 우륵문화제,문화예술,2025.9.24~2025.9.28,대면,,2025-09-24,2025-09-28,False,split_date_exact,False,False,True,False
2025년 지역축제 개최계획 현황(0321).xlsx,조사표,2025,충북,2025년 충주씨 농산물직거래 한마당,지역특산물,2025.10.24~2025.10.26,복합,,2025-10-24,2025-10-26,False,split_date_exact,False,False,True,False
2025년 지역축제 개최계획 현황(0321).xlsx,조사표,2025,충북,비내섬 축제,문화예술,2025.10.~2025.10.,대면,,2025-10-01,2025-10-31,True,split_month_vague,False,False,True,False
2025년 지역축제 개최계획 현황(0321).xlsx,조사표,2025,충북,2025 보은벚꽃길축제,자연생태,2025.4.4~2025.4.13,대면,,2025-04-04,2025-04-13,False,split_date_exact,False,False,True,False
2025년 지역축제 개최계획 현황(0321).xlsx,조사표,2025,충북,2025 보은대추축제,지역특산물,2025.10.~2025.10.,대면,,2025-10-01,2025-10-31,True,split_month_vague,False,False,True,False
2025년 지역축제 개최계획 현황(0321).xlsx,조사표,2025,충북,2025 속리산 축제 - 봄,전통역사,2025.4.~2025.5.,대면,,2025-04-01,2025-05-31,True,split_month_vague,False,False,True,False
2025년 지역축제 개최계획 현황(0321).xlsx,조사표,2025,충북,제23회 옥천묘목축제,지역특산물,2025.3.28~2025.3.30,대면,,2025-03-28,2025-03-30,False,split_date_exact,False,False,True,False
2025년 지역축제 개최계획 현황(0321).xlsx,조사표,2025,충북,제6회 청산생선국수축제,지역특산물,2025.4.5~2025.4.6,대면,,2025-04-05,2025-04-06,False,split_date_exact,False,False,True,False
2025년 지역축제 개최계획 현황(0321).xlsx,조사표,2025,충북,제3회 향수옥천 유채꽃 축제,문화예술,2025.4.~2025.4.,대면,,2025-04-01,2025-04-30,True,split_month_vague,False,False,True,False
2025년 지역축제 개최계획 현황(0321).xlsx,조사표,2025,충북,제38회 지용제,문화예술,2025.5.~2025.5.,대면,,2025-05-01,2025-05-31,True,split_month_vague,False,False,True,False
2025년 지역축제 개최계획 현황(0321).xlsx,조사표,2025,충북,2025년 제15회 옥수수감자 축제,지역특산물,2025.7.12~2025.7.13,대면,,2025-07-12,2025-07-13,False,split_date_exact,False,False,True,False
2025년 지역축제 개최계획 현황(0321).xlsx,조사표,2025,충북,2025 제16회 포도복숭아 축제,지역특산물,2025.8.~2025.8.,대면,,2025-08-01,2025-08-31,True,split_month_vague,False,False,True,False
2025년 지역축제 개최계획 현황(0321).xlsx,조사표,2025,충북,2025 영동곶감축제,지역특산물,2025.1.3~2025.1.5,대면,,2025-01-03,2025-01-05,False,split_date_exact,False,False,True,False
2025년 지역축제 개최계획 현황(0321).xlsx,조사표,2025,충북,제14회 대한민국와인축제,지역특산물,2025.9.12~2025.10.11,대면,,2025-09-12,2025-10-11,False,split_date_exact,False,False,True,False
2025년 지역축제 개최계획 현황(0321).xlsx,조사표,2025,충북,2025 영동포도축제,지역특산물,2025.9.20~2025.9.28,대면,,2025-09-20,2025-09-28,False,split_date_exact,False,False,True,False
2025년 지역축제 개최계획 현황(0321).xlsx,조사표,2025,충북,제56회 영동난계국악축제,문화예술,2025.9.12~2025.10.11,대면,,2025-09-12,2025-10-11,False,split_date_exact,False,False,True,False
2025년 지역축제 개최계획 현황(0321).xlsx,조사표,2025,충북,증평들노래축제,전통역사,2025.6.~2025.6.,대면,,2025-06-01,2025-06-30,True,split_month_vague,False,False,True,False
2025년 지역축제 개최계획 현황(0321).xlsx,조사표,2025,충북,제25회 농다리 축제,전통역사,2025.4.5~2025.6.1,대면,,2025-04-05,2025-06-01,False,split_date_exact,False,False,True,False
2025년 지역축제 개최계획 현황(0321).xlsx,조사표,2025,충북,제46회 생거진천 문화축제,문화예술,2025.10.3~2025.10.5,대면,,2025-10-03,2025-10-05,False,split_date_exact,False,False,True,False
2025년 지역축제 개최계획 현황(0321).xlsx,조사표,2025,충북,괴산빨간맛페스티벌,지역특산물,2025.5.23~2025.5.25,대면,,2025-05-23,2025-05-25,False,split_date_exact,False,False,True,False
2025년 지역축제 개최계획 현황(0321).xlsx,조사표,2025,충북,괴산고추축제,지역특산물,2025.9.~2025.9.,대면,,2025-09-01,2025-09-30,True,split_month_vague,False,False,True,False
2025년 지역축제 개최계획 현황(0321).xlsx,조사표,2025,충북,괴산김장축제,지역특산물,2025.11.~2025.11.,대면,,2025-11-01,2025-11-30,True,split_month_vague,False,False,True,False
2025년 지역축제 개최계획 현황(0321).xlsx,조사표,2025,충북,제26회 음성품바축제,문화예술,2025.5.21~2025.5.25,대면,,2025-05-21,2025-05-25,False,split_date_exact,False,False,True,False
2025년 지역축제 개최계획 현황(0321).xlsx,조사표,2025,충북,제44회 설성문화제,전통역사,2025.10.17~2025.10.19,대면,,2025-10-17,2025-10-19,False,split_date_exact,False,False,True,False
2025년 지역축제 개최계획 현황(0321).xlsx,조사표,2025,충북,2025 음성명작페스티벌,지역특산물,2025.9.25~2025.9.28,대면,,2025-09-25,2025-09-28,False,split_date_exact,False,False,True,False
2025년 지역축제 개최계획 현황(0321).xlsx,조사표,2025,충북,제41회 단양 소백산철쭉제,자연생태,2025.5.22~2025.5.25,대면,,2025-05-22,2025-05-25,False,split_date_exact,False,False,True,False
2025년 지역축제 개최계획 현황(0321).xlsx,조사표,2025,충북,제27회 단양 온달문화축제,전통역사,2025.10.~2025.10.,대면,,2025-10-01,2025-10-31,True,split_month_vague,False,False,True,False
2025년 지역축제 개최계획 현황(0321).xlsx,조사표,2025,충남,천안흥타령춤축제 2024,문화예술,2025.9.24~2025.9.28,대면,,2025-09-24,2025-09-28,False,split_date_exact,False,False,True,False
2025년 지역축제 개최계획 현황(0321).xlsx,조사표,2025,충남,제10회 천안위례벚꽃축제,자연생태,2025.4.~2025.4.,대면,,2025-04-01,2025-04-30,True,split_month_vague,False,False,True,False
2025년 지역축제 개최계획 현황(0321).xlsx,조사표,2025,충남,2025 빵지순례 빵빵데이,지역특산물,2025.4.19~2025.4.20,대면,,2025-04-19,2025-04-20,False,split_date_exact,False,False,True,False
2025년 지역축제 개최계획 현황(0321).xlsx,조사표,2025,충남,2025 빵빵데이 천안,지역특산물,2025.10.18~2025.10.19,대면,,2025-10-18,2025-10-19,False,split_date_exact,False,False,True,False
2025년 지역축제 개최계획 현황(0321).xlsx,조사표,2025,충남,천안 병천순대축제,지역특산물,2025.4.~2025.4.,대면,,2025-04-01,2025-04-30,True,split_month_vague,False,False,True,False
2025년 지역축제 개최계획 현황(0321).xlsx,조사표,2025,충남,겨울공주 군밤축제,지역특산물,2025.1.16~2025.1.20,대면,,2025-01-16,2025-01-20,False,split_date_exact,False,False,True,False
2025년 지역축제 개최계획 현황(0321).xlsx,조사표,2025,충남,공주 석장리 구석기축제,전통역사,2025.5.3~2025.5.6,대면,,2025-05-03,2025-05-06,False,split_date_exact,False,False,True,False
2025년 지역축제 개최계획 현황(0321).xlsx,조사표,2025,충남,유구색동수국정원 꽃축제,자연생태,2025.6.20~2025.6.22,대면,,2025-06-20,2025-06-22,False,split_date_exact,False,False,True,False
2025년 지역축제 개최계획 현황(0321).xlsx,조사표,2025,충남,공주여름축제,문화예술,2025.8.16~2025.8.17,대면,,2025-08-16,2025-08-17,False,split_date_exact,False,False,True,False
2025년 지역축제 개최계획 현황(0321).xlsx,조사표,2025,충남,계룡산 벚꽃축제,자연생태,2025.3.1~2025.3.16,대면,,2025-03-01,2025-03-16,False,split_date_exact,False,False,True,False
2025년 지역축제 개최계획 현황(0321).xlsx,조사표,2025,충남,계룡산산신제,전통역사,2025.5.9~2025.5.11,대면,,2025-05-09,2025-05-11,False,split_date_exact,False,False,True,False
2025년 지역축제 개최계획 현황(0321).xlsx,조사표,2025,충남,마곡사 신록축제,문화예술,2025.5.3~2025.5.5,대면,,2025-05-03,2025-05-05,False,split_date_exact,False,False,True,False
2025년 지역축제 개최계획 현황(0321).xlsx,조사표,2025,충남,갑사황매화축제,자연생태,2025.4.19~2025.4.20,대면,,2025-04-19,2025-04-20,False,split_date_exact,False,False,True,False
2025년 지역축제 개최계획 현황(0321).xlsx,조사표,2025,충남,제70회 백제문화제,전통역사,2025.10.3~2025.10.12,대면,,2025-10-03,2025-10-12,False,split_date_exact,False,False,True,False
2025년 지역축제 개최계획 현황(0321).xlsx,조사표,2025,충남,구절산 구절초 축제,자연생태,2025.10.10~2025.10.19,대면,,2025-10-10,2025-10-19,False,split_date_exact,False,False,True,False
2025년 지역축제 개최계획 현황(0321).xlsx,조사표,2025,충남,무창포 주꾸미 도다리 축제,지역특산물,2025.3.22~2025.4.13,대면,,2025-03-22,2025-04-13,False,split_date_exact,False,False,True,False
2025년 지역축제 개최계획 현황(0321).xlsx,조사표,2025,충남,주산 벚꽃축제,자연생태,2025.3.29~2025.3.30,대면,,2025-03-29,2025-03-30,False,split_date_exact,False,False,True,False
2025년 지역축제 개최계획 현황(0321).xlsx,조사표,2025,충남,오천항 키조개 축제,지역특산물,2025.5.~2025.5.,대면,,2025-05-01,2025-05-31,True,split_month_vague,False,False,True,False
2025년 지역축제 개최계획 현황(0321).xlsx,조사표,2025,충남,보령.AMC 국제모터 페스티벌,문화예술,2025.5.3~2025.5.5,대면,,2025-05-03,2025-05-05,False,split_date_exact,False,False,True,False
2025년 지역축제 개최계획 현황(0321).xlsx,조사표,2025,충남,제2회 충남지사배 전국 각설이 명인대회,문화예술,2025.7.~2025.7.,대면,,2025-07-01,2025-07-31,True,split_month_vague,False,False,True,False
2025년 지역축제 개최계획 현황(0321).xlsx,조사표,2025,충남,제28회 보령머드축제,지역특산물,2025.7.25~2025.8.10,대면,,2025-07-25,2025-08-10,False,split_date_exact,False,False,True,False
2025년 지역축제 개최계획 현황(0321).xlsx,조사표,2025,충남,무창포 대하전어축제,지역특산물,2025.9.~2025.9.,대면,,2025-09-01,2025-09-30,True,split_month_vague,False,False,True,False
2025년 지역축제 개최계획 현황(0321).xlsx,조사표,2025,충남,무창포 신비의 바닷길 축제,자연생태,2025.10.~2025.10.,대면,,2025-10-01,2025-10-31,True,split_month_vague,False,False,True,False
2025년 지역축제 개최계획 현황(0321).xlsx,조사표,2025,충남,"원산도, 효자도 붕장어 축제",지역특산물,2025.10.~2025.10.,대면,,2025-10-01,2025-10-31,True,split_month_vague,False,False,True,False
2025년 지역축제 개최계획 현황(0321).xlsx,조사표,2025,충남,청라은행마을축제,자연생태,2025.10.~2025.10.,대면,,2025-10-01,2025-10-31,True,split_month_vague,False,False,True,False
2025년 지역축제 개최계획 현황(0321).xlsx,조사표,2025,충남,천북 굴축제,지역특산물,2025.11.~2025.11.,대면,,2025-11-01,2025-11-30,True,split_month_vague,False,False,True,False
2025년 지역축제 개최계획 현황(0321).xlsx,조사표,2025,충남,2025 대천겨울바다사랑축제,문화예술,2025.12.~2025.12.,대면,,2025-12-01,2025-12-31,True,split_month_vague,False,False,True,False
2025년 지역축제 개최계획 현황(0321).xlsx,조사표,2025,충남,제64회 아산 성웅 이순신축제,문화예술,2025.4.25~2025.4.27,대면,,2025-04-25,2025-04-27,False,split_date_exact,False,False,True,False
2025년 지역축제 개최계획 현황(0321).xlsx,조사표,2025,충남,락페스티벌,문화예술,2025.8.~2025.8.,대면,,2025-08-01,2025-08-31,True,split_month_vague,False,False,True,False
2025년 지역축제 개최계획 현황(0321).xlsx,조사표,2025,충남,제36회 설화예술제,문화예술,2025.10.~2025.10.,대면,,2025-10-01,2025-10-31,True,split_month_vague,False,False,True,False
2025년 지역축제 개최계획 현황(0321).xlsx,조사표,2025,충남,제22회 서산해미읍성축제,전통역사,2025.9.26~2025.9.28,대면,,2025-09-26,2025-09-28,False,split_date_exact,False,False,True,False
2025년 지역축제 개최계획 현황(0321).xlsx,조사표,2025,충남,팔봉산감자축제,지역특산물,2025.6.14~2025.6.15,대면,,2025-06-14,2025-06-15,False,split_date_exact,False,False,True,False
2025년 지역축제 개최계획 현황(0321).xlsx,조사표,2025,충남,서산6쪽마늘축제,지역특산물,2025.6.27~2025.6.29,대면,,2025-06-27,2025-06-29,False,split_date_exact,False,False,True,False
2025년 지역축제 개최계획 현황(0321).xlsx,조사표,2025,충남,해미벚꽃축제,자연생태,2025.4.~2025.4.,대면,,2025-04-01,2025-04-30,True,split_month_vague,False,False,True,False
2025년 지역축제 개최계획 현황(0321).xlsx,조사표,2025,충남,류방택 별축제,전통역사,2025.5.~2025.5.,대면,,2025-05-01,2025-05-31,True,split_month_vague,False,False,True,False
2025년 지역축제 개최계획 현황(0321).xlsx,조사표,2025,충남,삼길포우럭축제,지역특산물,2025.8.~2025.8.,대면,,2025-08-01,2025-08-31,True,split_month_vague,False,False,True,False
2025년 지역축제 개최계획 현황(0321).xlsx,조사표,2025,충남,서산 어리굴젓 축제,지역특산물,2025.10.~2025.10.,대면,,2025-10-01,2025-10-31,True,split_month_vague,False,False,True,False
2025년 지역축제 개최계획 현황(0321).xlsx,조사표,2025,충남,서산국화축제,자연생태,2025.11.~2025.11.,대면,,2025-11-01,2025-11-30,True,split_month_vague,False,False,True,False
2025년 지역축제 개최계획 현황(0321).xlsx,조사표,2025,충남,2025 논산딸기축제,지역특산물,2025.3.~2025.3.,대면,,2025-03-01,2025-03-31,True,split_month_vague,False,False,True,False
2025년 지역축제 개최계획 현황(0321).xlsx,조사표,2025,충남,2025 강경젓갈축제,지역특산물,2025.10.~2025.10.,대면,,2025-10-01,2025-10-31,True,split_month_vague,False,False,True,False
2025년 지역축제 개최계획 현황(0321).xlsx,조사표,2025,충남,2025 연산대추문화축제,지역특산물,2025.10.~2025.10.,대면,,2025-10-01,2025-10-31,True,split_month_vague,False,False,True,False
2025년 지역축제 개최계획 현황(0321).xlsx,조사표,2025,충남,2025 양촌곶감축제,지역특산물,2025.12.~2025.12.,대면,,2025-12-01,2025-12-31,True,split_month_vague,False,False,True,False
2025년 지역축제 개최계획 현황(0321).xlsx,조사표,2025,충남,2025 향적산 봄나들이,문화예술,2025.3.~2025.3.,대면,,2025-03-01,2025-03-31,True,split_month_vague,False,False,True,False
2025년 지역축제 개최계획 현황(0321).xlsx,조사표,2025,충남,제4회 계룡시 도시농업축제,자연생태,2025.4.25~2025.4.26,대면,,2025-04-25,2025-04-26,False,split_date_exact,False,False,True,False
2025년 지역축제 개최계획 현황(0321).xlsx,조사표,2025,충남,25년  사계문화제,전통역사,2025.5.10~2025.5.11,대면,,2025-05-10,2025-05-11,False,split_date_exact,False,False,True,False
2025년 지역축제 개최계획 현황(0321).xlsx,조사표,2025,충남,2025 계룡軍문화축제,문화예술,2025.10.~2025.10.,대면,,2025-10-01,2025-10-31,True,split_month_vague,False,False,True,False
2025년 지역축제 개최계획 현황(0321).xlsx,조사표,2025,충남,당진 삽교호 드론 라이트 쇼,문화예술,2025.4.19~2025.11.1,대면,,2025-04-19,2025-11-01,False,split_date_exact,False,False,True,False
2025년 지역축제 개최계획 현황(0321).xlsx,조사표,2025,충남,왜목마을해넘이해돋이소원제,자연생태,2025.12.31~2026.1.1,대면,,2025-12-31,2026-01-01,False,split_date_exact,False,False,True,False
2025년 지역축제 개최계획 현황(0321).xlsx,조사표,2025,충남,제1회 면천의 봄,자연생태,2025.4.4~2025.4.6,대면,,2025-04-04,2025-04-06,False,split_date_exact,False,False,True,False
2025년 지역축제 개최계획 현황(0321).xlsx,조사표,2025,충남,기지시줄다리기축제,전통역사,2025.4.10~2025.4.13,대면,,2025-04-10,2025-04-13,False,split_date_exact,False,False,True,False
2025년 지역축제 개최계획 현황(0321).xlsx,조사표,2025,충남,당진 합덕 연꽃축제,자연생태,2025.6.20~2025.6.22,대면,,2025-06-20,2025-06-22,False,split_date_exact,False,False,True,False
2025년 지역축제 개최계획 현황(0321).xlsx,조사표,2025,충남,제48회 심훈상록문화제,전통역사,2025.10.17~2025.10.19,대면,,2025-10-17,2025-10-19,False,split_date_exact,False,False,True,False
2025년 지역축제 개최계획 현황(0321).xlsx,조사표,2025,충남,남이흥 장군 문화제,전통역사,2025.10.24~2025.10.25,대면,,2025-10-24,2025-10-25,False,split_date_exact,False,False,True,False
2025년 지역축제 개최계획 현황(0321).xlsx,조사표,2025,충남,장고항실치마을수산물홍보행사,지역특산물,2025.4.~2025.4.,대면,,2025-04-01,2025-04-30,True,split_month_vague,False,False,True,False
2025년 지역축제 개최계획 현황(0321).xlsx,조사표,2025,충남,한진포구 수산물 홍보판촉행사,지역특산물,2025.10.~2025.10.,대면,,2025-10-01,2025-10-31,True,split_month_vague,False,False,True,False
2025년 지역축제 개최계획 현황(0321).xlsx,조사표,2025,충남,제17회 순성 벚꽃축제,자연생태,2025.4.12~2025.4.13,대면,,2025-04-12,2025-04-13,False,split_date_exact,False,False,True,False
2025년 지역축제 개최계획 현황(0321).xlsx,조사표,2025,충남,제16회 순성왕매실&당진맥주축제,지역특산물,2025.6.21~2025.6.22,대면,,2025-06-21,2025-06-22,False,split_date_exact,False,False,True,True
2025년 지역축제 개최계획 현황(0321).xlsx,조사표,2025,충남,제22회 당진면천읍성축제,전통역사,2025.9.20~2025.9.21,대면,,2025-09-20,2025-09-21,False,split_date_exact,False,False,True,False
2025년 지역축제 개최계획 현황(0321).xlsx,조사표,2025,충남,재43회 금산세계인삼축제,지역특산물,2025.9.19~2025.9.28,대면,,2025-09-19,2025-09-28,False,split_date_exact,False,False,True,False
2025년 지역축제 개최계획 현황(0321).xlsx,조사표,2025,충남,제5회 금산삼계탕축제,지역특산물,2025.5.30~2025.6.1,대면,,2025-05-30,2025-06-01,False,split_date_exact,False,False,True,False
2025년 지역축제 개최계획 현황(0321).xlsx,조사표,2025,충남,금산보곡산골 산벚꽃축제,자연생태,2025.4.~2025.4.,대면,,2025-04-01,2025-04-30,True,split_month_vague,False,False,True,False
2025년 지역축제 개최계획 현황(0321).xlsx,조사표,2025,충남,제14회 금산천 봄꽃축제,주민화합,2025.4.~2025.4.,대면,,2025-04-01,2025-04-30,True,split_month_vague,False,False,True,False
2025년 지역축제 개최계획 현황(0321).xlsx,조사표,2025,충남,제14회 남일면 홍도화축제,주민화합,2025.4.~2025.4.,대면,,2025-04-01,2025-04-30,True,split_month_vague,False,False,True,False
2025년 지역축제 개최계획 현황(0321).xlsx,조사표,2025,충남,제23회 부여서동연꽃축제,문화예술,2025.7.4~2025.7.6,대면,,2025-07-04,2025-07-06,False,split_date_exact,False,False,True,False
2025년 지역축제 개최계획 현황(0321).xlsx,조사표,2025,충남,제71회 백제문화제,전통역사,2025.10.3~2025.10.12,대면,,2025-10-03,2025-10-12,False,split_date_exact,False,False,True,False
2025년 지역축제 개최계획 현황(0321).xlsx,조사표,2025,충남,제20회 부여 굿뜨래 알밤축제,지역특산물,2025.10.1~2025.10.10,대면,,2025-10-01,2025-10-10,False,split_date_exact,False,False,True,False
2025년 지역축제 개최계획 현황(0321).xlsx,조사표,2025,충남,2025 부여 세도 방울토마토&유채꽃 축제,지역특산물,2025.4.18~2025.4.20,대면,,2025-04-18,2025-04-20,False,split_date_exact,False,False,True,False
2025년 지역축제 개최계획 현황(0321).xlsx,조사표,2025,충남,제22회 백제고도 부여국화축제,자연생태,2025.10.31~2025.11.9,대면,,2025-10-31,2025-11-09,False,split_date_exact,False,False,True,False
2025년 지역축제 개최계획 현황(0321).xlsx,조사표,2025,충남,동백꽃 주꾸미 축제,지역특산물,2025.3.16~2025.3.30,대면,,2025-03-16,2025-03-30,False,split_date_exact,False,False,True,False
2025년 지역축제 개최계획 현황(0321).xlsx,조사표,2025,충남,자연산 광어 도미 축제,지역특산물,2025.5.~2025.5.,대면,,2025-05-01,2025-05-31,True,split_month_vague,False,False,True,False
2025년 지역축제 개최계획 현황(0321).xlsx,조사표,2025,충남,꼴뚜기 갑오징어 축제,지역특산물,2025.5.~2025.5.,대면,,2025-05-01,2025-05-31,True,split_month_vague,False,False,True,False
2025년 지역축제 개최계획 현황(0321).xlsx,조사표,2025,충남,제35회 한산모시문화제,문화예술,2025.6.13~2025.6.13,대면,,2025-06-13,2025-06-13,False,split_date_exact,False,False,True,False
2025년 지역축제 개최계획 현황(0321).xlsx,조사표,2025,충남,춘장대해수욕장 여름문화예술 축제,문화예술,2025.7.26~2025.7.27,대면,,2025-07-26,2025-07-27,False,split_date_exact,False,False,True,False
2025년 지역축제 개최계획 현황(0321).xlsx,조사표,2025,충남,제3회 장항 맥문동 꽃 축제,자연생태,2025.8.28~2025.8.31,대면,,2025-08-28,2025-08-31,False,split_date_exact,False,False,True,False
2025년 지역축제 개최계획 현황(0321).xlsx,조사표,2025,충남,홍원항 전어 꽃게 축제,지역특산물,2025.8.~2025.8.,대면,,2025-08-01,2025-08-31,True,split_month_vague,False,False,True,False
2025년 지역축제 개최계획 현황(0321).xlsx,조사표,2025,충남,한산소곡주축제,지역특산물,2025.10.25~2025.10.26,대면,,2025-10-25,2025-10-26,False,split_date_exact,False,False,True,False
2025년 지역축제 개최계획 현황(0321).xlsx,조사표,2025,충남,서천군 평생학습한마당,주민화합,2025.10.31~2025.11.2,대면,,2025-10-31,2025-11-02,False,split_date_exact,False,False,True,False
2025년 지역축제 개최계획 현황(0321).xlsx,조사표,2025,충남,판교 도토리묵 축제,지역특산물,2025.10.~2025.10.,대면,,2025-10-01,2025-10-31,True,split_month_vague,False,False,True,False
2025년 지역축제 개최계획 현황(0321).xlsx,조사표,2025,충남,서천철새여행,자연생태,2025.11.29~2025.11.30,대면,,2025-11-29,2025-11-30,False,split_date_exact,False,False,True,False
2025년 지역축제 개최계획 현황(0321).xlsx,조사표,2025,충남,2025 서천 마량진항 해넘이 해돋이 행사,주민화합,2025.12.31~2026.1.1,대면,,2025-12-31,2026-01-01,False,split_date_exact,False,False,True,False
2025년 지역축제 개최계획 현황(0321).xlsx,조사표,2025,충남,2025 청양 고추구기자 문화축제(26회),문화예술,2025.9.~2025.9.,대면,,2025-09-01,2025-09-30,True,split_month_vague,False,False,True,False
2025년 지역축제 개최계획 현황(0321).xlsx,조사표,2025,충남,칠갑산장승문화축제,문화예술,2025.4.~2025.4.,대면,,2025-04-01,2025-04-30,True,split_month_vague,False,False,True,False
2025년 지역축제 개최계획 현황(0321).xlsx,조사표,2025,충남,제24회 홍성사랑국화축제,자연생태,2025.10.21~2025.10.26,대면,,2025-10-21,2025-10-26,False,split_date_exact,False,False,True,False
2025년 지역축제 개최계획 현황(0321).xlsx,조사표,2025,충남,홍성남당항 바다송어축제,지역특산물,2025.4.~2025.5.,대면,,2025-04-01,2025-05-31,True,split_month_vague,False,False,True,False
2025년 지역축제 개최계획 현황(0321).xlsx,조사표,2025,충남,홍성군가족축제,주민화합,2025.9.27~2025.9.27,대면,,2025-09-27,2025-09-27,False,split_date_exact,False,False,True,False
2025년 지역축제 개최계획 현황(0321).xlsx,조사표,2025,충남,홍성 남당항 새조개와 함께하는 수산물축제,지역특산물,2025.2.7~2025.4.7,대면,,2025-02-07,2025-04-07,False,split_date_exact,False,False,True,False
2025년 지역축제 개최계획 현황(0321).xlsx,조사표,2025,충남,홍성 남당항 대하축제,지역특산물,2025.8.29~2025.10.31,대면,,2025-08-29,2025-10-31,False,split_date_exact,False,False,True,False
2025년 지역축제 개최계획 현황(0321).xlsx,조사표,2025,충남,광천김토굴새우젓 대축제,지역특산물,2025.10.17~2025.10.19,대면,,2025-10-17,2025-10-19,False,split_date_exact,False,False,True,False
2025년 지역축제 개최계획 현황(0321).xlsx,조사표,2025,충남,글로벌 바비큐 페스티벌 in 홍성,지역특산물,2025.10.30~2025.11.2,대면,,2025-10-30,2025-11-02,False,split_date_exact,False,False,True,False
2025년 지역축제 개최계획 현황(0321).xlsx,조사표,2025,충남,구항한우봄꽃축제,자연생태,2025.4.~2025.4.,대면,,2025-04-01,2025-04-30,True,split_month_vague,False,False,True,False
2025년 지역축제 개최계획 현황(0321).xlsx,조사표,2025,충남,제52회 윤봉길 평화축제,전통역사,2025.4.26~2025.4.27,대면,,2025-04-26,2025-04-27,False,split_date_exact,False,False,True,False
2025년 지역축제 개최계획 현황(0321).xlsx,조사표,2025,충남,제6회 예산황새축제,자연생태,2025.9.6~2025.9.7,대면,,2025-09-06,2025-09-07,False,split_date_exact,False,False,True,False
2025년 지역축제 개최계획 현황(0321).xlsx,조사표,2025,충남,제3회 예산맥주 페스티벌,지역특산물,2025.9.~2025.9.,대면,,2025-09-01,2025-09-30,True,split_month_vague,False,False,True,True
2025년 지역축제 개최계획 현황(0321).xlsx,조사표,2025,충남,제2회 신진도항 오징어축제,지역특산물,2025.8.2~2025.8.4,대면,,2025-08-02,2025-08-04,False,split_date_exact,False,False,True,False
2025년 지역축제 개최계획 현황(0321).xlsx,조사표,2025,충남,안면도 백사장 대하축제,지역특산물,2025.10.1~2025.10.10,대면,,2025-10-01,2025-10-10,False,split_date_exact,False,False,True,False
2025년 지역축제 개최계획 현황(0321).xlsx,조사표,2025,충남,제21회 태안 모래조각 페스티벌,자연생태,2025.9.~2025.9.,대면,,2025-09-01,2025-09-30,True,split_month_vague,False,False,True,False
2025년 지역축제 개최계획 현황(0321).xlsx,조사표,2025,충남,2025년 태안거리축제,문화예술,2025.10.~2025.10.,대면,,2025-10-01,2025-10-31,True,split_month_vague,False,False,True,False
2025년 지역축제 개최계획 현황(0321).xlsx,조사표,2025,충남,2025 꽃과바다 태안국화축제,자연생태,2025.10.31~2025.11.9,대면,,2025-10-31,2025-11-09,False,split_date_exact,False,False,True,False
2025년 지역축제 개최계획 현황(0321).xlsx,조사표,2025,제주,탐라국입춘굿,전통역사,2025.2.2~2025.2.4,대면,,2025-02-02,2025-02-04,False,split_date_exact,False,False,True,False
2025년 지역축제 개최계획 현황(0321).xlsx,조사표,2025,제주,탐라문화제,전통역사,2025.10.~2025.10.,대면,,2025-10-01,2025-10-31,True,split_month_vague,False,False,True,False
2025년 지역축제 개최계획 현황(0321).xlsx,조사표,2025,제주,제주 성읍마을 전통민속 재현축제,전통역사,2025.10.~2025.10.,대면,,2025-10-01,2025-10-31,True,split_month_vague,False,False,True,False
2025년 지역축제 개최계획 현황(0321).xlsx,조사표,2025,제주,제주 성읍마을 정의현감 행차재현 및 전통 민요공연,전통역사,2025.5.~2025.9.,대면,,2025-05-01,2025-09-30,True,split_month_vague,False,False,True,False
2025년 지역축제 개최계획 현황(0321).xlsx,조사표,2025,제주,혼인지 축제,전통역사,2025.10.~2025.10.,대면,,2025-10-01,2025-10-31,True,split_month_vague,False,False,True,False
2025년 지역축제 개최계획 현황(0321).xlsx,조사표,2025,제주,제10회제주푸드앤와인페스티벌,지역특산물,2025.5.8~2025.5.17,대면,,2025-05-08,2025-05-17,False,split_date_exact,False,False,True,False
2025년 지역축제 개최계획 현황(0321).xlsx,조사표,2025,제주,제20회 제주마 축제,전통역사,2025.10.~2025.10.,대면,,2025-10-01,2025-10-31,True,split_month_vague,False,False,True,False
2025년 지역축제 개최계획 현황(0321).xlsx,조사표,2025,제주,제주도새기축제,지역특산물,2025.10.~2025.10.,대면,,2025-10-01,2025-10-31,True,split_month_vague,False,False,True,False
2025년 지역축제 개최계획 현황(0321).xlsx,조사표,2025,제주,제주 반려동물 문화산업 한마당,문화예술,2025.5.30~2025.6.1,대면,,2025-05-30,2025-06-01,False,split_date_exact,False,False,True,False
2025년 지역축제 개최계획 현황(0321).xlsx,조사표,2025,제주,2025년 제주마 입목 문화 축제,"자연생태, 전통역사",2025.4.~2025.4.,대면,,2025-04-01,2025-04-30,True,split_month_vague,False,False,True,False
2025년 지역축제 개최계획 현황(0321).xlsx,조사표,2025,제주,제25회 최남단 방어 축제,지역특산물,2025.11.~2025.11.,대면,,2025-11-01,2025-11-30,True,split_month_vague,False,False,True,False
2025년 지역축제 개최계획 현황(0321).xlsx,조사표,2025,제주,제6회 서귀포 은갈치 축제,지역특산물,2025.10.~2025.10.,대면,,2025-10-01,2025-10-31,True,split_month_vague,False,False,True,False
2025년 지역축제 개최계획 현황(0321).xlsx,조사표,2025,제주,제17회 추자도 참굴비 대축제,지역특산물,2025.10.~2025.10.,대면,,2025-10-01,2025-10-31,True,split_month_vague,False,False,True,False
2025년 지역축제 개최계획 현황(0321).xlsx,조사표,2025,제주,제8회 제주광어 대축제,지역특산물,2025.10.~2025.10.,대면,,2025-10-01,2025-10-31,True,split_month_vague,False,False,True,False
2025년 지역축제 개최계획 현황(0321).xlsx,조사표,2025,제주,제18회 제주해녀축제,전통역사,2025.9.~2025.9.,대면,,2025-09-01,2025-09-30,True,split_month_vague,False,False,True,False
2025년 지역축제 개최계획 현황(0321).xlsx,조사표,2025,제주,2025년 천연염색 홍보행사,문화예술,2025.8.~2025.8.,대면,,2025-08-01,2025-08-31,True,split_month_vague,False,False,True,False
2025년 지역축제 개최계획 현황(0321).xlsx,조사표,2025,제주,거리예술제,문화예술,2025.4.~2025.11.,대면,,2025-04-01,2025-11-30,True,split_month_vague,False,False,True,False
2025년 지역축제 개최계획 현황(0321).xlsx,조사표,2025,제주,한여름밤의 예술공연,문화예술,2025.7.~2025.8.,대면,,2025-07-01,2025-08-31,True,split_month_vague,False,False,True,False
2025년 지역축제 개최계획 현황(0321).xlsx,조사표,2025,제주,삼도2동 문화의 거리 행사,문화예술,2025.10.~2025.10.,대면,,2025-10-01,2025-10-31,True,split_month_vague,False,False,True,False
2025년 지역축제 개최계획 현황(0321).xlsx,조사표,2025,제주,아트페스타인제주,문화예술,2025.10.~2025.10.,대면,,2025-10-01,2025-10-31,True,split_month_vague,False,False,True,False
2025년 지역축제 개최계획 현황(0321).xlsx,조사표,2025,제주,2025 제주들불축제,전통역사,2025.3.14~2025.3.16,대면,,2025-03-14,2025-03-16,False,split_date_exact,False,False,True,False
2025년 지역축제 개최계획 현황(0321).xlsx,조사표,2025,제주,2025 제주레저힐링축제,문화예술,2025.7.~2025.10.,대면,,2025-07-01,2025-10-31,True,split_month_vague,False,False,True,False
2025년 지역축제 개최계획 현황(0321).xlsx,조사표,2025,제주,제16회 금능원담축제,전통역사,2025.8.~2025.8.,대면,,2025-08-01,2025-08-31,True,split_month_vague,False,False,True,False
2025년 지역축제 개최계획 현황(0321).xlsx,조사표,2025,제주,제7회 애월읍 왕벚꽃축제,주민화합,2025.3.~2025.4.,대면,,2025-03-01,2025-04-30,True,split_month_vague,False,False,True,False
2025년 지역축제 개최계획 현황(0321).xlsx,조사표,2025,제주,2025년 애월읍 농수축박람회,주민화합,2025.11.~2025.11.,대면,,2025-11-01,2025-11-30,True,split_month_vague,False,False,True,False
2025년 지역축제 개최계획 현황(0321).xlsx,조사표,2025,제주,2025 김녕성세기해변축제,자연생태,2025.7.~2025.8.,대면,,2025-07-01,2025-08-31,True,split_month_vague,False,False,True,False
2025년 지역축제 개최계획 현황(0321).xlsx,조사표,2025,제주,2025년 제4회 월정 한모살 축제,자연생태,2025.7.~2025.8.,대면,,2025-07-01,2025-08-31,True,split_month_vague,False,False,True,False
2025년 지역축제 개최계획 현황(0321).xlsx,조사표,2025,제주,우도 소라축제,지역특산물,2025.4.18~2025.4.20,대면,,2025-04-18,2025-04-20,False,split_date_exact,False,False,True,False
2025년 지역축제 개최계획 현황(0321).xlsx,조사표,2025,제주,고마로 馬문화 축제,문화예술,2025.10.~2025.10.,대면,,2025-10-01,2025-10-31,True,split_month_vague,False,False,True,False
2025년 지역축제 개최계획 현황(0321).xlsx,조사표,2025,제주,제18회 전농로 왕벚꽃축제,"자연생태, 주민화합",2025.3.28~2025.3.30,대면,,2025-03-28,2025-03-30,False,split_date_exact,False,False,True,False
2025년 지역축제 개최계획 현황(0321).xlsx,조사표,2025,제주,제12회 삼도풍류축제,문화예술,2025.10.~2025.10.,대면,,2025-10-01,2025-10-31,True,split_month_vague,False,False,True,False
2025년 지역축제 개최계획 현황(0321).xlsx,조사표,2025,제주,"제4회 화북, 포구문화제","문화예술, 전통역사",2025.9.~2025.10.,대면,,2025-09-01,2025-10-31,True,split_month_vague,False,False,True,False
2025년 지역축제 개최계획 현황(0321).xlsx,조사표,2025,제주,제21회 삼양검은모래축제,자연생태,2025.7.~2025.7.,대면,,2025-07-01,2025-07-31,True,split_month_vague,False,False,True,False
2025년 지역축제 개최계획 현황(0321).xlsx,조사표,2025,제주,제15회 산지천축제,문화예술,2025.9.~2025.9.,대면,,2025-09-01,2025-09-30,True,split_month_vague,False,False,True,False
2025년 지역축제 개최계획 현황(0321).xlsx,조사표,2025,제주,제22회 방선문축제,전통역사,2025.5.4~2025.5.5,대면,,2025-05-04,2025-05-05,False,split_date_exact,False,False,True,False
2025년 지역축제 개최계획 현황(0321).xlsx,조사표,2025,제주,월대천축제,주민화합,2025.7.~2025.8.,대면,,2025-07-01,2025-08-31,True,split_month_vague,False,False,True,False
2025년 지역축제 개최계획 현황(0321).xlsx,조사표,2025,제주,제20회 제주이호테우축제,전통역사,2025.7.~2025.8.,대면,,2025-07-01,2025-08-31,True,split_month_vague,False,False,True,False
2025년 지역축제 개최계획 현황(0321).xlsx,조사표,2025,제주,"2025년 도두 썸머리 
워터 페스티벌",주민화합,2025.8.8~2025.8.10,대면,,2025-08-08,2025-08-10,False,split_date_exact,False,False,True,False
2025년 지역축제 개최계획 현황(0321).xlsx,조사표,2025,제주,제42회 서귀포유채꽃축제,자연생태,2025.3.29~2025.3.30,대면,,2025-03-29,2025-03-30,False,split_date_exact,False,False,True,False
2025년 지역축제 개최계획 현황(0321).xlsx,조사표,2025,제주,제31회 서귀포칠십리축제,문화예술,2025.10.24~2025.10.26,대면,,2025-10-24,2025-10-26,False,split_date_exact,False,False,True,False
2025년 지역축제 개최계획 현황(0321).xlsx,조사표,2025,제주,제14회 가파도 청보리 축제,자연생태,2025.4.~2025.4.,대면,,2025-04-01,2025-04-30,True,split_month_vague,False,False,True,False
2025년 지역축제 개최계획 현황(0321).xlsx,조사표,2025,제주,제11회 대정 암반수 마농박람회,지역특산물,2025.6.~2025.6.,대면,,2025-06-01,2025-06-30,True,split_month_vague,False,False,True,False
2025년 지역축제 개최계획 현황(0321).xlsx,조사표,2025,제주,제23회 대정고을 추사문화 예술제,전통역사,2025.10.~2025.10.,대면,,2025-10-01,2025-10-31,True,split_month_vague,False,False,True,False
2025년 지역축제 개최계획 현황(0321).xlsx,조사표,2025,제주,제29회 한라산청정고사리축제,"지역특산물, 전통역사",2025.4.~2025.4.,대면,,2025-04-01,2025-04-30,True,split_month_vague,False,False,True,False
2025년 지역축제 개최계획 현황(0321).xlsx,조사표,2025,제주,수국과 공연이 꽃피는 혼인지,문화예술,2025.5.~2025.8.,대면,,2025-05-01,2025-08-31,True,split_month_vague,False,False,True,False
2025년 지역축제 개최계획 현황(0321).xlsx,조사표,2025,제주,벚꽃길따라 행복한 동행,문화예술,2025.3.~2025.5.,대면,,2025-03-01,2025-05-31,True,split_month_vague,False,False,True,False
2025년 지역축제 개최계획 현황(0321).xlsx,조사표,2025,제주,성산 조개바당 축제,자연생태,2025.7.~2025.8.,대면,,2025-07-01,2025-08-31,True,split_month_vague,False,False,True,False
2025년 지역축제 개최계획 현황(0321).xlsx,조사표,2025,제주,제6회 안덕면 수국과 함꼐하는 헌혈 건강문화 나눔 마당전,주민화합,2025.6.~2025.6.,대면,,2025-06-01,2025-06-30,True,split_month_vague,False,False,True,False
2025년 지역축제 개최계획 현황(0321).xlsx,조사표,2025,제주,제32회 덕수리 전통 민속 재현행사,전통역사,2025.10.~2025.10.,대면,,2025-10-01,2025-10-31,True,split_month_vague,False,False,True,False
2025년 지역축제 개최계획 현황(0321).xlsx,조사표,2025,제주,"제30회 표선해변하얀모래
축제",자연생태,2025.7.~2025.8.,대면,,2025-07-01,2025-08-31,True,split_month_vague,False,False,True,False
2025년 지역축제 개최계획 현황(0321).xlsx,조사표,2025,제주,제21회 보목자리돔 축제,지역특산물,2025.5.~2025.6.,대면,,2025-05-01,2025-06-30,True,split_month_vague,False,False,True,False
2025년 지역축제 개최계획 현황(0321).xlsx,조사표,2025,제주,제21회 쇠소깍 축제,"자연생태, 주민화합",2025.9.~2025.9.,대면,,2025-09-01,2025-09-30,True,split_month_vague,False,False,True,False
2025년 지역축제 개최계획 현황(0321).xlsx,조사표,2025,제주,2025 영천동해바라기축제,자연생태,2025.10.~2025.10.,대면,,2025-10-01,2025-10-31,True,split_month_vague,False,False,True,False
2025년 지역축제 개최계획 현황(0321).xlsx,조사표,2025,제주,대륜동 한마음 벚꽃축제,"자연생태, 주민화합",2025.3.~2025.4.,대면,,2025-03-01,2025-04-30,True,split_month_vague,False,False,True,False
2025년 지역축제 개최계획 현황(0321).xlsx,조사표,2025,제주,제20회 중문칠선녀 축제,주민화합,2025.10.~2025.11.,대면,,2025-10-01,2025-11-30,True,split_month_vague,False,False,True,False
2025년 지역축제 개최계획 현황(0321).xlsx,조사표,2025,충북,2025 속리산 축제 - 가을,전통역사,2025.11.~2025.11.,대면,,2025-11-01,2025-11-30,True,split_month_vague,False,False,True,False
2025년 지역축제 개최계획 현황(0321).xlsx,조사표,2025,경기,부천 원미산 진달래 축제,문화예술,2025.3.29~2025.3.30,대면,,2025-03-29,2025-03-30,False,split_date_exact,False,False,True,False
2025년 지역축제 개최계획 현황(0321).xlsx,조사표,2025,경기,부천 페스타(B-festa)-봄꽃여행,문화예술,2025.3.29~2025.4.6,대면,,2025-03-29,2025-04-06,False,split_date_exact,False,False,True,False
2025년 지역축제 개최계획 현황(0321).xlsx,조사표,2025,경기,제27회 부천 도당산 벚꽃축제,문화예술,2025.4.12~2025.4.13,대면,,2025-04-12,2025-04-13,False,split_date_exact,False,False,True,False
2025년 지역축제 개최계획 현황(0321).xlsx,조사표,2025,경기,제40회 복사골예술제,문화예술,2025.5.2~2025.5.5,대면,,2025-05-02,2025-05-05,False,split_date_exact,False,False,True,False
2025년 지역축제 개최계획 현황(0321).xlsx,조사표,2025,경기,소사복숭아축제,문화예술,2025.8.29~2025.8.30,대면,,2025-08-29,2025-08-30,False,split_date_exact,False,False,True,False
21년 지역축제 개최 계획(1-12)_취합.xlsx,서울,2021,서울특별시,서울억새축제,,10.15~10.21,현장개최,,2021-10-15,2021-10-21,False,exact_or_partial,False,False,True,False
21년 지역축제 개최 계획(1-12)_취합.xlsx,서울,2021,서울특별시,석촌호수 벚꽃축제,,"4.2~4.11
(10일간)",·현장 및 비대면 병행 등,,2021-04-02,2021-04-11,False,exact_or_partial,False,False,True,False
21년 지역축제 개최 계획(1-12)_취합.xlsx,서울,2021,서울특별시,"2021 한성백제문화제
대백제전",,"9.22~9.26
(5일간)",·현장 및 비대면 병행 등,,2021-09-22,2021-09-26,False,exact_or_partial,False,False,True,False
21년 지역축제 개최 계획(1-12)_취합.xlsx,서울,2021,서울특별시,강남페스티벌,,9월말~10월초,비대면(온라인),,2021-09-01,2021-10-31,True,month_range_vague,False,False,True,False
21년 지역축제 개최 계획(1-12)_취합.xlsx,서울,2021,서울특별시,허준축제,,"10.8~10.10
(3일간)","현장 및 비대면 병행 개최
예정",,2021-10-08,2021-10-10,False,exact_or_partial,False,False,True,False
21년 지역축제 개최 계획(1-12)_취합.xlsx,서울,2021,서울특별시,2021 남산꽃비놀이 음악소풍,,"4.8.~4.9.
(2일간)","현장개최
(비대면 고려)",,2021-04-08,2021-04-09,False,exact_or_partial,False,False,True,False
21년 지역축제 개최 계획(1-12)_취합.xlsx,서울,2021,서울특별시,2021 중랑캠핑숲 별밤가족시네마,,"8.20.~8.21.
(2일간)",현장개최,,2021-08-20,2021-08-21,False,exact_or_partial,False,False,True,False
21년 지역축제 개최 계획(1-12)_취합.xlsx,서울,2021,서울특별시,제7회 남산둘레길 축제,,"11.6.
(1일간)","현장개최
(비대면 고려)",,2021-11-06,2021-11-06,False,exact_or_partial,False,False,True,False
21년 지역축제 개최 계획(1-12)_취합.xlsx,서울,2021,서울특별시,서울동화축제,,"5.4~5.6
(3일간)",현장 및 비대면 병행,,2021-05-04,2021-05-06,False,exact_or_partial,False,False,True,False
21년 지역축제 개최 계획(1-12)_취합.xlsx,서울,2021,서울특별시,서리풀페스티벌,,9월 중,현장 및 비대면 병행,,2021-09-01,2021-09-30,True,month_only_vague,False,False,True,False
21년 지역축제 개최 계획(1-12)_취합.xlsx,서울,2021,서울특별시,반포서래 한불음악축제,,9월 중,현장 및 비대면 병행,,2021-09-01,2021-09-30,True,month_only_vague,False,False,True,False
21년 지역축제 개최 계획(1-12)_취합.xlsx,서울,2021,서울특별시,서초골 축제,,9월 중,현장 및 비대면 병행,,2021-09-01,2021-09-30,True,month_only_vague,False,False,True,False
21년 지역축제 개최 계획(1-12)_취합.xlsx,서울,2021,서울특별시,잠원나루축제,,9월 중,현장 및 비대면 병행,,2021-09-01,2021-09-30,True,month_only_vague,False,False,True,False
21년 지역축제 개최 계획(1-12)_취합.xlsx,서울,2021,서울특별시,행복내곡축제,,4~12월,현장 및 비대면 병행,,2021-12-01,2021-12-31,True,month_only_vague,False,False,True,False
21년 지역축제 개최 계획(1-12)_취합.xlsx,서울,2021,서울특별시,양재마을축제,,5~11월,현장 및 비대면 병행,,2021-11-01,2021-11-30,True,month_only_vague,False,False,True,False
21년 지역축제 개최 계획(1-12)_취합.xlsx,서울,2021,서울특별시,서초마을교육문화축제,,4~11월,현장 및 비대면 병행,,2021-11-01,2021-11-30,True,month_only_vague,False,False,True,False
21년 지역축제 개최 계획(1-12)_취합.xlsx,서울,2021,서울특별시,말죽거리축제,,9월 중,현장 및 비대면 병행,,2021-09-01,2021-09-30,True,month_only_vague,False,False,True,False
21년 지역축제 개최 계획(1-12)_취합.xlsx,서울,2021,서울특별시,우솔마을 축제,,10월 중,현장 및 비대면 병행,,2021-10-01,2021-10-31,True,month_only_vague,False,False,True,False
21년 지역축제 개최 계획(1-12)_취합.xlsx,서울,2021,서울특별시,"여의천 문화축제
(前 청계산단풍축제)",,10월 중,현장 및 비대면 병행,,2021-10-01,2021-10-31,True,month_only_vague,False,False,True,False
21년 지역축제 개최 계획(1-12)_취합.xlsx,서울,2021,서울특별시,악기거리축제,,9월 중,현장 및 비대면 병행,,2021-09-01,2021-09-30,True,month_only_vague,False,False,True,False
21년 지역축제 개최 계획(1-12)_취합.xlsx,서울,2021,서울특별시,방배비보이페스티벌,,9월 중,현장 및 비대면 병행,,2021-09-01,2021-09-30,True,month_only_vague,False,False,True,False
21년 지역축제 개최 계획(1-12)_취합.xlsx,서울,2021,서울특별시,서초단오마당,,6월 중,현장 및 비대면 병행,,2021-06-01,2021-06-30,True,month_only_vague,False,False,True,False
21년 지역축제 개최 계획(1-12)_취합.xlsx,서울,2021,서울특별시,벚꽃축제,,"4.9~4.18
(10일간)",현장 및 비대면 병행,,2021-04-09,2021-04-18,False,exact_or_partial,False,False,True,False
21년 지역축제 개최 계획(1-12)_취합.xlsx,서울,2021,서울특별시,장미원축제,,"5.29~6.6
(9일간)",현장 및 비대면 병행,,2021-05-29,2021-06-06,False,exact_or_partial,False,False,True,False
21년 지역축제 개최 계획(1-12)_취합.xlsx,서울,2021,서울특별시,동물원속미술관,,"10.16~10.24
(9일간)",현장 및 비대면 병행,,2021-10-16,2021-10-24,False,exact_or_partial,False,False,True,False
21년 지역축제 개최 계획(1-12)_취합.xlsx,서울,2021,서울특별시,성북세계음식축제 누리마실,,"5~6월 중
(코로나19상황시 연기가능)",현장 및 비대면 병행,,2021-06-01,2021-06-30,True,month_only_vague,False,False,True,False
21년 지역축제 개최 계획(1-12)_취합.xlsx,서울,2021,서울특별시,성북문화바캉스,,"7~8월 중
(6일간)",현장개최,,2021-08-01,2021-08-31,True,month_only_vague,False,False,True,False
21년 지역축제 개최 계획(1-12)_취합.xlsx,서울,2021,서울특별시,성북동문화재야행,,"9.17~18
(2일간)",현장개최,,2021-09-17,2021-09-18,False,exact_or_partial,False,False,True,False
21년 지역축제 개최 계획(1-12)_취합.xlsx,서울,2021,서울특별시,성북진경,,"10월중
(10일간)",현장개최,,2021-10-01,2021-10-31,True,month_only_vague,False,False,True,False
21년 지역축제 개최 계획(1-12)_취합.xlsx,서울,2021,서울특별시,성북페스티벌,,"10월 중
(2일간)",현장개최,,2021-10-01,2021-10-31,True,month_only_vague,False,False,True,False
21년 지역축제 개최 계획(1-12)_취합.xlsx,서울,2021,서울특별시,유러피언 크리스마스마켓,,12월 초 예정,현장개최,,2021-12-01,2021-12-31,True,month_only_vague,False,False,True,False
21년 지역축제 개최 계획(1-12)_취합.xlsx,서울,2021,서울특별시,서울지식이음축제·포럼,,"10.22~10.24
(3일간)",현장 및 비대면 병행,,2021-10-22,2021-10-24,False,exact_or_partial,False,False,True,False
21년 지역축제 개최 계획(1-12)_취합.xlsx,서울,2021,서울특별시,"서울빛초롱축제
(2021 서울빛초롱축제)",,"11.5.~11.21.
(17일간)",·현장 개최,,2021-11-05,2021-11-21,False,exact_or_partial,False,False,True,False
21년 지역축제 개최 계획(1-12)_취합.xlsx,서울,2021,서울특별시,"구로G페스티벌
(아시아문화축제)",,"9월중
(미정)",비대면 개최(온라인 축제 등),,2021-09-01,2021-09-30,True,month_only_vague,False,False,True,False
21년 지역축제 개최 계획(1-12)_취합.xlsx,서울,2021,서울특별시,불암산 철쭉제,,"5.1~5.2
(2일간)",현장개최,,2021-05-01,2021-05-02,False,exact_or_partial,False,False,True,False
21년 지역축제 개최 계획(1-12)_취합.xlsx,서울,2021,서울특별시,노원 수제맥주 축제,,"9.10.~9.11.
(2일간)",현장개최,,2021-09-10,2021-09-11,False,exact_or_partial,False,False,True,True
21년 지역축제 개최 계획(1-12)_취합.xlsx,서울,2021,서울특별시,노원등축제,,"10.1.~10.17
(17일간)",현장개최,,2021-10-01,2021-10-17,False,exact_or_partial,False,False,True,False
21년 지역축제 개최 계획(1-12)_취합.xlsx,서울,2021,서울특별시,노원탈축제,,"10.9~10.10.
(2일간)",현장개최,,2021-10-09,2021-10-10,False,exact_or_partial,False,False,True,False
21년 지역축제 개최 계획(1-12)_취합.xlsx,서울,2021,서울특별시,평생학습마을축제,,"9 ~ 10월
(7~10일간)",현장개최,,2021-10-01,2021-10-31,True,month_only_vague,False,False,True,False
21년 지역축제 개최 계획(1-12)_취합.xlsx,서울,2021,서울특별시,관악강감찬축제,,"10.15~10.17
(3일간)","현장개최
(코로나19에 따라 변경가능)",,2021-10-15,2021-10-17,False,exact_or_partial,False,False,True,False
21년 지역축제 개최 계획(1-12)_취합.xlsx,서울,2021,서울특별시,응봉산 개나리 축제,,"4월 초
(3일간)",미정,,2021-04-01,2021-04-30,True,month_only_vague,False,False,True,False
21년 지역축제 개최 계획(1-12)_취합.xlsx,서울,2021,서울특별시,2021 한강몽땅 여름축제,,"7월 말~8월 중순
(약 보름간)",·현장 및 비대면 병행 등,,2021-07-01,2021-08-31,True,month_range_vague,False,False,True,False
21년 지역축제 개최 계획(1-12)_취합.xlsx,서울,2021,서울특별시,신촌 물총축제,,"7.3~7.4
(2일간)",미정,,2021-07-03,2021-07-04,False,exact_or_partial,False,False,True,False
21년 지역축제 개최 계획(1-12)_취합.xlsx,서울,2021,서울특별시,서대문독립민주축제,,"8.14.~8.15.
(2일간)",현장 및 비대면 병행,,2021-08-14,2021-08-15,False,exact_or_partial,False,False,True,False
21년 지역축제 개최 계획(1-12)_취합.xlsx,서울,2021,서울특별시,신촌크리스마스거리축제,,"12.24~12.26
(3일간)","현장개최
(코로나19 상황에 따른 비대면 고려)",,2021-12-24,2021-12-26,False,exact_or_partial,False,False,True,False
21년 지역축제 개최 계획(1-12)_취합.xlsx,서울,2021,서울특별시,프랑스 거리음악축제,,6.19.~6.20.   (2일간),"현장개최
(코로나19 상황에 따른 비대면 고려)",,2021-06-19,2021-06-20,False,exact_or_partial,False,False,True,False
21년 지역축제 개최 계획(1-12)_취합.xlsx,서울,2021,서울특별시,신촌맥주축제,,9.10.~9.12.   (3일간),"현장개최
(코로나19 상황에 따라 비대면 고려)",,2021-09-10,2021-09-12,False,exact_or_partial,False,False,True,True
21년 지역축제 개최 계획(1-12)_취합.xlsx,서울,2021,서울특별시,강동선사문화축제,,10.8~10.10,현장 또는 비대면,,2021-10-08,2021-10-10,False,exact_or_partial,False,False,True,False
21년 지역축제 개최 계획(1-12)_취합.xlsx,서울,2021,서울특별시,도봉서원 선비문화제,,4.21/10.15,현장개최,,2021-04-21,2021-10-15,False,exact_or_partial,False,False,True,False
21년 지역축제 개최 계획(1-12)_취합.xlsx,서울,2021,서울특별시,"제8회 2021 창2동 
에코!벚꽃축제",,4. 3.,현장개최,,2021-04-03,2021-04-03,False,exact_or_partial,False,False,True,False
21년 지역축제 개최 계획(1-12)_취합.xlsx,서울,2021,서울특별시,도봉구 우이천 등축제,,"5. 1.~5. 6.
(6일간)",현장개최,,2021-05-01,2021-05-06,False,exact_or_partial,False,False,True,False
21년 지역축제 개최 계획(1-12)_취합.xlsx,서울,2021,서울특별시,도봉구 등축제,,"10. 9.~10.1`4.
(6일간)",현장개최,,2021-10-09,2021-10-09,False,exact_or_partial,False,False,True,False
21년 지역축제 개최 계획(1-12)_취합.xlsx,서울,2021,서울특별시,2021도봉산페스티벌,,9.11.~9.12.,현장 개최,,2021-09-11,2021-09-12,False,exact_or_partial,False,False,True,False
21년 지역축제 개최 계획(1-12)_취합.xlsx,서울,2021,서울특별시,"2021 서울평화문화
축제",,"9. 20.~9.24.
(5일간)",현장 및 비대면 병행,,2021-09-20,2021-09-24,False,exact_or_partial,False,False,True,False
21년 지역축제 개최 계획(1-12)_취합.xlsx,서울,2021,서울특별시,제 10회 도봉구 책축제,,9.18~9.19.         (2일간),현장 및 비대면 병행,,2021-09-18,2021-09-19,False,exact_or_partial,False,False,True,False
21년 지역축제 개최 계획(1-12)_취합.xlsx,서울,2021,서울특별시,해우리 문화 축제,,7~10월(예정),비대면 개최,,2021-10-01,2021-10-31,True,month_only_vague,False,False,True,False
21년 지역축제 개최 계획(1-12)_취합.xlsx,서울,2021,서울특별시,선농대제,,"4. 24.
(1일간)",·현장 및 비대면 병행 등,,2021-04-24,2021-04-24,False,exact_or_partial,False,False,True,False
21년 지역축제 개최 계획(1-12)_취합.xlsx,서울,2021,서울특별시,동대문봄꽃축제,,"4월 초
( 2일간)",·현장 및 비대면 병행 등,,2021-04-01,2021-04-30,True,month_only_vague,False,False,True,False
21년 지역축제 개최 계획(1-12)_취합.xlsx,서울,2021,서울특별시,세계거리춤축제,,"9월 중 
(2일간)",·현장 및 비대면 병행 등,,2021-09-01,2021-09-30,True,month_only_vague,False,False,True,False
21년 지역축제 개최 계획(1-12)_취합.xlsx,서울,2021,서울특별시,청룡문화제,,"10.30.~10.31
(2일간)",·현장 및 비대면 병행 등,,2021-10-30,2021-10-31,False,exact_or_partial,False,False,True,False
21년 지역축제 개최 계획(1-12)_취합.xlsx,서울,2021,서울특별시,영등포 여의도 봄꽃축제,,4월 초 중 예정,미정(코로나19 상황에 따른 고려),,2021-04-01,2021-04-30,True,month_only_vague,False,False,True,False
21년 지역축제 개최 계획(1-12)_취합.xlsx,서울,2021,서울특별시,금천하모니축제(미정),,"6~7월
(3일간)",미정(코로나19 상황에 따른 고려),,2021-07-01,2021-07-31,True,month_only_vague,False,False,True,False
21년 지역축제 개최 계획(1-12)_취합.xlsx,서울,2021,서울특별시,2020 금천 과학 페스티벌,,"10월
(2일간)",현장 및 비대면 병행 등,,2021-10-01,2021-10-31,True,month_only_vague,False,False,True,False
21년 지역축제 개최 계획(1-12)_취합.xlsx,서울,2021,서울특별시,마포구 봄시즌 관광객  환대이벤트,,"5.1.~5.3.
(3일간)",현장 개최,,2021-05-01,2021-05-03,False,exact_or_partial,False,False,True,False
21년 지역축제 개최 계획(1-12)_취합.xlsx,서울,2021,서울특별시,마포구 가을철 관광객  환대이벤트,,"10.1.~10.3.
(3일간)",현장 개최,,2021-10-01,2021-10-03,False,exact_or_partial,False,False,True,False
21년 지역축제 개최 계획(1-12)_취합.xlsx,서울,2021,서울특별시,홍대로 문화로 관광으로,,"4월~11월
(25회)",현장 개최,,2021-04-01,2021-11-30,True,month_range_vague,False,False,True,False
21년 지역축제 개최 계획(1-12)_취합.xlsx,서울,2021,서울특별시,공간으로 떠나는 책여행,,"5.7.~5.9.
(3일간)",현장 및 비대면 병행 등,,2021-05-07,2021-05-09,False,exact_or_partial,False,False,True,False
21년 지역축제 개최 계획(1-12)_취합.xlsx,서울,2021,서울특별시,서울프린지페스티벌2020,,8월중,현장 및 비대면 병행 등,,2021-08-01,2021-08-31,True,month_only_vague,False,False,True,False
21년 지역축제 개최 계획(1-12)_취합.xlsx,서울,2021,서울특별시,산울림소극장 35주년 페스티벌,,10월중,현장 및 비대면 병행 등,,2021-10-01,2021-10-31,True,month_only_vague,False,False,True,False
21년 지역축제 개최 계획(1-12)_취합.xlsx,서울,2021,서울특별시,서울와우북페스티벌,,10월중,현장 및 비대면 병행 등,,2021-10-01,2021-10-31,True,month_only_vague,False,False,True,False
21년 지역축제 개최 계획(1-12)_취합.xlsx,서울,2021,서울특별시,서울국제뉴미디어페스티벌,,8월중,현장 및 비대면 병행 등,,2021-08-01,2021-08-31,True,month_only_vague,False,False,True,False
21년 지역축제 개최 계획(1-12)_취합.xlsx,서울,2021,서울특별시,제6회 흥페스티벌,,10월중,비대면온라인,,2021-10-01,2021-10-31,True,month_only_vague,False,False,True,False
21년 지역축제 개최 계획(1-12)_취합.xlsx,서울,2021,서울특별시,마포동네책축제,,"7~8월 중
(미정)",현장 및 비대면 병행 등,,2021-08-01,2021-08-31,True,month_only_vague,False,False,True,False
21년 지역축제 개최 계획(1-12)_취합.xlsx,서울,2021,서울특별시,M-PAT클래식축제,,9~10월중,비대면온라인,,2021-10-01,2021-10-31,True,month_only_vague,False,False,True,False
21년 지역축제 개최 계획(1-12)_취합.xlsx,서울,2021,서울특별시,제13회 마포나루 새우젓축제,,10.15.~10.17.(3일간),현장 및 비대면 병행 등,,2021-10-15,2021-10-17,False,exact_or_partial,False,False,True,False
21년 지역축제 개최 계획(1-12)_취합.xlsx,서울,2021,서울특별시,도심속바다축제,,"10월중
(2일간)",현장 및 비대면 병행 등,,2021-10-01,2021-10-31,True,month_only_vague,False,False,True,False
21년 지역축제 개최 계획(1-12)_취합.xlsx,서울,2021,서울특별시,이태원지구촌축제,,"10월중
(2일간)",현장 및 비대면 병행 등,,2021-10-01,2021-10-31,True,month_only_vague,False,False,True,False
21년 지역축제 개최 계획(1-12)_취합.xlsx,서울,2021,서울특별시,서울장미축제,,"5월중
(3일간)",현장 및 비대면 병행 등,,2021-05-01,2021-05-31,True,month_only_vague,False,False,True,False
21년 지역축제 개최 계획(1-12)_취합.xlsx,서울,2021,서울특별시,"용마폭포
문화예술축제",,"10월중
(2일간)",현장 및 비대면 병행 등,,2021-10-01,2021-10-31,True,month_only_vague,False,False,True,False
21년 지역축제 개최 계획(1-12)_취합.xlsx,서울,2021,서울특별시,2021 서울드럼페스티벌,,"5월~6월 중
(2일간)",현장 및 비대면 병행 등,,2021-05-01,2021-06-30,True,month_range_vague,False,False,True,False
21년 지역축제 개최 계획(1-12)_취합.xlsx,서울,2021,서울특별시,서울김장문화제,,11.6.~11.8.,현장 및 비대면 병행 등,,2021-11-06,2021-11-08,False,exact_or_partial,False,False,True,False
21년 지역축제 개최 계획(1-12)_취합.xlsx,서울,2021,서울특별시,서울뮤직페스티벌,,10월중,현장 및 비대면 병행 등,,2021-10-01,2021-10-31,True,month_only_vague,False,False,True,False
21년 지역축제 개최 계획(1-12)_취합.xlsx,서울,2021,서울특별시,2021 서울국악축제,,6.12~6.20,현장 및 비대면 병행 등,,2021-06-12,2021-06-20,False,exact_or_partial,False,False,True,False
21년 지역축제 개최 계획(1-12)_취합.xlsx,서울,2021,서울특별시,2021 서울거리예술축제,,"10.1~10.4
(4일간)",현장 및 비대면 병행 등,,2021-10-01,2021-10-04,False,exact_or_partial,False,False,True,False
21년 지역축제 개최 계획(1-12)_취합.xlsx,서울,2021,서울특별시,은평누리축제,,10월 중 3일간,"현장개최
(코로나19 상황에 따른 비대면 고려)",,2021-10-01,2021-10-31,True,month_only_vague,False,False,True,False
21년 지역축제 개최 계획(1-12)_취합.xlsx,서울,2021,서울특별시,벚꽃축제,,4월 중 2일간,"현장개최
(코로나19 상황에 따른 비대면 고려)",,2021-04-01,2021-04-30,True,month_only_vague,False,False,True,False
21년 지역축제 개최 계획(1-12)_취합.xlsx,서울,2021,서울특별시,북한산 한문화 페스티벌,,10월 중,현장 및 비대면 병행 등,,2021-10-01,2021-10-31,True,month_only_vague,False,False,True,False
21년 지역축제 개최 계획(1-12)_취합.xlsx,서울,2021,서울특별시,4.19혁명국민문화제,,"4.10.~4.19.
(10일간)",현장 및 비대면 병행 등,,2021-04-10,2021-04-19,False,exact_or_partial,False,False,True,False
21년 지역축제 개최 계획(1-12)_취합.xlsx,서울,2021,서울특별시,2021 종로 한복축제,,10월중,현장 및 비대면 병행 등,,2021-10-01,2021-10-31,True,month_only_vague,False,False,True,False
21년 지역축제 개최 계획(1-12)_취합.xlsx,서울,2021,서울특별시,제6회 충무로영화제-디렉터스 위크,,7월 또는 10월(예정),비대면 개최,,2021-07-01,2021-10-31,True,month_range_vague,False,False,True,False
21년 지역축제 개최 계획(1-12)_취합.xlsx,서울,2021,서울특별시,응봉산 개나리 축제,,3월 말 ~ 4월 초,검토 중,,2021-03-01,2021-04-30,True,month_range_vague,False,False,True,False
21년 지역축제 개최 계획(1-12)_취합.xlsx,부산,2021,부산광역시,해운대북극곰축제,,"2월 중
(2일간)",현장 및 비대면 병행,,2021-02-01,2021-02-28,True,month_only_vague,False,False,True,False
21년 지역축제 개최 계획(1-12)_취합.xlsx,부산,2021,부산광역시,해운대 달맞이온천축제,,"2.24.~2.26.
(3일)",축제개최 여부 미정,,2021-02-24,2021-02-24,False,exact_or_partial,False,False,True,False
21년 지역축제 개최 계획(1-12)_취합.xlsx,부산,2021,부산광역시,사상강변축제,,"3월말~4월초
(2일간)",현장개최,,2021-03-01,2021-04-30,True,month_range_vague,False,False,True,False
21년 지역축제 개최 계획(1-12)_취합.xlsx,부산,2021,부산광역시,"강서 낙동강변
30리 벚꽃축제",,3월 중,·현장 개최,,2021-03-01,2021-03-31,True,month_only_vague,False,False,True,False
21년 지역축제 개최 계획(1-12)_취합.xlsx,부산,2021,부산광역시,부산낙동강유채꽃축제,,"4월 중
(2일간)",현장 및 비대면 병행,,2021-04-01,2021-04-30,True,month_only_vague,False,False,True,False
21년 지역축제 개최 계획(1-12)_취합.xlsx,부산,2021,부산광역시,기장미역다시마축제,,"4월중
(3일간)",코로나19 상황에 따라 추후 결정,,2021-04-01,2021-04-30,True,month_only_vague,False,False,True,False
21년 지역축제 개최 계획(1-12)_취합.xlsx,부산,2021,부산광역시,기장멸치축제,,"4월중.
(3일간)",코로나19 상황에 따라 추후 결정,,2021-04-01,2021-04-30,True,month_only_vague,False,False,True,False
21년 지역축제 개최 계획(1-12)_취합.xlsx,부산,2021,부산광역시,제20회 대저토마토축제,,"4.3~4.4
(2일간)",·현장 개최,,2021-04-03,2021-04-04,False,exact_or_partial,False,False,True,False
21년 지역축제 개최 계획(1-12)_취합.xlsx,부산,2021,부산광역시,라라라 페스티벌,,"4월 또는 10월
(3일간)",현장 및 비대면 병행,,2021-04-01,2021-10-31,True,month_range_vague,False,False,True,False
21년 지역축제 개최 계획(1-12)_취합.xlsx,부산,2021,부산광역시,조선통신사축제,,"4.30~5.2
(3일간)",현장개최,,2021-04-30,2021-05-02,False,exact_or_partial,False,False,True,False
21년 지역축제 개최 계획(1-12)_취합.xlsx,부산,2021,부산광역시,부산원도심골목길축제,,"5월 중
(2일간)",현장 및 비대면 병행,,2021-05-01,2021-05-31,True,month_only_vague,False,False,True,False
21년 지역축제 개최 계획(1-12)_취합.xlsx,부산,2021,부산광역시,제9회 낙동강 구포나루축제,,"5.21~5.23
(3일간)","현장개최 위주(단, 코로나확산시 비대면 병행 검토)",,2021-05-21,2021-05-23,False,exact_or_partial,False,False,True,False
21년 지역축제 개최 계획(1-12)_취합.xlsx,부산,2021,부산광역시,부산항축제,,"5월 중
(2일간)",현장 및 비대면 병행,,2021-05-01,2021-05-31,True,month_only_vague,False,False,True,False
21년 지역축제 개최 계획(1-12)_취합.xlsx,부산,2021,부산광역시,금정산성축제,,"5월
(2일간)",현장 및 비대면 병행,,2021-05-01,2021-05-31,True,month_only_vague,False,False,True,False
21년 지역축제 개최 계획(1-12)_취합.xlsx,부산,2021,부산광역시,2021 광복로 연등문화제,,"5.1~5.20
(20일간)",현장개최,,2021-05-01,2021-05-20,False,exact_or_partial,False,False,True,False
21년 지역축제 개최 계획(1-12)_취합.xlsx,부산,2021,부산광역시,하단웅어축제,,"5월 중
(3일간)",현장개최,,2021-05-01,2021-05-31,True,month_only_vague,False,False,True,False
21년 지역축제 개최 계획(1-12)_취합.xlsx,부산,2021,부산광역시,해운대 모래축제,,"5.5.~5.9.
(5일간)",미정,,2021-05-05,2021-05-09,False,exact_or_partial,False,False,True,False
21년 지역축제 개최 계획(1-12)_취합.xlsx,부산,2021,부산광역시,해운대 해양레저축제,,6월경,미정,,2021-06-01,2021-06-30,True,month_only_vague,False,False,True,False
21년 지역축제 개최 계획(1-12)_취합.xlsx,부산,2021,부산광역시,수국꽃문화축제,,"6월말~7월초
(9일간)",·코로나19 상황에 따라 개최여부 결정,,2021-06-01,2021-07-31,True,month_range_vague,False,False,True,False
21년 지역축제 개최 계획(1-12)_취합.xlsx,부산,2021,부산광역시,부산국제록페스티벌,,"7월 중
(3일간)",현장 및 비대면 병행,,2021-07-01,2021-07-31,True,month_only_vague,False,False,True,False
21년 지역축제 개최 계획(1-12)_취합.xlsx,부산,2021,부산광역시,(가칭)서면대표축제,,"7.30~8.1
(3일간)",현장개최,,2021-07-30,2021-08-01,False,exact_or_partial,False,False,True,False
21년 지역축제 개최 계획(1-12)_취합.xlsx,부산,2021,부산광역시,부산바다축제,,"8월 중
(2주간)",현장 및 비대면 병행,,2021-08-01,2021-08-31,True,month_only_vague,False,False,True,False
21년 지역축제 개최 계획(1-12)_취합.xlsx,부산,2021,부산광역시,기장갯마을축제,,"8월초
(3일간)",코로나19 상황에 따라 추후 결정,,2021-08-01,2021-08-31,True,month_only_vague,False,False,True,False
21년 지역축제 개최 계획(1-12)_취합.xlsx,부산,2021,부산광역시,"제20회 
명지시장전어축제",,8월 하순 예정,·현장 개최,,2021-08-01,2021-08-31,True,month_only_vague,False,False,True,False
21년 지역축제 개최 계획(1-12)_취합.xlsx,부산,2021,부산광역시,기장붕장어축제,,"9~10월중
(2일간)",코로나19 상황에 따라 추후 결정,,2021-10-01,2021-10-31,True,month_only_vague,False,False,True,False
21년 지역축제 개최 계획(1-12)_취합.xlsx,부산,2021,부산광역시,기장시장 한마당 잔치,,"9~10월중
(3일간)",코로나19 상황에 따라 추후 결정,,2021-10-01,2021-10-31,True,month_only_vague,False,False,True,False
21년 지역축제 개최 계획(1-12)_취합.xlsx,부산,2021,부산광역시,차이나타운특구축제,,"10.15~17
(3일간)","현장개최 
2021년 비대면(온라인) 및 현장 병행 예정",,2021-10-15,2021-10-17,False,exact_or_partial,False,False,True,False
21년 지역축제 개최 계획(1-12)_취합.xlsx,부산,2021,부산광역시,연제고분판타지축제,,"10.15~10.17
(3일간)
(예정)",현장개최,,2021-10-15,2021-10-17,False,exact_or_partial,False,False,True,False
21년 지역축제 개최 계획(1-12)_취합.xlsx,부산,2021,부산광역시,영도다리축제,,"10월중
(3일간)",·코로나19 상황에 따라 현장 또는 비대면 또는 현장 및 비대면 병행 개최,,2021-10-01,2021-10-31,True,month_only_vague,False,False,True,False
21년 지역축제 개최 계획(1-12)_취합.xlsx,부산,2021,부산광역시,전포커피축제,,"10월
(3일간)",현장 개최,,2021-10-01,2021-10-31,True,month_only_vague,False,False,True,False
21년 지역축제 개최 계획(1-12)_취합.xlsx,부산,2021,부산광역시,서면메디컬스트리트 축제,,"10월
(2일간)",현장 및 비대면 병행,,2021-10-01,2021-10-31,True,month_only_vague,False,False,True,False
21년 지역축제 개최 계획(1-12)_취합.xlsx,부산,2021,부산광역시,다대포어항문화축제,,"10월 중
(2일 간)",현장개최,,2021-10-01,2021-10-31,True,month_only_vague,False,False,True,False
21년 지역축제 개최 계획(1-12)_취합.xlsx,부산,2021,부산광역시,"제11회 감천문화마을 
골목축제",,10월경,현장개최,,2021-10-01,2021-10-31,True,month_only_vague,False,False,True,False
21년 지역축제 개최 계획(1-12)_취합.xlsx,부산,2021,부산광역시,부산자갈치축제,,"10.7~10.10
(4일간)",현장개최,,2021-10-07,2021-10-10,False,exact_or_partial,False,False,True,False
21년 지역축제 개최 계획(1-12)_취합.xlsx,부산,2021,부산광역시,"보수동책방골목
문화축제",,"10.16.-10.17
(2일간)",현장개최,,2021-10-16,2021-10-17,False,exact_or_partial,False,False,True,False
21년 지역축제 개최 계획(1-12)_취합.xlsx,부산,2021,부산광역시,제26회 동래읍성역사축제,,"10.8.~10.10.
(3일간)",현장 및 비대면 병행,,2021-10-08,2021-10-10,False,exact_or_partial,False,False,True,False
21년 지역축제 개최 계획(1-12)_취합.xlsx,부산,2021,부산광역시,UN평화축제,,"10월 중 (미정)
※코로나상황에따란 개최기간 변동","현장개최
(코로나 상황에 따라 비대면 병행)",,2021-10-01,2021-10-31,True,month_only_vague,False,False,True,False
21년 지역축제 개최 계획(1-12)_취합.xlsx,부산,2021,부산광역시,제13회 부산고등어축제,,"10.22~10.24
(3일간)",현장개최,,2021-10-22,2021-10-24,False,exact_or_partial,False,False,True,False
21년 지역축제 개최 계획(1-12)_취합.xlsx,부산,2021,부산광역시,철마한우불고기축제,,"10월 중
(4일간)",코로나19 상황에 따라 추후 결정,,2021-10-01,2021-10-31,True,month_only_vague,False,False,True,False
21년 지역축제 개최 계획(1-12)_취합.xlsx,부산,2021,부산광역시,차성문화제,,"10월중
(3일간)",코로나19 상황에 따라 추후 결정,,2021-10-01,2021-10-31,True,month_only_vague,False,False,True,False
21년 지역축제 개최 계획(1-12)_취합.xlsx,부산,2021,부산광역시,정관 생태하천 학습문화축제,,"10월중
(2일간)",코로나19 상황에 따라 추후 결정,,2021-10-01,2021-10-31,True,month_only_vague,False,False,True,False
21년 지역축제 개최 계획(1-12)_취합.xlsx,부산,2021,부산광역시,부산어묵축제,,"11.26. ~ 11.28
(3일간)",현장개최,,2021-11-26,2021-11-28,False,exact_or_partial,False,False,True,False
21년 지역축제 개최 계획(1-12)_취합.xlsx,부산,2021,부산광역시,해운대 빛축제,,21.11월~22.2월경,미정,,2021-11-01,2021-11-30,True,month_detected_vague,False,False,True,False
21년 지역축제 개최 계획(1-12)_취합.xlsx,부산,2021,부산광역시,서면 빛 축제,,2021. 12월~2022. 1월,현장 개최,,2021-12-01,2021-12-31,True,month_detected_vague,False,False,True,False
21년 지역축제 개최 계획(1-12)_취합.xlsx,부산,2021,부산광역시,가덕도대구축제,,12월 중(2일간),·현장 개최,,2021-12-01,2021-12-31,True,month_only_vague,False,False,True,False
21년 지역축제 개최 계획(1-12)_취합.xlsx,부산,2021,부산광역시,해운대 카운트다운&해맞이축제,,"21.12.31.
~22.1.1.
(2일간)",미정,,2021-12-31,2022-01-01,False,exact_or_partial,False,False,True,False
21년 지역축제 개최 계획(1-12)_취합.xlsx,대구,2021,대구광역시,"형형색색 달구벌
관등놀이",,"4. 24.~5.16.
(23일)",현장 및 비대면 병행,,2021-04-24,2021-04-24,False,exact_or_partial,False,False,True,False
21년 지역축제 개최 계획(1-12)_취합.xlsx,대구,2021,대구광역시,대구컬러풀페스티벌,,"5월중
(2일)",현장 및 비대면 병행,,2021-05-01,2021-05-31,True,month_only_vague,False,False,True,False
21년 지역축제 개최 계획(1-12)_취합.xlsx,대구,2021,대구광역시,"대구국제
뮤지컬페스티벌",,"6.18.~7.5.
(18일)",현장 및 비대면 병행,,2021-06-18,2021-06-18,False,exact_or_partial,False,False,True,False
21년 지역축제 개최 계획(1-12)_취합.xlsx,대구,2021,대구광역시,"2021 
대구치맥페스티벌",,"7월 ~ 10월중
(5일)",·현장 및 비대면 병행 등,,2021-07-01,2021-10-31,True,month_range_vague,False,False,True,True
21년 지역축제 개최 계획(1-12)_취합.xlsx,대구,2021,대구광역시,대구포크페스티벌,,"7월중
(2일)",현장 및 비대면 병행,,2021-07-01,2021-07-31,True,month_only_vague,False,False,True,False
21년 지역축제 개최 계획(1-12)_취합.xlsx,대구,2021,대구광역시,"대구글로벌
게임문화축제 e-Fun",,"8월중
(2일)",현장 및 비대면 병행,,2021-08-01,2021-08-31,True,month_only_vague,False,False,True,False
21년 지역축제 개최 계획(1-12)_취합.xlsx,대구,2021,대구광역시,2021 대구국제바디페인팅축제,,"8월중
(2일)",현장 개최,,2021-08-01,2021-08-31,True,month_only_vague,False,False,True,False
21년 지역축제 개최 계획(1-12)_취합.xlsx,대구,2021,대구광역시,"제18회 
대구국제오페라축제",,"9.9.-11.7.
(60일)",미개최,,2021-09-09,2021-09-09,False,exact_or_partial,True,False,False,False
21년 지역축제 개최 계획(1-12)_취합.xlsx,대구,2021,대구광역시,"디지털패션문화
페스티벌",,"9월중
(7일)",미개최(코로나19),,2021-09-01,2021-09-30,True,month_only_vague,True,False,False,False
21년 지역축제 개최 계획(1-12)_취합.xlsx,대구,2021,대구광역시,대구생활문화제,,"9월중
(2일)",현장 및 비대면 병행,,2021-09-01,2021-09-30,True,month_only_vague,False,False,True,False
21년 지역축제 개최 계획(1-12)_취합.xlsx,대구,2021,대구광역시,대구국제재즈축제,,"9월중
(3일)",현장/비대면 병행 (미정),,2021-09-01,2021-09-30,True,month_only_vague,False,False,True,False
21년 지역축제 개최 계획(1-12)_취합.xlsx,대구,2021,대구광역시,"생명사랑환경축제
""맹꽁이야 놀자""",,"9~10월중
(2일)",·현장 개최,,2021-10-01,2021-10-31,True,month_only_vague,False,False,True,False
21년 지역축제 개최 계획(1-12)_취합.xlsx,대구,2021,대구광역시,"대구약령시 
한방문화축제",,"10.6.~10.10.
(5일)",비대면 개최(온라인),,2021-10-06,2021-10-06,False,exact_or_partial,False,False,True,False
21년 지역축제 개최 계획(1-12)_취합.xlsx,대구,2021,대구광역시,팔공산 산중전통장터 승시 재연,,"10월중
(3~4일)",현장 및 비대면 병행,,2021-10-01,2021-10-31,True,month_only_vague,False,False,True,False
21년 지역축제 개최 계획(1-12)_취합.xlsx,대구,2021,대구광역시,대봉웨딩거리축제,,"4~6월중
(3일)",,,2021-06-01,2021-06-30,True,month_only_vague,False,False,True,False
21년 지역축제 개최 계획(1-12)_취합.xlsx,대구,2021,대구광역시,대구패션주얼리위크,,"5월중
(3일)",,,2021-05-01,2021-05-31,True,month_only_vague,False,False,True,False
21년 지역축제 개최 계획(1-12)_취합.xlsx,대구,2021,대구광역시,"대구스트리트모터
페스티벌",,"5월중
(2일)",,,2021-05-01,2021-05-31,True,month_only_vague,False,False,True,False
21년 지역축제 개최 계획(1-12)_취합.xlsx,대구,2021,대구광역시,2020대구문화재야행,,"8.20.~8.21.
(2일)",,,2021-08-20,2021-08-20,False,exact_or_partial,False,False,True,False
21년 지역축제 개최 계획(1-12)_취합.xlsx,대구,2021,대구광역시,"김광석, 나의노래
다시부르기",,"9월중
(2일)",,,2021-09-01,2021-09-30,True,month_only_vague,False,False,True,False
21년 지역축제 개최 계획(1-12)_취합.xlsx,대구,2021,대구광역시,동성로축제,,"10.1.~10.3.
(3일)",,,2021-10-01,2021-10-01,False,exact_or_partial,False,False,True,False
21년 지역축제 개최 계획(1-12)_취합.xlsx,대구,2021,대구광역시,봉산미술제,,"10.8.`~10.10.
(3일)",,,2021-10-08,2021-10-08,False,exact_or_partial,False,False,True,False
21년 지역축제 개최 계획(1-12)_취합.xlsx,대구,2021,대구광역시,종로맛길축제,,"10월중
(미정)",,,2021-10-01,2021-10-31,True,month_only_vague,False,False,True,False
21년 지역축제 개최 계획(1-12)_취합.xlsx,대구,2021,대구광역시,서문시장글로벌대축제,,"10월중
(3일)",,,2021-10-01,2021-10-31,True,month_only_vague,False,False,True,False
21년 지역축제 개최 계획(1-12)_취합.xlsx,대구,2021,대구광역시,교동시장한마음축제,,"10월중 
(2일)",,,2021-10-01,2021-10-31,True,month_only_vague,False,False,True,False
21년 지역축제 개최 계획(1-12)_취합.xlsx,대구,2021,대구광역시,빨간구두이야기,,"10월중
(2일)",,,2021-10-01,2021-10-31,True,month_only_vague,False,False,True,False
21년 지역축제 개최 계획(1-12)_취합.xlsx,대구,2021,대구광역시,김광석길페스티벌,,"10월중
(2일)",,,2021-10-01,2021-10-31,True,month_only_vague,False,False,True,False
21년 지역축제 개최 계획(1-12)_취합.xlsx,대구,2021,대구광역시,대구화교중화문화축제,,"10월중
(2일)",,,2021-10-01,2021-10-31,True,month_only_vague,False,False,True,False
21년 지역축제 개최 계획(1-12)_취합.xlsx,대구,2021,대구광역시,제12회 팔공산 벚꽃축제,,"4월중
(미정)",미정,,2021-04-01,2021-04-30,True,month_only_vague,False,False,True,False
21년 지역축제 개최 계획(1-12)_취합.xlsx,대구,2021,대구광역시,제15회 용암산성 옥샘문화제,,"10월중
(2일)",미정,,2021-10-01,2021-10-31,True,month_only_vague,False,False,True,False
21년 지역축제 개최 계획(1-12)_취합.xlsx,대구,2021,대구광역시,"제21회
팔공산 단풍축제",,"10월중
(미정)",미정,,2021-10-01,2021-10-31,True,month_only_vague,False,False,True,False
21년 지역축제 개최 계획(1-12)_취합.xlsx,대구,2021,대구광역시,"달구벌목민관 부임
마을축제",,"10월중
(2일)","현장개최
(코로나19 추이에 따라 비대면 등 전환)",,2021-10-01,2021-10-31,True,month_only_vague,False,False,True,False
21년 지역축제 개최 계획(1-12)_취합.xlsx,대구,2021,대구광역시,"제27회 대덕제
""대구앞산축제""",,"4월중
(2일)",미정,,2021-04-01,2021-04-30,True,month_only_vague,False,False,True,False
21년 지역축제 개최 계획(1-12)_취합.xlsx,대구,2021,대구광역시,신천음악버스킹,,"7~8월중
(7일)",미정,,2021-08-01,2021-08-31,True,month_only_vague,False,False,True,False
21년 지역축제 개최 계획(1-12)_취합.xlsx,대구,2021,대구광역시,대구할로윈축제,,"10월중
(미정)",온∙오프라인 병행,,2021-10-01,2021-10-31,True,month_only_vague,False,False,True,False
21년 지역축제 개최 계획(1-12)_취합.xlsx,대구,2021,대구광역시,금호강 바람소리길축제,,"9~10월중
(2일)",현장 및 비대면 병행 등,,2021-10-01,2021-10-31,True,month_only_vague,False,False,True,False
21년 지역축제 개최 계획(1-12)_취합.xlsx,대구,2021,대구광역시,논두렁밭두렁 마을축제,,"10월중
(미정)",현장 개최,,2021-10-01,2021-10-31,True,month_only_vague,False,False,True,False
21년 지역축제 개최 계획(1-12)_취합.xlsx,대구,2021,대구광역시,"수성못 페스티벌
(Suseong Lake Festival)",,"10.1~10.3
(3일)",현장개최,,2021-10-01,2021-10-01,False,exact_or_partial,False,False,True,False
21년 지역축제 개최 계획(1-12)_취합.xlsx,대구,2021,대구광역시,장미꽃필무렵,,"5월중
(3일)",현장 및 비대면 병행,,2021-05-01,2021-05-31,True,month_only_vague,False,False,True,False
21년 지역축제 개최 계획(1-12)_취합.xlsx,대구,2021,대구광역시,비슬산 참꽃 문화제,,"4월중
(2일)",현장 및 비대면 병행,,2021-04-01,2021-04-30,True,month_only_vague,False,False,True,False
21년 지역축제 개최 계획(1-12)_취합.xlsx,대구,2021,대구광역시,달성100대피아노,,"10월중
(미정)",현장 및 비대면 병행,,2021-10-01,2021-10-31,True,month_only_vague,False,False,True,False
21년 지역축제 개최 계획(1-12)_취합.xlsx,인천,2021,인천광역시,2021년 인천펜타포트 음악축제,,8월중,·현장 및 비대면 병행 등,,2021-08-01,2021-08-31,True,month_only_vague,False,False,True,False
21년 지역축제 개최 계획(1-12)_취합.xlsx,인천,2021,인천광역시,"제4회 지역특화
관광축제",,"10월, 12월
(각 2일간)",·현장 및 비대면 병행 등,,2021-10-01,2021-12-31,True,month_range_vague,False,False,True,False
21년 지역축제 개최 계획(1-12)_취합.xlsx,인천,2021,인천광역시,"2021 크리스마스 트리축제(신포권,영종권)",,"11.27~12.25
(29일간)",현장 개최,,2021-11-27,2021-12-25,False,exact_or_partial,False,False,True,False
21년 지역축제 개최 계획(1-12)_취합.xlsx,인천,2021,인천광역시,제32회 화도진축제,,"5월중
(2일간)","현장 개최
(단, 코로나19 등 상황에 따라 현장 및 비대면 병행, 축제기간 변경 가능)",,2021-05-01,2021-05-31,True,month_only_vague,False,False,True,False
21년 지역축제 개최 계획(1-12)_취합.xlsx,인천,2021,인천광역시,주안미디어문화축제,,9.10.~12.,현장 및 비대면 병행,,2021-09-10,2021-09-12,False,exact_or_partial,False,False,True,False
21년 지역축제 개최 계획(1-12)_취합.xlsx,인천,2021,인천광역시,"인천송도크루즈
불꽃축제",,10월 중,현장 개최,,2021-10-01,2021-10-31,True,month_only_vague,False,False,True,False
21년 지역축제 개최 계획(1-12)_취합.xlsx,인천,2021,인천광역시,연수능허대문화축제,,8월~9월 중,현장 개최(코로나19 상황에 따라 조정),,2021-08-01,2021-09-30,True,month_range_vague,False,False,True,False
21년 지역축제 개최 계획(1-12)_취합.xlsx,인천,2021,인천광역시,소래포구축제,,"5월중
(3일간)",현장 및 비대면 병행,,2021-05-01,2021-05-31,True,month_only_vague,False,False,True,False
21년 지역축제 개최 계획(1-12)_취합.xlsx,인천,2021,인천광역시,제3회 서창별빛거리,,"12월
(2일간)",현장 및 비대면 병행 등,,2021-12-01,2021-12-31,True,month_only_vague,False,False,True,False
21년 지역축제 개최 계획(1-12)_취합.xlsx,인천,2021,인천광역시,부평풍물대축제,,"10월 중
(3일간)","현장 및 비대면 병행 
(축제위원회 총회에서 결정)",,2021-10-01,2021-10-31,True,month_only_vague,False,False,True,False
21년 지역축제 개최 계획(1-12)_취합.xlsx,인천,2021,인천광역시,제7회 계양산 국악제,,4.24~25,현장및 비대면 혼합,,2021-04-24,2021-04-25,False,exact_or_partial,False,False,True,False
21년 지역축제 개최 계획(1-12)_취합.xlsx,인천,2021,인천광역시,"제1회 계양꽃마루
빛축제",,"9월
(2일간)",·현장 및 비대면 병행 등,,2021-09-01,2021-09-30,True,month_only_vague,False,False,True,False
21년 지역축제 개최 계획(1-12)_취합.xlsx,인천,2021,인천광역시,강화고려인삼축제,,"10. 16. ~ 17.
(2일간)",현장 개최,,2021-10-16,2021-10-17,False,exact_or_partial,False,False,True,False
21년 지역축제 개최 계획(1-12)_취합.xlsx,인천,2021,인천광역시,강화섬포도축제,,"9. 11 ~ 12.
(2일간)",현장 개최,,2021-09-11,2021-09-12,False,exact_or_partial,False,False,True,False
21년 지역축제 개최 계획(1-12)_취합.xlsx,인천,2021,인천광역시,강화도새우젓축제,,"10월중
(2일간)",현장 개최,,2021-10-01,2021-10-31,True,month_only_vague,False,False,True,False
21년 지역축제 개최 계획(1-12)_취합.xlsx,인천,2021,인천광역시,고려산진달래축제,,"4월중
(9일간)",현장 개최,,2021-04-01,2021-04-30,True,month_only_vague,False,False,True,False
21년 지역축제 개최 계획(1-12)_취합.xlsx,인천,2021,인천광역시,삼랑성역사문화축제,,"10월중
(9일간)",현장 개최,,2021-10-01,2021-10-31,True,month_only_vague,False,False,True,False
21년 지역축제 개최 계획(1-12)_취합.xlsx,인천,2021,인천광역시,인천영흥갯벌축제,,"6.12~6.26
(15일간)",현장 개최,,2021-06-12,2021-06-26,False,exact_or_partial,False,False,True,False
21년 지역축제 개최 계획(1-12)_취합.xlsx,광주,2021,광주광역시,제28회 광주세계김치축제,,10월중,현장 및 비대면 병행,,2021-10-01,2021-10-31,True,month_only_vague,False,False,True,False
21년 지역축제 개최 계획(1-12)_취합.xlsx,광주,2021,광주광역시,2021 광주청년주간,,9월중,현장 개최,,2021-09-01,2021-09-30,True,month_only_vague,False,False,True,False
21년 지역축제 개최 계획(1-12)_취합.xlsx,광주,2021,광주광역시,2021 프린지페스티벌,,4~12월,현장 및 비대면 병행,,2021-12-01,2021-12-31,True,month_only_vague,False,False,True,False
21년 지역축제 개최 계획(1-12)_취합.xlsx,광주,2021,광주광역시,2021 아트피크닉,,"4~10월
(매주 토요일)",현장 및 비대면 병행,,2021-10-01,2021-10-31,True,month_only_vague,False,False,True,False
21년 지역축제 개최 계획(1-12)_취합.xlsx,광주,2021,광주광역시,광주동구 추억의 충장축제,,"10.6~10.10
(5일간)",현장 및 비대면 병행,,2021-10-06,2021-10-10,False,exact_or_partial,False,False,True,False
21년 지역축제 개최 계획(1-12)_취합.xlsx,광주,2021,광주광역시,영산강 서창들녘 억새축제,,10.7~10.10   (4일간),현장 및 비대면 병행,,2021-10-07,2021-10-10,False,exact_or_partial,False,False,True,False
21년 지역축제 개최 계획(1-12)_취합.xlsx,광주,2021,광주광역시,제39회 고싸움놀이축제,,3월중,현장 개최,,2021-03-01,2021-03-31,True,month_only_vague,False,False,True,False
21년 지역축제 개최 계획(1-12)_취합.xlsx,광주,2021,광주광역시,굿모닝! 양림,,10월중,현장 개최,,2021-10-01,2021-10-31,True,month_only_vague,False,False,True,False
21년 지역축제 개최 계획(1-12)_취합.xlsx,대전,2021,대전광역시,대전 서구힐링 아트페스티벌,,"5.28.~5.30.
(3일간)",현장 및 비대면 병행 예정,,2021-05-28,2021-05-30,False,exact_or_partial,False,False,True,False
21년 지역축제 개최 계획(1-12)_취합.xlsx,대전,2021,대전광역시,대전사이언스페스티벌,,10월 예정,현장 및 비대면 병행,,2021-10-01,2021-10-31,True,month_only_vague,False,False,True,False
21년 지역축제 개최 계획(1-12)_취합.xlsx,대전,2021,대전광역시,디쿠페스티벌,,"8월중
(2일간)",미정,,2021-08-01,2021-08-31,True,month_only_vague,False,False,True,False
21년 지역축제 개최 계획(1-12)_취합.xlsx,대전,2021,대전광역시,대전효문화뿌리축제,,"9월~10월 중
(3일간)",현장 및 비대면 병행,,2021-09-01,2021-10-31,True,month_range_vague,False,False,True,False
21년 지역축제 개최 계획(1-12)_취합.xlsx,대전,2021,대전광역시,2021 대청호대덕뮤직페스티벌,,"4.5.~4.11.
(7일간)",소규모 현장공연 및 비대면 병행,,2021-04-05,2021-04-11,False,exact_or_partial,False,False,True,False
21년 지역축제 개최 계획(1-12)_취합.xlsx,대전,2021,대전광역시,계족산맨발축제,,"5.8~5.9
(2일간)",현장 개최,,2021-05-08,2021-05-09,False,exact_or_partial,False,False,True,False
21년 지역축제 개최 계획(1-12)_취합.xlsx,대전,2021,대전광역시,유성온천문화축제,,"5.7.~5.16.
(10일간)",현장 및 비대면 병행 등,,2021-05-07,2021-05-16,False,exact_or_partial,False,False,True,False
21년 지역축제 개최 계획(1-12)_취합.xlsx,대전,2021,대전광역시,제12회 국화페스티벌,,"10.16~11.7
(23일간)",현장 및 비대면 병행,,2021-10-16,2021-11-07,False,exact_or_partial,False,False,True,False
21년 지역축제 개최 계획(1-12)_취합.xlsx,대전,2021,대전광역시,대전국제와인페스티벌,,"8. 27~9. 5
(10일간)",현장 및 비대면 병행 개최,,2021-08-27,2021-09-05,False,exact_or_partial,False,False,True,False
21년 지역축제 개최 계획(1-12)_취합.xlsx,울산,2021,울산광역시,울산대공원 장미축제,,"5. 26. ~30.
(5일간)","현장, 온라인 병행
(2020 미개최)",,2021-05-26,2021-05-30,False,exact_or_partial,True,False,False,False
21년 지역축제 개최 계획(1-12)_취합.xlsx,울산,2021,울산광역시,"태화강 국가정원 
봄꽃축제",,"5. 14. ~ 16.
(3일간)",현장 개최,,2021-05-14,2021-05-16,False,exact_or_partial,False,False,True,False
21년 지역축제 개최 계획(1-12)_취합.xlsx,울산,2021,울산광역시,울산프롬나드페스티벌,,"10. 15. ~ 18.
(4일간)","비대면 전환 시에도 출연진 접촉, 온라인 구독 저조함으로 행사 취소",,2021-10-15,2021-10-18,False,exact_or_partial,True,False,False,False
21년 지역축제 개최 계획(1-12)_취합.xlsx,울산,2021,울산광역시,처용문화재,,"10. 29. ~ 31.
(3일간)",현장개최,,2021-10-29,2021-10-31,False,exact_or_partial,False,False,True,False
21년 지역축제 개최 계획(1-12)_취합.xlsx,울산,2021,울산광역시,서머페스티벌,,"8. 9. ~ 11.
(3일간)","총 7회 중 정상개최 2회, 무관중 3회, 공연취소 2회",,2021-08-09,2021-08-11,False,exact_or_partial,True,False,False,False
21년 지역축제 개최 계획(1-12)_취합.xlsx,울산,2021,울산광역시,외솔한글한마당,,"10. 9. ~ 11.
(3일간)","현장개최, 온라인 병행",,2021-10-09,2021-10-11,False,exact_or_partial,False,False,True,False
21년 지역축제 개최 계획(1-12)_취합.xlsx,울산,2021,울산광역시,"울산태화강 대숲 
납량축제",,"8. 12. ~ 15.
(3일간)",대면,,2021-08-12,2021-08-15,False,exact_or_partial,False,False,True,False
21년 지역축제 개최 계획(1-12)_취합.xlsx,울산,2021,울산광역시,울산산업문화축제,,10월 중,현장개최(2020 미개최),,2021-10-01,2021-10-31,True,month_only_vague,True,False,False,False
21년 지역축제 개최 계획(1-12)_취합.xlsx,울산,2021,울산광역시,울산119안전문화축제,,"10. 21. ~ 23.
(3일간)",현장개최(2020 미개최),,2021-10-21,2021-10-23,False,exact_or_partial,True,False,False,False
21년 지역축제 개최 계획(1-12)_취합.xlsx,울산,2021,울산광역시,눈꽃축제,,"12. 24. ~ 25.
(2일간)",현장개최(2020 미개최),,2021-12-24,2021-12-25,False,exact_or_partial,True,False,False,False
21년 지역축제 개최 계획(1-12)_취합.xlsx,울산,2021,울산광역시,울산마두희축제,,"10. 15. ~ 17.
(3일간)",현장 및 비대면 병행 등(2020 미개최),,2021-10-15,2021-10-17,False,exact_or_partial,True,False,False,False
21년 지역축제 개최 계획(1-12)_취합.xlsx,울산,2021,울산광역시,"태화강 국제 
재즈패스티벌",,"5. 15. ~ 16.
(2일간)",현장 및 비대면 병행,,2021-05-15,2021-05-16,False,exact_or_partial,False,False,True,False
21년 지역축제 개최 계획(1-12)_취합.xlsx,울산,2021,울산광역시,울산고래축제,,9월 중,현장 개최(미정),,2021-09-01,2021-09-30,True,month_only_vague,False,False,True,False
21년 지역축제 개최 계획(1-12)_취합.xlsx,울산,2021,울산광역시,울산조선해양축제,,"7. 23. ~ 25.
(3일간)",빛의거리조성 및 축제 다큐제작,,2021-07-23,2021-07-25,False,exact_or_partial,False,False,True,False
21년 지역축제 개최 계획(1-12)_취합.xlsx,울산,2021,울산광역시,쇠부리축제,,10. 22. ~ 24.,비대면개최,,2021-10-22,2021-10-24,False,exact_or_partial,False,False,True,False
21년 지역축제 개최 계획(1-12)_취합.xlsx,울산,2021,울산광역시,간절곶 해맞이축제,,12. 31.,현장 및 비대면 병행 등(2020 미개최),,2021-12-31,2021-12-31,False,exact_or_partial,True,False,False,False
21년 지역축제 개최 계획(1-12)_취합.xlsx,울산,2021,울산광역시,울산옹기축제,,10월 중,"온, 오프라인 병행 개최",,2021-10-01,2021-10-31,True,month_only_vague,False,False,True,False
21년 지역축제 개최 계획(1-12)_취합.xlsx,울산,2021,울산광역시,울주세계산악영화제,,"4.2. ~ 11.
(10일간)",현장 및 비대면,,2021-04-02,2021-04-11,False,exact_or_partial,False,False,True,False
21년 지역축제 개최 계획(1-12)_취합.xlsx,울산,2021,울산광역시,제12회 궁거랑 벚꽃한마당,,3.27.~3.28.,현장개최,,2021-03-27,2021-03-28,False,exact_or_partial,False,False,True,False
21년 지역축제 개최 계획(1-12)_취합.xlsx,세종,2021,"세종특별
자치시청",세종축제,,10.8.~10.10.,현장(필요시 비대면 병행),,2021-10-08,2021-10-10,False,exact_or_partial,False,False,True,False
21년 지역축제 개최 계획(1-12)_취합.xlsx,세종,2021,"세종특별
자치시청",세종조치원복숭아축제,,"7월말~8월중
(2일간)",현장(필요시 비대면 병행),,2021-07-01,2021-08-31,True,month_range_vague,False,False,True,False
21년 지역축제 개최 계획(1-12)_취합.xlsx,경기,2021,경기도,정조대왕 능행차 공동재현,,"4.24~4.25
(2일간)",현장 개최,,2021-04-24,2021-04-25,False,exact_or_partial,False,False,True,False
21년 지역축제 개최 계획(1-12)_취합.xlsx,경기,2021,경기도,수원화성 미디어아트쇼,,"9.17~10.17
(4주간)",현장 개최,,2021-09-17,2021-10-17,False,exact_or_partial,False,False,True,False
21년 지역축제 개최 계획(1-12)_취합.xlsx,경기,2021,경기도,세계유산축전 수원화성,,"9.18~10.10
(3주간)",현장 및 비대면 병행,,2021-09-18,2021-10-10,False,exact_or_partial,False,False,True,False
21년 지역축제 개최 계획(1-12)_취합.xlsx,경기,2021,경기도,수원화성문화제,,"10.8~10.10
(3일간)",현장 및 비대면 병행,,2021-10-08,2021-10-10,False,exact_or_partial,False,False,True,False
21년 지역축제 개최 계획(1-12)_취합.xlsx,경기,2021,경기도,음식문화축제,,"10.9~10.11
(3일간)",현장 개최,,2021-10-09,2021-10-11,False,exact_or_partial,False,False,True,False
21년 지역축제 개최 계획(1-12)_취합.xlsx,경기,2021,경기도,팔달문지역 시장거리 축제,,"10월 중
(3일간)",현장 개최,,2021-10-01,2021-10-31,True,month_only_vague,False,False,True,False
21년 지역축제 개최 계획(1-12)_취합.xlsx,경기,2021,경기도,수원연극축제,,"5.21~5.23
(3일간)",현장 및 비대면 병행,,2021-05-21,2021-05-23,False,exact_or_partial,False,False,True,False
21년 지역축제 개최 계획(1-12)_취합.xlsx,경기,2021,경기도,수원발레축제,,"8.18~8.22
(5일간)",현장 및 비대면 병행,,2021-08-18,2021-08-22,False,exact_or_partial,False,False,True,False
21년 지역축제 개최 계획(1-12)_취합.xlsx,경기,2021,경기도,수원재즈페스티벌,,"9.10~9.11
(2일간)",현장 및 비대면 병행,,2021-09-10,2021-09-11,False,exact_or_partial,False,False,True,False
21년 지역축제 개최 계획(1-12)_취합.xlsx,경기,2021,경기도,전국 무궁화 수원축제,,"7~8월 중
(미정)",현장 및 비대면 병행,,2021-08-01,2021-08-31,True,month_only_vague,False,False,True,False
21년 지역축제 개최 계획(1-12)_취합.xlsx,경기,2021,경기도,고양국제꽃박람회,,"4월말~5월초
(미정)",비대면 개최(드라이브스루 플라워마켓 등),,2021-04-01,2021-05-31,True,month_range_vague,False,False,True,False
21년 지역축제 개최 계획(1-12)_취합.xlsx,경기,2021,경기도,고양행주문화제,,"5월 중
(3일간)",현장 및 비대면 병행,,2021-05-01,2021-05-31,True,month_only_vague,False,False,True,False
21년 지역축제 개최 계획(1-12)_취합.xlsx,경기,2021,경기도,고양호수예술축제,,"9월 중
(4일간)",현장 및 비대면 병행,,2021-09-01,2021-09-30,True,month_only_vague,False,False,True,False
21년 지역축제 개최 계획(1-12)_취합.xlsx,경기,2021,경기도,"사계절테마축제(겨울)
(취소)",,"1월 중
(2일간)","현장 개최
(취소)",,2021-01-01,2021-01-31,True,month_only_vague,True,False,False,False
21년 지역축제 개최 계획(1-12)_취합.xlsx,경기,2021,경기도,용인음식문화축제,,"9월 중
(2일간)",현장 개최,,2021-09-01,2021-09-30,True,month_only_vague,False,False,True,False
21년 지역축제 개최 계획(1-12)_취합.xlsx,경기,2021,경기도,용인n곤충페스티벌,,"5월 중
(미정)",현장 개최,,2021-05-01,2021-05-31,True,month_only_vague,False,False,True,False
21년 지역축제 개최 계획(1-12)_취합.xlsx,경기,2021,경기도,백암백중문화제,,"8.27~8.29
(3일간)",현장 개최,,2021-08-27,2021-08-29,False,exact_or_partial,False,False,True,False
21년 지역축제 개최 계획(1-12)_취합.xlsx,경기,2021,경기도,경안천 창포 축제,,"6.19~6.20
(2일간)",현장 개최,,2021-06-19,2021-06-20,False,exact_or_partial,False,False,True,False
21년 지역축제 개최 계획(1-12)_취합.xlsx,경기,2021,경기도,용인사이버 과학축제,,"10.16~10.17
(2일간)",현장 개최,,2021-10-16,2021-10-17,False,exact_or_partial,False,False,True,False
21년 지역축제 개최 계획(1-12)_취합.xlsx,경기,2021,경기도,사계절테마축제(봄),,"5월 중
(3일간)",현장 개최,,2021-05-01,2021-05-31,True,month_only_vague,False,False,True,False
21년 지역축제 개최 계획(1-12)_취합.xlsx,경기,2021,경기도,사계절테마축제(여름),,"7월 중
(2일간)",현장 개최,,2021-07-01,2021-07-31,True,month_only_vague,False,False,True,False
21년 지역축제 개최 계획(1-12)_취합.xlsx,경기,2021,경기도,사계절테마축제(가을),,"10월 중
(3일간)",현장 개최,,2021-10-01,2021-10-31,True,month_only_vague,False,False,True,False
21년 지역축제 개최 계획(1-12)_취합.xlsx,경기,2021,경기도,용인야간마실,,"4월, 9월, 11월(미정)",현장 개최,,2021-04-01,2021-09-30,True,month_range_vague,False,False,True,False
21년 지역축제 개최 계획(1-12)_취합.xlsx,경기,2021,경기도,그린콤마뮤직페스티벌,,"8.28~8.29
(2일간)",현장 개최,,2021-08-28,2021-08-29,False,exact_or_partial,False,False,True,False
21년 지역축제 개최 계획(1-12)_취합.xlsx,경기,2021,경기도,복사골예술제,,"5.5~5.8
(4일간)",현장 개최,,2021-05-05,2021-05-08,False,exact_or_partial,False,False,True,False
21년 지역축제 개최 계획(1-12)_취합.xlsx,경기,2021,경기도,부천국제만화축제,,"9.9~9.12
(4일간)",현장 및 비대면 병행,,2021-09-09,2021-09-12,False,exact_or_partial,False,False,True,False
21년 지역축제 개최 계획(1-12)_취합.xlsx,경기,2021,경기도,"부천국제애니메이션
페스티벌",,"10.22~10.26
(5일간)",현장 및 비대면 병행,,2021-10-22,2021-10-26,False,exact_or_partial,False,False,True,False
21년 지역축제 개최 계획(1-12)_취합.xlsx,경기,2021,경기도,부천국제판타스틱영화제,,"7.8~7.15
(8일간)",현장 및 비대면 병행,,2021-07-08,2021-07-15,False,exact_or_partial,False,False,True,False
21년 지역축제 개최 계획(1-12)_취합.xlsx,경기,2021,경기도,원미산 진달래 축제,,4월 초,현장 개최,,2021-04-01,2021-04-30,True,month_only_vague,False,False,True,False
21년 지역축제 개최 계획(1-12)_취합.xlsx,경기,2021,경기도,도당산 벚꽃 축제,,4월 초,현장 개최,,2021-04-01,2021-04-30,True,month_only_vague,False,False,True,False
21년 지역축제 개최 계획(1-12)_취합.xlsx,경기,2021,경기도,화성 뱃놀이 축제,,"`6~9월
(3일간)",현장 개최(불가 시 비대면),,2021-09-01,2021-09-30,True,month_only_vague,False,False,True,False
21년 지역축제 개최 계획(1-12)_취합.xlsx,경기,2021,경기도,"화성 정조 효 문화제
(정조대왕능행차 화성구간)",,"10월 중
(2일간)",현장 개최(불가 시 비대면),,2021-10-01,2021-10-31,True,month_only_vague,False,False,True,False
21년 지역축제 개최 계획(1-12)_취합.xlsx,경기,2021,경기도,화성송산포도축제,,"9.4~9.5
(2일간)",현장 개최(불가 시 비대면),,2021-09-04,2021-09-05,False,exact_or_partial,False,False,True,False
21년 지역축제 개최 계획(1-12)_취합.xlsx,경기,2021,경기도,품앗이 공연예술축제,,"6.16~6.20
(5일간)",현장 개최(불가 시 비대면),,2021-06-16,2021-06-20,False,exact_or_partial,False,False,True,False
21년 지역축제 개최 계획(1-12)_취합.xlsx,경기,2021,경기도,안산사이언스밸리(ASV) 과학축전,,"10월 중
(2일간)",현장 개최,,2021-10-01,2021-10-31,True,month_only_vague,False,False,True,False
21년 지역축제 개최 계획(1-12)_취합.xlsx,경기,2021,경기도,안산국제거리극축제,,"5.4~5.5
(2일간)",현장 개최,,2021-05-04,2021-05-05,False,exact_or_partial,False,False,True,False
21년 지역축제 개최 계획(1-12)_취합.xlsx,경기,2021,경기도,별망성예술제,,"9.11~9.12
(2일간)",현장 개최,,2021-09-11,2021-09-12,False,exact_or_partial,False,False,True,False
21년 지역축제 개최 계획(1-12)_취합.xlsx,경기,2021,경기도,안산 김홍도축제,,"10.8~10.17
(10일간)",현장 개최,,2021-10-08,2021-10-17,False,exact_or_partial,False,False,True,False
21년 지역축제 개최 계획(1-12)_취합.xlsx,경기,2021,경기도,전국 대부해솔길 걷기축제,,"9월 중
(1일)",현장 개최,,2021-09-01,2021-09-30,True,month_only_vague,False,False,True,False
21년 지역축제 개최 계획(1-12)_취합.xlsx,경기,2021,경기도,정약용 문화제,,"9~10월
(2일간)",현장 및 비대면 병행,,2021-10-01,2021-10-31,True,month_only_vague,False,False,True,False
21년 지역축제 개최 계획(1-12)_취합.xlsx,경기,2021,경기도,안양충훈벚꽃축제,,"4월 중
(3일간)",현장 개최,,2021-04-01,2021-04-30,True,month_only_vague,False,False,True,False
21년 지역축제 개최 계획(1-12)_취합.xlsx,경기,2021,경기도,안양여성축제,,"5월 중
(2일간)",현장 및 비대면 병행,,2021-05-01,2021-05-31,True,month_only_vague,False,False,True,False
21년 지역축제 개최 계획(1-12)_취합.xlsx,경기,2021,경기도,안양시민축제,,"9월 중
(3일간)",현장 및 비대면 병행,,2021-09-01,2021-09-30,True,month_only_vague,False,False,True,False
21년 지역축제 개최 계획(1-12)_취합.xlsx,경기,2021,경기도,평택꽃나들이행사,,"4월 중
(9일간)",현장 개최,,2021-04-01,2021-04-30,True,month_only_vague,False,False,True,False
21년 지역축제 개최 계획(1-12)_취합.xlsx,경기,2021,경기도,평택호 물빛축제,,10월 중             (2일간),현장 개최,,2021-10-01,2021-10-31,True,month_only_vague,False,False,True,False
21년 지역축제 개최 계획(1-12)_취합.xlsx,경기,2021,경기도,"한미친선
한마음축제",,"5~6월
(2일간)",현장 개최,,2021-06-01,2021-06-30,True,month_only_vague,False,False,True,False
21년 지역축제 개최 계획(1-12)_취합.xlsx,경기,2021,경기도,"한미친선
한마당잔치",,"9월 중
(2일간)",현장 개최,,2021-09-01,2021-09-30,True,month_only_vague,False,False,True,False
21년 지역축제 개최 계획(1-12)_취합.xlsx,경기,2021,경기도,한미 어울림축제,,"5~7월
(3일간)",현장 개최,,2021-07-01,2021-07-31,True,month_only_vague,False,False,True,False
21년 지역축제 개최 계획(1-12)_취합.xlsx,경기,2021,경기도,평택두드림축제,,"10월 중
(2일간)",현장 개최,,2021-10-01,2021-10-31,True,month_only_vague,False,False,True,False
21년 지역축제 개최 계획(1-12)_취합.xlsx,경기,2021,경기도,"송탄관광특구 
한마음대축제",,"10월 중
(2일간)",현장 개최,,2021-10-01,2021-10-31,True,month_only_vague,False,False,True,False
21년 지역축제 개최 계획(1-12)_취합.xlsx,경기,2021,경기도,무형문화재 축제,,"9월 중
(2일간)",현장 개최,,2021-09-01,2021-09-30,True,month_only_vague,False,False,True,False
21년 지역축제 개최 계획(1-12)_취합.xlsx,경기,2021,경기도,시흥갯골축제,,9월 중,현장 및 비대면 병행,,2021-09-01,2021-09-30,True,month_only_vague,False,False,True,False
21년 지역축제 개최 계획(1-12)_취합.xlsx,경기,2021,경기도,물왕예술제,,5월 중,현장 및 비대면 병행,,2021-05-01,2021-05-31,True,month_only_vague,False,False,True,False
21년 지역축제 개최 계획(1-12)_취합.xlsx,경기,2021,경기도,파주개성인삼축제,,"10.16~10.18
(3일간)",현장 개최,,2021-10-16,2021-10-18,False,exact_or_partial,False,False,True,False
21년 지역축제 개최 계획(1-12)_취합.xlsx,경기,2021,경기도,파주장단콩축제,,"11.26~11.28
(3일간)",현장 개최,,2021-11-26,2021-11-28,False,exact_or_partial,False,False,True,False
21년 지역축제 개최 계획(1-12)_취합.xlsx,경기,2021,경기도,어린이책잔치,,10월 중,현장 개최,,2021-10-01,2021-10-31,True,month_only_vague,False,False,True,False
21년 지역축제 개최 계획(1-12)_취합.xlsx,경기,2021,경기도,헤이리예술축제,,9~11월,현장 개최,,2021-11-01,2021-11-30,True,month_only_vague,False,False,True,False
21년 지역축제 개최 계획(1-12)_취합.xlsx,경기,2021,경기도,파주북소리축제,,10월 중,현장 개최,,2021-10-01,2021-10-31,True,month_only_vague,False,False,True,False
21년 지역축제 개최 계획(1-12)_취합.xlsx,경기,2021,경기도,율곡문화제,,10월 중,현장 개최,,2021-10-01,2021-10-31,True,month_only_vague,False,False,True,False
21년 지역축제 개최 계획(1-12)_취합.xlsx,경기,2021,경기도,의정부음악극축제,,"5.7~5.16
(10일)",현장 및 비대면 병행,,2021-05-07,2021-05-07,False,exact_or_partial,False,False,True,False
21년 지역축제 개최 계획(1-12)_취합.xlsx,경기,2021,경기도,블랙뮤직페스티벌,,"8.27~8.28
(2일)",현장 및 비대면 병행,,2021-08-27,2021-08-27,False,exact_or_partial,False,False,True,False
21년 지역축제 개최 계획(1-12)_취합.xlsx,경기,2021,경기도,회룡문화제,,10월 중,시민문화행사,,2021-10-01,2021-10-31,True,month_only_vague,False,False,True,False
21년 지역축제 개최 계획(1-12)_취합.xlsx,경기,2021,경기도,김포 아라마린 페스티벌,,"9월 중
(3일간)",현장 및 비대면 병행,,2021-09-01,2021-09-30,True,month_only_vague,False,False,True,False
21년 지역축제 개최 계획(1-12)_취합.xlsx,경기,2021,경기도,오리문화제,,"10.9~10.10
(2일간)",현장 개최,,2021-10-09,2021-10-10,False,exact_or_partial,False,False,True,False
21년 지역축제 개최 계획(1-12)_취합.xlsx,경기,2021,경기도,광명농악대축제,,"10월 중
(2일간)",현장 개최,,2021-10-01,2021-10-31,True,month_only_vague,False,False,True,False
21년 지역축제 개최 계획(1-12)_취합.xlsx,경기,2021,경기도,하남이성산성문화축제,,"9월 중
(2일간)",현장 개최,,2021-09-01,2021-09-30,True,month_only_vague,False,False,True,False
21년 지역축제 개최 계획(1-12)_취합.xlsx,경기,2021,경기도,오산 독산성 문화제,,"10.8~10.10
(3일간)",현장 개최,,2021-10-08,2021-10-10,False,exact_or_partial,False,False,True,False
21년 지역축제 개최 계획(1-12)_취합.xlsx,경기,2021,경기도,오산 통기타 페스티벌,,"9.10~9.11
(2일간)",현장 개최,,2021-09-10,2021-09-11,False,exact_or_partial,False,False,True,False
21년 지역축제 개최 계획(1-12)_취합.xlsx,경기,2021,경기도,양주 천만송이 천일홍 축제,,"9월 중
(2일간)",현장 및 비대면 병행,,2021-09-01,2021-09-30,True,month_only_vague,False,False,True,False
21년 지역축제 개최 계획(1-12)_취합.xlsx,경기,2021,경기도,이천국제일루전페스티벌,,9월 중,비대면 개최(온라인 축제),,2021-09-01,2021-09-30,True,month_only_vague,False,False,True,False
21년 지역축제 개최 계획(1-12)_취합.xlsx,경기,2021,경기도,이천도자기축제,,4~5월,,,2021-05-01,2021-05-31,True,month_only_vague,False,False,True,False
21년 지역축제 개최 계획(1-12)_취합.xlsx,경기,2021,경기도,이천쌀문화축제,,10월,,,2021-10-01,2021-10-31,True,month_only_vague,False,False,True,False
21년 지역축제 개최 계획(1-12)_취합.xlsx,경기,2021,경기도,이천인삼축제,,10월,,,2021-10-01,2021-10-31,True,month_only_vague,False,False,True,False
21년 지역축제 개최 계획(1-12)_취합.xlsx,경기,2021,경기도,햇사레장호원 복숭아축제,,"9월 중
(3일간)",,,2021-09-01,2021-09-30,True,month_only_vague,False,False,True,False
21년 지역축제 개최 계획(1-12)_취합.xlsx,경기,2021,경기도,이천백사산수유꽃축제,,"3~4월
(3일간)",비대면 개최(구체적인 방식 미정),,2021-04-01,2021-04-30,True,month_only_vague,False,False,True,False
21년 지역축제 개최 계획(1-12)_취합.xlsx,경기,2021,경기도,이천체험문화축제,,5~6월,,,2021-06-01,2021-06-30,True,month_only_vague,False,False,True,False
21년 지역축제 개최 계획(1-12)_취합.xlsx,경기,2021,경기도,주민자치평생학습축제,,5월,,,2021-05-01,2021-05-31,True,month_only_vague,False,False,True,False
21년 지역축제 개최 계획(1-12)_취합.xlsx,경기,2021,경기도,장위공 서희문화제,,9월,,,2021-09-01,2021-09-30,True,month_only_vague,False,False,True,False
21년 지역축제 개최 계획(1-12)_취합.xlsx,경기,2021,경기도,설봉산 별빛축제,,7~8월,,,2021-08-01,2021-08-31,True,month_only_vague,False,False,True,False
21년 지역축제 개최 계획(1-12)_취합.xlsx,경기,2021,경기도,구리 행복 365 축제,,"1.1~12.31
(365일)",현장 개최,,2021-01-01,2021-01-01,False,exact_or_partial,False,False,True,False
21년 지역축제 개최 계획(1-12)_취합.xlsx,경기,2021,경기도,"안성맞춤남사당
바우덕이축제",,"9월말~10월초
(6일간)",,,2021-09-01,2021-10-31,True,month_range_vague,False,False,True,False
21년 지역축제 개최 계획(1-12)_취합.xlsx,경기,2021,경기도,안성맞춤포도축제,,"9월 말
(3일간)",비대면(드라이브스루 방식 판매),,2021-09-01,2021-09-30,True,month_only_vague,False,False,True,False
21년 지역축제 개최 계획(1-12)_취합.xlsx,경기,2021,경기도,죽주대고려축제,,"9월말~10월초
(3일간)",,,2021-09-01,2021-10-31,True,month_range_vague,False,False,True,False
21년 지역축제 개최 계획(1-12)_취합.xlsx,경기,2021,경기도,포천 산정호수 명성산 억새꽃축제,,"10.9~10.17
(9일간)",,,2021-10-09,2021-10-17,False,exact_or_partial,False,False,True,False
21년 지역축제 개최 계획(1-12)_취합.xlsx,경기,2021,경기도,포천 백운계곡 동장군축제,,"'21.12.25~
'22.2.2",,,2021-12-25,2022-02-02,False,exact_or_partial,False,False,True,False
21년 지역축제 개최 계획(1-12)_취합.xlsx,경기,2021,경기도,"포천 농축산물축제
(포농포농 축제)",,10월 중,,,2021-10-01,2021-10-31,True,month_only_vague,False,False,True,False
21년 지역축제 개최 계획(1-12)_취합.xlsx,경기,2021,경기도,운악산 단풍축제,,10.29,,,2021-10-29,2021-10-29,False,exact_or_partial,False,False,True,False
21년 지역축제 개최 계획(1-12)_취합.xlsx,경기,2021,경기도,산정호수 썰매축제,,"'21.12.25~
'22.2.28",,,2021-12-25,2022-02-28,False,exact_or_partial,False,False,True,False
21년 지역축제 개최 계획(1-12)_취합.xlsx,경기,2021,경기도,포천 산정호수 윈터페스타,,"'21.12.25~
'22.2.28",,,2021-12-25,2022-02-28,False,exact_or_partial,False,False,True,False
21년 지역축제 개최 계획(1-12)_취합.xlsx,경기,2021,경기도,포천 한탄강 세계평화 페스티벌,,8월 중,,,2021-08-01,2021-08-31,True,month_only_vague,False,False,True,False
21년 지역축제 개최 계획(1-12)_취합.xlsx,경기,2021,경기도,의왕철도축제,,"5월 중
(2일간)",현장 개최,,2021-05-01,2021-05-31,True,month_only_vague,False,False,True,False
21년 지역축제 개최 계획(1-12)_취합.xlsx,경기,2021,경기도,"의왕백운호수축제
(전 백운예술제)",,"9월 중
(2일간)",현장 개최,,2021-09-01,2021-09-30,True,month_only_vague,False,False,True,False
21년 지역축제 개최 계획(1-12)_취합.xlsx,경기,2021,경기도,양평 용문산 산나물 축제,,"5.1.~5.9
(9일간)","온라인개최
(사회적거리두기 단계에 따른 오프라인 병행)",,2021-05-01,2021-05-09,False,exact_or_partial,False,False,True,False
21년 지역축제 개최 계획(1-12)_취합.xlsx,경기,2021,경기도,"양평단월고로쇠축제
(취소)",,"3월 중
(2일간)","현장 개최
(취소)",,2021-03-01,2021-03-31,True,month_only_vague,True,False,False,False
21년 지역축제 개최 계획(1-12)_취합.xlsx,경기,2021,경기도,여주도자기축제,,5월 중,현장 및 비대면 병행,,2021-05-01,2021-05-31,True,month_only_vague,False,False,True,False
21년 지역축제 개최 계획(1-12)_취합.xlsx,경기,2021,경기도,여주오곡나루축제,,"10월 중
(3일간)",현장 개최,,2021-10-01,2021-10-31,True,month_only_vague,False,False,True,False
21년 지역축제 개최 계획(1-12)_취합.xlsx,경기,2021,경기도,여주선비장터 축제,,"10월 초
(2일간)",현장 개최,,2021-10-01,2021-10-31,True,month_only_vague,False,False,True,False
21년 지역축제 개최 계획(1-12)_취합.xlsx,경기,2021,경기도,금사참외축제,,"5.29~5.31
(3일간)",현장 개최,,2021-05-29,2021-05-31,False,exact_or_partial,False,False,True,False
21년 지역축제 개최 계획(1-12)_취합.xlsx,경기,2021,경기도,"여주흥천남한강벚꽃
축제",,"4.9~4.11
(3일간)",현장 및 비대면 병행,,2021-04-09,2021-04-11,False,exact_or_partial,False,False,True,False
21년 지역축제 개최 계획(1-12)_취합.xlsx,경기,2021,경기도,여주품실문화축제,,"10월 중
(3일간)",현장 개최,,2021-10-01,2021-10-31,True,month_only_vague,False,False,True,False
21년 지역축제 개최 계획(1-12)_취합.xlsx,경기,2021,경기도,동두천락페스티벌,,"9.11~9.12
(2일간)",,,2021-09-11,2021-09-12,False,exact_or_partial,False,False,True,False
21년 지역축제 개최 계획(1-12)_취합.xlsx,경기,2021,경기도,소요단풍문화제,,"10.23~10.24
(2일간)",,,2021-10-23,2021-10-24,False,exact_or_partial,False,False,True,False
21년 지역축제 개최 계획(1-12)_취합.xlsx,경기,2021,경기도,자라섬 재즈페스티벌,,"10.8~10.10
(3일간)",현장 및 비대면 병행,,2021-10-08,2021-10-10,False,exact_or_partial,False,False,True,False
21년 지역축제 개최 계획(1-12)_취합.xlsx,경기,2021,경기도,가평 가을꽃 거리 축제,,9월말~10월말,현장 및 비대면 병행,,2021-09-01,2021-10-31,True,month_range_vague,False,False,True,False
21년 지역축제 개최 계획(1-12)_취합.xlsx,경기,2021,경기도,과천축제,,"9.23~9.26
(4일간)",현장 및 비대면 병행,,2021-09-23,2021-09-26,False,exact_or_partial,False,False,True,False
21년 지역축제 개최 계획(1-12)_취합.xlsx,강원,2021,강원도,"장난감축제
(토이페스티벌)",,5월중,현장 개최,,2021-05-01,2021-05-31,True,month_only_vague,False,False,True,False
21년 지역축제 개최 계획(1-12)_취합.xlsx,강원,2021,강원도,막국수닭갈비축제,,"* 온라인 : 연중
* 오프라인 : 5, 7, 9, 12월
(예정)",현장 및 비대면 병행 등,,2021-12-01,2021-12-31,True,month_only_vague,False,False,True,False
21년 지역축제 개최 계획(1-12)_취합.xlsx,강원,2021,강원도,강촌힐링페스티벌,,9월중,현장 개최,,2021-09-01,2021-09-30,True,month_only_vague,False,False,True,False
21년 지역축제 개최 계획(1-12)_취합.xlsx,강원,2021,강원도,호수나라 물빛축제,,9월중,현장 개최,,2021-09-01,2021-09-30,True,month_only_vague,False,False,True,False
21년 지역축제 개최 계획(1-12)_취합.xlsx,강원,2021,강원도,춘천인형극제,,"5.28.~9.8.
(실행사 17일)",현장 및 비대면 병행,,2021-05-28,2021-05-28,False,exact_or_partial,False,False,True,False
21년 지역축제 개최 계획(1-12)_취합.xlsx,강원,2021,강원도,춘천연극제,,"7.6.~11.4.
(122일간)",현장 및 비대면 병행,,2021-07-06,2021-11-04,False,exact_or_partial,False,False,True,False
21년 지역축제 개최 계획(1-12)_취합.xlsx,강원,2021,강원도,춘천마임축제,,"5월 ~ 11월
(7개월간)",현장 및 비대면 병행,,2021-05-01,2021-11-30,True,month_range_vague,False,False,True,False
21년 지역축제 개최 계획(1-12)_취합.xlsx,강원,2021,강원도,봄내예술제,,"5.7.~5.29.
(23일간)","·현장 및 비대면 병행
·장소 분산 개최",,2021-05-07,2021-05-29,False,exact_or_partial,False,False,True,False
21년 지역축제 개최 계획(1-12)_취합.xlsx,강원,2021,강원도,춘천애니타운페스티벌,,5월 중,현장 개최,,2021-05-01,2021-05-31,True,month_only_vague,False,False,True,False
21년 지역축제 개최 계획(1-12)_취합.xlsx,강원,2021,강원도,원주 다이내믹댄싱카니발,,"9.7.~9.12.
(6일간)",현장 개최,,2021-09-07,2021-09-12,False,exact_or_partial,False,False,True,False
21년 지역축제 개최 계획(1-12)_취합.xlsx,강원,2021,강원도,치악산한우축제,,"9.7.`~9.12.
(6일간)",현장 개최,,2021-09-07,2021-09-12,False,exact_or_partial,False,False,True,False
21년 지역축제 개최 계획(1-12)_취합.xlsx,강원,2021,강원도,한지문화제,,"5.19.~5.23.
(5일간)",현장 및 비대면 병행,,2021-05-19,2021-05-23,False,exact_or_partial,False,False,True,False
21년 지역축제 개최 계획(1-12)_취합.xlsx,강원,2021,강원도,원주삼토페스티벌,,"9.30.~10.3.
(4일간)",현장개최,,2021-09-30,2021-10-03,False,exact_or_partial,False,False,True,False
21년 지역축제 개최 계획(1-12)_취합.xlsx,강원,2021,강원도,원주문화재야행,,"5.7.~5.8.
(2일간)
10.8.~10.9.
(2일간)",현장 및 비대면 병행,,2021-05-07,2021-05-07,False,exact_or_partial,False,False,True,False
21년 지역축제 개최 계획(1-12)_취합.xlsx,강원,2021,강원도,원주시  평생학습대축제,,"10.15.~10.16.
(2일간)",현장개최,,2021-10-15,2021-10-16,False,exact_or_partial,False,False,True,False
21년 지역축제 개최 계획(1-12)_취합.xlsx,강원,2021,강원도,원주 책 축제,,"6.11.~6.13.
(3일간)",현장 및 비대면 병행,,2021-06-11,2021-06-13,False,exact_or_partial,False,False,True,False
21년 지역축제 개최 계획(1-12)_취합.xlsx,강원,2021,강원도,"원주 그림책축제
(가칭)",,"5.28. ~ 5.30.
(3일간)",현장 및 비대면 병행,,2021-05-28,2021-05-30,False,exact_or_partial,False,False,True,False
21년 지역축제 개최 계획(1-12)_취합.xlsx,강원,2021,강원도,용수골꽃양귀비축제,,"5.23.~6.7.
(16일간)",현장개최,,2021-05-23,2021-06-07,False,exact_or_partial,False,False,True,False
21년 지역축제 개최 계획(1-12)_취합.xlsx,강원,2021,강원도,장미축제,,"5.29.~6.1.
(4일간)",현장개최,,2021-05-29,2021-06-01,False,exact_or_partial,False,False,True,False
21년 지역축제 개최 계획(1-12)_취합.xlsx,강원,2021,강원도,남한강축제,,"5.22.~5.23.
(2일간)",현장개최,,2021-05-22,2021-05-23,False,exact_or_partial,False,False,True,False
21년 지역축제 개최 계획(1-12)_취합.xlsx,강원,2021,강원도,섬강축제,,"10.1.~10.3.
(3일간)",현장개최,,2021-10-01,2021-10-03,False,exact_or_partial,False,False,True,False
21년 지역축제 개최 계획(1-12)_취합.xlsx,강원,2021,강원도,"치악산 
찰옥수수 축제",,"7월 중
(2일)",현장개최,,2021-07-01,2021-07-31,True,month_only_vague,False,False,True,False
21년 지역축제 개최 계획(1-12)_취합.xlsx,강원,2021,강원도,"치악산 
복숭아 축제",,"8월 중
(2일)",현장개최,,2021-08-01,2021-08-31,True,month_only_vague,False,False,True,False
21년 지역축제 개최 계획(1-12)_취합.xlsx,강원,2021,강원도,"치악산 
배 축제",,"11월 중
(2일)",현장개최,,2021-11-01,2021-11-30,True,month_only_vague,False,False,True,False
21년 지역축제 개최 계획(1-12)_취합.xlsx,강원,2021,강원도,경포벚꽃잔치,,3월말,현장 및 비대면 병행,,2021-03-01,2021-03-31,True,month_only_vague,False,False,True,False
21년 지역축제 개최 계획(1-12)_취합.xlsx,강원,2021,강원도,개두릅잔치,,4월 말,현장 및 비대면 병행,,2021-04-01,2021-04-30,True,month_only_vague,False,False,True,False
21년 지역축제 개최 계획(1-12)_취합.xlsx,강원,2021,강원도,강릉 푸드가든,,"5.22.~5.23.
(2일간)",현장 개최,,2021-05-22,2021-05-23,False,exact_or_partial,False,False,True,False
21년 지역축제 개최 계획(1-12)_취합.xlsx,강원,2021,강원도,강릉단오제,,"6.10.~6.17.
(8일간)",현장 및 비대면 병행,,2021-06-10,2021-06-17,False,exact_or_partial,False,False,True,False
21년 지역축제 개최 계획(1-12)_취합.xlsx,강원,2021,강원도,경포수제맥주축제,,7월초,현장개최,,2021-07-01,2021-07-31,True,month_only_vague,False,False,True,True
21년 지역축제 개최 계획(1-12)_취합.xlsx,강원,2021,강원도,경포 썸머페스티벌,,8월초,현장개최,,2021-08-01,2021-08-31,True,month_only_vague,False,False,True,False
21년 지역축제 개최 계획(1-12)_취합.xlsx,강원,2021,강원도,"주문진해수욕장 
페스티벌",,8월초,현장개최,,2021-08-01,2021-08-31,True,month_only_vague,False,False,True,False
21년 지역축제 개최 계획(1-12)_취합.xlsx,강원,2021,강원도,해양레포츠문화축제,,"9월~10월
(3일간)",현장 개최,,2021-09-01,2021-10-31,True,month_range_vague,False,False,True,False
21년 지역축제 개최 계획(1-12)_취합.xlsx,강원,2021,강원도,주문진 오징어잡이 축제,,10월초,현장개최,,2021-10-01,2021-10-31,True,month_only_vague,False,False,True,False
21년 지역축제 개최 계획(1-12)_취합.xlsx,강원,2021,강원도,강릉커피축제,,10월초,현장개최,,2021-10-01,2021-10-31,True,month_only_vague,False,False,True,False
21년 지역축제 개최 계획(1-12)_취합.xlsx,강원,2021,강원도,강릉국제영화제,,"10월~11월
(10일간)",현장 및 비대면 병행,,2021-10-01,2021-11-30,True,month_range_vague,False,False,True,False
21년 지역축제 개최 계획(1-12)_취합.xlsx,강원,2021,강원도,월화거리 강릉음식문화 체험전,,"11.20.~11.21.
(2일간)",현장 개최,,2021-11-20,2021-11-21,False,exact_or_partial,False,False,True,False
21년 지역축제 개최 계획(1-12)_취합.xlsx,강원,2021,강원도,강릉 해맞이 축제,,12.31.~1.1,현장개최,,2021-12-31,2021-12-31,False,exact_or_partial,False,False,True,False
21년 지역축제 개최 계획(1-12)_취합.xlsx,강원,2021,강원도,"봉정마을연꽃,천연염색축제",,"7월말경
(5일간)",현장개최,,2021-07-01,2021-07-31,True,month_only_vague,False,False,True,False
21년 지역축제 개최 계획(1-12)_취합.xlsx,강원,2021,강원도,제35회 동해무릉제,,10월(3일예정),현장개최,,2021-10-01,2021-10-31,True,month_only_vague,False,False,True,False
21년 지역축제 개최 계획(1-12)_취합.xlsx,강원,2021,강원도,한강.낙동강 발원지 축제,,"7월말~8월초
(예정)",현장개최(예정),,2021-07-01,2021-08-31,True,month_range_vague,False,False,True,False
21년 지역축제 개최 계획(1-12)_취합.xlsx,강원,2021,강원도,설악벚꽃축제,,"4.10.~4.11.
(2일간)",현장개최,,2021-04-10,2021-04-11,False,exact_or_partial,False,False,True,False
21년 지역축제 개최 계획(1-12)_취합.xlsx,강원,2021,강원도,제6회 실향민문화축제,,"5월중
(3일간)","현장 및 비대면 병행 등
(코로나19 상황에 따라 추후 논의)",,2021-05-01,2021-05-31,True,month_only_vague,False,False,True,False
21년 지역축제 개최 계획(1-12)_취합.xlsx,강원,2021,강원도,속초 봄빛 축제 청초누리,,"5월중
(4일간)","현장 및 비대면 병행 등
(코로나20 상황에 따라 추후 논의)",,2021-05-01,2021-05-31,True,month_only_vague,False,False,True,False
21년 지역축제 개최 계획(1-12)_취합.xlsx,강원,2021,강원도,제23회 장사항 오징어 맨손잡기 축제,,"8월중
(9일)",현장개최,,2021-08-01,2021-08-31,True,month_only_vague,False,False,True,False
21년 지역축제 개최 계획(1-12)_취합.xlsx,강원,2021,강원도,삼척정월대보름제,,2.26.~2.28.,"코로나19로 미개최
(제례행사 축소 추진)",,2021-02-26,2021-02-28,False,exact_or_partial,True,False,False,False
21년 지역축제 개최 계획(1-12)_취합.xlsx,강원,2021,강원도,삼척 장미축제,,5월 중,현장개최,,2021-05-01,2021-05-31,True,month_only_vague,False,False,True,False
21년 지역축제 개최 계획(1-12)_취합.xlsx,강원,2021,강원도,삼척비치 썸 페스티벌,,7~8월중,현장개최,,2021-08-01,2021-08-31,True,month_only_vague,False,False,True,False
21년 지역축제 개최 계획(1-12)_취합.xlsx,강원,2021,강원도,삼척동해왕이사부축제,,"10월중
(3일간)",현장개최,,2021-10-01,2021-10-31,True,month_only_vague,False,False,True,False
21년 지역축제 개최 계획(1-12)_취합.xlsx,강원,2021,강원도,삼척해변 빛 축제,,12월 중,현장개최,,2021-12-01,2021-12-31,True,month_only_vague,False,False,True,False
21년 지역축제 개최 계획(1-12)_취합.xlsx,강원,2021,강원도,홍천산나물축제,,4월~5월,현장 및 비대면 병행 예정,,2021-04-01,2021-05-31,True,month_range_vague,False,False,True,False
21년 지역축제 개최 계획(1-12)_취합.xlsx,강원,2021,강원도,홍천찰옥수수축제,,7월~8월,현장 및 비대면 병행 예정,,2021-07-01,2021-08-31,True,month_range_vague,False,False,True,False
21년 지역축제 개최 계획(1-12)_취합.xlsx,강원,2021,강원도,홍천강별빛음악맥주축제,,7월-8월,현장 개최 예정,,2021-07-01,2021-08-31,True,month_range_vague,False,False,True,True
21년 지역축제 개최 계획(1-12)_취합.xlsx,강원,2021,강원도,"홍천인삼,한우명품축제",,10월,현장 및 비대면 병행 예정,,2021-10-01,2021-10-31,True,month_only_vague,False,False,True,False
21년 지역축제 개최 계획(1-12)_취합.xlsx,강원,2021,강원도,제3회 횡성호수길축제,,5월중 2일간,현장개최,,2021-05-01,2021-05-31,True,month_only_vague,False,False,True,False
21년 지역축제 개최 계획(1-12)_취합.xlsx,강원,2021,강원도,제9회 둔내고랭지토마토축제,,8월중 3일간,현장개최,,2021-08-01,2021-08-31,True,month_only_vague,False,False,True,False
21년 지역축제 개최 계획(1-12)_취합.xlsx,강원,2021,강원도,제9회 횡성더덕축제,,9월중 3일간,현장개최,,2021-09-01,2021-09-30,True,month_only_vague,False,False,True,False
21년 지역축제 개최 계획(1-12)_취합.xlsx,강원,2021,강원도,제14회 안흥찐빵축제,,10월중 3일간,현장개최,,2021-10-01,2021-10-31,True,month_only_vague,False,False,True,False
21년 지역축제 개최 계획(1-12)_취합.xlsx,강원,2021,강원도,제17회 횡성한우축제,,"10.1.~10.5.
5일간",현장개최(온라인 병행),,2021-10-01,2021-10-01,False,exact_or_partial,False,False,True,False
21년 지역축제 개최 계획(1-12)_취합.xlsx,강원,2021,강원도,단종문화제,,"4.23~4.25.
(3일간)",현장 및 비대면 병행,,2021-04-23,2021-04-25,False,exact_or_partial,False,False,True,False
21년 지역축제 개최 계획(1-12)_취합.xlsx,강원,2021,강원도,동강뗏목축제,,"8.5~8.8
(4일간)",현장 및 비대면 병행,,2021-08-05,2021-08-08,False,exact_or_partial,False,False,True,False
21년 지역축제 개최 계획(1-12)_취합.xlsx,강원,2021,강원도,동강국제사진제,,"7월~9월
(90일간)",현장 및 비대면 병행,,2021-07-01,2021-09-30,True,month_range_vague,False,False,True,False
21년 지역축제 개최 계획(1-12)_취합.xlsx,강원,2021,강원도,김삿갓문화제,,9.26.,·현장 및 비대면 병행,,2021-09-26,2021-09-26,False,exact_or_partial,False,False,True,False
21년 지역축제 개최 계획(1-12)_취합.xlsx,강원,2021,강원도,평창송어축제,,"'21.12월말
~ '22.2월초
(45일간)",현장 개최,,2021-12-01,2021-12-31,True,month_detected_vague,False,False,True,False
21년 지역축제 개최 계획(1-12)_취합.xlsx,강원,2021,강원도,평창더위사냥축제,,"7월말~ 8월초
(10일간)",현장 개최,,2021-07-01,2021-08-31,True,month_range_vague,False,False,True,False
21년 지역축제 개최 계획(1-12)_취합.xlsx,강원,2021,강원도,계촌마을 클래식 거리축제,,"8월중순~9월초
(10일간)",현장 개최,,2021-08-01,2021-09-30,True,month_range_vague,False,False,True,False
21년 지역축제 개최 계획(1-12)_취합.xlsx,강원,2021,강원도,평창효석문화제,,"9월초~9월중순
(10일간)",현장 개최,,2021-09-01,2021-09-30,True,month_range_vague,False,False,True,False
21년 지역축제 개최 계획(1-12)_취합.xlsx,강원,2021,강원도,평창백일홍축제,,"9월중순~9월말
(10일간)",현장 개최,,2021-09-01,2021-09-30,True,month_range_vague,False,False,True,False
21년 지역축제 개최 계획(1-12)_취합.xlsx,강원,2021,강원도,평창농악축제,,"9월초~9월중순
(10일간)",현장 개최,,2021-09-01,2021-09-30,True,month_range_vague,False,False,True,False
21년 지역축제 개최 계획(1-12)_취합.xlsx,강원,2021,강원도,함백산야생화축제,,"8월중
(10일)",현장개최(8.8~8.16),,2021-08-01,2021-08-31,True,month_only_vague,False,False,True,False
21년 지역축제 개최 계획(1-12)_취합.xlsx,강원,2021,강원도,정선아리랑제,,"9월중
(4일간)",현장개최,,2021-09-01,2021-09-30,True,month_only_vague,False,False,True,False
21년 지역축제 개최 계획(1-12)_취합.xlsx,강원,2021,강원도,정선사과축제,,"11월중
(3일간)",현장개최,,2021-11-01,2021-11-30,True,month_only_vague,False,False,True,False
21년 지역축제 개최 계획(1-12)_취합.xlsx,강원,2021,강원도,"제9회 철원 한탄강
 얼음트레킹",,"1.23.~1.31.
(9일간)",현장개최,,2021-01-23,2021-01-31,False,exact_or_partial,False,False,True,False
21년 지역축제 개최 계획(1-12)_취합.xlsx,강원,2021,강원도,"제15회 철원 화강 
다슬기 축제",,"7.30.~8.8.
(10일간)",현장개최,,2021-07-30,2021-08-08,False,exact_or_partial,False,False,True,False
21년 지역축제 개최 계획(1-12)_취합.xlsx,강원,2021,강원도,제39회 태봉제,,"10.5.~10.9.
(5일간)",현장개최,,2021-10-05,2021-10-09,False,exact_or_partial,False,False,True,False
21년 지역축제 개최 계획(1-12)_취합.xlsx,강원,2021,강원도,"2021 철원오대쌀 
새끼줄축제",,"10.22.~10.24.
(3일간)",현장개최,,2021-10-22,2021-10-24,False,exact_or_partial,False,False,True,False
21년 지역축제 개최 계획(1-12)_취합.xlsx,강원,2021,강원도,제4회 DMZ 피스트레인 뮤직페스티벌,,"6.11.~6.13.
(3일간)",현장개최,,2021-06-11,2021-06-13,False,exact_or_partial,False,False,True,False
21년 지역축제 개최 계획(1-12)_취합.xlsx,강원,2021,강원도,제3회 철원 DMZ 평화 꽃송이 축제,,"9.15.~9.20.
(5일간)",현장개최,,2021-09-15,2021-09-20,False,exact_or_partial,False,False,True,False
21년 지역축제 개최 계획(1-12)_취합.xlsx,강원,2021,강원도,토마토축제,,"7월말~8월초
(4일)","사내면 
문화마을 일원",,2021-07-01,2021-08-31,True,month_range_vague,False,False,True,False
21년 지역축제 개최 계획(1-12)_취합.xlsx,강원,2021,강원도,"물의나라화천
쪽배축제",,7월말~8월초(16일),하천,,2021-07-01,2021-08-31,True,month_range_vague,False,False,True,False
21년 지역축제 개최 계획(1-12)_취합.xlsx,강원,2021,강원도,"자연중심 양구 곰취축제

※ 2020년도는 코로나19 확산  방지를 위해 미실시",,"5.7.~5.9.
(3일간)
※예정",미정,,2021-05-07,2021-05-09,False,exact_or_partial,False,False,True,False
21년 지역축제 개최 계획(1-12)_취합.xlsx,강원,2021,강원도,"국토정중앙 양구 배꼽축제

※ 2020년도는 코로나19 확산  방지를 위해 미실시",,"7.30.~8.1.
(3일간)
※예정",미정,,2021-07-30,2021-08-01,False,exact_or_partial,False,False,True,False
21년 지역축제 개최 계획(1-12)_취합.xlsx,강원,2021,강원도,"양록제

※ 2020년도는 코로나19 확산  방지를 위해 축소 개최
(양록제례만 개최)",,"10.7~10.9
(3일간)
※예정",미정,,2021-10-07,2021-10-09,False,exact_or_partial,False,False,True,False
21년 지역축제 개최 계획(1-12)_취합.xlsx,강원,2021,강원도,"DMZ펀치볼 양구시래기축제

※ 2020년도는 코로나19 및 돼지열병 확산  방지를 위해 미실시",,"10.30~10.31
(2일간)
※예정",미정,,2021-10-30,2021-10-31,False,exact_or_partial,False,False,True,False
21년 지역축제 개최 계획(1-12)_취합.xlsx,강원,2021,강원도,제3회 인제가을꽃축제,,9.25~10.10,·2020년 축제 미개최,,2021-09-25,2021-10-10,False,exact_or_partial,True,False,False,False
21년 지역축제 개최 계획(1-12)_취합.xlsx,강원,2021,강원도,제22회 용대황태축제,,5.5~5.8,·2020년 축제 미개최,,2021-05-05,2021-05-08,False,exact_or_partial,True,False,False,False
21년 지역축제 개최 계획(1-12)_취합.xlsx,강원,2021,강원도,동해안 최북단 저도어장 대문어축제,,5월 중 / 미정,미정,,2021-05-01,2021-05-31,True,month_only_vague,False,False,True,False
21년 지역축제 개최 계획(1-12)_취합.xlsx,강원,2021,강원도,"삼포해변 서핑 축제
(미드나이트 
피크닉 페스티벌)",,7월 중 / 미정,미정,,2021-07-01,2021-07-31,True,month_only_vague,False,False,True,False
21년 지역축제 개최 계획(1-12)_취합.xlsx,강원,2021,강원도,"해안선 레저스포츠
 페스티벌",,8월 중 / 미정,미정,,2021-08-01,2021-08-31,True,month_only_vague,False,False,True,False
21년 지역축제 개최 계획(1-12)_취합.xlsx,강원,2021,강원도,고성군민의 날 및 수성문화제,,9월 중 / 미정,미정,,2021-09-01,2021-09-30,True,month_only_vague,False,False,True,False
21년 지역축제 개최 계획(1-12)_취합.xlsx,강원,2021,강원도,고성통일명태축제,,10월 중 / 미정,미정,,2021-10-01,2021-10-31,True,month_only_vague,False,False,True,False
21년 지역축제 개최 계획(1-12)_취합.xlsx,강원,2021,강원도,2021 대한민국 산림문화박람회,,10. 8 ~ 17,현장 개최,,2021-10-08,2021-10-17,False,exact_or_partial,False,False,True,False
21년 지역축제 개최 계획(1-12)_취합.xlsx,강원,2021,강원도,"2021년 대한민국
온천대축제",,"2021.10.14(목)
~10.17(일)",미정,,2021-10-14,2021-10-17,False,exact_or_partial,False,False,True,False
21년 지역축제 개최 계획(1-12)_취합.xlsx,강원,2021,강원도,양양송이축제,,"9월하순
(4일간)",미정,,2021-09-01,2021-09-30,True,month_only_vague,False,False,True,False
21년 지역축제 개최 계획(1-12)_취합.xlsx,강원,2021,강원도,양양연어축제,,"10월하순
(4일간)",미정,,2021-10-01,2021-10-31,True,month_only_vague,False,False,True,False
21년 지역축제 개최 계획(1-12)_취합.xlsx,강원,2021,강원도,양양문화제,,"5~6월
(3일간)",미정,,2021-06-01,2021-06-30,True,month_only_vague,False,False,True,False
21년 지역축제 개최 계획(1-12)_취합.xlsx,충북,2021,충청북도,청주서문시장삼겹살    축제(3.3.데이),,"3.1~3.3
(3일간)",미정,,2021-03-01,2021-03-03,False,exact_or_partial,False,False,True,False
21년 지역축제 개최 계획(1-12)_취합.xlsx,충북,2021,충청북도,세종대왕과 초정약수   축제,,"5월말~6월초
(3일간)",,,2021-05-01,2021-06-30,True,month_range_vague,False,False,True,False
21년 지역축제 개최 계획(1-12)_취합.xlsx,충북,2021,충청북도,2021 청주문화재야행,,"8.20~8.21
(2일간)",현장 개최,,2021-08-20,2021-08-21,False,exact_or_partial,False,False,True,False
21년 지역축제 개최 계획(1-12)_취합.xlsx,충북,2021,충청북도,2021청주공예비엔날레,,"9.8~10.17
(40일간)",현장 및 비대면 병행 등,,2021-09-08,2021-10-17,False,exact_or_partial,False,False,True,False
21년 지역축제 개최 계획(1-12)_취합.xlsx,충북,2021,충청북도,청주독서대전,,"9.10~9.11
(2일간)",현장개최,,2021-09-10,2021-09-11,False,exact_or_partial,False,False,True,False
21년 지역축제 개최 계획(1-12)_취합.xlsx,충북,2021,충청북도,청원생명축제,,"10.1~10.11
(11일간)",현장개최,,2021-10-01,2021-10-11,False,exact_or_partial,False,False,True,False
21년 지역축제 개최 계획(1-12)_취합.xlsx,충북,2021,충청북도,영춘제,,"4월 중
(23일간)",현장 및 비대면 병행 등,,2021-04-01,2021-04-30,True,month_only_vague,False,False,True,False
21년 지역축제 개최 계획(1-12)_취합.xlsx,충북,2021,충청북도,가을국화축제,,"10월 중
(23일간)",현장 및 비대면 병행 등,,2021-10-01,2021-10-31,True,month_only_vague,False,False,True,False
21년 지역축제 개최 계획(1-12)_취합.xlsx,충북,2021,충청북도,충주씨 브랜드 온라인 페스티벌,,10월중,비대면(온라인) 및 현장개최 병행 등,,2021-10-01,2021-10-31,True,month_only_vague,False,False,True,False
21년 지역축제 개최 계획(1-12)_취합.xlsx,충북,2021,충청북도,제50회 우륵문화제,,"9월말~10월초
(4일간)",현장 및 비대면 병행 등,,2021-09-01,2021-10-31,True,month_range_vague,False,False,True,False
21년 지역축제 개최 계획(1-12)_취합.xlsx,충북,2021,충청북도,2021충주호수축제,,"8월초
(7일간)",현장 및 비대면 병행 등,,2021-08-01,2021-08-31,True,month_only_vague,False,False,True,False
21년 지역축제 개최 계획(1-12)_취합.xlsx,충북,2021,충청북도,2021세계무예축제,,"9월~10월 중
(7일간)",현장 및 비대면 병행 등,,2021-09-01,2021-10-31,True,month_range_vague,False,False,True,False
21년 지역축제 개최 계획(1-12)_취합.xlsx,충북,2021,충청북도,제17회 제천국제음악영화제,,"8월 중
(5일간)",현장개최,,2021-08-01,2021-08-31,True,month_only_vague,False,False,True,False
21년 지역축제 개최 계획(1-12)_취합.xlsx,충북,2021,충청북도,2021 보은대추축제,,"10.15~10.24
(10일간)",현장 및 비대면 병행,,2021-10-15,2021-10-24,False,exact_or_partial,False,False,True,False
21년 지역축제 개최 계획(1-12)_취합.xlsx,충북,2021,충청북도,속리산 신화여행축제,,"7.30~8.1
(3일간)",현장 개최,,2021-07-30,2021-08-01,False,exact_or_partial,False,False,True,False
21년 지역축제 개최 계획(1-12)_취합.xlsx,충북,2021,충청북도,제26회 오장환문학제,,"10월 중
(2일간)","코로나19 상황에 따라 
온라인, 비대면 개최 결정",,2021-10-01,2021-10-31,True,month_only_vague,False,False,True,False
21년 지역축제 개최 계획(1-12)_취합.xlsx,충북,2021,충청북도,제18회 보은동학제,,"4월 중
(2일간)","코로나19 상황에 따라 
온라인, 비대면 개최 결정",,2021-04-01,2021-04-30,True,month_only_vague,False,False,True,False
21년 지역축제 개최 계획(1-12)_취합.xlsx,충북,2021,충청북도,옥천묘목축제,,"3.25~3.28
(4일간)",미정,,2021-03-25,2021-03-28,False,exact_or_partial,False,False,True,False
21년 지역축제 개최 계획(1-12)_취합.xlsx,충북,2021,충청북도,옥천참옻축제,,"4.30~5.2
(3일간)",미정,,2021-04-30,2021-05-02,False,exact_or_partial,False,False,True,False
21년 지역축제 개최 계획(1-12)_취합.xlsx,충북,2021,충청북도,제34회 지용제,,"5.13~5.16
(4일간)",현장개최,,2021-05-13,2021-05-16,False,exact_or_partial,False,False,True,False
21년 지역축제 개최 계획(1-12)_취합.xlsx,충북,2021,충청북도,제46회 중봉충렬제,,"10.7~10.9
(3일간)",미정,,2021-10-07,2021-10-09,False,exact_or_partial,False,False,True,False
21년 지역축제 개최 계획(1-12)_취합.xlsx,충북,2021,충청북도,제14회 향수옥천포도복숭아축제,,"7월 중
(3일간)",현장개최,,2021-07-01,2021-07-31,True,month_only_vague,False,False,True,False
21년 지역축제 개최 계획(1-12)_취합.xlsx,충북,2021,충청북도,"2021 영동곶감축제
(2021 영동곶감장터)",,"1.20~2.5
(19일간)",온라인,,2021-01-20,2021-02-05,False,exact_or_partial,False,True,False,False
21년 지역축제 개최 계획(1-12)_취합.xlsx,충북,2021,충청북도,2021 영동포도축제,,"8월 중
(4일간)","온라인, 오프라인
병행 개최",,2021-08-01,2021-08-31,True,month_only_vague,False,False,True,False
21년 지역축제 개최 계획(1-12)_취합.xlsx,충북,2021,충청북도,제53회 영동난계국악축제,,"9월~10월 중
(4일간)","온라인, 오프라인
병행 개최",,2021-09-01,2021-10-31,True,month_range_vague,False,False,True,False
21년 지역축제 개최 계획(1-12)_취합.xlsx,충북,2021,충청북도,제11회 대한민국와인축제,,"9월~10월 중
(4일간)","온라인, 오프라인
병행 개최",,2021-09-01,2021-10-31,True,month_range_vague,False,False,True,False
21년 지역축제 개최 계획(1-12)_취합.xlsx,충북,2021,충청북도,증평들노래축제,,"6월 중
(2일간)",현장 및 비대면 병행 등,,2021-06-01,2021-06-30,True,month_only_vague,False,False,True,False
21년 지역축제 개최 계획(1-12)_취합.xlsx,충북,2021,충청북도,증평인삼골축제,,"10월 중
(4일간)",현장 및 비대면 병행 등,,2021-10-01,2021-10-31,True,month_only_vague,False,False,True,False
21년 지역축제 개최 계획(1-12)_취합.xlsx,충북,2021,충청북도,생거진천 농다리축제,,"5월 중
(3일간)",·현장 및 비대면 병행 등,,2021-05-01,2021-05-31,True,month_only_vague,False,False,True,False
21년 지역축제 개최 계획(1-12)_취합.xlsx,충북,2021,충청북도,생거진천 문화축제,,"10월 중
(3일간)",·현장 및 비대면 병행 등,,2021-10-01,2021-10-31,True,month_only_vague,False,False,True,False
21년 지역축제 개최 계획(1-12)_취합.xlsx,충북,2021,충청북도,괴산고추축제,,"8월 말
(4일간)",비대면 및 현장개최 병행,,2021-08-01,2021-08-31,True,month_only_vague,False,False,True,False
21년 지역축제 개최 계획(1-12)_취합.xlsx,충북,2021,충청북도,괴산김장축제,,"11월 초
(3일간)",비대면 및 현장개최 병행,,2021-11-01,2021-11-30,True,month_only_vague,False,False,True,False
21년 지역축제 개최 계획(1-12)_취합.xlsx,충북,2021,충청북도,괴산유기농페스티벌,,"9~10월 중
(3일간)",현장개최,,2021-10-01,2021-10-31,True,month_only_vague,False,False,True,False
21년 지역축제 개최 계획(1-12)_취합.xlsx,충북,2021,충청북도,제22회음성품바축제,,"5.26~5.30
(5일간)",·현장 및 비대면 병행 등,,2021-05-26,2021-05-30,False,exact_or_partial,False,False,True,False
21년 지역축제 개최 계획(1-12)_취합.xlsx,충북,2021,충청북도,2021 음성명작페스티벌,,"10.6~10.10
(5일간)",·현장 및 비대면 병행 등,,2021-10-06,2021-10-10,False,exact_or_partial,False,False,True,False
21년 지역축제 개최 계획(1-12)_취합.xlsx,충북,2021,충청북도,제40회설성문화제,,"10월 중
(3일간)",·현장 및 비대면 병행 등,,2021-10-01,2021-10-31,True,month_only_vague,False,False,True,False
21년 지역축제 개최 계획(1-12)_취합.xlsx,충북,2021,충청북도,제5회 쌍둥이 힐링 페스티벌,,"4.24~4.25
(2일간)",,,2021-04-24,2021-04-25,False,exact_or_partial,False,False,True,False
21년 지역축제 개최 계획(1-12)_취합.xlsx,충북,2021,충청북도,제38회 단양 소백산 철쭉제,,"5.27~5.30
(3일간)",,,2021-05-27,2021-05-30,False,exact_or_partial,False,False,True,False
21년 지역축제 개최 계획(1-12)_취합.xlsx,충북,2021,충청북도,제24회 단양 온달문화축제,,"10.22~10.24
(4일간)",,,2021-10-22,2021-10-24,False,exact_or_partial,False,False,True,False
21년 지역축제 개최 계획(1-12)_취합.xlsx,충남,2021,충청남도,천안흥타령춤축제,,"9.29~10.3
(5일간)",현장 및 비대면 병행 등,,2021-09-29,2021-10-03,False,exact_or_partial,False,False,True,False
21년 지역축제 개최 계획(1-12)_취합.xlsx,충남,2021,충청남도,천안예술제,,"10월중
(3일간)",현장 및 비대면 병행 등,,2021-10-01,2021-10-31,True,month_only_vague,False,False,True,False
21년 지역축제 개최 계획(1-12)_취합.xlsx,충남,2021,충청남도,입장거봉포도축제,,9월중(2일간),현장개최(코로나19 상황 시 변경 가능),,2021-09-01,2021-09-30,True,month_only_vague,False,False,True,False
21년 지역축제 개최 계획(1-12)_취합.xlsx,충남,2021,충청남도,천안호두축제,,"10.2~10.3
(예정)",현장개최,,2021-10-02,2021-10-03,False,exact_or_partial,False,False,True,False
21년 지역축제 개최 계획(1-12)_취합.xlsx,충남,2021,충청남도,천안북면위례벚꽃축제,,"4월 중
(2일간)","현장개최
   (코로나19 관련 개최여부    추후 결정)",,2021-04-01,2021-04-30,True,month_only_vague,False,False,True,False
21년 지역축제 개최 계획(1-12)_취합.xlsx,충남,2021,충청남도,겨울공주 군밤축제,,1.29. ~1.31.,현장 및 비대면 병행,,2021-01-29,2021-01-31,False,exact_or_partial,False,False,True,False
21년 지역축제 개최 계획(1-12)_취합.xlsx,충남,2021,충청남도,석장리 세계구석기축제,,5.5.~5.8.,현장개최(예정),,2021-05-05,2021-05-08,False,exact_or_partial,False,False,True,False
21년 지역축제 개최 계획(1-12)_취합.xlsx,충남,2021,충청남도,계룡산 벚꽃축제,,4월중,현장개최(예정),,2021-04-01,2021-04-30,True,month_only_vague,False,False,True,False
21년 지역축제 개최 계획(1-12)_취합.xlsx,충남,2021,충청남도,계룡산산신제,,4월중,현장개최(예정),,2021-04-01,2021-04-30,True,month_only_vague,False,False,True,False
21년 지역축제 개최 계획(1-12)_취합.xlsx,충남,2021,충청남도,마곡사 신록축제,,4월중,현장개최(예정),,2021-04-01,2021-04-30,True,month_only_vague,False,False,True,False
21년 지역축제 개최 계획(1-12)_취합.xlsx,충남,2021,충청남도,갑사황매화축제,,4월중,현장개최(예정),,2021-04-01,2021-04-30,True,month_only_vague,False,False,True,False
21년 지역축제 개최 계획(1-12)_취합.xlsx,충남,2021,충청남도,공주항공축제,,5월중,현장개최(예정),,2021-05-01,2021-05-31,True,month_only_vague,False,False,True,False
21년 지역축제 개최 계획(1-12)_취합.xlsx,충남,2021,충청남도,여름공주축제,,7~8월중,현장개최(예정),,2021-08-01,2021-08-31,True,month_only_vague,False,False,True,False
21년 지역축제 개최 계획(1-12)_취합.xlsx,충남,2021,충청남도,2021 대백제전,,9.18.~10.3.,현장개최(예정),,2021-09-18,2021-10-03,False,exact_or_partial,False,False,True,False
21년 지역축제 개최 계획(1-12)_취합.xlsx,충남,2021,충청남도,구절산 구절초 축제,,10월중,현장개최(예정),,2021-10-01,2021-10-31,True,month_only_vague,False,False,True,False
21년 지역축제 개최 계획(1-12)_취합.xlsx,충남,2021,충청남도,무창포 주꾸미·도다리축제,,3월 중,현장 개최,,2021-03-01,2021-03-31,True,month_only_vague,False,False,True,False
21년 지역축제 개최 계획(1-12)_취합.xlsx,충남,2021,충청남도,주산봄꽃축제,,"4월 중 예정
(3일간)",현장 개최(코로나19 상황에 따라 변경가능),,2021-04-01,2021-04-30,True,month_only_vague,False,False,True,False
21년 지역축제 개최 계획(1-12)_취합.xlsx,충남,2021,충청남도,대천항 수산물축제,,5월 중,현장 개최,,2021-05-01,2021-05-31,True,month_only_vague,False,False,True,False
21년 지역축제 개최 계획(1-12)_취합.xlsx,충남,2021,충청남도,"대천해수욕장
조개구이 축제",,5월 중,현장개최,,2021-05-01,2021-05-31,True,month_only_vague,False,False,True,False
21년 지역축제 개최 계획(1-12)_취합.xlsx,충남,2021,충청남도,오천항 키조개 축제,,5월 중,현장 개최,,2021-05-01,2021-05-31,True,month_only_vague,False,False,True,False
21년 지역축제 개최 계획(1-12)_취합.xlsx,충남,2021,충청남도,보령AMC모터페스티벌,,5월 중,현장개최,,2021-05-01,2021-05-31,True,month_only_vague,False,False,True,False
21년 지역축제 개최 계획(1-12)_취합.xlsx,충남,2021,충청남도,보령머드축제,,"7.23~8.1.
(10일)",현장 및 비대면 병행,,2021-07-23,2021-07-23,False,exact_or_partial,False,False,True,False
21년 지역축제 개최 계획(1-12)_취합.xlsx,충남,2021,충청남도,"무창포 신비의 
바닷길 축제",,8월 중,현장개최,,2021-08-01,2021-08-31,True,month_only_vague,False,False,True,False
21년 지역축제 개최 계획(1-12)_취합.xlsx,충남,2021,충청남도,보령예술제,,9월 중,현장 개최,,2021-09-01,2021-09-30,True,month_only_vague,False,False,True,False
21년 지역축제 개최 계획(1-12)_취합.xlsx,충남,2021,충청남도,무창포 대하·전어축제,,9월 중,현장 개최,,2021-09-01,2021-09-30,True,month_only_vague,False,False,True,False
21년 지역축제 개최 계획(1-12)_취합.xlsx,충남,2021,충청남도,붕장어축제,,"10.8~10.9
(2일간)",현장 개최,,2021-10-08,2021-10-09,False,exact_or_partial,False,False,True,False
21년 지역축제 개최 계획(1-12)_취합.xlsx,충남,2021,충청남도,성주산 단풍축제,,"10월
(2일간)",현장 개최,,2021-10-01,2021-10-31,True,month_only_vague,False,False,True,False
21년 지역축제 개최 계획(1-12)_취합.xlsx,충남,2021,충청남도,청라 은행마을 단풍축제,,11월 첫째주 (예정),현장개최,,2021-11-01,2021-11-30,True,month_only_vague,False,False,True,False
21년 지역축제 개최 계획(1-12)_취합.xlsx,충남,2021,충청남도,보령 김 축제,,11월 중,현장 개최,,2021-11-01,2021-11-30,True,month_only_vague,False,False,True,False
21년 지역축제 개최 계획(1-12)_취합.xlsx,충남,2021,충청남도,천북 굴축제,,11월 중,현장 개최,,2021-11-01,2021-11-30,True,month_only_vague,False,False,True,False
21년 지역축제 개최 계획(1-12)_취합.xlsx,충남,2021,충청남도,대천겨울바다사랑축제,,12월 중,현장개최,,2021-12-01,2021-12-31,True,month_only_vague,False,False,True,False
21년 지역축제 개최 계획(1-12)_취합.xlsx,충남,2021,충청남도,아산성웅이순신축제,,2021.4. 28.~5.2.,미개최,,2021-04-28,2021-05-02,False,exact_or_partial,True,False,False,False
21년 지역축제 개최 계획(1-12)_취합.xlsx,충남,2021,충청남도,신정호 별빛축제,,2021.8월중,현장개최,,2021-08-01,2021-08-31,True,month_detected_vague,False,False,True,False
21년 지역축제 개최 계획(1-12)_취합.xlsx,충남,2021,충청남도,해미벚꽃축제,,"4월 중순 토, 일
(2일간/벚꽃 개화시기에 따라 조정)","현장 및 비대면 병행 등
(코로나 19 사회적 거리두기로 변동될 수 있음)",,2021-04-01,2021-04-30,True,month_only_vague,False,False,True,False
21년 지역축제 개최 계획(1-12)_취합.xlsx,충남,2021,충청남도,서산갯마을축제,,5~6월중(미정),현장 개최,,2021-06-01,2021-06-30,True,month_only_vague,False,False,True,False
21년 지역축제 개최 계획(1-12)_취합.xlsx,충남,2021,충청남도,제20회 팔봉산 감자축제,,6월중(2~3일),현장개최 예정,,2021-06-01,2021-06-30,True,month_only_vague,False,False,True,False
21년 지역축제 개최 계획(1-12)_취합.xlsx,충남,2021,충청남도,제15회 서산6쪽마늘축제,,7월중(2~3일),현장개최 예정,,2021-07-01,2021-07-31,True,month_only_vague,False,False,True,False
21년 지역축제 개최 계획(1-12)_취합.xlsx,충남,2021,충청남도,삼길포우럭축제,,7~8월중(미정),현장 개최,,2021-08-01,2021-08-31,True,month_only_vague,False,False,True,False
21년 지역축제 개최 계획(1-12)_취합.xlsx,충남,2021,충청남도,서산뻘낙지먹물축제,,10월중(미정),현장 개최,,2021-10-01,2021-10-31,True,month_only_vague,False,False,True,False
21년 지역축제 개최 계획(1-12)_취합.xlsx,충남,2021,충청남도,서산어리굴젓축제,,10월중(미정),현장 개최,,2021-10-01,2021-10-31,True,month_only_vague,False,False,True,False
21년 지역축제 개최 계획(1-12)_취합.xlsx,충남,2021,충청남도,서산해미읍성축제,,10월중,미정,,2021-10-01,2021-10-31,True,month_only_vague,False,False,True,False
21년 지역축제 개최 계획(1-12)_취합.xlsx,충남,2021,충청남도,서산국화축제,,"11.5.~11.14.
(예정-10일간)",현장 개최,,2021-11-05,2021-11-14,False,exact_or_partial,False,False,True,False
21년 지역축제 개최 계획(1-12)_취합.xlsx,충남,2021,충청남도,논산딸기축제,,2월,비대면 개최(온라인),,2021-02-01,2021-02-28,True,month_only_vague,False,False,True,False
21년 지역축제 개최 계획(1-12)_취합.xlsx,충남,2021,충청남도,해바라기축제,,6월중(2일간),현장 개최,,2021-06-01,2021-06-30,True,month_only_vague,False,False,True,False
21년 지역축제 개최 계획(1-12)_취합.xlsx,충남,2021,충청남도,콩밭열무축제,,8월중(2일간),현장 개최,,2021-08-01,2021-08-31,True,month_only_vague,False,False,True,False
21년 지역축제 개최 계획(1-12)_취합.xlsx,충남,2021,충청남도,상월명품고구마축제,,9월중(2일간),현장 개최,,2021-09-01,2021-09-30,True,month_only_vague,False,False,True,False
21년 지역축제 개최 계획(1-12)_취합.xlsx,충남,2021,충청남도,연산대추축제,,"10.15~10.17
(3일간)",현장 및 비대면 병행 등,,2021-10-15,2021-10-17,False,exact_or_partial,False,False,True,False
21년 지역축제 개최 계획(1-12)_취합.xlsx,충남,2021,충청남도,강경젓갈축제,,10월중(5일간),온/오프라인 병행,,2021-10-01,2021-10-31,True,month_only_vague,False,False,True,False
21년 지역축제 개최 계획(1-12)_취합.xlsx,충남,2021,충청남도,양촌곶감축제,,12월중(2일간),현장 개최,,2021-12-01,2021-12-31,True,month_only_vague,False,False,True,False
21년 지역축제 개최 계획(1-12)_취합.xlsx,충남,2021,충청남도,2021계룡세계군문화엑스포 부대행사,,"10. 1. ~ 10. 17. (기간중 3회, 5일)",현장개최,,2021-10-01,2021-10-17,False,exact_or_partial,False,False,True,False
21년 지역축제 개최 계획(1-12)_취합.xlsx,충남,2021,충청남도,장고항실치축제,,"4월중
(2일간)",현장 개최,,2021-04-01,2021-04-30,True,month_only_vague,False,False,True,False
21년 지역축제 개최 계획(1-12)_취합.xlsx,충남,2021,충청남도,순성매화벚꽃축제,,"4월중
(2일간)",현장 개최,,2021-04-01,2021-04-30,True,month_only_vague,False,False,True,False
21년 지역축제 개최 계획(1-12)_취합.xlsx,충남,2021,충청남도,기지시줄다리기민속축제,,4월중,현장 개최,,2021-04-01,2021-04-30,True,month_only_vague,False,False,True,False
21년 지역축제 개최 계획(1-12)_취합.xlsx,충남,2021,충청남도,한진바지락축제,,"5월중
(2일간)",현장 개최,,2021-05-01,2021-05-31,True,month_only_vague,False,False,True,False
21년 지역축제 개최 계획(1-12)_취합.xlsx,충남,2021,충청남도,순성매실축제,,"6월중
(2일간)",현장 개최,,2021-06-01,2021-06-30,True,month_only_vague,False,False,True,False
21년 지역축제 개최 계획(1-12)_취합.xlsx,충남,2021,충청남도,합덕제연호 문화축제,,7월~8월중,유적지,,2021-07-01,2021-08-31,True,month_range_vague,False,False,True,False
21년 지역축제 개최 계획(1-12)_취합.xlsx,충남,2021,충청남도,김대건신부 탄생 200주년 기념행사,,"8.14.~8.22.
(9일간)",현장 및 비대면 병행 등,,2021-08-14,2021-08-22,False,exact_or_partial,False,False,True,False
21년 지역축제 개최 계획(1-12)_취합.xlsx,충남,2021,충청남도,당진국화축제,,"10.16~10.31
(16일간)",현장개최,,2021-10-16,2021-10-31,False,exact_or_partial,False,False,True,False
21년 지역축제 개최 계획(1-12)_취합.xlsx,충남,2021,충청남도,삽교호 조개구이 축제,,9~10월 중,현장개최,,2021-10-01,2021-10-31,True,month_only_vague,False,False,True,False
21년 지역축제 개최 계획(1-12)_취합.xlsx,충남,2021,충청남도,심훈상록문화제,,10월,현장개최,,2021-10-01,2021-10-31,True,month_only_vague,False,False,True,False
21년 지역축제 개최 계획(1-12)_취합.xlsx,충남,2021,충청남도,비단고을 산꽃축제,,"4월중(2일간)
(잠정)","현장 개최
(코로나19 상황에 따라 가변적)",,2021-04-01,2021-04-30,True,month_only_vague,False,False,True,False
21년 지역축제 개최 계획(1-12)_취합.xlsx,충남,2021,충청남도,금산천봄꽃축제,,"4월중(1일간)
(잠정)","현장 개최
(코로나20 상황에 따라 가변적)",,2021-04-01,2021-04-30,True,month_only_vague,False,False,True,False
21년 지역축제 개최 계획(1-12)_취합.xlsx,충남,2021,충청남도,홍도화축제,,"4월중(2일간)
(잠정)","현장 개최
(코로나21 상황에 따라 가변적)",,2021-04-01,2021-04-30,True,month_only_vague,False,False,True,False
21년 지역축제 개최 계획(1-12)_취합.xlsx,충남,2021,충청남도,삼계탕축제,,"7월중(2일간)
(잠정)","현장 개최
(코로나19 상황에 따라 가변적)",,2021-07-01,2021-07-31,True,month_only_vague,False,False,True,False
21년 지역축제 개최 계획(1-12)_취합.xlsx,충남,2021,충청남도,금강전통민속축제,,"9월중(1일간)
(잠정)","현장 개최
(코로나21 상황에 따라 가변적)",,2021-09-01,2021-09-30,True,month_only_vague,False,False,True,False
21년 지역축제 개최 계획(1-12)_취합.xlsx,충남,2021,충청남도,금산인삼축제,,"10.1.~10.10.
(10일간)",코로나19 상황에 따라 현장 빛 비대면 병행 등,,2021-10-01,2021-10-10,False,exact_or_partial,False,False,True,False
21년 지역축제 개최 계획(1-12)_취합.xlsx,충남,2021,충청남도,부여세도 방울토마토&유채꽃 축제,,"4.23.~4.25.
(3일간)",현장&언택트,,2021-04-23,2021-04-25,False,exact_or_partial,False,False,True,False
21년 지역축제 개최 계획(1-12)_취합.xlsx,충남,2021,충청남도,부소산 봄나들이 축제,,"4.30.~5.2.
(3일간)",현장&언택트,,2021-04-30,2021-05-02,False,exact_or_partial,False,False,True,False
21년 지역축제 개최 계획(1-12)_취합.xlsx,충남,2021,충청남도,부여서동연꽃축제,,"7.10.~7.18.
(9일간)",현장&언택트,,2021-07-10,2021-07-18,False,exact_or_partial,False,False,True,False
21년 지역축제 개최 계획(1-12)_취합.xlsx,충남,2021,충청남도,"백제문화제
(2021 대백제전)",,"9.18.~10.3.
(16일간)",현장&언택트,,2021-09-18,2021-10-03,False,exact_or_partial,False,False,True,False
21년 지역축제 개최 계획(1-12)_취합.xlsx,충남,2021,충청남도,백마강 은빛물결 억새길 탐방,,"10.8. ~ 10.17.
(10일간)",현장&언택트,,2021-10-08,2021-10-17,False,exact_or_partial,False,False,True,False
21년 지역축제 개최 계획(1-12)_취합.xlsx,충남,2021,충청남도,동백꽃·주꾸미 축제,,3.13~3.28,"대면
(코로나 19 상황에 따라 변동 될수 있음)",,2021-03-13,2021-03-28,False,exact_or_partial,False,False,True,False
21년 지역축제 개최 계획(1-12)_취합.xlsx,충남,2021,충청남도,광어·도미 축제,,5.15.~5.30,"대면
(코로나 19 상황에 따라 변동 될수 있음)",,2021-05-15,2021-05-30,False,exact_or_partial,False,False,True,False
21년 지역축제 개최 계획(1-12)_취합.xlsx,충남,2021,충청남도,꼴갑축제,,6월 중,"대면
(코로나 19 지속되면 축제 취소)",,2021-06-01,2021-06-30,True,month_only_vague,True,False,False,False
21년 지역축제 개최 계획(1-12)_취합.xlsx,충남,2021,충청남도,한산모시문화제,,6.11.~6.13,"대면
(코로나 19 상황에 따라 변동 될수 있음)",,2021-06-11,2021-06-13,False,exact_or_partial,False,False,True,False
21년 지역축제 개최 계획(1-12)_취합.xlsx,충남,2021,충청남도,춘장대여름문화예술축제,,7.30.~31,"대면
(코로나 19 상황에 따라 변동 될수 있음)",,2021-07-30,2021-07-31,False,exact_or_partial,False,False,True,False
21년 지역축제 개최 계획(1-12)_취합.xlsx,충남,2021,충청남도,홍원항 전어·꽃게 축제,,8.28.~9.12.,"대면
(코로나 19 상황에 따라 변동 될수 있음)",,2021-08-28,2021-09-12,False,exact_or_partial,False,False,True,False
21년 지역축제 개최 계획(1-12)_취합.xlsx,충남,2021,충청남도,서천 금강 철새여행,,11월 중,"대면
(코로나 19 상황에 따라 변동 될수 있음)",,2021-11-01,2021-11-30,True,month_only_vague,False,False,True,False
21년 지역축제 개최 계획(1-12)_취합.xlsx,충남,2021,충청남도,마량포 해넘이·해돋이 축제,,12.31~1.1,"대면
(코로나 19 상황에 따라 변동 될수 있음)",,2021-12-31,2021-12-31,False,exact_or_partial,False,False,True,False
21년 지역축제 개최 계획(1-12)_취합.xlsx,충남,2021,충청남도,칠갑장승문화축제,,"4.13~14
(2일간)-예정",현장 및 비대면병행 등,,2021-04-13,2021-04-14,False,exact_or_partial,False,False,True,False
21년 지역축제 개최 계획(1-12)_취합.xlsx,충남,2021,충청남도,세계 조롱박 축제,,미정(7월 하순~8월 중순),현장개최,,2021-07-01,2021-08-31,True,month_range_vague,False,False,True,False
21년 지역축제 개최 계획(1-12)_취합.xlsx,충남,2021,충청남도,청양고추구기자축제,,"8월말~9월초
(미정)",현장 및 비대면병행 등,,2021-08-01,2021-09-30,True,month_range_vague,False,False,True,False
21년 지역축제 개최 계획(1-12)_취합.xlsx,충남,2021,충청남도,칠갑산 얼음분수 축제,,"20. 12. 24. ~ 21. 02. 14.
(53일간)",현장개최,,2020-12-24,2021-02-14,False,exact_or_partial,False,False,True,False
21년 지역축제 개최 계획(1-12)_취합.xlsx,충남,2021,충청남도,"홍성남당항
새조개축제",,"1.23~3.31
(68일간)",비대면 개최,,2021-01-23,2021-03-31,False,exact_or_partial,False,False,True,False
21년 지역축제 개최 계획(1-12)_취합.xlsx,충남,2021,충청남도,"홍성역사인물
축제",,"5.14~16.
(3일간)",현장 및 비대면 병행,,2021-05-14,2021-05-16,False,exact_or_partial,False,False,True,False
21년 지역축제 개최 계획(1-12)_취합.xlsx,충남,2021,충청남도,홍성남당항대하축제,,9월중,현장 및 비대면 병행,,2021-09-01,2021-09-30,True,month_only_vague,False,False,True,False
21년 지역축제 개최 계획(1-12)_취합.xlsx,충남,2021,충청남도,광천토굴새우젓광천김대축제,,10월중,현장 및 비대면 병행,,2021-10-01,2021-10-31,True,month_only_vague,False,False,True,False
21년 지역축제 개최 계획(1-12)_취합.xlsx,충남,2021,충청남도,홍성한우바비큐페스티벌,,11월중,현장 및 비대면 병행,,2021-11-01,2021-11-30,True,month_only_vague,False,False,True,False
21년 지역축제 개최 계획(1-12)_취합.xlsx,충남,2021,충청남도,제49회 윤봉길 평화축제,,"4.29
(2일간)","·온라인 및 현장 개최
·현장 및 비대면 병행 등",,2021-04-29,2021-04-29,False,exact_or_partial,False,False,True,False
21년 지역축제 개최 계획(1-12)_취합.xlsx,충남,2021,충청남도,의좋은 형제 축제,,"8월말
(2일간)","·현장개회
·현장 및 비대면 병행 등",,2021-08-01,2021-08-31,True,month_only_vague,False,False,True,False
21년 지역축제 개최 계획(1-12)_취합.xlsx,충남,2021,충청남도,예산황새축제,,"9월 중
(2일간)",·현장개최,,2021-09-01,2021-09-30,True,month_only_vague,False,False,True,False
21년 지역축제 개최 계획(1-12)_취합.xlsx,충남,2021,충청남도,제5회 예산장터 삼국축제,,"10.15~10.21
(7일간)","·현장개최
·온라인 및 현장 개최
·현장 및 비대면 병행 등",,2021-10-15,2021-10-21,False,exact_or_partial,False,False,True,False
21년 지역축제 개최 계획(1-12)_취합.xlsx,충남,2021,충청남도,제18회 예산황토사과축제,,"10월~11월중
(2일간)","·현장개최
·온라인 및 현장 개최
·현장 및 비대면 병행 등",,2021-10-01,2021-11-30,True,month_range_vague,False,False,True,False
21년 지역축제 개최 계획(1-12)_취합.xlsx,충남,2021,충청남도,이원면 가재산 벚꽃길,,4월중,현장 개최,,2021-04-01,2021-04-30,True,month_only_vague,False,False,True,False
21년 지역축제 개최 계획(1-12)_취합.xlsx,충남,2021,충청남도,태안군 몽산포항 주꾸미&수산물 축제,,4월 중,현장 개최,,2021-04-01,2021-04-30,True,month_only_vague,False,False,True,False
21년 지역축제 개최 계획(1-12)_취합.xlsx,충남,2021,충청남도,안면도 백사장 대하 축제,,9월 중,현장 개최,,2021-09-01,2021-09-30,True,month_only_vague,False,False,True,False
21년 지역축제 개최 계획(1-12)_취합.xlsx,충남,2021,충청남도,옥파 국화축제,,10월~11월중,현장 개최,,2021-10-01,2021-11-30,True,month_range_vague,False,False,True,False
21년 지역축제 개최 계획(1-12)_취합.xlsx,충남,2021,충청남도,연포 해맞이 행사,,"12.31 ~1.1
(2일간)",현장 개최,,2021-12-31,2021-12-31,False,exact_or_partial,False,False,True,False
21년 지역축제 개최 계획(1-12)_취합.xlsx,전북,2021,전라북도,전주대사습놀이 전국대회,,5.28.~ 5.31.,현장 개최,,2021-05-28,2021-05-31,False,exact_or_partial,False,False,True,False
21년 지역축제 개최 계획(1-12)_취합.xlsx,전북,2021,전라북도,제야축제,,21.12.31.~ 22.1.1,현장 개최,,2021-12-31,2022-01-01,False,exact_or_partial,False,False,True,False
21년 지역축제 개최 계획(1-12)_취합.xlsx,전북,2021,전라북도,전주단오,,"6. 13 ~ 14
(2일간)",·현장 개최,,2021-06-13,2021-06-14,False,exact_or_partial,False,False,True,False
21년 지역축제 개최 계획(1-12)_취합.xlsx,전북,2021,전라북도,전주국제영화제,,"4.29~5.8
(10일간)",현장 개최(변동가능),,2021-04-29,2021-05-08,False,exact_or_partial,False,False,True,False
21년 지역축제 개최 계획(1-12)_취합.xlsx,전북,2021,전라북도,전주얼티밋뮤직페스티벌,,"8.6~8.8
(3일간)",비대면,,2021-08-06,2021-08-08,False,exact_or_partial,False,False,True,False
21년 지역축제 개최 계획(1-12)_취합.xlsx,전북,2021,전라북도,전주비빔밥축제,,"10.7-10
(4일간)",현장 개최,,2021-10-07,2021-10-10,False,exact_or_partial,False,False,True,False
21년 지역축제 개최 계획(1-12)_취합.xlsx,전북,2021,전라북도,2020 한복문화주간 전주한복오감 /2021 한복문화주간,,"21. 4.16~18.
/21. 10월 셋째주 예정",현장 및 비대면 병행,,2021-04-16,2021-04-18,False,exact_or_partial,False,False,True,False
21년 지역축제 개최 계획(1-12)_취합.xlsx,전북,2021,전라북도,2021 전주한지산업대전,,21. 5.7~9.3,현장 및 비대면 병행,,2021-05-07,2021-09-03,False,exact_or_partial,False,False,True,False
21년 지역축제 개최 계획(1-12)_취합.xlsx,전북,2021,전라북도,군산시간여행축제,,"9월~10월 중
(3일간)",현장 및 비대면 병행,,2021-09-01,2021-10-31,True,month_range_vague,False,False,True,False
21년 지역축제 개최 계획(1-12)_취합.xlsx,전북,2021,전라북도,군산꽁당보리축제,,"5.5~5.9
(5일간)",현장개최,,2021-05-05,2021-05-09,False,exact_or_partial,False,False,True,False
21년 지역축제 개최 계획(1-12)_취합.xlsx,전북,2021,전라북도,2021군산짬뽕페스티벌,,"10월중
(2일간)",비대면 개최(온라인 축제 등),,2021-10-01,2021-10-31,True,month_only_vague,False,False,True,False
21년 지역축제 개최 계획(1-12)_취합.xlsx,전북,2021,전라북도,어촌체험 섬마을 작은축제,,5.9~11.20,현장 및 비대면 병행 개최,,2021-05-09,2021-11-20,False,exact_or_partial,False,False,True,False
21년 지역축제 개최 계획(1-12)_취합.xlsx,전북,2021,전라북도,제4회 군산 우체통거리 손편지축제,,"5.1~5.2
(2일간)",현장 개최,,2021-05-01,2021-05-02,False,exact_or_partial,False,False,True,False
21년 지역축제 개최 계획(1-12)_취합.xlsx,전북,2021,전라북도,익산서동축제,,5월중,현장 개최,,2021-05-01,2021-05-31,True,month_only_vague,False,False,True,False
21년 지역축제 개최 계획(1-12)_취합.xlsx,전북,2021,전라북도,익산천만송이국화축제,,"10월~11월중
(13일간)",현장개최,,2021-10-01,2021-11-30,True,month_range_vague,False,False,True,False
21년 지역축제 개최 계획(1-12)_취합.xlsx,전북,2021,전라북도,익산 보석대축제,,"4.7.~4.18.
(12일간)
10.20.~10.31.
(12일간)",현장개최,,2021-04-07,2021-10-31,False,exact_or_partial,False,False,True,False
21년 지역축제 개최 계획(1-12)_취합.xlsx,전북,2021,전라북도,두동편백마을 힐링 숲 축제,,"9월중
(2일간)",현장개최,,2021-09-01,2021-09-30,True,month_only_vague,False,False,True,False
21년 지역축제 개최 계획(1-12)_취합.xlsx,전북,2021,전라북도,용안 바람개비 축제,,"11월중
(2일간)",현장개최,,2021-11-01,2021-11-30,True,month_only_vague,False,False,True,False
21년 지역축제 개최 계획(1-12)_취합.xlsx,전북,2021,전라북도,정읍 벚꽃축제,,"4월 초
(5일간)",현장개최,,2021-04-01,2021-04-30,True,month_only_vague,False,False,True,False
21년 지역축제 개최 계획(1-12)_취합.xlsx,전북,2021,전라북도,2021 내장산 겨울빛축제,,12월~1월,현장개최,,2021-12-01,2021-01-31,True,month_range_vague,False,False,True,False
21년 지역축제 개최 계획(1-12)_취합.xlsx,전북,2021,전라북도,제15회 정읍 구절초 꽃축제,,"10.8~10.17
(10일간)",현장개최,,2021-10-08,2021-10-17,False,exact_or_partial,False,False,True,False
21년 지역축제 개최 계획(1-12)_취합.xlsx,전북,2021,전라북도,제91회 춘향제,,5.19~5.23       (5일간),현장 및비대면 병행 등,,2021-05-19,2021-05-23,False,exact_or_partial,False,False,True,False
21년 지역축제 개최 계획(1-12)_취합.xlsx,전북,2021,전라북도,제29회 흥부제,,10.15~10.17     (3일간),현장 개최,,2021-10-15,2021-10-17,False,exact_or_partial,False,False,True,False
21년 지역축제 개최 계획(1-12)_취합.xlsx,전북,2021,전라북도,제10회 지리산바래봉     눈꽃축제,,1월~2월중,현장 개최,,2021-01-01,2021-02-28,True,month_range_vague,False,False,True,False
21년 지역축제 개최 계획(1-12)_취합.xlsx,전북,2021,전라북도,제26회 바래봉 철쭉제,,4월말~5월초         (30일정도),현장 개최,,2021-04-01,2021-05-31,True,month_range_vague,False,False,True,False
21년 지역축제 개최 계획(1-12)_취합.xlsx,전북,2021,전라북도,지리산산수유꽃축제,,3월중(2일간),현장 개최,,2021-03-01,2021-03-31,True,month_only_vague,False,False,True,False
21년 지역축제 개최 계획(1-12)_취합.xlsx,전북,2021,전라북도,혼불문학 신행길 축제,,11월중(2일간),현장 개최,,2021-11-01,2021-11-30,True,month_only_vague,False,False,True,False
21년 지역축제 개최 계획(1-12)_취합.xlsx,전북,2021,전라북도,한여름밤의 남원 막걸리축제,,9.3~9.5        (3일간),현장개최,,2021-09-03,2021-09-05,False,exact_or_partial,False,False,True,False
21년 지역축제 개최 계획(1-12)_취합.xlsx,전북,2021,전라북도,지평선광활햇감자축제,,"4.17~4.18
(2일간)",·현장 및 비대면 병행,,2021-04-17,2021-04-18,False,exact_or_partial,False,False,True,False
21년 지역축제 개최 계획(1-12)_취합.xlsx,전북,2021,전라북도,지평선추억의보리밭축제,,"5.3 ~5.5
(3일간)",·현장 및 비대면 병행,,2021-05-03,2021-05-05,False,exact_or_partial,False,False,True,False
21년 지역축제 개최 계획(1-12)_취합.xlsx,전북,2021,전라북도,김제지평선축제,,"9.29 ~ 10.3
(5일간)",·현장 및 비대면 병행,,2021-09-29,2021-10-03,False,exact_or_partial,False,False,True,False
21년 지역축제 개최 계획(1-12)_취합.xlsx,전북,2021,전라북도,두월노을문화축제,,"10월 중 미정
(2일간)",·현장 및 비대면 병행,,2021-10-01,2021-10-31,True,month_only_vague,False,False,True,False
21년 지역축제 개최 계획(1-12)_취합.xlsx,전북,2021,전라북도,완주와일드푸드축제,,"9~10월중
(3일간)",현장 및 비대면 병행,,2021-10-01,2021-10-31,True,month_only_vague,False,False,True,False
21년 지역축제 개최 계획(1-12)_취합.xlsx,전북,2021,전라북도,프러포즈축제,,"5월중
(2일간)",현장 및 비대면 병행,,2021-05-01,2021-05-31,True,month_only_vague,False,False,True,False
21년 지역축제 개최 계획(1-12)_취합.xlsx,전북,2021,전라북도,"오성한옥마을
오픈가든축제",,"5.29~5.30
(2일간)",현장 개최,,2021-05-29,2021-05-30,False,exact_or_partial,False,False,True,False
21년 지역축제 개최 계획(1-12)_취합.xlsx,전북,2021,전라북도,삼례딸기축제,,"3월중
(3일간)",현장개최,,2021-03-01,2021-03-31,True,month_only_vague,False,False,True,False
21년 지역축제 개최 계획(1-12)_취합.xlsx,전북,2021,전라북도,곶감축제,,"12월중
(3일간)",현장 개최,,2021-12-01,2021-12-31,True,month_only_vague,False,False,True,False
21년 지역축제 개최 계획(1-12)_취합.xlsx,전북,2021,전라북도,"제17회
진안고원운장산고로쇠축제",,"3.13~3.14.
(2일간)",광장,,2021-03-13,2021-03-14,False,exact_or_partial,False,False,True,False
21년 지역축제 개최 계획(1-12)_취합.xlsx,전북,2021,전라북도,2021 진안고원 꽃잔디축제,,"4.10~5.9.
(30일간)",기타,,2021-04-10,2021-05-09,False,exact_or_partial,False,False,True,False
21년 지역축제 개최 계획(1-12)_취합.xlsx,전북,2021,전라북도,제13회 진안고원 수박축제,,7.31~8.1,공원,,2021-07-31,2021-08-01,False,exact_or_partial,False,False,True,False
21년 지역축제 개최 계획(1-12)_취합.xlsx,전북,2021,전라북도,2021 진안홍삼축제,,10.8~10.10,공원,,2021-10-08,2021-10-10,False,exact_or_partial,False,False,True,False
21년 지역축제 개최 계획(1-12)_취합.xlsx,전북,2021,전라북도,2021 진안고원김치보쌈축제,,"11.19~11.21
(3일간)",시장,,2021-11-19,2021-11-21,False,exact_or_partial,False,False,True,False
21년 지역축제 개최 계획(1-12)_취합.xlsx,전북,2021,전라북도,제25회 무주반딧불축제,,8. 28. ~ 9. 5.,현장개최,,2021-08-28,2021-09-05,False,exact_or_partial,False,False,True,False
21년 지역축제 개최 계획(1-12)_취합.xlsx,전북,2021,전라북도,제9회 무주산골영화제,,6. 3. ~ 6. 7.,현장개최,,2021-06-03,2021-06-07,False,exact_or_partial,False,False,True,False
21년 지역축제 개최 계획(1-12)_취합.xlsx,전북,2021,전라북도,전라북도 시골마을 작은축제(두문마을 낙화놀이),,8월초,현장개회,,2021-08-01,2021-08-31,True,month_only_vague,False,False,True,False
21년 지역축제 개최 계획(1-12)_취합.xlsx,전북,2021,전라북도,명천마을 송어 축제,,"8. 14.~15. 
/ 9. 19. ~ 20. (4일간)",현장개최,,2021-08-14,2021-08-15,False,exact_or_partial,False,False,True,False
21년 지역축제 개최 계획(1-12)_취합.xlsx,전북,2021,전라북도,장수한우랑사과랑축제,,"10월중
(4일간)",현장 개최,,2021-10-01,2021-10-31,True,month_only_vague,False,False,True,False
21년 지역축제 개최 계획(1-12)_취합.xlsx,전북,2021,전라북도,번암 물빛축제,,"7.31~8.1
(2일간)",현장 개최,,2021-07-31,2021-08-01,False,exact_or_partial,False,False,True,False
21년 지역축제 개최 계획(1-12)_취합.xlsx,전북,2021,전라북도,임실N치즈축제,,"10.7~10.10
(4일간)",현장 및 비대면 병행,,2021-10-07,2021-10-10,False,exact_or_partial,False,False,True,False
21년 지역축제 개최 계획(1-12)_취합.xlsx,전북,2021,전라북도,옥정호벚꽃축제,,4월중,현장,,2021-04-01,2021-04-30,True,month_only_vague,False,False,True,False
21년 지역축제 개최 계획(1-12)_취합.xlsx,전북,2021,전라북도,의견문화제,,"4.30 ~5.2
(예정)",현장 및 비대면 병행,,2021-04-30,2021-05-02,False,exact_or_partial,False,False,True,False
21년 지역축제 개최 계획(1-12)_취합.xlsx,전북,2021,전라북도,필봉마을 굿 축제,,"8.12 ~15
(예정)",현장 및 비대면 병행,,2021-08-12,2021-08-15,False,exact_or_partial,False,False,True,False
21년 지역축제 개최 계획(1-12)_취합.xlsx,전북,2021,전라북도,사선문화제,,9월중,현장 및 비대면 병행,,2021-09-01,2021-09-30,True,month_only_vague,False,False,True,False
21년 지역축제 개최 계획(1-12)_취합.xlsx,전북,2021,전라북도,임실산타축제,,"12. 23~12.26
(4일간)",현장개최,,2021-12-23,2021-12-26,False,exact_or_partial,False,False,True,False
21년 지역축제 개최 계획(1-12)_취합.xlsx,전북,2021,전라북도,제16회 순창장류축제,,"10.15~10.17
예정(3일간)",현장 및 비대면(온라인) 병행,,2021-10-15,2021-10-17,False,exact_or_partial,False,False,True,False
21년 지역축제 개최 계획(1-12)_취합.xlsx,전북,2021,전라북도,제3회 섬진강 슬로슬로 발효마을 축제,,"7.31~8.01
예정(2일간)",현장 및 비대면(온라인) 병행,,2021-07-31,2021-08-01,False,exact_or_partial,False,False,True,False
21년 지역축제 개최 계획(1-12)_취합.xlsx,전북,2021,전라북도,제20회 옥천골 벚꽃축제,,"4월중 예정
(4일간)",현장개최,,2021-04-01,2021-04-30,True,month_only_vague,False,False,True,False
21년 지역축제 개최 계획(1-12)_취합.xlsx,전북,2021,전라북도,고창 청보리밭축제,,"4.17~5.09
(23일간)",현장개최,,2021-04-17,2021-05-09,False,exact_or_partial,False,False,True,False
21년 지역축제 개최 계획(1-12)_취합.xlsx,전북,2021,전라북도,바지락오감만족페스티벌,,"5월중
(2일간)",현장개최,,2021-05-01,2021-05-31,True,month_only_vague,False,False,True,False
21년 지역축제 개최 계획(1-12)_취합.xlsx,전북,2021,전라북도,고창복분자와수박축제,,"6.18~6.20
(3일간)",현장개최,,2021-06-18,2021-06-20,False,exact_or_partial,False,False,True,False
21년 지역축제 개최 계획(1-12)_취합.xlsx,전북,2021,전라북도,고창갯벌축제,,"6월중
(3일간)",현장개최,,2021-06-01,2021-06-30,True,month_only_vague,False,False,True,False
21년 지역축제 개최 계획(1-12)_취합.xlsx,전북,2021,전라북도,고창해풍고추축제,,"8.28~8.29
(2일간)",현장개최,,2021-08-28,2021-08-29,False,exact_or_partial,False,False,True,False
21년 지역축제 개최 계획(1-12)_취합.xlsx,전북,2021,전라북도,고창 모양성제,,"10.13~10.17
(5일간)",현장개최,,2021-10-13,2021-10-17,False,exact_or_partial,False,False,True,False
21년 지역축제 개최 계획(1-12)_취합.xlsx,전북,2021,전라북도,개암동 벚꽃축제,,"4.9.~4.10.
(2일간)",현장개최,,2021-04-09,2021-04-10,False,exact_or_partial,False,False,True,False
21년 지역축제 개최 계획(1-12)_취합.xlsx,전북,2021,전라북도,부안수산물축제,,"4.16.~4.18.
(3일간)",현장개최,,2021-04-16,2021-04-18,False,exact_or_partial,False,False,True,False
21년 지역축제 개최 계획(1-12)_취합.xlsx,전북,2021,전라북도,봄맞이 해변축제,,"4.24~4.25
(2일간)",현장 개최,,2021-04-24,2021-04-25,False,exact_or_partial,False,False,True,False
21년 지역축제 개최 계획(1-12)_취합.xlsx,전북,2021,전라북도,부안마실축제,,5월 중,현장 및 비대면 병행,,2021-05-01,2021-05-31,True,month_only_vague,False,False,True,False
21년 지역축제 개최 계획(1-12)_취합.xlsx,전북,2021,전라북도,유유참뽕축제,,"5.29.~5.30.
(2일간)",현장개최,,2021-05-29,2021-05-30,False,exact_or_partial,False,False,True,False
21년 지역축제 개최 계획(1-12)_취합.xlsx,전북,2021,전라북도,님의 뽕 축제,,"7.30.~8.3.
(5일간)",현장개최,,2021-07-30,2021-08-03,False,exact_or_partial,False,False,True,False
21년 지역축제 개최 계획(1-12)_취합.xlsx,전북,2021,전라북도,변산 바다로 페스티벌,,"8.6.~8.8.
(3일간)",현장 개최,,2021-08-06,2021-08-08,False,exact_or_partial,False,False,True,False
21년 지역축제 개최 계획(1-12)_취합.xlsx,전북,2021,전라북도,곰소젓갈발효축제,,10월 중,현장 및 비대면 병행,,2021-10-01,2021-10-31,True,month_only_vague,False,False,True,False
21년 지역축제 개최 계획(1-12)_취합.xlsx,전북,2021,전라북도,노을 해변축제,,"10.9.~10.10.
(2일간)",현장 개최,,2021-10-09,2021-10-10,False,exact_or_partial,False,False,True,False
21년 지역축제 개최 계획(1-12)_취합.xlsx,전북,2021,전라북도,가을애 국화빛축제,,10.29~11.7.,현장개최,,2021-10-29,2021-11-07,False,exact_or_partial,False,False,True,False
21년 지역축제 개최 계획(1-12)_취합.xlsx,전북,2021,전라북도,설숭어축제,,12월 중,현장 개최,,2021-12-01,2021-12-31,True,month_only_vague,False,False,True,False
21년 지역축제 개최 계획(1-12)_취합.xlsx,전남,2021,전라남도,2021 명량대첩축제,,"9.3.~9.5.
(3일간)",현장 개최,,2021-09-03,2021-09-05,False,exact_or_partial,False,False,True,False
21년 지역축제 개최 계획(1-12)_취합.xlsx,전남,2021,전라남도,제27회 남도음식문화큰잔치,,"10.15~10.17
(3일간)",현장 개최,,2021-10-15,2021-10-17,False,exact_or_partial,False,False,True,False
21년 지역축제 개최 계획(1-12)_취합.xlsx,전남,2021,전라남도,"2021 목포유달산 
봄 축제",,"4.10.~11.
4.17.~18.
(4일간)",현장 개최,,2021-04-10,2021-04-10,False,exact_or_partial,False,False,True,False
21년 지역축제 개최 계획(1-12)_취합.xlsx,전남,2021,전라남도,2021 목포항구축제,,10월중,현장 개최,,2021-10-01,2021-10-31,True,month_only_vague,False,False,True,False
21년 지역축제 개최 계획(1-12)_취합.xlsx,전남,2021,전라남도,여수거북선축제,,"5.7.~5.9.
(3일간)",현장 및 비대면 병행 등,,2021-05-07,2021-05-09,False,exact_or_partial,False,False,True,False
21년 지역축제 개최 계획(1-12)_취합.xlsx,전남,2021,전라남도,2021 여수 밤바다 불꽃축제,,9월중 예정,현장 및 비대면 병행 등,,2021-09-01,2021-09-30,True,month_only_vague,False,False,True,False
21년 지역축제 개최 계획(1-12)_취합.xlsx,전남,2021,전라남도,여수동동북축제,,"11.13.~14.
(2일간)",현장 및 비대면 병행 등,,2021-11-13,2021-11-14,False,exact_or_partial,False,False,True,False
21년 지역축제 개최 계획(1-12)_취합.xlsx,전남,2021,전라남도,제29회 영취산 진달래 체험행사,,"3.26~3.28
(3일간)",현장 및 비대면 병행 등,,2021-03-26,2021-03-28,False,exact_or_partial,False,False,True,False
21년 지역축제 개최 계획(1-12)_취합.xlsx,전남,2021,전라남도,제21회 거문도백도 은빛바다 체험행사,,"8월중
(3일간)",현장 및 비대면 병행 등,,2021-08-01,2021-08-31,True,month_only_vague,False,False,True,False
21년 지역축제 개최 계획(1-12)_취합.xlsx,전남,2021,전라남도,여수여자만갯벌노을체험행사,,9.25. ~ 9.26.,현장 및 비대면 병행 등,,2021-09-25,2021-09-26,False,exact_or_partial,False,False,True,False
21년 지역축제 개최 계획(1-12)_취합.xlsx,전남,2021,전라남도,2021푸드앤아트페스티벌,,"9월
(3일간)",현장 및 비대면 병행 등,,2021-09-01,2021-09-30,True,month_only_vague,False,False,True,False
21년 지역축제 개최 계획(1-12)_취합.xlsx,전남,2021,전라남도,별빛산책,,12월~2월(예정),현장 개최,,2021-12-01,2021-02-28,True,month_range_vague,False,False,True,False
21년 지역축제 개최 계획(1-12)_취합.xlsx,전남,2021,전라남도,제27회 낙안읍성 민속문화축제,,"10.23.~25.
(3일간)",현장 개최,,2021-10-23,2021-10-25,False,exact_or_partial,False,False,True,False
21년 지역축제 개최 계획(1-12)_취합.xlsx,전남,2021,전라남도,제18회 순천명품 월등복숭아 체험행사,,"8.1.~ 2.
(2일간)",검토중,,2021-08-01,2021-08-02,False,exact_or_partial,False,False,True,False
21년 지역축제 개최 계획(1-12)_취합.xlsx,전남,2021,전라남도,"2021 동아시아문화도시
그림책 및 웹툰 페스티벌",,"6.18~6.19
(2일간)",현장 및 비대면 병행 등,,2021-06-18,2021-06-19,False,exact_or_partial,False,False,True,False
21년 지역축제 개최 계획(1-12)_취합.xlsx,전남,2021,전라남도,"한중일 미래문화
컨텐츠 페스티벌",,"7.23~8. 1. 
(10일간)",현장 및 비대면 병행 등,,2021-07-23,2021-08-01,False,exact_or_partial,False,False,True,False
21년 지역축제 개최 계획(1-12)_취합.xlsx,전남,2021,전라남도,2021 동아시아문화도시동아시아 청소년 예술제,,8.5~8.7,현장 및 비대면 병행 등,,2021-08-05,2021-08-07,False,exact_or_partial,False,False,True,False
21년 지역축제 개최 계획(1-12)_취합.xlsx,전남,2021,전라남도,2021 가든 뮤직페스티벌,,"8~9월 중
(예정)",현장 및 비대면 병행 등,,2021-09-01,2021-09-30,True,month_only_vague,False,False,True,False
21년 지역축제 개최 계획(1-12)_취합.xlsx,전남,2021,전라남도,2021 동아시아문화도시 폐막행사,,"11.19~11.20
(2일간)",현장 및 비대면 병행 등,,2021-11-19,2021-11-20,False,exact_or_partial,False,False,True,False
21년 지역축제 개최 계획(1-12)_취합.xlsx,전남,2021,전라남도,2021 제22회 순천만갈대제,,"10월~11월중
(3일간)",현장 및 비대면 병행 등,,2021-10-01,2021-11-30,True,month_range_vague,False,False,True,False
21년 지역축제 개최 계획(1-12)_취합.xlsx,전남,2021,전라남도,주암호 다슬기 축제,,7월~8월(예정),검토중,,2021-07-01,2021-08-31,True,month_range_vague,False,False,True,False
21년 지역축제 개최 계획(1-12)_취합.xlsx,전남,2021,전라남도,대한민국 마한문화제,,10월중,검토중,,2021-10-01,2021-10-31,True,month_only_vague,False,False,True,False
21년 지역축제 개최 계획(1-12)_취합.xlsx,전남,2021,전라남도,영산포 홍어축제,,4월중,검토중,,2021-04-01,2021-04-30,True,month_only_vague,False,False,True,False
21년 지역축제 개최 계획(1-12)_취합.xlsx,전남,2021,전라남도,천년나주목읍성문화축제,,5월중,검토중,,2021-05-01,2021-05-31,True,month_only_vague,False,False,True,False
21년 지역축제 개최 계획(1-12)_취합.xlsx,전남,2021,전라남도,백운산국사봉철쭉축제,,"4월중
(3일간)",현장 및 비대면 병행 등,,2021-04-01,2021-04-30,True,month_only_vague,False,False,True,False
21년 지역축제 개최 계획(1-12)_취합.xlsx,전남,2021,전라남도,(가칭) 광양2021 K-POP 슈퍼페스티벌,,"8월중
(3~4일간)",현장 개최,,2021-08-01,2021-08-31,True,month_only_vague,False,False,True,False
21년 지역축제 개최 계획(1-12)_취합.xlsx,전남,2021,전라남도,광양전어축제,,"9월중
(3일간)",현장 및 비대면 병행 등,,2021-09-01,2021-09-30,True,month_only_vague,False,False,True,False
21년 지역축제 개최 계획(1-12)_취합.xlsx,전남,2021,전라남도,광양전통숯불구이축제,,"10월중
(4일간)",현장 및 비대면 병행 등,,2021-10-01,2021-10-31,True,month_only_vague,False,False,True,False
21년 지역축제 개최 계획(1-12)_취합.xlsx,전남,2021,전라남도,담양대나무축제,,"4.30~5.5
(6일간, 예정)",현장 및 비대면 병행 등,,2021-04-30,2021-05-05,False,exact_or_partial,False,False,True,False
21년 지역축제 개최 계획(1-12)_취합.xlsx,전남,2021,전라남도,고서포도축제,,"8. 20~8. 22
(3일간, 예정)",현장 및 비대면 병행 등,,2021-08-20,2021-08-22,False,exact_or_partial,False,False,True,False
21년 지역축제 개최 계획(1-12)_취합.xlsx,전남,2021,전라남도,담양산타축제,,"12. 17~12. 26
(10일간, 예정)",현장 및 비대면 병행 등,,2021-12-17,2021-12-26,False,exact_or_partial,False,False,True,False
21년 지역축제 개최 계획(1-12)_취합.xlsx,전남,2021,전라남도,곡성세계장미축제,,5.22.~6.6.(16일간),검토중,,2021-05-22,2021-06-06,False,exact_or_partial,False,False,True,False
21년 지역축제 개최 계획(1-12)_취합.xlsx,전남,2021,전라남도,곡성심청어린이대축제,,10.2.~1.10.(9일간),검토중,,2021-10-02,2021-10-02,False,exact_or_partial,False,False,True,False
21년 지역축제 개최 계획(1-12)_취합.xlsx,전남,2021,전라남도,제22회 구례산수유꽃축제,,"3.13.~3.21.
(9일간)",비대면개최,,2021-03-13,2021-03-21,False,exact_or_partial,False,False,True,False
21년 지역축제 개최 계획(1-12)_취합.xlsx,전남,2021,전라남도,구례섬진강벚꽃축제,,3월말,비대면개최,,2021-03-01,2021-03-31,True,month_only_vague,False,False,True,False
21년 지역축제 개최 계획(1-12)_취합.xlsx,전남,2021,전라남도,지리산남악제 및 군민의 날 행사,,4월중,현장 개최,,2021-04-01,2021-04-30,True,month_only_vague,False,False,True,False
21년 지역축제 개최 계획(1-12)_취합.xlsx,전남,2021,전라남도,화엄음악제,,9월중,현장 개최,,2021-09-01,2021-09-30,True,month_only_vague,False,False,True,False
21년 지역축제 개최 계획(1-12)_취합.xlsx,전남,2021,전라남도,구례동편소리축제,,10월중,현장 개최,,2021-10-01,2021-10-31,True,month_only_vague,False,False,True,False
21년 지역축제 개최 계획(1-12)_취합.xlsx,전남,2021,전라남도,지리산피아골단풍축제,,11월중,현장 개최,,2021-11-01,2021-11-30,True,month_only_vague,False,False,True,False
21년 지역축제 개최 계획(1-12)_취합.xlsx,전남,2021,전라남도,구례산수유 웰니스페스티벌,,11월중,현장 및 비대면 병행 등,,2021-11-01,2021-11-30,True,month_only_vague,False,False,True,False
21년 지역축제 개최 계획(1-12)_취합.xlsx,전남,2021,전라남도,"제13회 
고흥우주항공축제",,"5.1~5.5
(5일간, 예정)",검토중,,2021-05-01,2021-05-05,False,exact_or_partial,False,False,True,False
21년 지역축제 개최 계획(1-12)_취합.xlsx,전남,2021,전라남도,"제20회 고흥 녹동 
바다불꽃축제",,5월/4일간,검토중,,2021-05-01,2021-05-31,True,month_only_vague,False,False,True,False
21년 지역축제 개최 계획(1-12)_취합.xlsx,전남,2021,전라남도,남열 그래피티 페스티벌,,8월중,검토중,,2021-08-01,2021-08-31,True,month_only_vague,False,False,True,False
21년 지역축제 개최 계획(1-12)_취합.xlsx,전남,2021,전라남도,"제2회 고흥 
유자 석류축제",,"11.11~11.14
(4일간, 예정)",검토중,,2021-11-11,2021-11-14,False,exact_or_partial,False,False,True,False
21년 지역축제 개최 계획(1-12)_취합.xlsx,전남,2021,전라남도,보성다향대축제,,"5.1.~5.5
(5일간)",검토중,,2021-05-01,2021-05-05,False,exact_or_partial,False,False,True,False
21년 지역축제 개최 계획(1-12)_취합.xlsx,전남,2021,전라남도,서편제보성소리축제,,"4.30.~5.2
(3일간)",검토중,,2021-04-30,2021-05-02,False,exact_or_partial,False,False,True,False
21년 지역축제 개최 계획(1-12)_취합.xlsx,전남,2021,전라남도,보성전어축제,,"8월중
(2일간)",검토중,,2021-08-01,2021-08-31,True,month_only_vague,False,False,True,False
21년 지역축제 개최 계획(1-12)_취합.xlsx,전남,2021,전라남도,벌교꼬막&문학축제,,"11월중
(4일간)",검토중,,2021-11-01,2021-11-30,True,month_only_vague,False,False,True,False
21년 지역축제 개최 계획(1-12)_취합.xlsx,전남,2021,전라남도,보성차밭빛축제,,"12월중
(30일간)",검토중,,2021-12-01,2021-12-31,True,month_only_vague,False,False,True,False
21년 지역축제 개최 계획(1-12)_취합.xlsx,전남,2021,전라남도,율포해변 불꽃축제,,"12. 31. ~1.1.
(2일간)",검토중,,2021-12-31,2021-12-31,False,exact_or_partial,False,False,True,False
21년 지역축제 개최 계획(1-12)_취합.xlsx,전남,2021,전라남도,화순 국화향연,,"10~11월
(17일간)",검토중,,2021-11-01,2021-11-30,True,month_only_vague,False,False,True,False
21년 지역축제 개최 계획(1-12)_취합.xlsx,전남,2021,전라남도,화순 적벽 문화제,,"10월중
(2일간)",검토중,,2021-10-01,2021-10-31,True,month_only_vague,False,False,True,False
21년 지역축제 개최 계획(1-12)_취합.xlsx,전남,2021,전라남도,고인돌 문화축제,,"4.17.~4.18.
(2일간)",검토중,,2021-04-17,2021-04-18,False,exact_or_partial,False,False,True,False
21년 지역축제 개최 계획(1-12)_취합.xlsx,전남,2021,전라남도,동구리 호수공원 봄축제,,"5.1.~5.2.
(2일간)",검토중,,2021-05-01,2021-05-02,False,exact_or_partial,False,False,True,False
21년 지역축제 개최 계획(1-12)_취합.xlsx,전남,2021,전라남도,화순 운주 문화축제,,"5월중
(2일간)",검토중,,2021-05-01,2021-05-31,True,month_only_vague,False,False,True,False
21년 지역축제 개최 계획(1-12)_취합.xlsx,전남,2021,전라남도,백아산 철쭉제,,"5.7.~5.8.
(2일간)",검토중,,2021-05-07,2021-05-08,False,exact_or_partial,False,False,True,False
21년 지역축제 개최 계획(1-12)_취합.xlsx,전남,2021,전라남도,정남진장흥키조캐축제,,"5월 초
(5일간)",검토중,,2021-05-01,2021-05-31,True,month_only_vague,False,False,True,False
21년 지역축제 개최 계획(1-12)_취합.xlsx,전남,2021,전라남도,정남진장흥물축제,,"7. 31. ~ 8. 8.
(9일간)",검토중,,2021-07-31,2021-08-08,False,exact_or_partial,False,False,True,False
21년 지역축제 개최 계획(1-12)_취합.xlsx,전남,2021,전라남도,장평명품호두축제,,"9. 18. ~ 9. 20.
(3일간)",검토중,,2021-09-18,2021-09-20,False,exact_or_partial,False,False,True,False
21년 지역축제 개최 계획(1-12)_취합.xlsx,전남,2021,전라남도,회령포 문화축제,,"9월 ~ 10월 중
(3일간)",검토중,,2021-09-01,2021-10-31,True,month_range_vague,False,False,True,False
21년 지역축제 개최 계획(1-12)_취합.xlsx,전남,2021,전라남도,장흥표고버섯축제,,"10월 중
(2일간)",검토중,,2021-10-01,2021-10-31,True,month_only_vague,False,False,True,False
21년 지역축제 개최 계획(1-12)_취합.xlsx,전남,2021,전라남도,제49회 강진청자축제,,"10월 초
 (일정미편성)",검토중,,2021-10-01,2021-10-31,True,month_only_vague,False,False,True,False
21년 지역축제 개최 계획(1-12)_취합.xlsx,전남,2021,전라남도,"제6회 강진만 춤추는
 갈대축제",,"10월 말
(일정미편성)",검토중,,2021-10-01,2021-10-31,True,month_only_vague,False,False,True,False
21년 지역축제 개최 계획(1-12)_취합.xlsx,전남,2021,전라남도,"제24회 전라병영성
축제",,"4월 말
(일정미편성)",검토중,,2021-04-01,2021-04-30,True,month_only_vague,False,False,True,False
21년 지역축제 개최 계획(1-12)_취합.xlsx,전남,2021,전라남도,제4회 강진금곡사벚꽃30리길 축제,,"3월 말
(일정미편성)",검토중,,2021-03-01,2021-03-31,True,month_only_vague,False,False,True,False
21년 지역축제 개최 계획(1-12)_취합.xlsx,전남,2021,전라남도,제12회 마량미항찰전어축제,,"9월 말
(일정미편성)",검토중,,2021-09-01,2021-09-30,True,month_only_vague,False,False,True,False
21년 지역축제 개최 계획(1-12)_취합.xlsx,전남,2021,전라남도,땅끝매화축제,,3월중(10일),현장 개최,,2021-03-01,2021-03-31,True,month_only_vague,False,False,True,False
21년 지역축제 개최 계획(1-12)_취합.xlsx,전남,2021,전라남도,"제2회 
황산연호보리축제",,5월중(2일간),현장 개최,,2021-05-01,2021-05-31,True,month_only_vague,False,False,True,False
21년 지역축제 개최 계획(1-12)_취합.xlsx,전남,2021,전라남도,송호해변여름축제,,"7월~8월중
(2주간)",현장 개최,,2021-07-01,2021-08-31,True,month_range_vague,False,False,True,False
21년 지역축제 개최 계획(1-12)_취합.xlsx,전남,2021,전라남도,오시아노 썸머뮤직축제,,8월중(3일간),현장 개최,,2021-08-01,2021-08-31,True,month_only_vague,False,False,True,False
21년 지역축제 개최 계획(1-12)_취합.xlsx,전남,2021,전라남도,해남미남(味南)축제,,11월중(3일간),현장 및 비대면 병행 등,,2021-11-01,2021-11-30,True,month_only_vague,False,False,True,False
21년 지역축제 개최 계획(1-12)_취합.xlsx,전남,2021,전라남도,땅끝해넘이해맞이축제,,12.31~1.1,현장 개최,,2021-12-31,2021-12-31,False,exact_or_partial,False,False,True,False
21년 지역축제 개최 계획(1-12)_취합.xlsx,전남,2021,전라남도,2021 온라인 영암왕인문화축제,,"4.1~4.16
(16일간)",비대면 개최,,2021-04-01,2021-04-16,False,exact_or_partial,False,False,True,False
21년 지역축제 개최 계획(1-12)_취합.xlsx,전남,2021,전라남도,월출산국화축제,,10월~11월 중,검토중,,2021-10-01,2021-11-30,True,month_range_vague,False,False,True,False
21년 지역축제 개최 계획(1-12)_취합.xlsx,전남,2021,전라남도,마한축제,,10월중,검토중,,2021-10-01,2021-10-31,True,month_only_vague,False,False,True,False
21년 지역축제 개최 계획(1-12)_취합.xlsx,전남,2021,전라남도,영암무화과축제,,9월중,검토중,,2021-09-01,2021-09-30,True,month_only_vague,False,False,True,False
21년 지역축제 개최 계획(1-12)_취합.xlsx,전남,2021,전라남도,제24회 무안연꽃축제,,"7월중 예정
(4일간)",검토중,,2021-07-01,2021-07-31,True,month_only_vague,False,False,True,False
21년 지역축제 개최 계획(1-12)_취합.xlsx,전남,2021,전라남도,제8회 황토갯벌축제,,"6월중(3일간)
예정",검토중,,2021-06-01,2021-06-30,True,month_only_vague,False,False,True,False
21년 지역축제 개최 계획(1-12)_취합.xlsx,전남,2021,전라남도,무안 YD 페스티벌,,"9월중(3일간)
예정",검토중,,2021-09-01,2021-09-30,True,month_only_vague,False,False,True,False
21년 지역축제 개최 계획(1-12)_취합.xlsx,전남,2021,전라남도,함평나비대축제,,"4.30~5.9.
(10일간)",검토중,,2021-04-30,2021-05-09,False,exact_or_partial,False,False,True,False
21년 지역축제 개최 계획(1-12)_취합.xlsx,전남,2021,전라남도,대한민국 국향대전,,"10.22.~11.7.
(17일간)",현장 및 비대면 병행,,2021-10-22,2021-11-07,False,exact_or_partial,False,False,True,False
21년 지역축제 개최 계획(1-12)_취합.xlsx,전남,2021,전라남도,꽃무릇큰잔치,,"9.18.~9.19.
(2일간)",현장 개최,,2021-09-18,2021-09-19,False,exact_or_partial,False,False,True,False
21년 지역축제 개최 계획(1-12)_취합.xlsx,전남,2021,전라남도,대한민국 난명품대제전,,"3.27.~3.28.
(2일간)",검토중,,2021-03-27,2021-03-28,False,exact_or_partial,False,False,True,False
21년 지역축제 개최 계획(1-12)_취합.xlsx,전남,2021,전라남도,곡우사리 영광굴비축제,,"4.23~4.25
(3일간)",현장 개최,,2021-04-23,2021-04-25,False,exact_or_partial,False,False,True,False
21년 지역축제 개최 계획(1-12)_취합.xlsx,전남,2021,전라남도,영광찰보리문화축제,,"5.1~5.2
(2일간)",현장 개최,,2021-05-01,2021-05-02,False,exact_or_partial,False,False,True,False
21년 지역축제 개최 계획(1-12)_취합.xlsx,전남,2021,전라남도,영광법성포단오제,,"6.10~ 6.14
(5일간)",현장 및 비대면 병행 등,,2021-06-10,2021-06-14,False,exact_or_partial,False,False,True,False
21년 지역축제 개최 계획(1-12)_취합.xlsx,전남,2021,전라남도,영광천일염젓갈갯벌축제,,"8.27~8.28
(2일간)",현장 개최,,2021-08-27,2021-08-28,False,exact_or_partial,False,False,True,False
21년 지역축제 개최 계획(1-12)_취합.xlsx,전남,2021,전라남도,영광불갑산상사화축제,,"9.17.~9.26.
(10일간)",현장 및 비대면 병행 등,,2021-09-17,2021-09-26,False,exact_or_partial,False,False,True,False
21년 지역축제 개최 계획(1-12)_취합.xlsx,전남,2021,전라남도,"영광백수해안도로
 노을축제",,"10.2~10.3
(2일간)",현장 개최,,2021-10-02,2021-10-03,False,exact_or_partial,False,False,True,False
21년 지역축제 개최 계획(1-12)_취합.xlsx,전남,2021,전라남도,황룡강 노란꽃잔치,,10월중(미정),검토중,,2021-10-01,2021-10-31,True,month_only_vague,False,False,True,False
21년 지역축제 개최 계획(1-12)_취합.xlsx,전남,2021,전라남도,"황룡강 (洪)길동무 
꽃길 축제",,5월중(미정),검토중,,2021-05-01,2021-05-31,True,month_only_vague,False,False,True,False
21년 지역축제 개최 계획(1-12)_취합.xlsx,전남,2021,전라남도,백양단풍축제,,11월초(미정),검토중,,2021-11-01,2021-11-30,True,month_only_vague,False,False,True,False
21년 지역축제 개최 계획(1-12)_취합.xlsx,전남,2021,전라남도,축령산 편백산소축제,,10월중(미정),검토중,,2021-10-01,2021-10-31,True,month_only_vague,False,False,True,False
21년 지역축제 개최 계획(1-12)_취합.xlsx,전남,2021,전라남도,빈센트의 봄,,4월중(미정),검토중,,2021-04-01,2021-04-30,True,month_only_vague,False,False,True,False
21년 지역축제 개최 계획(1-12)_취합.xlsx,전남,2021,전라남도,2021 청산도슬로걷기축제,,"4.3 ~ 5.5
(32일간)",현장 및 비대면 병행 등,,2021-04-03,2021-05-05,False,exact_or_partial,False,False,True,False
21년 지역축제 개최 계획(1-12)_취합.xlsx,전남,2021,전라남도,2021 완도장보고수산물축제,,"5.1 ~ 5.5
(5일간)",현장 및 비대면 병행 등,,2021-05-01,2021-05-05,False,exact_or_partial,False,False,True,False
21년 지역축제 개최 계획(1-12)_취합.xlsx,전남,2021,전라남도,2021 청산도밤마실,,"6.18 ~ 6.19
(2일간)",현장 개최,,2021-06-18,2021-06-19,False,exact_or_partial,False,False,True,False
21년 지역축제 개최 계획(1-12)_취합.xlsx,전남,2021,전라남도,2021 토요싱싱콘서트,,"6월 ~ 9월
(4개월 매주토)",현장 개최,,2021-06-01,2021-09-30,True,month_range_vague,False,False,True,False
21년 지역축제 개최 계획(1-12)_취합.xlsx,전남,2021,전라남도,2021 청정완도 가을 섬여행,,"10월중
(3일간)",현장 및 비대면 병행 등,,2021-10-01,2021-10-31,True,month_only_vague,False,False,True,False
21년 지역축제 개최 계획(1-12)_취합.xlsx,전남,2021,전라남도,"제42회 진도신비의
바닷길축제",,"4. 27. ~ 4. 29.
(3일간)",검토중,,2021-04-27,2021-04-29,False,exact_or_partial,False,False,True,False
21년 지역축제 개최 계획(1-12)_취합.xlsx,전남,2021,전라남도,"제9회 대한민국 진도개
페스티벌",,5. 3. ~ 5. 5.,검토중,,2021-05-03,2021-05-05,False,exact_or_partial,False,False,True,False
21년 지역축제 개최 계획(1-12)_취합.xlsx,전남,2021,전라남도,2021진도문화예술제,,"10월중
(1개월)",검토중,,2021-10-01,2021-10-31,True,month_only_vague,False,False,True,False
21년 지역축제 개최 계획(1-12)_취합.xlsx,전남,2021,전라남도,섬겨울꽃랜선축제,,"20.12.11~
21.01.31
(52일간)
진행중",비대면개최,,2020-12-11,2021-01-31,False,exact_or_partial,False,False,True,False
21년 지역축제 개최 계획(1-12)_취합.xlsx,전남,2021,전라남도,섬 간재미 축제,,"4. 26 ~ 4.27
(2일간)",비대면개최,,2021-04-26,2021-04-27,False,exact_or_partial,False,False,True,False
21년 지역축제 개최 계획(1-12)_취합.xlsx,전남,2021,전라남도,2021년 섬 튤립축제,,"4월중
(10일간)",현장 개최,,2021-04-01,2021-04-30,True,month_only_vague,False,False,True,False
21년 지역축제 개최 계획(1-12)_취합.xlsx,전남,2021,전라남도,2021 섬 수선화 축제,,"4월중
(12일간)",현장 개최,,2021-04-01,2021-04-30,True,month_only_vague,False,False,True,False
21년 지역축제 개최 계획(1-12)_취합.xlsx,전남,2021,전라남도,홍어축제,,5월중,현장 개최,,2021-05-01,2021-05-31,True,month_only_vague,False,False,True,False
21년 지역축제 개최 계획(1-12)_취합.xlsx,전남,2021,전라남도,해양레저체험교실,,5월~6월중,현장 개최,,2021-05-01,2021-06-30,True,month_range_vague,False,False,True,False
21년 지역축제 개최 계획(1-12)_취합.xlsx,전남,2021,전라남도,섬수국축제,,6월중,현장 개최,,2021-06-01,2021-06-30,True,month_only_vague,False,False,True,False
21년 지역축제 개최 계획(1-12)_취합.xlsx,전남,2021,전라남도,강달어축제,,6월,현장 개최,,2021-06-01,2021-06-30,True,month_only_vague,False,False,True,False
21년 지역축제 개최 계획(1-12)_취합.xlsx,전남,2021,전라남도,병어축제,,6월,현장 개최,,2021-06-01,2021-06-30,True,month_only_vague,False,False,True,False
21년 지역축제 개최 계획(1-12)_취합.xlsx,전남,2021,전라남도,밴댕이축제,,6월,현장 개최,,2021-06-01,2021-06-30,True,month_only_vague,False,False,True,False
21년 지역축제 개최 계획(1-12)_취합.xlsx,전남,2021,전라남도,2021 밴댕이축제,,6월,현장 개최,,2021-06-01,2021-06-30,True,month_only_vague,False,False,True,False
21년 지역축제 개최 계획(1-12)_취합.xlsx,전남,2021,전라남도,섬맨드라미축제,,"8월중
(10일간)",현장 개최,,2021-08-01,2021-08-31,True,month_only_vague,False,False,True,False
21년 지역축제 개최 계획(1-12)_취합.xlsx,전남,2021,전라남도,왕새우축제,,9월,현장 개최,,2021-09-01,2021-09-30,True,month_only_vague,False,False,True,False
21년 지역축제 개최 계획(1-12)_취합.xlsx,전남,2021,전라남도,불볼락축제,,9월,현장 개최,,2021-09-01,2021-09-30,True,month_only_vague,False,False,True,False
21년 지역축제 개최 계획(1-12)_취합.xlsx,전남,2021,전라남도,우럭축제,,9월,현장 개최,,2021-09-01,2021-09-30,True,month_only_vague,False,False,True,False
21년 지역축제 개최 계획(1-12)_취합.xlsx,전남,2021,전라남도,새우젓축제,,10월,현장 개최,,2021-10-01,2021-10-31,True,month_only_vague,False,False,True,False
21년 지역축제 개최 계획(1-12)_취합.xlsx,전남,2021,전라남도,2021 망둥어축제,,10월,현장 개최,,2021-10-01,2021-10-31,True,month_only_vague,False,False,True,False
21년 지역축제 개최 계획(1-12)_취합.xlsx,경북,2021,경상북도,포항 구룡포 대게 축제,,3월중,"현장개최
(코로나19 지속상황에 따라 비대면 병행 추진예정)",,2021-03-01,2021-03-31,True,month_only_vague,False,False,True,False
21년 지역축제 개최 계획(1-12)_취합.xlsx,경북,2021,경상북도,포항해병대문화축제,,4.24-25,"현장개최
(코로나19 지속상황에 따라 비대면 병행 추진예정)",,2021-04-24,2021-04-25,False,exact_or_partial,False,False,True,False
21년 지역축제 개최 계획(1-12)_취합.xlsx,경북,2021,경상북도,포항 호미곶 돌문어 축제,,4월중,"현장개최
(코로나19 지속상황에 따라 비대면 병행 추진예정)",,2021-04-01,2021-04-30,True,month_only_vague,False,False,True,False
21년 지역축제 개최 계획(1-12)_취합.xlsx,경북,2021,경상북도,포항국제불빛축제,,"5. 29 ~ 5. 31
(3일간)",현장개최(예정),,2021-05-29,2021-05-31,False,exact_or_partial,False,False,True,False
21년 지역축제 개최 계획(1-12)_취합.xlsx,경북,2021,경상북도,장기산딸기문화축제,,6월초,현장 및 비대면 병행,,2021-06-01,2021-06-30,True,month_only_vague,False,False,True,False
21년 지역축제 개최 계획(1-12)_취합.xlsx,경북,2021,경상북도,포항 영일만 검은 돌장어 축제,,7월중,"현장개최
(코로나19 지속상황에 따라 비대면 병행 추진예정)",,2021-07-01,2021-07-31,True,month_only_vague,False,False,True,False
21년 지역축제 개최 계획(1-12)_취합.xlsx,경북,2021,경상북도,포항운하축제,,9월중,"현장개최
(코로나19 지속상황에 따라 비대면 병행 검토)",,2021-09-01,2021-09-30,True,month_only_vague,False,False,True,False
21년 지역축제 개최 계획(1-12)_취합.xlsx,경북,2021,경상북도,"2021 포항스틸아트
페스티벌",,9월 ~ 10월,"비대면(온라인 및 앱)
현장개최 병행",,2021-09-01,2021-10-31,True,month_range_vague,False,False,True,False
21년 지역축제 개최 계획(1-12)_취합.xlsx,경북,2021,경상북도,포항 수산물 FESTIV니,,9월중,"현장개최
(코로나19 지속상황에 따라 비대면 병행 추진예정)",,2021-09-01,2021-09-30,True,month_only_vague,False,False,True,False
21년 지역축제 개최 계획(1-12)_취합.xlsx,경북,2021,경상북도,제14회 부조장터문화축제,,10.16-17,현장개최,,2021-10-16,2021-10-17,False,exact_or_partial,False,False,True,False
21년 지역축제 개최 계획(1-12)_취합.xlsx,경북,2021,경상북도,제6회 운제산문화축제,,10월 중,현장개최,,2021-10-01,2021-10-31,True,month_only_vague,False,False,True,False
21년 지역축제 개최 계획(1-12)_취합.xlsx,경북,2021,경상북도,"포항흥해 황금들녘 
허수아비 문화축제",,10월중,"현장개최
(코로나19 미 종식시 미개최)",,2021-10-01,2021-10-31,True,month_only_vague,True,False,False,False
21년 지역축제 개최 계획(1-12)_취합.xlsx,경북,2021,경상북도,포항 구룡포 과메기축제,,11월중,"현장개최
(코로나19 지속상황에 따라 비대면 병행 추진예정)",,2021-11-01,2021-11-30,True,month_only_vague,False,False,True,False
21년 지역축제 개최 계획(1-12)_취합.xlsx,경북,2021,경상북도,포항 구룡포 과메기와 함께하는 영일대 해맞이 행사,,12.31 ~ 1.1,"현장개최
(코로나19 지속상황에 따라 비대면 병행 추진예정)",,2021-12-31,2021-12-31,False,exact_or_partial,False,False,True,False
21년 지역축제 개최 계획(1-12)_취합.xlsx,경북,2021,경상북도,호미곶한민족해맞이축전,,12.31 ~ 1.1,현장개최,,2021-12-31,2021-12-31,False,exact_or_partial,False,False,True,False
21년 지역축제 개최 계획(1-12)_취합.xlsx,경북,2021,경상북도,경주 참가자미 대축제,,"2021. 6월중
(3일간)",현장 개최,,2021-06-01,2021-06-30,True,month_detected_vague,False,False,True,False
21년 지역축제 개최 계획(1-12)_취합.xlsx,경북,2021,경상북도,"2021
제48회 신라문화제",,"10.8.~10.14.
(7일간)",현장 개최,,2021-10-08,2021-10-14,False,exact_or_partial,False,False,True,False
21년 지역축제 개최 계획(1-12)_취합.xlsx,경북,2021,경상북도,경주벚꽃축제,,"4월 중
(미정)",현장 개최,,2021-04-01,2021-04-30,True,month_only_vague,False,False,True,False
21년 지역축제 개최 계획(1-12)_취합.xlsx,경북,2021,경상북도,경주한우와 농축수산물 한마당 축제,,"2020.10월 중
(3일)",·현장 개최,,2020-10-03,2020-10-03,False,exact_or_partial,False,False,True,False
21년 지역축제 개최 계획(1-12)_취합.xlsx,경북,2021,경상북도,2021 김천자두축제,,"7.8~7.10
(3일간)",·현장 및 비대면 병행,,2021-07-08,2021-07-10,False,exact_or_partial,False,False,True,False
21년 지역축제 개최 계획(1-12)_취합.xlsx,경북,2021,경상북도,2021 김천포도축제,,"9.24~9.26
(3일간)",·현장 및 비대면 병행,,2021-09-24,2021-09-26,False,exact_or_partial,False,False,True,False
21년 지역축제 개최 계획(1-12)_취합.xlsx,경북,2021,경상북도,안동봄꽃축제,,"4월초
(벚꽃 개화시기에 따라 조정)",·현장개최(코로나19 상황에 따라 변동가능),,2021-04-01,2021-04-30,True,month_only_vague,False,False,True,False
21년 지역축제 개최 계획(1-12)_취합.xlsx,경북,2021,경상북도,썸머페스티벌,,7월 ~ 8월 중,·현장개최(코로나19 상황에 따라 변동가능),,2021-07-01,2021-08-31,True,month_range_vague,False,False,True,False
21년 지역축제 개최 계획(1-12)_취합.xlsx,경북,2021,경상북도,월영야행,,"8.6.~8.9.
(4일간)",·현장개최(코로나19 상황에 따라 변동가능),,2021-08-06,2021-08-09,False,exact_or_partial,False,False,True,False
21년 지역축제 개최 계획(1-12)_취합.xlsx,경북,2021,경상북도,안동국제탈춤페스티벌 2021,,"9.24. ~ 10.3
(10일간)",·현장개최(코로나19 상황에 따라 변동가능),,2021-09-24,2021-10-03,False,exact_or_partial,False,False,True,False
21년 지역축제 개최 계획(1-12)_취합.xlsx,경북,2021,경상북도,제2회 구미농업한마당축제,,"10.8~10.14
(기간 중 5일)",현장 개최,,2021-10-08,2021-10-14,False,exact_or_partial,False,False,True,False
21년 지역축제 개최 계획(1-12)_취합.xlsx,경북,2021,경상북도,구미전국전통연희축제,,"9. 20 ~ 9. 21
(2일간)",현장 및 비대면 병행,,2021-09-20,2021-09-21,False,exact_or_partial,False,False,True,False
21년 지역축제 개최 계획(1-12)_취합.xlsx,경북,2021,경상북도,장천 코스모스축제,,"9.17~9.22
(6일간)",현장 개최,,2021-09-17,2021-09-22,False,exact_or_partial,False,False,True,False
21년 지역축제 개최 계획(1-12)_취합.xlsx,경북,2021,경상북도,지산샛강생태문화축제,,"9.4~9.5
(2일간)",현장 개최,,2021-09-04,2021-09-05,False,exact_or_partial,False,False,True,False
21년 지역축제 개최 계획(1-12)_취합.xlsx,경북,2021,경상북도,한국선비문화축제,,"5.1~5.4
(4일간)",현장 및 비대면 병행,,2021-05-01,2021-05-04,False,exact_or_partial,False,False,True,False
21년 지역축제 개최 계획(1-12)_취합.xlsx,경북,2021,경상북도,소백산철쭉제,,"5.29~30
(2일간)",현장 및 비대면 병행,,2021-05-29,2021-05-30,False,exact_or_partial,False,False,True,False
21년 지역축제 개최 계획(1-12)_취합.xlsx,경북,2021,경상북도,"영주세계풍기
인삼엑스포",,"9.17~10.10
(24일간)",현장,,2021-09-17,2021-10-10,False,exact_or_partial,False,False,True,False
21년 지역축제 개최 계획(1-12)_취합.xlsx,경북,2021,경상북도,무섬외나무다리축제,,"10월중
(2일간)",미결정,,2021-10-01,2021-10-31,True,month_only_vague,False,False,True,False
21년 지역축제 개최 계획(1-12)_취합.xlsx,경북,2021,경상북도,영주사과축제,,"10월중
(9일간)",미결정,,2021-10-01,2021-10-31,True,month_only_vague,False,False,True,False
21년 지역축제 개최 계획(1-12)_취합.xlsx,경북,2021,경상북도,"제18회
 영천보현산별빛축제",,"10월경
(3일간)",현장 및 비대면 병행,,2021-10-01,2021-10-31,True,month_only_vague,False,False,True,False
21년 지역축제 개최 계획(1-12)_취합.xlsx,경북,2021,경상북도,제19회 영천한약축제,,"9월경
(3일간)",미정,,2021-09-01,2021-09-30,True,month_only_vague,False,False,True,False
21년 지역축제 개최 계획(1-12)_취합.xlsx,경북,2021,경상북도,제20회 영천과일축제,,"9월경
(3일간)",현장 개최 예정,,2021-09-01,2021-09-30,True,month_only_vague,False,False,True,False
21년 지역축제 개최 계획(1-12)_취합.xlsx,경북,2021,경상북도,제48회 영천문화예술제,,10월경,현장 개최,,2021-10-01,2021-10-31,True,month_only_vague,False,False,True,False
21년 지역축제 개최 계획(1-12)_취합.xlsx,경북,2021,경상북도,2021년 상주햇순나물축제,,"4월 중
(2일간)","·코로나-19 상황에 따른 
   유동적 추진",,2021-04-01,2021-04-30,True,month_only_vague,False,False,True,False
21년 지역축제 개최 계획(1-12)_취합.xlsx,경북,2021,경상북도,2021년 제 6회 상주베리축제,,"6월 중
(2일간)","·코로나-19 상황에 따른 
   유동적 추진",,2021-06-01,2021-06-30,True,month_only_vague,False,False,True,False
21년 지역축제 개최 계획(1-12)_취합.xlsx,경북,2021,경상북도,제22회 한여름 밤의 축제,,"7. 23.~7. 25.
(3일간)",·비대면 개최(온라인),,2021-07-23,2021-07-25,False,exact_or_partial,False,False,True,False
21년 지역축제 개최 계획(1-12)_취합.xlsx,경북,2021,경상북도,2021 경천섬 물빛축제,,"9월초
(3일간)",·현장 개최,,2021-09-01,2021-09-30,True,month_only_vague,False,False,True,False
21년 지역축제 개최 계획(1-12)_취합.xlsx,경북,2021,경상북도,문경찻사발축제,,9-10월 중,현장 및 비대면 병행,,2021-10-01,2021-10-31,True,month_only_vague,False,False,True,False
21년 지역축제 개최 계획(1-12)_취합.xlsx,경북,2021,경상북도,문경사과축제,,10월 중,현장 및 비대면 병행,,2021-10-01,2021-10-31,True,month_only_vague,False,False,True,False
21년 지역축제 개최 계획(1-12)_취합.xlsx,경북,2021,경상북도,문경오미자축제,,9월 중,"코로나 19 지속시, 
비대면 드라이브스루",,2021-09-01,2021-09-30,True,month_only_vague,False,False,True,False
21년 지역축제 개최 계획(1-12)_취합.xlsx,경북,2021,경상북도,약돌한우축제,,9-10월 중,현장개최,,2021-10-01,2021-10-31,True,month_only_vague,False,False,True,False
21년 지역축제 개최 계획(1-12)_취합.xlsx,경북,2021,경상북도,전국락밴드 경연대회 및 수제맥주축제,,7-8월 중,"현장개최, 코로나 19 지속시 온라인 고려",,2021-08-01,2021-08-31,True,month_only_vague,False,False,True,True
21년 지역축제 개최 계획(1-12)_취합.xlsx,경북,2021,경상북도,경산자인단오제,,"6.12~6.14
(3일간)",미정,,2021-06-12,2021-06-14,False,exact_or_partial,False,False,True,False
21년 지역축제 개최 계획(1-12)_취합.xlsx,경북,2021,경상북도,경산갓바위소원성취축제,,"9월중
(2일간)",미정,,2021-09-01,2021-09-30,True,month_only_vague,False,False,True,False
21년 지역축제 개최 계획(1-12)_취합.xlsx,경북,2021,경상북도,경산대추축제,,"10월중
(3일간)",미정,,2021-10-01,2021-10-31,True,month_only_vague,False,False,True,False
21년 지역축제 개최 계획(1-12)_취합.xlsx,경북,2021,경상북도,군위장군단오제,,"2021. 5. 5.(음력)
(2일간)",현장개최,,2021-05-05,2021-05-05,False,exact_or_partial,False,False,True,False
21년 지역축제 개최 계획(1-12)_취합.xlsx,경북,2021,경상북도,산수유마을꽃맞이축제,,"3월 중
(9일간)","현장 개최
(2020년 코로나19로 취소)",,2021-03-01,2021-03-31,True,month_only_vague,True,False,False,False
21년 지역축제 개최 계획(1-12)_취합.xlsx,경북,2021,경상북도,의성세계하늘축제,,"5월 중
(3일간)","현장 개최
(2020년 코로나19로 취소)",,2021-05-01,2021-05-31,True,month_only_vague,True,False,False,False
21년 지역축제 개최 계획(1-12)_취합.xlsx,경북,2021,경상북도,의성슈퍼푸드마늘축제,,"10월 중
(3일간)","현장 개최
(2020년 코로나19로 취소)",,2021-10-01,2021-10-31,True,month_only_vague,True,False,False,False
21년 지역축제 개최 계획(1-12)_취합.xlsx,경북,2021,경상북도,청송사과축제,,"11. 3.~11. 7.
(5일간 예정)",·현장 및 비대면 병행 등,,2021-11-03,2021-11-07,False,exact_or_partial,False,False,True,False
21년 지역축제 개최 계획(1-12)_취합.xlsx,경북,2021,경상북도,영양산나물축제,,5월 중(4일간),비대면개최,,2021-05-01,2021-05-31,True,month_only_vague,False,False,True,False
21년 지역축제 개최 계획(1-12)_취합.xlsx,경북,2021,경상북도,캠핑과 함께하는 별빛 반딧불이 축제,,8월 중(2일간),현장개최,,2021-08-01,2021-08-31,True,month_only_vague,False,False,True,False
21년 지역축제 개최 계획(1-12)_취합.xlsx,경북,2021,경상북도,영양고추 H.O.T Festival,,9월 중(3일간),비대면개최,,2021-09-01,2021-09-30,True,month_only_vague,False,False,True,False
21년 지역축제 개최 계획(1-12)_취합.xlsx,경북,2021,경상북도,영덕 축산항 물가자미축제,,"4~5월중, 3일간
(미정)",미정(코로나19 상황에 따라 결정),,2021-05-01,2021-05-31,True,month_only_vague,False,False,True,False
21년 지역축제 개최 계획(1-12)_취합.xlsx,경북,2021,경상북도,영덕해맞이축제,,12.31.~1.1,미정(코로나19 상황에 따라 결정),,2021-12-31,2021-12-31,False,exact_or_partial,False,False,True,False
21년 지역축제 개최 계획(1-12)_취합.xlsx,경북,2021,경상북도,청도소싸움축제,,5~6월,현장 및 비대면 병행,,2021-06-01,2021-06-30,True,month_only_vague,False,False,True,False
21년 지역축제 개최 계획(1-12)_취합.xlsx,경북,2021,경상북도,청도반시축제,,10.15~17,현장 및 비대면 병행,,2021-10-15,2021-10-17,False,exact_or_partial,False,False,True,False
21년 지역축제 개최 계획(1-12)_취합.xlsx,경북,2021,경상북도,"청도세계코미디
아트페스티벌",,10.15~18,현장 및 비대면 병행,,2021-10-15,2021-10-18,False,exact_or_partial,False,False,True,False
21년 지역축제 개최 계획(1-12)_취합.xlsx,경북,2021,경상북도,대가야체험축제,,"4.1~4.4
(4일간)",현장 및 비대면 병행,,2021-04-01,2021-04-04,False,exact_or_partial,False,False,True,False
21년 지역축제 개최 계획(1-12)_취합.xlsx,경북,2021,경상북도,2021성주생명문화축제&제7회성주참외페스티벌,,"5월중
(3주간)",·현장 및 비대면 병행 등,,2021-05-01,2021-05-31,True,month_only_vague,False,False,True,False
21년 지역축제 개최 계획(1-12)_취합.xlsx,경북,2021,경상북도,"2020 성주가야산황금들녘 
메뚜기잡이 체험축제",,"10월중
(2일간)",·현장 및 비대면 병행 등,,2021-10-01,2021-10-31,True,month_only_vague,False,False,True,False
21년 지역축제 개최 계획(1-12)_취합.xlsx,경북,2021,경상북도,성주 성밖숲 희망길 와숲,,"8월중
(3주간)",·현장 및 비대면 병행 등,,2021-08-01,2021-08-31,True,month_only_vague,False,False,True,False
21년 지역축제 개최 계획(1-12)_취합.xlsx,경북,2021,경상북도,"낙동강세계평화 문화
대축전",,9월 또는 10월 중 3일간 예정,계획중,,2021-09-01,2021-10-31,True,month_range_vague,False,False,True,False
21년 지역축제 개최 계획(1-12)_취합.xlsx,경북,2021,경상북도,아카시아꽃축제,,5월초,계획중,,2021-05-01,2021-05-31,True,month_only_vague,False,False,True,False
21년 지역축제 개최 계획(1-12)_취합.xlsx,경북,2021,경상북도,인문학마을 축제,,9~10월중,계획중,,2021-10-01,2021-10-31,True,month_only_vague,False,False,True,False
21년 지역축제 개최 계획(1-12)_취합.xlsx,경북,2021,경상북도,예천장터농산물대축제,,"10월 중
(3일간)",미정,,2021-10-01,2021-10-31,True,month_only_vague,False,False,True,False
21년 지역축제 개최 계획(1-12)_취합.xlsx,경북,2021,경상북도,제9회예천용궁순대축제,,"9월 중
(2일간)",미정,,2021-09-01,2021-09-30,True,month_only_vague,False,False,True,False
21년 지역축제 개최 계획(1-12)_취합.xlsx,경북,2021,경상북도,"【SEMI 예천세계곤충엑스포】 
2021 예천곤충축제",,"5.1 ~ 5.9
(9일간)",·현장 및 비대면 병행 등,,2021-05-01,2021-05-09,False,exact_or_partial,False,False,True,False
21년 지역축제 개최 계획(1-12)_취합.xlsx,경북,2021,경상북도,2021 예천 세계활축제,,10월 중,·현장 및 비대면 병행 등,,2021-10-01,2021-10-31,True,month_only_vague,False,False,True,False
21년 지역축제 개최 계획(1-12)_취합.xlsx,경북,2021,경상북도,2021 삼강주막 나루터축제,,"9월 중
(3일간)",현장 개최,,2021-09-01,2021-09-30,True,month_only_vague,False,False,True,False
21년 지역축제 개최 계획(1-12)_취합.xlsx,경북,2021,경상북도,제23회 봉화은어축제,,"07월말~08월초
(9일간)",현장 및 비대면 병행 등,,2021-07-01,2021-08-31,True,month_range_vague,False,False,True,False
21년 지역축제 개최 계획(1-12)_취합.xlsx,경북,2021,경상북도,제25회 봉화송이축제,,"08월말~09월초
(4일간)",현장 및 비대면 병행 등,,2021-08-01,2021-09-30,True,month_range_vague,False,False,True,False
21년 지역축제 개최 계획(1-12)_취합.xlsx,경북,2021,경상북도,시장애 불금축제,,"05월~09월
(150일간)",현장 및 비대면 병행 등,,2021-05-01,2021-09-30,True,month_range_vague,False,False,True,False
21년 지역축제 개최 계획(1-12)_취합.xlsx,경북,2021,경상북도,"2020-2021 
분천산타마을 운영",,"07월~08월
(30일간)
12월~02월
(60일간)",현장 및 비대면 병행 등,,2021-07-01,2021-08-31,True,month_range_vague,False,False,True,False
21년 지역축제 개최 계획(1-12)_취합.xlsx,경북,2021,경상북도,2020년 울진대게와붉은대게축제,,"2.27~3.1
(4일간)",현장 및 비대면 병행 등,,2021-02-27,2021-03-01,False,exact_or_partial,False,False,True,False
21년 지역축제 개최 계획(1-12)_취합.xlsx,경북,2021,경상북도,울진금강송송이축제,,"9.25~9.27
(3일간)",현장 및 비대면 병행 등,,2021-09-25,2021-09-27,False,exact_or_partial,False,False,True,False
21년 지역축제 개최 계획(1-12)_취합.xlsx,경북,2021,경상북도,죽변항 수산물 축제,,"12.11~12.13
(3일간)",현장 및 비대면 병행 등,,2021-12-11,2021-12-13,False,exact_or_partial,False,False,True,False
21년 지역축제 개최 계획(1-12)_취합.xlsx,경북,2021,경상북도,울릉도오징어축제,,"7월말 예정
(3일간)",· 현장 및 비대면 병행 등,,2021-07-01,2021-07-31,True,month_only_vague,False,False,True,False
21년 지역축제 개최 계획(1-12)_취합.xlsx,경남,2021,경상남도,진해군항제,,"4.1~4.10.
(10일간)",·현장 및 비대면 병행,,2021-04-01,2021-04-10,False,exact_or_partial,False,False,True,False
21년 지역축제 개최 계획(1-12)_취합.xlsx,경남,2021,경상남도,마산국화축제,,"10.23~11.7.
(16일간)",·현장 및 비대면 병행,,2021-10-23,2021-11-07,False,exact_or_partial,False,False,True,False
21년 지역축제 개최 계획(1-12)_취합.xlsx,경남,2021,경상남도,남산상봉제,,"10월중
(2일간)",미정,,2021-10-01,2021-10-31,True,month_only_vague,False,False,True,False
21년 지역축제 개최 계획(1-12)_취합.xlsx,경남,2021,경상남도,K-POP 월드 페스티벌,,"10월중
(2일간)",현장 개최,,2021-10-01,2021-10-31,True,month_only_vague,False,False,True,False
21년 지역축제 개최 계획(1-12)_취합.xlsx,경남,2021,경상남도,신축년 마산만날제,,"9. 22~9.24
(3일간)",현장 개최,,2021-09-22,2021-09-24,False,exact_or_partial,False,False,True,False
21년 지역축제 개최 계획(1-12)_취합.xlsx,경남,2021,경상남도,"진동미더덕&
불꽃낙화축제",,4~5월중,현장개최 또는 온라인축제,,2021-05-01,2021-05-31,True,month_only_vague,False,False,True,False
21년 지역축제 개최 계획(1-12)_취합.xlsx,경남,2021,경상남도,진해만싱싱수산물축제,,9월중,현장개최 또는 온라인축제,,2021-09-01,2021-09-30,True,month_only_vague,False,False,True,False
21년 지역축제 개최 계획(1-12)_취합.xlsx,경남,2021,경상남도,창원 북-페스타,,"10월중
(2일간)",현장 개최,,2021-10-01,2021-10-31,True,month_only_vague,False,False,True,False
21년 지역축제 개최 계획(1-12)_취합.xlsx,경남,2021,경상남도,진해 군항제와 함께하는 꿈벗사업,,"4.1~4.10.
(10일간)",현장개최,,2021-04-01,2021-04-10,False,exact_or_partial,False,False,True,False
21년 지역축제 개최 계획(1-12)_취합.xlsx,경남,2021,경상남도,진주남강봉축문화축제,,"5.7.~5.15.
(9일간)",현장 개최,,2021-05-07,2021-05-15,False,exact_or_partial,False,False,True,False
21년 지역축제 개최 계획(1-12)_취합.xlsx,경남,2021,경상남도,진주논개제,,5월 중,현장 및 비대면 병행,,2021-05-01,2021-05-31,True,month_only_vague,False,False,True,False
21년 지역축제 개최 계획(1-12)_취합.xlsx,경남,2021,경상남도,진주뮤직페스티벌,,7~8월 중,현장 및 비대면 병행,,2021-08-01,2021-08-31,True,month_only_vague,False,False,True,False
21년 지역축제 개최 계획(1-12)_취합.xlsx,경남,2021,경상남도,진주남강유등축제,,"10.1~10.10.
(10일간)",현장 및 비대면 병행,,2021-10-01,2021-10-10,False,exact_or_partial,False,False,True,False
21년 지역축제 개최 계획(1-12)_취합.xlsx,경남,2021,경상남도,개천예술제,,"10.3~10.10.
(8일간)",현장 및 비대면 병행,,2021-10-03,2021-10-10,False,exact_or_partial,False,False,True,False
21년 지역축제 개최 계획(1-12)_취합.xlsx,경남,2021,경상남도,코리아드라마페스티벌,,"10.1~10.10.
(10일간)",현장 및 비대면 병행,,2021-10-01,2021-10-10,False,exact_or_partial,False,False,True,False
21년 지역축제 개최 계획(1-12)_취합.xlsx,경남,2021,경상남도,"진주크리스마스트리
참빛문화축제",,"12.1~12.31.
(31일간)",현장 개최,,2021-12-01,2021-12-31,False,exact_or_partial,False,False,True,False
21년 지역축제 개최 계획(1-12)_취합.xlsx,경남,2021,경상남도,"제60회
통영한산대첩축제",,"8.11~8.15
(5일간)",현장 개최(미정),,2021-08-11,2021-08-15,False,exact_or_partial,False,False,True,False
21년 지역축제 개최 계획(1-12)_취합.xlsx,경남,2021,경상남도,"제19회
봉숫골 꽃나들이 축제",,"4월 초 중
(예정)",현장 개최(미정),,2021-04-01,2021-04-30,True,month_only_vague,False,False,True,False
21년 지역축제 개최 계획(1-12)_취합.xlsx,경남,2021,경상남도,"제28회
욕지섬문화축제",,"10월 초 중
(예정)",현장 개최(미정),,2021-10-01,2021-10-31,True,month_only_vague,False,False,True,False
21년 지역축제 개최 계획(1-12)_취합.xlsx,경남,2021,경상남도,"제18회 사량도옥녀봉
전국등반축제",,"10월 말 중
(예정)",현장 개최(미정),,2021-10-01,2021-10-31,True,month_only_vague,False,False,True,False
21년 지역축제 개최 계획(1-12)_취합.xlsx,경남,2021,경상남도,제15회 한산도 바다체험축제,,"6월 중순 중
(예정)",현장 개최(미정),,2021-06-01,2021-06-30,True,month_only_vague,False,False,True,False
21년 지역축제 개최 계획(1-12)_취합.xlsx,경남,2021,경상남도,주민복지박람회,,4월중,현장개최,,2021-04-01,2021-04-30,True,month_only_vague,False,False,True,False
21년 지역축제 개최 계획(1-12)_취합.xlsx,경남,2021,경상남도,"고려 현종 대왕 축제
(와룡문화제 명칭 변경)",,10.28.~10.31.(4일간),현장개최,,2021-10-28,2021-10-31,False,exact_or_partial,False,False,True,False
21년 지역축제 개최 계획(1-12)_취합.xlsx,경남,2021,경상남도,삼천포항 수산물축제,,4월 중(3일간),현장개최,,2021-04-01,2021-04-30,True,month_only_vague,False,False,True,False
21년 지역축제 개최 계획(1-12)_취합.xlsx,경남,2021,경상남도,"삼천포항
자연산 전어축제",,7월 중(3일간),현장개최,,2021-07-01,2021-07-31,True,month_only_vague,False,False,True,False
21년 지역축제 개최 계획(1-12)_취합.xlsx,경남,2021,경상남도,사천시농업한마당축제,,"10월~11월 중
(3일간)",현장개최,,2021-10-01,2021-11-30,True,month_range_vague,False,False,True,False
21년 지역축제 개최 계획(1-12)_취합.xlsx,경남,2021,경상남도,비봉내축제,,"9월 중
(2일간)",현장개최,,2021-09-01,2021-09-30,True,month_only_vague,False,False,True,False
21년 지역축제 개최 계획(1-12)_취합.xlsx,경남,2021,경상남도,"제7회
비토별주부전축제",,"7.17.~7.18.
(2일간)",현장개최,,2021-07-17,2021-07-18,False,exact_or_partial,False,False,True,False
21년 지역축제 개최 계획(1-12)_취합.xlsx,경남,2021,경상남도,세계음식축제,,"10월 중
(2일간)",현장 개최,,2021-10-01,2021-10-31,True,month_only_vague,False,False,True,False
21년 지역축제 개최 계획(1-12)_취합.xlsx,경남,2021,경상남도,김해진영단감축제,,"11.5~11.7
(3일간)",현장개최,,2021-11-05,2021-11-07,False,exact_or_partial,False,False,True,False
21년 지역축제 개최 계획(1-12)_취합.xlsx,경남,2021,경상남도,김해 꽃 축제,,"10.14~10.17
(4일간)",현장개최,,2021-10-14,2021-10-17,False,exact_or_partial,False,False,True,False
21년 지역축제 개최 계획(1-12)_취합.xlsx,경남,2021,경상남도,김해분청도자기축제,,"10.22 ~10.31
(10일간)",현장개최,,2021-10-22,2021-10-31,False,exact_or_partial,False,False,True,False
21년 지역축제 개최 계획(1-12)_취합.xlsx,경남,2021,경상남도,허왕후 신행길 축제,,"10월 중
(2일간)",현장 및 비대면 병행 등,,2021-10-01,2021-10-31,True,month_only_vague,False,False,True,False
21년 지역축제 개최 계획(1-12)_취합.xlsx,경남,2021,경상남도,제3회 불암장어문화축제,,"6.26.~6.27.
(2일간)
(추후 변동 가능)",현장개최,,2021-06-26,2021-06-27,False,exact_or_partial,False,False,True,False
21년 지역축제 개최 계획(1-12)_취합.xlsx,경남,2021,경상남도,크리스마스문화축제,,12월중,현장 개최,,2021-12-01,2021-12-31,True,month_only_vague,False,False,True,False
21년 지역축제 개최 계획(1-12)_취합.xlsx,경남,2021,경상남도,밀양아리랑대축제,,"9월경
(4일간)",현장 및 비대면 병행,,2021-09-01,2021-09-30,True,month_only_vague,False,False,True,False
21년 지역축제 개최 계획(1-12)_취합.xlsx,경남,2021,경상남도,밀양공연예술축제,,"7월경
(16일간)",현장 및 비대면 병행,,2021-07-01,2021-07-31,True,month_only_vague,False,False,True,False
21년 지역축제 개최 계획(1-12)_취합.xlsx,경남,2021,경상남도,거제 옥포대첩축제,,"6월중
(3일간)",현장 개최,,2021-06-01,2021-06-30,True,month_only_vague,False,False,True,False
21년 지역축제 개최 계획(1-12)_취합.xlsx,경남,2021,경상남도,거제맥주축제,,"9월 중
(5일간)",현장개최,,2021-09-01,2021-09-30,True,month_only_vague,False,False,True,True
21년 지역축제 개최 계획(1-12)_취합.xlsx,경남,2021,경상남도,거제청마꽃들축제,,"9월 중
(7일간)",현장개최,,2021-09-01,2021-09-30,True,month_only_vague,False,False,True,False
21년 지역축제 개최 계획(1-12)_취합.xlsx,경남,2021,경상남도,거제섬꽃축제,,"10.29~11.7.
(10일간)",현장개최,,2021-10-29,2021-11-07,False,exact_or_partial,False,False,True,False
21년 지역축제 개최 계획(1-12)_취합.xlsx,경남,2021,경상남도,거제대구수산물축제,,"12월중
(2일간)",현장개최예정,,2021-12-01,2021-12-31,True,month_only_vague,False,False,True,False
21년 지역축제 개최 계획(1-12)_취합.xlsx,경남,2021,경상남도,남부면 수국축제,,"7.2.~7.4.
(3일간)",현장 개최,,2021-07-02,2021-07-04,False,exact_or_partial,False,False,True,False
21년 지역축제 개최 계획(1-12)_취합.xlsx,경남,2021,경상남도,거제 수월천 문화의 거리 축제,,4월중,현장개최,,2021-04-01,2021-04-30,True,month_only_vague,False,False,True,False
21년 지역축제 개최 계획(1-12)_취합.xlsx,경남,2021,경상남도,원동매화축제,,"3월중
(2일간)",코로나19로 인하여 개최여부 논의중,,2021-03-01,2021-03-31,True,month_only_vague,False,False,True,False
21년 지역축제 개최 계획(1-12)_취합.xlsx,경남,2021,경상남도,2021 물금 벚꽃 축제,,"21.3월말
(2일간)",현장 개최,,2021-03-01,2021-03-31,True,month_detected_vague,False,False,True,False
21년 지역축제 개최 계획(1-12)_취합.xlsx,경남,2021,경상남도,2021 양산봄꽃축제,,4월 중,현장개최,,2021-04-01,2021-04-30,True,month_only_vague,False,False,True,False
21년 지역축제 개최 계획(1-12)_취합.xlsx,경남,2021,경상남도,양산웅상회야제,,"5월중
(2일간)",현장개최,,2021-05-01,2021-05-31,True,month_only_vague,False,False,True,False
21년 지역축제 개최 계획(1-12)_취합.xlsx,경남,2021,경상남도,삽량문화축전,,"10월 중
(3일간)",현장개최,,2021-10-01,2021-10-31,True,month_only_vague,False,False,True,False
21년 지역축제 개최 계획(1-12)_취합.xlsx,경남,2021,경상남도,2021 양산국화축제,,10~11월 중,현장개최,,2021-11-01,2021-11-30,True,month_only_vague,False,False,True,False
21년 지역축제 개최 계획(1-12)_취합.xlsx,경남,2021,경상남도,의령 홍의장군축제,,4.22.~25(4일간),현장 및 비대면 병행,,2021-04-22,2021-04-25,False,exact_or_partial,False,False,True,False
21년 지역축제 개최 계획(1-12)_취합.xlsx,경남,2021,경상남도,가례 밭미나리 축제,,"3월 초
(9일간)",현장 개최(추후 변경 될 수 있음),,2021-03-01,2021-03-31,True,month_only_vague,False,False,True,False
21년 지역축제 개최 계획(1-12)_취합.xlsx,경남,2021,경상남도,제21회 한우산 철쭉제,,"4월 말
(1일간)",현장 개최(추후 변경 될 수 있음),,2021-04-01,2021-04-30,True,month_only_vague,False,False,True,False
21년 지역축제 개최 계획(1-12)_취합.xlsx,경남,2021,경상남도,제9회 강주해바라기축제,,"7월 ~ 9월
(10일간)",현장개최,,2021-07-01,2021-09-30,True,month_range_vague,False,False,True,False
21년 지역축제 개최 계획(1-12)_취합.xlsx,경남,2021,경상남도,제10회 함안곶감축제,,"1.14~1.18.
(5일간)",비대면 개최(온라인 축제 등),,2021-01-14,2021-01-18,False,exact_or_partial,False,False,True,False
21년 지역축제 개최 계획(1-12)_취합.xlsx,경남,2021,경상남도,3.1민속문화제,,"2.28~3.3.
(4일간)",현장개최,,2021-02-28,2021-03-03,False,exact_or_partial,False,False,True,False
21년 지역축제 개최 계획(1-12)_취합.xlsx,경남,2021,경상남도,부곡온천축제,,"4.2~4.4.
(3일간)",현장개최,,2021-04-02,2021-04-04,False,exact_or_partial,False,False,True,False
21년 지역축제 개최 계획(1-12)_취합.xlsx,경남,2021,경상남도,창녕낙동강유채축제,,"4.15~4.18.
(4일간)",현장개최,,2021-04-15,2021-04-18,False,exact_or_partial,False,False,True,False
21년 지역축제 개최 계획(1-12)_취합.xlsx,경남,2021,경상남도,"창녕 양파ㆍ마늘축제
(가칭)",,"9월 중
(3일간)",현장개최,,2021-09-01,2021-09-30,True,month_only_vague,False,False,True,False
21년 지역축제 개최 계획(1-12)_취합.xlsx,경남,2021,경상남도,우포누리와 함께하는 비사벌문화제,,"10월 중
(3일간)",현장개최,,2021-10-01,2021-10-31,True,month_only_vague,False,False,True,False
21년 지역축제 개최 계획(1-12)_취합.xlsx,경남,2021,경상남도,제44회 소가야문화제,,"9.30.~10.02.
(3일간)",미정,,2021-09-30,2021-10-02,False,exact_or_partial,False,False,True,False
21년 지역축제 개최 계획(1-12)_취합.xlsx,경남,2021,경상남도,제5회 농업인의 날 기념 고성농축산물 한마당축제,,"11월 중
(2일간)",미정,,2021-11-01,2021-11-30,True,month_only_vague,False,False,True,False
21년 지역축제 개최 계획(1-12)_취합.xlsx,경남,2021,경상남도,제5회 고성 가리비 수산물축제,,"10. 30. ~ 11. 1.
(3일간 예정)",미정,,2021-10-30,2021-11-01,False,exact_or_partial,False,False,True,False
21년 지역축제 개최 계획(1-12)_취합.xlsx,경남,2021,경상남도,2021 경남고성공룡세계엑스포,,"9.17.~11.7.
(52일간)",미정,,2021-09-17,2021-11-07,False,exact_or_partial,False,False,True,False
21년 지역축제 개최 계획(1-12)_취합.xlsx,경남,2021,경상남도,2021년 촌스런 축제,,"7.31.~8.1.
(2일간, 예정)",미정,,2021-07-31,2021-08-01,False,exact_or_partial,False,False,True,False
21년 지역축제 개최 계획(1-12)_취합.xlsx,경남,2021,경상남도,제2회 고성공룡 이야기 책축제,,"10.16.~10.17.
(2일간, 예정)",미정,,2021-10-16,2021-10-17,False,exact_or_partial,False,False,True,False
21년 지역축제 개최 계획(1-12)_취합.xlsx,경남,2021,경상남도,만화방초 수국축제,,"6.12.~7.11.
(1개월간, 예정)",미정,,2021-06-12,2021-07-11,False,exact_or_partial,False,False,True,False
21년 지역축제 개최 계획(1-12)_취합.xlsx,경남,2021,경상남도,두호마을 메밀꽃축제,,"9.25.~9.26.
(2일간, 예정)",미정,,2021-09-25,2021-09-26,False,exact_or_partial,False,False,True,False
21년 지역축제 개최 계획(1-12)_취합.xlsx,경남,2021,경상남도,제2회 고성 독수리 철새맞이 생태축제,,"11월 중
(2일간, 예정)",미정,,2021-11-01,2021-11-30,True,month_only_vague,False,False,True,False
21년 지역축제 개최 계획(1-12)_취합.xlsx,경남,2021,경상남도,"신바람꽃천지마을 
해바라기 축제",,"9.20.~10.20.
(1개월간, 예정)",미정,,2021-09-20,2021-10-20,False,exact_or_partial,False,False,True,False
21년 지역축제 개최 계획(1-12)_취합.xlsx,경남,2021,경상남도,"고성 수국 캠핑 
페스티벌",,"6.11.~6.13.
(3일간, 예정)",미정,,2021-06-11,2021-06-13,False,exact_or_partial,False,False,True,False
21년 지역축제 개최 계획(1-12)_취합.xlsx,경남,2021,경상남도,소가야차문화축제,,"5.15~5.16.
(2일간, 예정)",미정,,2021-05-15,2021-05-16,False,exact_or_partial,False,False,True,False
21년 지역축제 개최 계획(1-12)_취합.xlsx,경남,2021,경상남도,2021년 빛으로만나는 문화축제,,"11.25.~2.14.
(81일간)",미정,,2021-11-25,2021-11-25,False,exact_or_partial,False,False,True,False
21년 지역축제 개최 계획(1-12)_취합.xlsx,경남,2021,경상남도,제5회 고현관음포 둑방봄꽃축제,,"4월 중
(2일간)",미정,,2021-04-01,2021-04-30,True,month_only_vague,False,False,True,False
21년 지역축제 개최 계획(1-12)_취합.xlsx,경남,2021,경상남도,제17회 보물섬 미조항 멸치축제,,"5월 중
(3일간)",미정,,2021-05-01,2021-05-31,True,month_only_vague,False,False,True,False
21년 지역축제 개최 계획(1-12)_취합.xlsx,경남,2021,경상남도,제5회 창선고사리삼합축제,,"5월 중
(3일간)",미정,,2021-05-01,2021-05-31,True,month_only_vague,False,False,True,False
21년 지역축제 개최 계획(1-12)_취합.xlsx,경남,2021,경상남도,제15회 보물섬 마늘축제&한우잔치,,"6월 중
(3일간)",미정,,2021-06-01,2021-06-30,True,month_only_vague,False,False,True,False
21년 지역축제 개최 계획(1-12)_취합.xlsx,경남,2021,경상남도,제17회 상주은모래비치 섬머페스티벌,,"8월 중
(3일간)",미정,,2021-08-01,2021-08-31,True,month_only_vague,False,False,True,False
21년 지역축제 개최 계획(1-12)_취합.xlsx,경남,2021,경상남도,제4회 보물섬 갈화 왕새우축제,,"8월 중
(3일간)",미정,,2021-08-01,2021-08-31,True,month_only_vague,False,False,True,False
21년 지역축제 개최 계획(1-12)_취합.xlsx,경남,2021,경상남도,제10회 독일마을 맥주축제,,"10월 중
(3일간)",미정,,2021-10-01,2021-10-31,True,month_only_vague,False,False,True,True
21년 지역축제 개최 계획(1-12)_취합.xlsx,경남,2021,경상남도,제5회 보물섬 남해 설천 참굴축제,,12월 중,미정,,2021-12-01,2021-12-31,True,month_only_vague,False,False,True,False
21년 지역축제 개최 계획(1-12)_취합.xlsx,경남,2021,경상남도,제19회 상주해돋이& 물메기 축제,,21.12.31~21.01.01,미정,,2021-12-31,2021-12-31,False,exact_or_partial,False,False,True,False
21년 지역축제 개최 계획(1-12)_취합.xlsx,경남,2021,경상남도,화개장터벚꽂축제,,"3월중
(3일간)
예정","현장개최 예정
(코로나19 사태에 따라 변동 될 수 있음)",,2021-03-01,2021-03-31,True,month_only_vague,False,False,True,False
21년 지역축제 개최 계획(1-12)_취합.xlsx,경남,2021,경상남도,하동야생차문화축제,,"5월중
(6일간)
예정","현장개최 예정
(코로나19 사태에 따라 변동 될 수 있음)",,2021-05-01,2021-05-31,True,month_only_vague,False,False,True,False
21년 지역축제 개최 계획(1-12)_취합.xlsx,경남,2021,경상남도,하동북천꽃양귀비축제,,"5월중
(10일간)
예정",현장개최 예정(코로나19 사태에 따라 변동 될 수 있음),,2021-05-01,2021-05-31,True,month_only_vague,False,False,True,False
21년 지역축제 개최 계획(1-12)_취합.xlsx,경남,2021,경상남도,알프스하동섬진강문화재첩축제,,"7월중
(3일간)
예정","현장개최 예정
(코로나19 사태에 따라 변동 될 수 있음)",,2021-07-01,2021-07-31,True,month_only_vague,False,False,True,False
21년 지역축제 개최 계획(1-12)_취합.xlsx,경남,2021,경상남도,하동북천코스모스메밀꽃축제,,"9월~10월중
(15일간)
예정",현장개최 예정(코로나19 사태에 따라 변동 될 수 있음),,2021-09-01,2021-10-31,True,month_range_vague,False,False,True,False
21년 지역축제 개최 계획(1-12)_취합.xlsx,경남,2021,경상남도,"하동 왕의녹차 
참숭어 축제",,"11월 중
(3일간)
예정","현장개최 예정
(코로나19 사태에 따라 변동될 수 있음)",,2021-11-01,2021-11-30,True,month_only_vague,False,False,True,False
21년 지역축제 개최 계획(1-12)_취합.xlsx,경남,2021,경상남도,"제14회 
지리산산청곶감축제",,"1.7.~1.17.
(11일간)",비대면 개최(온라인 축제),,2021-01-07,2021-01-17,False,exact_or_partial,False,False,True,False
21년 지역축제 개최 계획(1-12)_취합.xlsx,경남,2021,경상남도,산청한방약초축제,,"9월~10월
(미정)",미정,,2021-09-01,2021-10-31,True,month_range_vague,False,False,True,False
21년 지역축제 개최 계획(1-12)_취합.xlsx,경남,2021,경상남도,산청경호강물페스티벌,,"7월중
(3~4일간)",현장 개최,,2021-07-01,2021-07-31,True,month_only_vague,False,False,True,False
21년 지역축제 개최 계획(1-12)_취합.xlsx,경남,2021,경상남도,산청황매산철쭉제,,"5월중
(10일간)",현장개최,,2021-05-01,2021-05-31,True,month_only_vague,False,False,True,False
21년 지역축제 개최 계획(1-12)_취합.xlsx,경남,2021,경상남도,"생초국제조각공원
 꽃잔디축제",,"4월중
(17일간)",현장 개최,,2021-04-01,2021-04-30,True,month_only_vague,False,False,True,False
21년 지역축제 개최 계획(1-12)_취합.xlsx,경남,2021,경상남도,"단성 경호강변
 유채꽃 축제",,"4월중
(3일간)",현장개최,,2021-04-01,2021-04-30,True,month_only_vague,False,False,True,False
21년 지역축제 개최 계획(1-12)_취합.xlsx,경남,2021,경상남도,남명선비문화축제,,"10.22-10.23
(2일간)",코로나19 상황에 따라 따름,,2021-10-22,2021-10-23,False,exact_or_partial,False,False,True,False
21년 지역축제 개최 계획(1-12)_취합.xlsx,경남,2021,경상남도,기산국악제전,,"9월중
(2일간)",코로나19 상황에 따라 따름,,2021-09-01,2021-09-30,True,month_only_vague,False,False,True,False
21년 지역축제 개최 계획(1-12)_취합.xlsx,경남,2021,경상남도,천령문화제,,5월중,,,2021-05-01,2021-05-31,True,month_only_vague,False,False,True,False
21년 지역축제 개최 계획(1-12)_취합.xlsx,경남,2021,경상남도,"거창산양삼축제
(거창산삼축제)",,5월 중,·현장 개최,,2021-05-01,2021-05-31,True,month_only_vague,False,False,True,False
21년 지역축제 개최 계획(1-12)_취합.xlsx,경남,2021,경상남도,거창한마당대축제,,"9월 중
(4일간)",·현장 개최,,2021-09-01,2021-09-30,True,month_only_vague,False,False,True,False
21년 지역축제 개최 계획(1-12)_취합.xlsx,경남,2021,경상남도,거창크리스마스트리문화축제,,"21.12.~ 22.2.
(60일정도)",·현장 개최,,2021-12-01,2021-12-31,True,month_detected_vague,False,False,True,False
21년 지역축제 개최 계획(1-12)_취합.xlsx,경남,2021,경상남도,금원산얼음축제,,12~1월 중,·현장 개최,,2021-01-01,2021-01-31,True,month_only_vague,False,False,True,False
21년 지역축제 개최 계획(1-12)_취합.xlsx,경남,2021,경상남도,제20회 합천벚꽃마라톤대회,,3.28.(1일간),"코로나19 상황 추이를
   고려한 개최방식 결정
(미정)",,2021-03-28,2021-03-28,False,exact_or_partial,False,False,True,False
21년 지역축제 개최 계획(1-12)_취합.xlsx,경남,2021,경상남도,황매산철쭉제,,"4~5월 중
(16일간)",현장개최,,2021-05-01,2021-05-31,True,month_only_vague,False,False,True,False
21년 지역축제 개최 계획(1-12)_취합.xlsx,경남,2021,경상남도,합천바캉스축제,,7월 중,"코로나19 상황 추이를
   고려한 개최방식 결정
(미정)",,2021-07-01,2021-07-31,True,month_only_vague,False,False,True,False
21년 지역축제 개최 계획(1-12)_취합.xlsx,경남,2021,경상남도,대야문화제,,10월 중,"코로나19 상황 추이를
   고려한 개최방식 결정
(미정)",,2021-10-01,2021-10-31,True,month_only_vague,False,False,True,False
21년 지역축제 개최 계획(1-12)_취합.xlsx,경남,2021,경상남도,2021 합천기록문화축제,,"10.29~11.07.
(10일간)","코로나19 상황 추이를
   고려한 개최방식 결정
(미정)",,2021-10-29,2021-11-07,False,exact_or_partial,False,False,True,False
21년 지역축제 개최 계획(1-12)_취합.xlsx,경남,2021,경상남도,황매산 억새축제,,"10~11월 중
(16일간)",현장개최,,2021-11-01,2021-11-30,True,month_only_vague,False,False,True,False
21년 지역축제 개최 계획(1-12)_취합.xlsx,제주,2021,제주도,"세계자연유산
새해맞이 체험프로그램 운영",,2021.12.30~2022.1.1,현장개최 및 비대면 병행,,2021-12-30,2022-01-01,False,exact_or_partial,False,False,True,False
21년 지역축제 개최 계획(1-12)_취합.xlsx,제주,2021,제주도,탐라국입춘굿,,"2.2~2.3
(2일간)","·제한적 대면, 온라인 병행",,2021-02-02,2021-02-03,False,exact_or_partial,False,False,True,False
21년 지역축제 개최 계획(1-12)_취합.xlsx,제주,2021,제주도,제주들불축제,,"3.12~3.14
(3일간 에정)","온라인 비대면 축제 추진
(드라이브인,드라이스루 방식 병행)",,2021-03-12,2021-03-14,False,exact_or_partial,False,False,True,False
21년 지역축제 개최 계획(1-12)_취합.xlsx,제주,2021,제주도,서귀포 유채꽃 국제걷기대회,,"3. 27. ~ 3. 28.
(2일간)",·현장 개최,,2021-03-27,2021-03-28,False,exact_or_partial,False,False,True,False
21년 지역축제 개최 계획(1-12)_취합.xlsx,제주,2021,제주도,전농로 왕벚꽃축제,,"3월말
(3일간)","코로나19로 인해
축제추진위와 협의중",,2021-03-01,2021-03-31,True,month_only_vague,False,False,True,False
21년 지역축제 개최 계획(1-12)_취합.xlsx,제주,2021,제주도,2021년 왕벚꽃 축제,,"3월 말~4월초
(2일간)",·현장개최,,2021-03-01,2021-04-30,True,month_range_vague,False,False,True,False
21년 지역축제 개최 계획(1-12)_취합.xlsx,제주,2021,제주도,제주유채꽃축제,,"4.9~4.11 예정
(3일간)",현장 및 비대면 병행,,2021-04-09,2021-04-11,False,exact_or_partial,False,False,True,False
21년 지역축제 개최 계획(1-12)_취합.xlsx,제주,2021,제주도,방선문 축제,,5월중(2일간),현장 개최,,2021-05-01,2021-05-31,True,month_only_vague,False,False,True,False
21년 지역축제 개최 계획(1-12)_취합.xlsx,제주,2021,제주도,서귀포 은갈치축제,,"5.3~5.5
(3일간)",현장 개최,,2021-05-03,2021-05-05,False,exact_or_partial,False,False,True,False
21년 지역축제 개최 계획(1-12)_취합.xlsx,제주,2021,제주도,예래생태체험축제,,"7월 예정
(2일간)",-,,2021-07-01,2021-07-31,True,month_only_vague,False,False,True,False
21년 지역축제 개최 계획(1-12)_취합.xlsx,제주,2021,제주도,이호테우축제,,"7월말~8월초
(3일간)",현장개최,,2021-07-01,2021-08-31,True,month_range_vague,False,False,True,False
21년 지역축제 개최 계획(1-12)_취합.xlsx,제주,2021,제주도,금능원담축제,,"7월말 ~ 8월초
(2일)",코로나`19 확산 방지를 위해 행사 취소,,2021-07-01,2021-08-31,True,month_range_vague,True,False,False,False
21년 지역축제 개최 계획(1-12)_취합.xlsx,제주,2021,제주도,삼양검은모래축제,,"7.25~26
(2일간)",현장개최,,2021-07-25,2021-07-26,False,exact_or_partial,False,False,True,False
21년 지역축제 개최 계획(1-12)_취합.xlsx,제주,2021,제주도,"제26회표선해변 하얀
모래축제",,"7월말~8월초
(2일간)",현장개최,,2021-07-01,2021-08-31,True,month_range_vague,False,False,True,False
21년 지역축제 개최 계획(1-12)_취합.xlsx,제주,2021,제주도,제18회 쇠소깍축제,,8월 예정(2일),현장개최,,2021-08-01,2021-08-31,True,month_only_vague,False,False,True,False
21년 지역축제 개최 계획(1-12)_취합.xlsx,제주,2021,제주도,제12회 산지천축제,,"9월 중
(3일간)",.현장개최,,2021-09-01,2021-09-30,True,month_only_vague,False,False,True,False
21년 지역축제 개최 계획(1-12)_취합.xlsx,제주,2021,제주도,추자도참굴비대축제,,"9.3.~9.5.
(3일간)",현장 및 비대면 병행 등,,2021-09-03,2021-09-05,False,exact_or_partial,False,False,True,False
21년 지역축제 개최 계획(1-12)_취합.xlsx,제주,2021,제주도,FPC 한수위 수산물 축제,,9~10월 중,현장 개최,,2021-10-01,2021-10-31,True,month_only_vague,False,False,True,False
21년 지역축제 개최 계획(1-12)_취합.xlsx,제주,2021,제주도,제13회 제주해녀축제,,"9.19~9.20
(2일간)",현장개최,,2021-09-19,2021-09-20,False,exact_or_partial,False,False,True,False
21년 지역축제 개최 계획(1-12)_취합.xlsx,제주,2021,제주도,추자도 참굴비축제,,"9.28~9.29
(2일간)",현장 개최,,2021-09-28,2021-09-29,False,exact_or_partial,False,False,True,False
21년 지역축제 개최 계획(1-12)_취합.xlsx,제주,2021,제주도,서귀포칠십리축제,,"10.1~10.3 예정
(3일간)",현장 및 비대면 병행,,2021-10-01,2021-10-03,False,exact_or_partial,False,False,True,False
21년 지역축제 개최 계획(1-12)_취합.xlsx,제주,2021,제주도,제7회 고마로마문화축제,,"10월중
(2일간)",현장 개최,,2021-10-01,2021-10-31,True,month_only_vague,False,False,True,False
21년 지역축제 개최 계획(1-12)_취합.xlsx,제주,2021,제주도,2021 중문 칠선녀축제,,"10월중
(2일간)",현장개최,,2021-10-01,2021-10-31,True,month_only_vague,False,False,True,False
21년 지역축제 개최 계획(1-12)_취합.xlsx,제주,2021,제주도,제주광어 대축제,,"10.09.~10.10.
(2일간)",현장 개최,,2021-10-09,2021-10-10,False,exact_or_partial,False,False,True,False
21년 지역축제 개최 계획(1-12)_취합.xlsx,제주,2021,제주도,탐라문화제,,10. 6.~10. 10.,대면 및 비대면 병행,,2021-10-06,2021-10-10,False,exact_or_partial,False,False,True,False
21년 지역축제 개최 계획(1-12)_취합.xlsx,제주,2021,제주도,제주마 축제,,"10월 중
(2일간)",현장 개최,,2021-10-01,2021-10-31,True,month_only_vague,False,False,True,False
21년 지역축제 개최 계획(1-12)_취합.xlsx,제주,2021,제주도,최남단 방어축제,,"11.26~11.28
(3일간)",현장 개최,,2021-11-26,2021-11-28,False,exact_or_partial,False,False,True,False
